iModulon,metadata,omega2,f_stat,p_anova,p_perm,n,k,q_value,FDR05
0,Temperature shift,0.014656265759974474,18.179778349965066,2.1743582438916902e-05,0.007992007992007992,1155,2,0.009875097073612844,True
1,Temperature shift,0.014576677626163038,18.085106751544153,2.2834251778085616e-05,0.000999000999000999,1155,2,0.0013468313063454763,True
2,Temperature shift,0.01774686598400025,21.867971301567163,3.265618310068422e-06,0.000999000999000999,1155,2,0.0013468313063454763,True
3,Temperature shift,0.11436886251934689,150.15468824370615,1.53722473474597e-32,0.000999000999000999,1155,2,0.0013468313063454763,True
4,Temperature shift,0.004709082003656223,6.46472354552613,0.011133559499433574,0.011988011988011988,1155,2,0.014582677596376228,True
5,Temperature shift,0.0067726935795016366,8.875801474403513,0.0029502521154092997,0.004995004995004995,1155,2,0.00627082625197611,True
6,Temperature shift,0.00221249223973794,3.561094939576366,0.05939973651506117,0.07492507492507493,1155,2,0.08407767464212283,False
7,Temperature shift,0.002263246554293989,3.61997942962598,0.05733850781946791,0.04795204795204795,1155,2,0.05487296208945693,False
8,Temperature shift,0.0372077384691497,45.635732596705004,2.254267184386648e-11,0.000999000999000999,1155,2,0.0013468313063454763,True
9,Temperature shift,0.045520891026323784,56.08410675634178,1.376391936757245e-13,0.000999000999000999,1155,2,0.0013468313063454763,True
10,Temperature shift,0.016194703880717327,20.012789477767374,8.453304375153716e-06,0.001998001998001998,1155,2,0.002591371627398891,True
11,Temperature shift,0.0,0.3388954107683572,0.5605813157708371,1.0,1155,2,1.0,False
12,Temperature shift,0.011176242334025152,14.054459700956707,0.00018640019345797602,0.000999000999000999,1155,2,0.0013468313063454763,True
13,Temperature shift,0.0,0.7208786190313972,0.39603210043336645,1.0,1155,2,1.0,False
14,Temperature shift,0.07587707641418287,95.83372938994391,8.584097963508546e-22,0.000999000999000999,1155,2,0.0013468313063454763,True
15,Temperature shift,0.001371786806130297,2.586590224617358,0.10804588703429217,0.0899100899100899,1155,2,0.09996681115212,False
16,Temperature shift,0.0058417854173599855,7.786909827912418,0.00534938014394633,0.005994005994005994,1155,2,0.0074756703970187115,True
17,Temperature shift,0.01996286063544519,24.526765576342513,8.421113384982036e-07,0.000999000999000999,1155,2,0.0013468313063454763,True
18,Temperature shift,0.0,0.007542457761066411,0.9308079496905758,1.0,1155,2,1.0,False
19,Temperature shift,0.004166271330964302,5.8321755416892955,0.0158904725261753,0.025974025974025976,1155,2,0.030644289280250307,True
20,Temperature shift,0.0037694117343372788,5.370143423059173,0.020658736028539508,0.030969030969030968,1155,2,0.03618486776381513,True
21,Temperature shift,0.7925940600263213,4414.789399891719,0.0,0.000999000999000999,1155,2,0.0013468313063454763,True
22,Temperature shift,0.0,0.8344066064060301,0.36119236681557654,1.0,1155,2,1.0,False
23,Temperature shift,0.0,0.07359846501763022,0.7862162741232643,1.0,1155,2,1.0,False
24,Temperature shift,0.03739218274646832,45.86559354503566,2.013679979051126e-11,0.000999000999000999,1155,2,0.0013468313063454763,True
25,Temperature shift,0.0025816665191788807,3.98954283228938,0.04601814042998457,0.04995004995004995,1155,2,0.05701239634401588,False
26,Temperature shift,0.001175942283111552,2.35981239788962,0.12477151384652073,0.13686313686313686,1155,2,0.15066256057991595,False
27,Temperature shift,0.05199079740643641,64.34260346856442,2.5526855066416496e-15,0.000999000999000999,1155,2,0.0013468313063454763,True
28,Temperature shift,0.004538870529190129,6.266298508311893,0.012443025710033214,0.014985014985014986,1155,2,0.017982017982017984,True
29,Temperature shift,0.003307468376419505,4.832802848980582,0.028121350417529393,0.028971028971028972,1155,2,0.033999480695515935,True
30,Temperature shift,0.03965399728316665,48.6915265253227,5.041319268528212e-12,0.000999000999000999,1155,2,0.0013468313063454763,True
31,Temperature shift,0.43971748020766,907.459994197361,1.558709435852905e-147,0.000999000999000999,1155,2,0.0013468313063454763,True
32,Temperature shift,0.03296758264927165,40.3756789087026,3.0106865278399005e-10,0.000999000999000999,1155,2,0.0013468313063454763,True
33,Temperature shift,0.06603702946104476,82.66573133353727,4.1380095422312077e-19,0.000999000999000999,1155,2,0.0013468313063454763,True
34,Temperature shift,0.0,0.32349669032204625,0.5696245653060721,1.0,1155,2,1.0,False
35,Temperature shift,0.00024349045786162742,1.2812999726893262,0.25789282441334904,0.22977022977022976,1155,2,0.24922959776379972,False
36,Temperature shift,0.0035287566756435984,5.090147094231488,0.02424887880531072,0.02097902097902098,1155,2,0.024905575707714747,True
37,Temperature shift,0.02873907679336512,35.17581507011252,3.977062891057116e-09,0.000999000999000999,1155,2,0.0013468313063454763,True
38,Temperature shift,0.016648882251510844,20.555028365171722,6.398498781722452e-06,0.000999000999000999,1155,2,0.0013468313063454763,True
39,Temperature shift,0.025643219721860483,31.39740614346024,2.6284298952330304e-08,0.000999000999000999,1155,2,0.0013468313063454763,True
40,Temperature shift,0.00889927909389695,11.370961433721709,0.0007707603489935879,0.004995004995004995,1155,2,0.00627082625197611,True
41,Temperature shift,0.003930435105800241,5.557565763673814,0.018567349177297923,0.027972027972027972,1155,2,0.032856032856032856,True
42,Temperature shift,0.008535975023978303,10.943932310537823,0.0009681010230554893,0.002997002997002997,1155,2,0.0038274285637660515,True
43,Temperature shift,0.005574944129335846,7.475159119703812,0.006351392609090682,0.01898101898101898,1155,2,0.02263448279562872,True
44,Temperature shift,0.029820321600266986,36.50112645641027,2.056159576455541e-09,0.000999000999000999,1155,2,0.0013468313063454763,True
45,Temperature shift,0.0,0.031522429182704995,0.8591110596299858,1.0,1155,2,1.0,False
46,Temperature shift,0.0,0.08537825110351738,0.7701896658588354,1.0,1155,2,1.0,False
47,Temperature shift,0.0034549821141701153,5.004339262397134,0.02547438181329138,0.029970029970029972,1155,2,0.03511000872478445,True
48,Temperature shift,0.0009094331158354976,2.0513513825536736,0.15234219496807822,0.15084915084915085,1155,2,0.16510358991870905,False
49,Temperature shift,0.13838585945349302,186.50724755678152,1.8093631274566793e-39,0.000999000999000999,1155,2,0.0013468313063454763,True
50,Temperature shift,0.015764499967538998,19.49963495718964,1.1006816264026978e-05,0.000999000999000999,1155,2,0.0013468313063454763,True
51,Temperature shift,0.03132166768132012,38.34627374737565,8.224691498649651e-10,0.000999000999000999,1155,2,0.0013468313063454763,True
52,Temperature shift,0.01347935184804739,16.781374078342367,4.4874323674043233e-05,0.000999000999000999,1155,2,0.0013468313063454763,True
53,Temperature shift,0.01673612541222584,20.659244431434942,6.0653158547321536e-06,0.000999000999000999,1155,2,0.0013468313063454763,True
54,Temperature shift,0.016207881970602744,20.02851561114742,8.385251684863455e-06,0.000999000999000999,1155,2,0.0013468313063454763,True
55,Temperature shift,0.07790750304816707,98.5858347379367,2.38231816478462e-22,0.000999000999000999,1155,2,0.0013468313063454763,True
56,Temperature shift,0.04361978025846015,53.678678582600575,4.427001299400639e-13,0.000999000999000999,1155,2,0.0013468313063454763,True
57,Temperature shift,0.004178444481411849,5.846353595466633,0.015763597079366497,0.01898101898101898,1155,2,0.02263448279562872,True
58,Temperature shift,0.0021054720683532434,3.4369511715716814,0.06400848695279443,0.055944055944055944,1155,2,0.06352726557330138,False
59,Temperature shift,0.0,0.007762417370982297,0.9298088540295719,1.0,1155,2,1.0,False
60,Temperature shift,0.0,0.5749456484189397,0.4484552681881179,1.0,1155,2,1.0,False
61,Temperature shift,0.0014838617736138377,2.716407259644522,0.09959378788391575,0.08191808191808192,1155,2,0.09146260277861284,False
62,Temperature shift,0.07399700591850046,93.29618303841676,2.8068382565254305e-21,0.000999000999000999,1155,2,0.0013468313063454763,True
63,Temperature shift,0.0032318948496488135,4.744941809490707,0.029586603357850513,0.030969030969030968,1155,2,0.03618486776381513,True
64,Temperature shift,0.0009349742476140629,2.080905875151604,0.14942322328140306,0.14285714285714285,1155,2,0.1568719820986927,False
65,Temperature shift,0.0031618664594318586,4.6635393829415275,0.03101528776029427,0.056943056943056944,1155,2,0.06449672776203388,False
66,Temperature shift,0.0,0.4761477876756708,0.4903112744331475,1.0,1155,2,1.0,False
67,Temperature shift,0.042496178451399115,52.26150413894157,8.824343240862449e-13,0.000999000999000999,1155,2,0.0013468313063454763,True
68,Temperature shift,0.036188338587757066,44.36690739725519,4.205570764259209e-11,0.000999000999000999,1155,2,0.0013468313063454763,True
69,Temperature shift,0.0019303940014627633,3.2339174124622723,0.07238944931009025,0.06793206793206794,1155,2,0.07661770913252709,False
70,Temperature shift,0.004648293515124378,6.3938512135863155,0.011584180016144937,0.04895104895104895,1155,2,0.05592006621166141,False
71,Temperature shift,0.030061098831055195,36.79665596258118,1.7752019710370137e-09,0.000999000999000999,1155,2,0.0013468313063454763,True
72,Temperature shift,0.015264211535814138,18.903446315647464,1.4964668306245462e-05,0.000999000999000999,1155,2,0.0013468313063454763,True
73,Temperature shift,0.02131388326927387,26.1536572913137,3.6895634229144626e-07,0.000999000999000999,1155,2,0.0013468313063454763,True
74,Temperature shift,0.1442398442258095,195.67723398513772,3.4717253619884254e-41,0.000999000999000999,1155,2,0.0013468313063454763,True
75,Temperature shift,0.004237680748277649,5.915350952362538,0.01516091422117753,0.03296703296703297,1155,2,0.03835116848217285,True
76,Temperature shift,0.0,0.001586592760931532,0.968233914482981,1.0,1155,2,1.0,False
77,Temperature shift,0.004254498888822088,5.9349419215109815,0.014994159884831824,0.02097902097902098,1155,2,0.024905575707714747,True
78,Temperature shift,0.00010844043079525914,1.1252622810642454,0.2890103130676808,0.2547452547452547,1155,2,0.27497623931983733,False
79,Temperature shift,0.012467350277062536,15.581583276307105,8.380146530088747e-05,0.000999000999000999,1155,2,0.0013468313063454763,True
80,Temperature shift,0.011508096487682435,14.44659616942182,0.00015172954065320683,0.008991008991008992,1155,2,0.011047992597808098,True
81,Temperature shift,0.0,0.2603070222106585,0.6100069580361203,1.0,1155,2,1.0,False
82,Temperature shift,0.0035054097839405953,5.062990747971386,0.0246299533163499,0.024975024975024976,1155,2,0.02951795320916883,True
83,Temperature shift,0.008213103470347071,10.564690299341184,0.001186000953067537,0.003996003996003996,1155,2,0.0050643932661059215,True
84,Temperature shift,0.0,0.01776108159883126,0.8940025481528421,1.0,1155,2,1.0,False
85,Temperature shift,0.05504506945643745,68.28051589255594,3.859746125901392e-16,0.000999000999000999,1155,2,0.0013468313063454763,True
86,Temperature shift,0.011795070854085545,14.785912652999166,0.0001270166171202271,0.001998001998001998,1155,2,0.002591371627398891,True
87,Temperature shift,0.04201673139281229,51.65779993136519,1.184261521499979e-12,0.000999000999000999,1155,2,0.0013468313063454763,True
88,Temperature shift,0.0,0.009711393097553058,0.9215155578016665,1.0,1155,2,1.0,False
89,Temperature shift,0.0034130820978721774,4.955610646927545,0.026198830481182055,0.03396603396603397,1155,2,0.03944442654120074,True
90,Temperature shift,0.0,0.00023214116047604825,0.9878463939836302,1.0,1155,2,1.0,False
91,Temperature shift,0.005533156554935728,7.426353842840615,0.006524809669716046,0.007992007992007992,1155,2,0.009875097073612844,True
92,Temperature shift,0.010573692610597856,13.343127400223937,0.0002710190596929076,0.000999000999000999,1155,2,0.0013468313063454763,True
93,Temperature shift,0.023609985669164366,28.928935207898345,9.085748263695074e-08,0.000999000999000999,1155,2,0.0013468313063454763,True
94,Temperature shift,0.03990523944663987,49.00625256438677,4.322051678656393e-12,0.000999000999000999,1155,2,0.0013468313063454763,True
95,Temperature shift,0.0,0.09623871181369956,0.7564469522199311,1.0,1155,2,1.0,False
96,Temperature shift,0.07233575045358592,91.06253266172847,7.981903091594073e-21,0.000999000999000999,1155,2,0.0013468313063454763,True
97,Temperature shift,0.0007228082945325256,1.835447448530511,0.17575086349437388,0.18581418581418582,1155,2,0.2022095551507316,False
98,Temperature shift,0.0,0.1520338297253831,0.6966712998651828,1.0,1155,2,1.0,False
99,Temperature shift,0.04867368868709883,60.09445556700094,1.9763897022907888e-14,0.000999000999000999,1155,2,0.0013468313063454763,True
100,Temperature shift,0.006182896755948263,8.185674033793086,0.004298477968407187,0.004995004995004995,1155,2,0.00627082625197611,True
101,Temperature shift,0.004994256237739625,6.797319252427872,0.00924733042699525,0.012987012987012988,1155,2,0.015740401545679072,True
102,Temperature shift,0.0047753498521513485,6.541994039652686,0.010662736502614862,0.013986013986013986,1155,2,0.01687442991790818,True
103,Temperature shift,0.022473901366463447,27.554130999213765,1.8173411429592308e-07,0.000999000999000999,1155,2,0.0013468313063454763,True
104,Temperature shift,0.05897484212475991,73.38482636096369,3.3727609253297517e-17,0.000999000999000999,1155,2,0.0013468313063454763,True
105,Temperature shift,0.0,0.6908222166802438,0.40605693887345207,1.0,1155,2,1.0,False
106,Temperature shift,0.0,0.99114677419623,0.3196711378962417,1.0,1155,2,1.0,False
107,Temperature shift,0.0,0.028628235522564577,0.865669948416584,1.0,1155,2,1.0,False
108,Temperature shift,0.012784063320055147,15.956801836405823,6.891049299480504e-05,0.000999000999000999,1155,2,0.0013468313063454763,True
109,Temperature shift,0.004936937057192153,6.730453187754065,0.009598254232676011,0.02097902097902098,1155,2,0.024905575707714747,True
110,Temperature shift,0.13620941060604685,183.12964019481066,7.816618169027254e-39,0.000999000999000999,1155,2,0.0013468313063454763,True
111,Temperature shift,0.021368254918591408,26.219225265291204,3.569084582547172e-07,0.000999000999000999,1155,2,0.0013468313063454763,True
112,Temperature shift,0.0024480458600040014,3.8344317873070017,0.0504508604889933,0.04895104895104895,1155,2,0.05592006621166141,False
113,Temperature shift,0.07959371458681054,100.88060903614598,8.200937560907539e-23,0.000999000999000999,1155,2,0.0013468313063454763,True
114,Temperature shift,0.0,0.6188478745113205,0.4316374005243554,1.0,1155,2,1.0,False
115,Temperature shift,0.0008409339796977775,1.972096215289906,0.16049484606859793,0.15784215784215785,1155,2,0.17247395754368683,False
116,Temperature shift,0.0035206954067598774,5.080770344214577,0.024379761722613573,0.03796203796203796,1155,2,0.043855537350767186,True
117,Temperature shift,0.01507216943427772,18.67475256191285,1.6838581285794225e-05,0.000999000999000999,1155,2,0.0013468313063454763,True
118,Temperature shift,0.007167446792345119,9.338164394804199,0.0022958922160251564,0.002997002997002997,1155,2,0.0038274285637660515,True
119,Temperature shift,0.00117084355375527,2.3539095208221594,0.12524358354073709,0.09090909090909091,1155,2,0.10099325195238457,False
120,Temperature shift,0.006439530846545462,8.48586357717828,0.00364817627342271,0.01098901098901099,1155,2,0.013416464378884179,True
121,Temperature shift,0.0,0.0002827723185302307,0.9865864461663393,1.0,1155,2,1.0,False
122,Temperature shift,0.008870598855190702,11.337239179779242,0.0007847427949800296,0.004995004995004995,1155,2,0.00627082625197611,True
123,Temperature shift,0.002973989329636016,4.445203674696569,0.03521471025079487,0.03396603396603397,1155,2,0.03944442654120074,True
124,Temperature shift,0.00015440507407080318,1.1783654010747422,0.2779159237094268,0.2887112887112887,1155,2,0.30839088738046233,False
125,Temperature shift,0.0038915350191409803,5.51228265306851,0.019051690993508032,0.07892107892107893,1155,2,0.08833855220409843,False
126,Temperature shift,0.0,0.009326027713890135,0.9230835835402028,1.0,1155,2,1.0,False
127,Temperature shift,0.03532922848325287,43.29967373635583,7.111489448412055e-11,0.000999000999000999,1155,2,0.0013468313063454763,True
128,Temperature shift,0.017558623149212353,21.642666539909392,3.6645482546120276e-06,0.000999000999000999,1155,2,0.0013468313063454763,True
129,Temperature shift,8.086924044163931e-05,1.0934115268293165,0.29593572302157173,0.3146853146853147,1155,2,0.33559714904790966,False
130,Temperature shift,0.00370296384546462,5.292819396532104,0.021591338227745477,0.02197802197802198,1155,2,0.026045129247976227,True
131,Temperature shift,0.03681003064441705,45.140394674942996,2.8752696649099344e-11,0.000999000999000999,1155,2,0.0013468313063454763,True
132,Temperature shift,0.0,0.2901429318457256,0.5902329261066708,1.0,1155,2,1.0,False
133,Temperature shift,0.00482840674629263,6.603867543821907,0.01030050230300474,0.01098901098901099,1155,2,0.013416464378884179,True
134,Temperature shift,0.0104899032271944,13.244279534816474,0.000285518292163664,0.000999000999000999,1155,2,0.0013468313063454763,True
135,Temperature shift,0.03568926844539505,43.746703635639356,5.706413193361366e-11,0.000999000999000999,1155,2,0.0013468313063454763,True
136,Temperature shift,0.004146977662327072,5.809704938931904,0.01609371882485365,0.01898101898101898,1155,2,0.02263448279562872,True
137,Temperature shift,0.029823649980366688,36.50521070383383,2.051987810119716e-09,0.000999000999000999,1155,2,0.0013468313063454763,True
138,Temperature shift,0.013652374995491403,16.98675022887645,4.033555208774458e-05,0.000999000999000999,1155,2,0.0013468313063454763,True
139,Temperature shift,0.040640428834366395,49.92815656872103,2.754259481427694e-12,0.000999000999000999,1155,2,0.0013468313063454763,True
140,Temperature shift,0.062125433442098005,77.5079661867483,4.751142207307129e-18,0.000999000999000999,1155,2,0.0013468313063454763,True
141,Temperature shift,0.003964950845993316,5.597748072230936,0.018148232592079934,0.024975024975024976,1155,2,0.02951795320916883,True
142,Temperature shift,0.027624921488436354,33.8132477109393,7.847620095373833e-09,0.000999000999000999,1155,2,0.0013468313063454763,True
143,Temperature shift,0.0937924462707039,120.54245470240652,9.63158363967936e-27,0.000999000999000999,1155,2,0.0013468313063454763,True
144,Temperature shift,0.0005871338083445545,1.6785379412034855,0.19537815250717278,0.1068931068931069,1155,2,0.1181590194038327,False
145,Temperature shift,0.0,0.5550044882071955,0.45643186531855107,1.0,1155,2,1.0,False
146,Temperature shift,0.007968988758033218,10.278119243475315,0.001383136418049989,0.001998001998001998,1155,2,0.002591371627398891,True
147,Temperature shift,0.011289820490823674,14.188640045533505,0.0001737183161232104,0.001998001998001998,1155,2,0.002591371627398891,True
0,Time point (day),0.0012270673393809447,1.3423628675337906,0.2593355119491536,0.26073926073926074,836,4,0.28121837676493544,False
1,Time point (day),0.0951982755008492,30.31977845303227,1.3160380428186898e-18,0.000999000999000999,836,4,0.0013468313063454763,True
2,Time point (day),0.003115557202891906,1.8709153270595402,0.13293593053348204,0.15384615384615385,836,4,0.16824554755589238,False
3,Time point (day),0.08392169096939629,26.528579437951187,2.1567086350665887e-16,0.000999000999000999,836,4,0.0013468313063454763,True
4,Time point (day),0.045111650993249985,14.165008687345638,5.1974577135023815e-09,0.000999000999000999,836,4,0.0013468313063454763,True
5,Time point (day),0.033353635936778724,10.615250098957368,7.456959832771967e-07,0.000999000999000999,836,4,0.0013468313063454763,True
6,Time point (day),0.022740962521061742,7.484614600120748,6.0143174394579774e-05,0.000999000999000999,836,4,0.0013468313063454763,True
7,Time point (day),0.10368221478390753,33.234970300721145,2.7095037750367085e-20,0.000999000999000999,836,4,0.0013468313063454763,True
8,Time point (day),0.6346768097370781,485.12823410629323,3.553865682677165e-182,0.000999000999000999,836,4,0.0013468313063454763,True
9,Time point (day),0.3207393666877137,132.58332133543684,3.356464034761451e-70,0.000999000999000999,836,4,0.0013468313063454763,True
10,Time point (day),0.08314009905259195,26.269263325162306,3.062968050892213e-16,0.000999000999000999,836,4,0.0013468313063454763,True
11,Time point (day),0.009430073154197208,3.652863751548172,0.012315462794417737,0.008991008991008992,836,4,0.011047992597808098,True
12,Time point (day),0.06612306908767963,20.730967371077927,5.838090295003475e-13,0.000999000999000999,836,4,0.0013468313063454763,True
13,Time point (day),0.137340453476444,45.365365830590726,3.704470642301476e-27,0.000999000999000999,836,4,0.0013468313063454763,True
14,Time point (day),0.006458891379565305,2.811578519991712,0.0384760957809474,0.03896103896103896,836,4,0.044931691684938435,True
15,Time point (day),0.07833955442216424,24.686187905448964,2.6220107839693402e-15,0.000999000999000999,836,4,0.0013468313063454763,True
16,Time point (day),0.033389782846347804,10.626030556468377,7.345098380470495e-07,0.000999000999000999,836,4,0.0013468313063454763,True
17,Time point (day),0.08497373503560544,26.87832546807837,1.3442787206856725e-16,0.000999000999000999,836,4,0.0013468313063454763,True
18,Time point (day),0.0,0.7935312414351154,0.49762654237098347,1.0,836,4,1.0,False
19,Time point (day),0.0526171787662287,16.477010441348277,2.0809830130281945e-10,0.000999000999000999,836,4,0.0013468313063454763,True
20,Time point (day),0.03566160313135648,11.30520002612561,2.835162991882576e-07,0.000999000999000999,836,4,0.0013468313063454763,True
21,Time point (day),0.044150486900664865,13.87155441072031,7.827731758670977e-09,0.000999000999000999,836,4,0.0013468313063454763,True
22,Time point (day),0.052314077997932085,16.382933730434722,2.371374053001817e-10,0.000999000999000999,836,4,0.0013468313063454763,True
23,Time point (day),0.009580315018399973,3.6955385603464896,0.01161817857191711,0.00999000999000999,836,4,0.012241668175430825,True
24,Time point (day),0.03275932365158565,10.43811788262045,9.559266151188213e-07,0.000999000999000999,836,4,0.0013468313063454763,True
25,Time point (day),0.06151524184395106,19.265877250397843,4.386913976677909e-12,0.000999000999000999,836,4,0.0013468313063454763,True
26,Time point (day),0.008564564797558566,3.4072759948296465,0.017209344927259132,0.017982017982017984,836,4,0.021520258717024218,True
27,Time point (day),0.006569353496232479,2.8427656197167406,0.03689978216976393,0.03696303696303696,836,4,0.04277564312316701,True
28,Time point (day),0.2550301356500585,96.39768143932064,1.492439046797457e-53,0.000999000999000999,836,4,0.0013468313063454763,True
29,Time point (day),0.0014768867994155671,1.4121678466890568,0.23784462442057386,0.23776223776223776,836,4,0.2568526364146802,False
30,Time point (day),0.00603061932236666,2.690728725822334,0.045230816117776435,0.04495504495504495,836,4,0.05157633064609809,False
31,Time point (day),0.19048409976958666,66.5719907671768,1.3748402210242418e-38,0.000999000999000999,836,4,0.0013468313063454763,True
32,Time point (day),0.04543767823352745,14.264682719697076,4.522792773764245e-09,0.000999000999000999,836,4,0.0013468313063454763,True
33,Time point (day),0.05342854780989725,16.72914045588029,1.466508768034029e-10,0.000999000999000999,836,4,0.0013468313063454763,True
34,Time point (day),0.009471283133100755,3.6645677755873347,0.01212021151475635,0.011988011988011988,836,4,0.014582677596376228,True
35,Time point (day),0.0,0.3735038203703553,0.7721446002942122,1.0,836,4,1.0,False
36,Time point (day),0.012895551781113174,4.640506773274458,0.0031686700592296695,0.003996003996003996,836,4,0.0050643932661059215,True
37,Time point (day),0.027586061784672516,8.90539458751892,8.20539551326379e-06,0.000999000999000999,836,4,0.0013468313063454763,True
38,Time point (day),0.040834826933568616,12.863759678751036,3.199641057875864e-08,0.000999000999000999,836,4,0.0013468313063454763,True
39,Time point (day),0.0373376810249235,11.808324899801194,1.401223704992862e-07,0.000999000999000999,836,4,0.0013468313063454763,True
40,Time point (day),0.0,0.32820060800135176,0.80497564524505,1.0,836,4,1.0,False
41,Time point (day),0.008611422691622891,3.4205609300517494,0.016901300984648628,0.012987012987012988,836,4,0.015740401545679072,True
42,Time point (day),0.08080430728461896,25.496923932264448,8.720912002211476e-16,0.000999000999000999,836,4,0.0013468313063454763,True
43,Time point (day),0.0,0.8777275027658828,0.45214966005098367,1.0,836,4,1.0,False
44,Time point (day),0.07682801602391129,24.191136108557583,5.141469906885464e-15,0.000999000999000999,836,4,0.0013468313063454763,True
45,Time point (day),0.27518573852738965,106.79964626224506,1.6994221055780826e-58,0.000999000999000999,836,4,0.0013468313063454763,True
46,Time point (day),0.0,0.21159388982407254,0.88839356643158,1.0,836,4,1.0,False
47,Time point (day),0.01434708712608811,5.056250322586593,0.0017818200229214516,0.001998001998001998,836,4,0.002591371627398891,True
48,Time point (day),0.029955059160358184,9.605247174212865,3.074231035923909e-06,0.000999000999000999,836,4,0.0013468313063454763,True
49,Time point (day),0.010668224791265073,4.004935974289615,0.007605507769954979,0.005994005994005994,836,4,0.0074756703970187115,True
50,Time point (day),0.31815744448521016,131.02983432581522,1.6223475464140582e-69,0.000999000999000999,836,4,0.0013468313063454763,True
51,Time point (day),0.0,0.9406076534912433,0.4204242472620404,1.0,836,4,1.0,False
52,Time point (day),0.04169329256745631,13.124021226209566,2.2237800044144885e-08,0.000999000999000999,836,4,0.0013468313063454763,True
53,Time point (day),0.036634426217761216,11.59700877546313,1.8838114877702555e-07,0.000999000999000999,836,4,0.0013468313063454763,True
54,Time point (day),0.04568926942580473,14.341646494599868,4.062454409580922e-09,0.000999000999000999,836,4,0.0013468313063454763,True
55,Time point (day),0.0685390245405509,21.50492936204784,2.0179559197720272e-13,0.000999000999000999,836,4,0.0013468313063454763,True
56,Time point (day),0.027746378333534667,8.95264794079709,7.679145476759468e-06,0.000999000999000999,836,4,0.0013468313063454763,True
57,Time point (day),0.0,0.9664699667872492,0.4079222582582298,1.0,836,4,1.0,False
58,Time point (day),0.005990576970748555,2.6794348998837125,0.04591831019202542,0.04395604395604396,836,4,0.05047366426676772,False
59,Time point (day),0.002922120257265781,1.8166839604359715,0.14254526293976297,0.13986013986013987,836,4,0.15383460470165675,False
60,Time point (day),0.013204351634403835,4.728849698058879,0.002804301944514283,0.003996003996003996,836,4,0.0050643932661059215,True
61,Time point (day),0.03975124924800116,12.53591516271313,5.0609664850017044e-08,0.000999000999000999,836,4,0.0013468313063454763,True
62,Time point (day),0.032593299217718294,10.388673906565092,1.0245551035224383e-06,0.000999000999000999,836,4,0.0013468313063454763,True
63,Time point (day),0.011077566434925756,4.121527440803253,0.006480114981074566,0.007992007992007992,836,4,0.009875097073612844,True
64,Time point (day),0.009259374599797445,3.6043941158678834,0.013157676357606694,0.00999000999000999,836,4,0.012241668175430825,True
65,Time point (day),0.07082113873627104,22.239711194390445,7.375390901870947e-14,0.000999000999000999,836,4,0.0013468313063454763,True
66,Time point (day),0.006150876236127832,2.724652300652624,0.04322569024843118,0.03596403596403597,836,4,0.04169198947266833,True
67,Time point (day),0.010399894009046288,3.9285605161546524,0.008445538696373033,0.01098901098901099,836,4,0.013416464378884179,True
68,Time point (day),0.1350019429040523,44.49205309073074,1.134361679544345e-26,0.000999000999000999,836,4,0.0013468313063454763,True
69,Time point (day),0.0,0.8831363187946581,0.4493459897923766,1.0,836,4,1.0,False
70,Time point (day),0.001102426416643779,1.3075485444111588,0.27070346240001714,0.27372627372627373,836,4,0.29356151095281535,False
71,Time point (day),0.0,0.24438326746609046,0.8653526756859701,1.0,836,4,1.0,False
72,Time point (day),0.0001038259464386698,1.0289358346979995,0.37901256406417727,0.3786213786213786,836,4,0.4024929579598374,False
73,Time point (day),0.003391256336895522,1.948245843942089,0.12029538266503187,0.1018981018981019,836,4,0.11301271584369003,False
74,Time point (day),0.0074616550736306,3.094946313977736,0.026276914416485372,0.03496503496503497,836,4,0.040569186910650326,True
75,Time point (day),0.09346843696104402,29.73208041335271,2.8905125666432846e-18,0.000999000999000999,836,4,0.0013468313063454763,True
76,Time point (day),0.01728180249105886,5.900552677647197,0.0005506824218573096,0.001998001998001998,836,4,0.002591371627398891,True
77,Time point (day),0.015440543686786889,5.370243780736315,0.001152166507471423,0.001998001998001998,836,4,0.002591371627398891,True
78,Time point (day),0.015190243470664501,5.298306841255467,0.0012733007640213653,0.001998001998001998,836,4,0.002591371627398891,True
79,Time point (day),0.0,0.3443269511622591,0.7932772757846376,1.0,836,4,1.0,False
80,Time point (day),0.0011767054144327012,1.3282948818535871,0.26387578714728144,0.2727272727272727,836,4,0.29272580763314043,False
81,Time point (day),0.4026462710361544,188.83526201474407,2.197324342884563e-93,0.000999000999000999,836,4,0.0013468313063454763,True
82,Time point (day),0.13236910430971716,43.51445776178149,3.9837976115673473e-26,0.000999000999000999,836,4,0.0013468313063454763,True
83,Time point (day),0.02876389265498038,9.252924315625531,5.039404483474742e-06,0.000999000999000999,836,4,0.0013468313063454763,True
84,Time point (day),0.01874498739535445,6.3233900332458575,0.00030526281217028284,0.000999000999000999,836,4,0.0013468313063454763,True
85,Time point (day),0.007856482785569267,3.2066765861913673,0.02259225666267031,0.014985014985014986,836,4,0.017982017982017984,True
86,Time point (day),0.011365080445277294,4.203476856259917,0.0057894860526145585,0.007992007992007992,836,4,0.009875097073612844,True
87,Time point (day),0.25800794792941006,97.89890157496663,2.832063544867684e-54,0.000999000999000999,836,4,0.0013468313063454763,True
88,Time point (day),0.05123414161322488,16.04823064265984,3.775147818647046e-10,0.000999000999000999,836,4,0.0013468313063454763,True
89,Time point (day),0.056499324590308396,17.687299609682448,3.886077665484694e-11,0.000999000999000999,836,4,0.0013468313063454763,True
90,Time point (day),0.027021547990449174,8.739127923254276,1.0360607973711239e-05,0.000999000999000999,836,4,0.0013468313063454763,True
91,Time point (day),0.05308104154808243,16.621101235085334,1.7037271474830908e-10,0.000999000999000999,836,4,0.0013468313063454763,True
92,Time point (day),0.1927800504313559,67.55109810188048,4.237824280902659e-39,0.000999000999000999,836,4,0.0013468313063454763,True
93,Time point (day),0.21863651589056385,78.97486103958228,5.839374825023172e-45,0.000999000999000999,836,4,0.0013468313063454763,True
94,Time point (day),0.02200719500149918,7.270671565687548,8.115494442792783e-05,0.000999000999000999,836,4,0.0013468313063454763,True
95,Time point (day),0.21919708260589424,79.23090691912883,4.3363632724227774e-45,0.000999000999000999,836,4,0.0013468313063454763,True
96,Time point (day),0.019434791003290278,6.523170082478826,0.00023092268437253173,0.000999000999000999,836,4,0.0013468313063454763,True
97,Time point (day),0.09611808100007575,30.633190658712603,8.655226593063156e-19,0.000999000999000999,836,4,0.0013468313063454763,True
98,Time point (day),0.0428109270835057,13.463554677782067,1.3837480652082115e-08,0.000999000999000999,836,4,0.0013468313063454763,True
99,Time point (day),0.03474060335766189,11.029478261847585,4.172361608708181e-07,0.000999000999000999,836,4,0.0013468313063454763,True
100,Time point (day),0.11599559056872566,37.56554676306873,8.998588077837992e-23,0.000999000999000999,836,4,0.0013468313063454763,True
101,Time point (day),0.15462244245011225,51.969085049183555,8.582142585504074e-31,0.000999000999000999,836,4,0.0013468313063454763,True
102,Time point (day),0.21823201862998157,78.79032991985765,7.237124818429858e-45,0.000999000999000999,836,4,0.0013468313063454763,True
103,Time point (day),0.015230673336584474,5.309924014566233,0.0012529135413331483,0.000999000999000999,836,4,0.0013468313063454763,True
104,Time point (day),0.02846053389379841,9.163334983729351,5.714251423049261e-06,0.000999000999000999,836,4,0.0013468313063454763,True
105,Time point (day),0.10844965255515054,34.89747226874522,3.003189880058639e-21,0.000999000999000999,836,4,0.0013468313063454763,True
106,Time point (day),0.003834762129193641,2.072734059949753,0.1023287694908126,0.1028971028971029,836,4,0.11393095682372491,False
107,Time point (day),0.015065137039015913,5.262364628781955,0.0013384909560384573,0.001998001998001998,836,4,0.002591371627398891,True
108,Time point (day),0.09071201937296788,28.800231174105495,1.0091905964097683e-17,0.000999000999000999,836,4,0.0013468313063454763,True
109,Time point (day),0.2374538124624326,87.77567796893345,2.3745698565718417e-49,0.000999000999000999,836,4,0.0013468313063454763,True
110,Time point (day),0.09431661429572065,30.01996098408716,1.965708992123684e-18,0.000999000999000999,836,4,0.0013468313063454763,True
111,Time point (day),0.006146965411849169,2.7235489572612153,0.043289517165998166,0.04795204795204795,836,4,0.05487296208945693,False
112,Time point (day),0.0,0.04108328291889873,0.9888997806985321,1.0,836,4,1.0,False
113,Time point (day),0.0008772117142644399,1.244664286753426,0.2923875761288801,0.28471528471528473,836,4,0.3046110515990034,False
114,Time point (day),0.010128845387431277,3.8514535130607563,0.009386708603840381,0.014985014985014986,836,4,0.017982017982017984,True
115,Time point (day),0.0307111538401453,9.829333901887361,2.245045031575158e-06,0.000999000999000999,836,4,0.0013468313063454763,True
116,Time point (day),0.01829518626484561,6.19327042216758,0.00036607516200385645,0.000999000999000999,836,4,0.0013468313063454763,True
117,Time point (day),0.04075921824608818,12.840859668006138,3.303751798102486e-08,0.000999000999000999,836,4,0.0013468313063454763,True
118,Time point (day),0.39471594446589087,182.7232347669143,5.273030047002883e-91,0.000999000999000999,836,4,0.0013468313063454763,True
119,Time point (day),0.005407826463047037,2.5151747766222665,0.057148189628912355,0.05094905094905095,836,4,0.05805315300610425,False
120,Time point (day),0.0,0.23901819998887383,0.8691566724946329,1.0,836,4,1.0,False
121,Time point (day),0.13166611725951957,43.25443546421952,5.567586085274896e-26,0.000999000999000999,836,4,0.0013468313063454763,True
122,Time point (day),0.002531905617765126,1.7073486388095354,0.1639587264692573,0.16683316683316685,836,4,0.18199981836345472,False
123,Time point (day),0.013327764549679452,4.76417171552644,0.0026705530717891566,0.000999000999000999,836,4,0.0013468313063454763,True
124,Time point (day),0.016387436251601904,5.642714422072503,0.0007886795647526612,0.001998001998001998,836,4,0.002591371627398891,True
125,Time point (day),0.0,0.8425339673240116,0.47073870003411056,1.0,836,4,1.0,False
126,Time point (day),0.006682513905423937,2.874721729000987,0.03535024204793537,0.03296703296703297,836,4,0.03835116848217285,True
127,Time point (day),0.06219484903277729,19.481057867858055,3.2606932279660865e-12,0.000999000999000999,836,4,0.0013468313063454763,True
128,Time point (day),0.09203751405152623,29.247628779765247,5.534618297982992e-18,0.000999000999000999,836,4,0.0013468313063454763,True
129,Time point (day),0.015398899513285746,5.358272599513714,0.001171497960168466,0.001998001998001998,836,4,0.002591371627398891,True
130,Time point (day),0.0011968553299312947,1.3339233432072934,0.26205065075499195,0.2817182817182817,836,4,0.30164690614851386,False
131,Time point (day),0.004048175588235535,2.1326768721180365,0.0946257470117554,0.0989010989010989,836,4,0.10978021978021979,False
132,Time point (day),0.07088803789280618,22.261305452710957,7.160634466130227e-14,0.000999000999000999,836,4,0.0013468313063454763,True
133,Time point (day),0.0,0.40597093103706156,0.7487495913771132,1.0,836,4,1.0,False
134,Time point (day),0.021910041557825118,7.242368807437493,8.443563054902363e-05,0.000999000999000999,836,4,0.0013468313063454763,True
135,Time point (day),0.03318532552952739,10.565063803594619,8.000567424390636e-07,0.000999000999000999,836,4,0.0013468313063454763,True
136,Time point (day),0.0017060918029370479,1.476243430765222,0.2195714887869189,0.23076923076923078,836,4,0.24970318065362748,False
137,Time point (day),0.01736916399806519,5.925763426905085,0.0005316641693001348,0.000999000999000999,836,4,0.0013468313063454763,True
138,Time point (day),0.06364630512543364,19.9416710715603,1.7287551714758516e-12,0.000999000999000999,836,4,0.0013468313063454763,True
139,Time point (day),0.0362420618523958,11.479243977949489,2.221673269801294e-07,0.000999000999000999,836,4,0.0013468313063454763,True
140,Time point (day),0.010852491044692485,4.057407997365688,0.007076885284820492,0.003996003996003996,836,4,0.0050643932661059215,True
141,Time point (day),0.14606236036742565,48.66473475342906,5.542952838795125e-29,0.000999000999000999,836,4,0.0013468313063454763,True
142,Time point (day),0.0,0.8861911591796824,0.4477687546702611,1.0,836,4,1.0,False
143,Time point (day),0.002758130285349746,1.770724732076003,0.1512019369501134,0.14585414585414586,836,4,0.15976786371523213,False
144,Time point (day),0.017380875492533362,5.929143466122133,0.0005291646391598866,0.000999000999000999,836,4,0.0013468313063454763,True
145,Time point (day),0.13481075036350318,44.42086133226132,1.2428737890256542e-26,0.000999000999000999,836,4,0.0013468313063454763,True
146,Time point (day),0.1209230393664164,39.332503082727285,8.950597342889326e-24,0.000999000999000999,836,4,0.0013468313063454763,True
147,Time point (day),0.07187468759872738,22.58014585231551,4.629676567693658e-14,0.000999000999000999,836,4,0.0013468313063454763,True
0,Engineered,0.024065425784814232,18.359831488840797,2.0839702988947333e-05,0.000999000999000999,704,2,0.0013468313063454763,True
1,Engineered,0.13469137722849106,110.58255479432147,4.0617322335029074e-24,0.000999000999000999,704,2,0.0013468313063454763,True
2,Engineered,0.08191485076740233,63.81340569385574,5.608513487977854e-15,0.000999000999000999,704,2,0.0013468313063454763,True
3,Engineered,0.3223318191040138,335.8565080172407,1.3257392079464919e-61,0.000999000999000999,704,2,0.0013468313063454763,True
4,Engineered,0.03937230967320499,29.854160971048955,6.474066339145185e-08,0.000999000999000999,704,2,0.0013468313063454763,True
5,Engineered,0.0038684961183457632,3.733997726909533,0.05371764830225524,0.06793206793206794,704,2,0.07661770913252709,False
6,Engineered,0.004113288323751025,3.907715251111913,0.04845582396278933,0.07592407592407592,704,2,0.08505539876439791,False
7,Engineered,0.0,0.6974467466519392,0.40392708271158584,1.0,704,2,1.0,False
8,Engineered,0.14004514429368495,115.6476247311574,4.50050782995768e-25,0.000999000999000999,704,2,0.0013468313063454763,True
9,Engineered,0.09963427742542887,78.90448875256078,5.4137251889414845e-18,0.000999000999000999,704,2,0.0013468313063454763,True
10,Engineered,0.10812303408470085,86.34654319445484,1.8645534137966448e-19,0.000999000999000999,704,2,0.0013468313063454763,True
11,Engineered,0.0866718122020453,67.80726228033375,8.795181089039068e-16,0.000999000999000999,704,2,0.0013468313063454763,True
12,Engineered,0.10100010479786738,80.09241609167427,3.154595276542215e-18,0.000999000999000999,704,2,0.0013468313063454763,True
13,Engineered,0.036682986011132006,27.80822800471722,1.7857013261801723e-07,0.000999000999000999,704,2,0.0013468313063454763,True
14,Engineered,0.06924368674085953,53.37413356334963,7.510898057744306e-13,0.000999000999000999,704,2,0.0013468313063454763,True
15,Engineered,0.024165550121306334,18.433845758893323,2.0065716125359826e-05,0.000999000999000999,704,2,0.0013468313063454763,True
16,Engineered,0.04595171237712991,34.9081427357346,5.38855513212957e-09,0.000999000999000999,704,2,0.0013468313063454763,True
17,Engineered,0.1749859650229101,150.31881659388938,1.8861399770286672e-31,0.000999000999000999,704,2,0.0013468313063454763,True
18,Engineered,0.014438306976638572,11.313477262262685,0.0008112567691064132,0.001998001998001998,704,2,0.002591371627398891,True
19,Engineered,0.0,0.5783472863249937,0.4472162075662346,1.0,704,2,1.0,False
20,Engineered,0.0,0.0011908433300853796,0.9724813958823452,1.0,704,2,1.0,False
21,Engineered,0.04049891483027124,30.7146469985154,4.231451971480055e-08,0.000999000999000999,704,2,0.0013468313063454763,True
22,Engineered,0.0,0.5229597001999239,0.46982275339249924,1.0,704,2,1.0,False
23,Engineered,0.017512807765456488,13.54878105722739,0.00025026608780032015,0.001998001998001998,704,2,0.002591371627398891,True
24,Engineered,0.14282317008500892,118.30078115832634,1.4298228738103874e-25,0.000999000999000999,704,2,0.0013468313063454763,True
25,Engineered,0.032831587244810057,24.898048277344603,7.629062051304282e-07,0.000999000999000999,704,2,0.0013468313063454763,True
26,Engineered,0.0,0.235495139122446,0.6276302714612036,1.0,704,2,1.0,False
27,Engineered,0.2440536027689796,228.2829620971851,7.281965833232916e-45,0.000999000999000999,704,2,0.0013468313063454763,True
28,Engineered,0.003093102289026985,3.1843002756575562,0.07478059284848029,0.08591408591408592,704,2,0.09568358063341341,False
29,Engineered,0.047687753833657275,36.25333086290122,2.792874489941242e-09,0.000999000999000999,704,2,0.0013468313063454763,True
30,Engineered,0.045282212699835483,34.39068169121843,6.941900127716421e-09,0.000999000999000999,704,2,0.0013468313063454763,True
31,Engineered,0.015827489010242366,12.321747090868083,0.00047631620024999927,0.000999000999000999,704,2,0.0013468313063454763,True
32,Engineered,0.10659079628702098,84.99277763671938,3.4320309338562745e-19,0.000999000999000999,704,2,0.0013468313063454763,True
33,Engineered,0.16097115016919686,136.0653076374754,7.312264217849312e-29,0.000999000999000999,704,2,0.0013468313063454763,True
34,Engineered,0.006572545830806374,5.657685113763362,0.01764557516616565,0.013986013986013986,704,2,0.01687442991790818,True
35,Engineered,0.04752204078589787,36.124714844715704,2.973768326344413e-09,0.000999000999000999,704,2,0.0013468313063454763,True
36,Engineered,0.15868660271360838,133.78686476491623,1.9145655886035633e-28,0.000999000999000999,704,2,0.0013468313063454763,True
37,Engineered,0.02593616973623319,19.745243306451275,1.0279195836556665e-05,0.000999000999000999,704,2,0.0013468313063454763,True
38,Engineered,0.039602757985775214,30.03001008573576,5.934777349572143e-08,0.000999000999000999,704,2,0.0013468313063454763,True
39,Engineered,0.0,0.07216268372419424,0.7882924785178678,1.0,704,2,1.0,False
40,Engineered,0.04484285386307855,34.05149236153214,8.19692124408919e-09,0.000999000999000999,704,2,0.0013468313063454763,True
41,Engineered,0.0016589999934474302,2.1698768210254062,0.1411857239157543,0.14385614385614387,704,2,0.15783886624084317,False
42,Engineered,0.0,0.4601114727382671,0.49779540986087734,1.0,704,2,1.0,False
43,Engineered,0.000966918547477762,1.6813694862182542,0.19516863231598347,0.1938061938061938,704,2,0.21039107591674824,False
44,Engineered,0.12198801780455334,98.81138102428382,7.143551322676098e-22,0.000999000999000999,704,2,0.0013468313063454763,True
45,Engineered,0.019335726742097607,14.880745936848092,0.00012506372228621637,0.000999000999000999,704,2,0.0013468313063454763,True
46,Engineered,0.006736803888022909,5.774877349460808,0.01651531875671032,0.02097902097902098,704,2,0.024905575707714747,True
47,Engineered,0.15815388239499314,133.25734594207145,2.3954647398175425e-28,0.000999000999000999,704,2,0.0013468313063454763,True
48,Engineered,0.23561516893073847,218.00205470483752,3.662478686127895e-43,0.000999000999000999,704,2,0.0013468313063454763,True
49,Engineered,0.08137396176839957,63.361904301378246,6.9201539149261196e-15,0.000999000999000999,704,2,0.0013468313063454763,True
50,Engineered,0.09073777212657716,71.25409130489348,1.7935721546440612e-16,0.000999000999000999,704,2,0.0013468313063454763,True
51,Engineered,0.017303775806488262,13.396362037276837,0.0002710270428026724,0.000999000999000999,704,2,0.0013468313063454763,True
52,Engineered,0.06402728630556212,49.15867909353519,5.556263098954688e-12,0.000999000999000999,704,2,0.0013468313063454763,True
53,Engineered,0.1625451775103258,137.6423619450592,3.7619150923185746e-29,0.000999000999000999,704,2,0.0013468313063454763,True
54,Engineered,0.14624934589978822,121.5967328036339,3.45953875525138e-26,0.000999000999000999,704,2,0.0013468313063454763,True
55,Engineered,0.08310042229836685,64.80491246892855,3.537062309033207e-15,0.000999000999000999,704,2,0.0013468313063454763,True
56,Engineered,0.053217407021416994,40.57091609089718,3.4284785270146367e-10,0.000999000999000999,704,2,0.0013468313063454763,True
57,Engineered,0.028715830315009006,21.813625067443255,3.600986510152593e-06,0.000999000999000999,704,2,0.0013468313063454763,True
58,Engineered,0.0,0.4311331940489056,0.5116486081766743,1.0,704,2,1.0,False
59,Engineered,0.046874392068520815,35.62247970428155,3.800203410091652e-09,0.000999000999000999,704,2,0.0013468313063454763,True
60,Engineered,0.01779912957459594,13.757662508574628,0.0002243970381144148,0.001998001998001998,704,2,0.002591371627398891,True
61,Engineered,0.001958325002207837,2.381365965060895,0.12324078198961375,0.12087912087912088,704,2,0.13328724255876573,False
62,Engineered,0.014236398685295547,11.16716853927376,0.000876694789379538,0.001998001998001998,704,2,0.002591371627398891,True
63,Engineered,0.018350970423574576,14.16059282793871,0.0001818702400155463,0.000999000999000999,704,2,0.0013468313063454763,True
64,Engineered,0.06933031937050836,53.44454165931837,7.264867536473498e-13,0.000999000999000999,704,2,0.0013468313063454763,True
65,Engineered,0.0,0.7224721930748803,0.39562397221656453,1.0,704,2,1.0,False
66,Engineered,0.015358393183180778,11.980958681924527,0.0005700187669628332,0.001998001998001998,704,2,0.002591371627398891,True
67,Engineered,0.0,0.5879849058697182,0.44345719338379574,1.0,704,2,1.0,False
68,Engineered,0.0,0.8666273806554953,0.35221071255887837,1.0,704,2,1.0,False
69,Engineered,0.0,0.6766333878711369,0.41102773682998894,1.0,704,2,1.0,False
70,Engineered,0.0,0.008248997236853467,0.9276583557230696,1.0,704,2,1.0,False
71,Engineered,0.04869824341858394,37.0385788520816,1.904577540806608e-09,0.000999000999000999,704,2,0.0013468313063454763,True
72,Engineered,0.025674357794845955,19.55103376594263,1.1347337966224107e-05,0.000999000999000999,704,2,0.0013468313063454763,True
73,Engineered,0.05065723593637442,38.565666953161134,9.06204661611084e-10,0.000999000999000999,704,2,0.0013468313063454763,True
74,Engineered,0.014371534572316921,11.265085368167517,0.0008323337987282059,0.000999000999000999,704,2,0.0013468313063454763,True
75,Engineered,0.006947970496064757,5.925594111793923,0.015170773893092848,0.00999000999000999,704,2,0.012241668175430825,True
76,Engineered,0.016822024070646282,13.045331807336924,0.00032571349169620414,0.001998001998001998,704,2,0.002591371627398891,True
77,Engineered,0.2785783672696764,272.8509698906741,5.018322032807615e-52,0.000999000999000999,704,2,0.0013468313063454763,True
78,Engineered,0.003791394380732348,3.679299926722044,0.05549733532407407,0.05094905094905095,704,2,0.05805315300610425,False
79,Engineered,0.0029873705005853102,3.109410422883006,0.07827612963421472,0.08491508491508491,704,2,0.09465011975472226,False
80,Engineered,0.003951911663640054,3.7931842285340376,0.05185995994848797,0.04395604395604396,704,2,0.05047366426676772,False
81,Engineered,0.1380372561292201,113.74063642075384,1.0286025475029897e-24,0.000999000999000999,704,2,0.0013468313063454763,True
82,Engineered,0.005254497691237573,4.71870630834283,0.03017014160890641,0.026973026973026972,704,2,0.03176664184621744,True
83,Engineered,0.049694655358700664,37.81452237410141,1.3054850118136674e-09,0.000999000999000999,704,2,0.0013468313063454763,True
84,Engineered,0.03506628493782928,26.5837931775876,3.285307130150069e-07,0.000999000999000999,704,2,0.0013468313063454763,True
85,Engineered,0.04995174971021032,38.01499559128865,1.1842264306637454e-09,0.000999000999000999,704,2,0.0013468313063454763,True
86,Engineered,0.0041335343339669465,3.922086716883798,0.04804567486492509,0.056943056943056944,704,2,0.06449672776203388,False
87,Engineered,0.30918499312490305,316.08614172200083,1.1566572973679963e-58,0.000999000999000999,704,2,0.0013468313063454763,True
88,Engineered,0.024091363673500257,18.379003930107594,2.063637114068671e-05,0.000999000999000999,704,2,0.0013468313063454763,True
89,Engineered,0.021841950670943397,16.72009071835727,4.8334549167202796e-05,0.000999000999000999,704,2,0.0013468313063454763,True
90,Engineered,0.00040232492587794876,1.2833507468863143,0.25766371410665073,0.26973026973026976,704,2,0.28997636745820765,False
91,Engineered,0.08068901202703191,62.790912118088144,9.028774038939008e-15,0.000999000999000999,704,2,0.0013468313063454763,True
92,Engineered,0.004322402535515292,4.0561814313707165,0.04439093415089804,0.04095904095904096,704,2,0.047154228658118025,True
93,Engineered,0.07847522797207056,60.95124837584211,2.130548430379901e-14,0.000999000999000999,704,2,0.0013468313063454763,True
94,Engineered,0.04105919177005927,31.143331849102566,3.424646621471916e-08,0.000999000999000999,704,2,0.0013468313063454763,True
95,Engineered,0.0,0.026309614085944465,0.871193156022481,1.0,704,2,1.0,False
96,Engineered,0.09294143554879922,73.13511143675969,7.557282186668527e-17,0.000999000999000999,704,2,0.0013468313063454763,True
97,Engineered,0.0033457439401406767,3.3633107665348394,0.06708707241578712,0.06393606393606394,704,2,0.07229442883093137,False
98,Engineered,0.03200760946533997,24.278444421606753,1.040822224973991e-06,0.000999000999000999,704,2,0.0013468313063454763,True
99,Engineered,0.0002922405112167632,1.205797462252177,0.27254250825321696,0.2677322677322677,704,2,0.2882937595952955,False
100,Engineered,0.06139708558118913,47.05094186812903,1.5193825117046492e-11,0.000999000999000999,704,2,0.0013468313063454763,True
101,Engineered,0.0,0.16711542563709042,0.6828129254595225,1.0,704,2,1.0,False
102,Engineered,0.0023892626408458036,2.6860693616912092,0.10167730288799141,0.08791208791208792,704,2,0.09782698504503017,False
103,Engineered,0.019258809476206805,14.8244442083731,0.0001287730088156586,0.001998001998001998,704,2,0.002591371627398891,True
104,Engineered,0.034995348616668205,26.53016235809613,3.3743625975773743e-07,0.000999000999000999,704,2,0.0013468313063454763,True
105,Engineered,0.038808338671019356,29.42416504802222,8.009521065741431e-08,0.000999000999000999,704,2,0.0013468313063454763,True
106,Engineered,0.00018493380310727648,1.1302174790011454,0.2880945192778265,0.2967032967032967,704,2,0.31667371090448015,False
107,Engineered,0.0,0.02642885615792579,0.8709041530049688,1.0,704,2,1.0,False
108,Engineered,0.03665126732593537,27.78416581899258,1.807191225817763e-07,0.000999000999000999,704,2,0.0013468313063454763,True
109,Engineered,0.10513734202884759,83.71290362715612,6.116841041970451e-19,0.000999000999000999,704,2,0.0013468313063454763,True
110,Engineered,0.13063753401666134,106.78881369545135,2.1305913874680645e-23,0.000999000999000999,704,2,0.0013468313063454763,True
111,Engineered,0.0791338690171371,61.49765749186977,1.6505708515934744e-14,0.000999000999000999,704,2,0.0013468313063454763,True
112,Engineered,0.0003731408819735261,1.2627892383175212,0.26150791419615027,0.26973026973026976,704,2,0.28997636745820765,False
113,Engineered,0.038597105242344755,29.263241393151993,8.674048330418858e-08,0.000999000999000999,704,2,0.0013468313063454763,True
114,Engineered,0.019790338334419004,15.213691960306658,0.00010522950114809235,0.000999000999000999,704,2,0.0013468313063454763,True
115,Engineered,0.02866832711452595,21.7781778891976,3.6660870302794778e-06,0.000999000999000999,704,2,0.0013468313063454763,True
116,Engineered,0.24481941517832137,229.22735614453865,5.092241778828509e-45,0.000999000999000999,704,2,0.0013468313063454763,True
117,Engineered,0.0051736174126112665,4.661168141726867,0.031190341239784095,0.03296703296703297,704,2,0.03835116848217285,True
118,Engineered,0.1005825188794775,79.72883813969763,3.72124906192618e-18,0.000999000999000999,704,2,0.0013468313063454763,True
119,Engineered,0.0030488998208511825,3.152989723862611,0.07622113382986748,0.07492507492507493,704,2,0.08407767464212283,False
120,Engineered,0.009910397925408404,8.04675629848892,0.004689903213515691,0.008991008991008992,704,2,0.011047992597808098,True
121,Engineered,0.021860820312489926,16.733975102510072,4.799033441314012e-05,0.000999000999000999,704,2,0.0013468313063454763,True
122,Engineered,0.0,0.08634624828978602,0.7689614293324453,1.0,704,2,1.0,False
123,Engineered,0.028535733132887466,21.679253793182276,3.854099276123054e-06,0.000999000999000999,704,2,0.0013468313063454763,True
124,Engineered,0.0186211310505297,14.358017656938042,0.0001641039112351175,0.001998001998001998,704,2,0.002591371627398891,True
125,Engineered,0.0,0.003967279438217276,0.9497953087850081,1.0,704,2,1.0,False
126,Engineered,0.02842632927117125,21.597651428627536,4.016473172797276e-06,0.000999000999000999,704,2,0.0013468313063454763,True
127,Engineered,0.12580951428263318,102.31647450074074,1.519445234548279e-22,0.000999000999000999,704,2,0.0013468313063454763,True
128,Engineered,0.03299187241848288,25.018700071012596,7.18172126041195e-07,0.000999000999000999,704,2,0.0013468313063454763,True
129,Engineered,0.0,0.07554013900639761,0.7835156811019373,1.0,704,2,1.0,False
130,Engineered,0.10151317185121124,80.53958894477873,2.5748603523957073e-18,0.000999000999000999,704,2,0.0013468313063454763,True
131,Engineered,0.053047051472222516,40.43714869308439,3.65772050313863e-10,0.000999000999000999,704,2,0.0013468313063454763,True
132,Engineered,0.06741268673685914,51.889102594255256,1.517605347954862e-12,0.000999000999000999,704,2,0.0013468313063454763,True
133,Engineered,0.10837472956642616,86.56936657668234,1.686587902402304e-19,0.000999000999000999,704,2,0.0013468313063454763,True
134,Engineered,0.019710068837696826,15.154882163572056,0.00010848641192475339,0.000999000999000999,704,2,0.0013468313063454763,True
135,Engineered,0.02355753221466044,17.984618373611003,2.5251582156374027e-05,0.000999000999000999,704,2,0.0013468313063454763,True
136,Engineered,0.14588407485183977,121.24408592765649,4.0255977774141026e-26,0.000999000999000999,704,2,0.0013468313063454763,True
137,Engineered,0.0,0.04903664586343306,0.8248125376952969,1.0,704,2,1.0,False
138,Engineered,0.07804109105345285,60.59151494550624,2.5207330311775363e-14,0.000999000999000999,704,2,0.0013468313063454763,True
139,Engineered,0.0006608016096664527,1.4655119442472602,0.22646256874903056,0.23176823176823177,704,2,0.25058058824292595,False
140,Engineered,0.03456970507335518,26.208523597751018,3.9617635101378307e-07,0.000999000999000999,704,2,0.0013468313063454763,True
141,Engineered,0.0,0.38303845554177185,0.5361823530309517,1.0,704,2,1.0,False
142,Engineered,0.1106551197031766,88.59391997066021,6.788782272028018e-20,0.000999000999000999,704,2,0.0013468313063454763,True
143,Engineered,0.05106701501676512,38.88589830970814,7.757201450610391e-10,0.000999000999000999,704,2,0.0013468313063454763,True
144,Engineered,0.0034499738510062033,3.43718983229974,0.06416329015464808,0.03696303696303696,704,2,0.04277564312316701,True
145,Engineered,0.22795055195688022,208.85869219179972,1.239908336413966e-41,0.000999000999000999,704,2,0.0013468313063454763,True
146,Engineered,0.04071503775704486,30.879949868014396,3.8998860133494456e-08,0.000999000999000999,704,2,0.0013468313063454763,True
147,Engineered,0.09523393645617714,75.10168657580442,3.069336134877322e-17,0.000999000999000999,704,2,0.0013468313063454763,True
0,Phase,0.006778499479897049,2.9223077153530586,0.033153824850178315,0.07092907092907093,845,4,0.0797952047952048,False
1,Phase,0.19710854290632734,70.14870716512249,1.7089103807458981e-40,0.000999000999000999,845,4,0.0013468313063454763,True
2,Phase,0.0,0.9146320785207172,0.4332950879569204,1.0,845,4,1.0,False
3,Phase,0.21327593474553191,77.35805776522268,3.396160334577773e-44,0.000999000999000999,845,4,0.0013468313063454763,True
4,Phase,0.01917408222058112,6.506277645773083,0.0002361849270617525,0.001998001998001998,845,4,0.002591371627398891,True
5,Phase,0.01697750818366393,5.864586698889208,0.0005784924106561327,0.001998001998001998,845,4,0.002591371627398891,True
6,Phase,0.022908039683611218,7.603709210196708,5.0825749333029046e-05,0.002997002997002997,845,4,0.0038274285637660515,True
7,Phase,0.5119850599190835,296.50145572721794,2.791226321439791e-131,0.000999000999000999,845,4,0.0013468313063454763,True
8,Phase,0.6584549193815424,544.0170505065823,1.9812470429835638e-196,0.000999000999000999,845,4,0.0013468313063454763,True
9,Phase,0.1951975423921181,69.31569733339592,4.6262373042016546e-40,0.000999000999000999,845,4,0.0013468313063454763,True
10,Phase,0.10941001375501043,35.603077005461124,1.1487712814519013e-21,0.000999000999000999,845,4,0.0013468313063454763,True
11,Phase,0.02145908235578484,7.17685789923915,9.242463898348324e-05,0.000999000999000999,845,4,0.0013468313063454763,True
12,Phase,0.07910458039344759,25.195063851014947,1.2927614336113558e-15,0.000999000999000999,845,4,0.0013468313063454763,True
13,Phase,0.12922153542303746,42.79869005124968,9.594556383720523e-26,0.000999000999000999,845,4,0.0013468313063454763,True
14,Phase,0.020903590369148174,7.013549393836807,0.00011616786979849079,0.001998001998001998,845,4,0.002591371627398891,True
15,Phase,0.02221518521336567,7.399441956763004,6.76690627608616e-05,0.000999000999000999,845,4,0.0013468313063454763,True
16,Phase,0.21603388662966372,78.61757006616604,7.794399428399647e-45,0.000999000999000999,845,4,0.0013468313063454763,True
17,Phase,0.07532714428944877,23.94556989587854,7.079966951808899e-15,0.000999000999000999,845,4,0.0013468313063454763,True
18,Phase,0.021962222550716337,7.324935663103816,7.511369203221254e-05,0.001998001998001998,845,4,0.002591371627398891,True
19,Phase,0.10973475914091856,35.7184439042752,9.866670948692772e-22,0.000999000999000999,845,4,0.0013468313063454763,True
20,Phase,0.015580791573132817,5.458049567567373,0.0010189950935288552,0.004995004995004995,845,4,0.00627082625197611,True
21,Phase,0.02159099503534884,7.215666015709833,8.753573523634462e-05,0.000999000999000999,845,4,0.0013468313063454763,True
22,Phase,0.099284349775529,32.04763622844943,1.2796369030474863e-19,0.000999000999000999,845,4,0.0013468313063454763,True
23,Phase,0.01175171534720407,4.349428014059661,0.004733216189088128,0.013986013986013986,845,4,0.01687442991790818,True
24,Phase,0.06491657908364694,20.55423017122398,7.363491455462184e-13,0.000999000999000999,845,4,0.0013468313063454763,True
25,Phase,0.0074608276142788445,3.1172629787873682,0.025490836025080878,0.027972027972027972,845,4,0.032856032856032856,True
26,Phase,0.03405113128116954,10.929168048943453,4.787402370294194e-07,0.000999000999000999,845,4,0.0013468313063454763,True
27,Phase,0.01457558555348953,5.166181127014348,0.001528727486858921,0.004995004995004995,845,4,0.00627082625197611,True
28,Phase,0.3215561331679499,134.49909786723796,3.5725288349910516e-71,0.000999000999000999,845,4,0.0013468313063454763,True
29,Phase,0.05438992451113161,17.200999898802802,7.564535293726758e-11,0.000999000999000999,845,4,0.0013468313063454763,True
30,Phase,0.01578385074231345,5.51708156699594,0.0009386503529059837,0.004995004995004995,845,4,0.00627082625197611,True
31,Phase,0.10792711096698804,35.07733825650429,2.2991642205591675e-21,0.000999000999000999,845,4,0.0013468313063454763,True
32,Phase,0.018984408282895424,6.450754345629407,0.00025524255637786363,0.000999000999000999,845,4,0.0013468313063454763,True
33,Phase,0.014478851092004422,5.138125020215714,0.0015894438766906867,0.001998001998001998,845,4,0.002591371627398891,True
34,Phase,0.010394554305279935,3.958552295150804,0.008102181229591426,0.012987012987012988,845,4,0.015740401545679072,True
35,Phase,0.04246059371809364,13.49006967107734,1.3271768759303513e-08,0.000999000999000999,845,4,0.0013468313063454763,True
36,Phase,0.03611491455268128,11.553506587649345,1.9952667203858604e-07,0.000999000999000999,845,4,0.0013468313063454763,True
37,Phase,0.016064144966699667,5.598606852747805,0.000837962527463469,0.000999000999000999,845,4,0.0013468313063454763,True
38,Phase,0.057040092514933055,18.038150400147217,2.3714651335979508e-11,0.000999000999000999,845,4,0.0013468313063454763,True
39,Phase,0.00857590234389648,3.4364405026818896,0.016535615706915415,0.015984015984015984,845,4,0.019146321304594687,True
40,Phase,0.022282916941719303,7.419397847639065,6.580336032345252e-05,0.000999000999000999,845,4,0.0013468313063454763,True
41,Phase,0.0,0.09926231029800647,0.9604208583940602,1.0,845,4,1.0,False
42,Phase,0.045311128373226595,14.36837044098445,3.8930251851312245e-09,0.000999000999000999,845,4,0.0013468313063454763,True
43,Phase,0.013634291891086035,4.893409429941901,0.002231698191050887,0.008991008991008992,845,4,0.011047992597808098,True
44,Phase,0.11315299103848421,36.9379075388595,1.9825335658140988e-22,0.000999000999000999,845,4,0.0013468313063454763,True
45,Phase,0.22233730716378197,81.52978336412828,2.6437114205743466e-46,0.000999000999000999,845,4,0.0013468313063454763,True
46,Phase,0.025768224957660138,8.450023922105709,1.5512595006271863e-05,0.000999000999000999,845,4,0.0013468313063454763,True
47,Phase,0.06980617421696056,22.13760794734615,8.376875494840569e-14,0.000999000999000999,845,4,0.0013468313063454763,True
48,Phase,0.018998814649166966,6.454970771452139,0.0002537430016568334,0.002997002997002997,845,4,0.0038274285637660515,True
49,Phase,0.03865882532069075,12.326782574313734,6.754663290529888e-08,0.000999000999000999,845,4,0.0013468313063454763,True
50,Phase,0.010655353194864662,4.033581701023429,0.007309376025342744,0.013986013986013986,845,4,0.01687442991790818,True
51,Phase,0.03373966101479046,10.835173264464062,5.461899585051819e-07,0.000999000999000999,845,4,0.0013468313063454763,True
52,Phase,0.057684562349307314,18.24244106152255,1.7874480706131525e-11,0.000999000999000999,845,4,0.0013468313063454763,True
53,Phase,0.038550658532289624,12.293819672307285,7.073688913384034e-08,0.000999000999000999,845,4,0.0013468313063454763,True
54,Phase,0.030705218026679068,9.922607004280753,1.964727284050539e-06,0.000999000999000999,845,4,0.0013468313063454763,True
55,Phase,0.09821627894624547,31.6772580357363,2.096651687279348e-19,0.000999000999000999,845,4,0.0013468313063454763,True
56,Phase,0.03985206696725593,12.690905615958812,4.057610994272054e-08,0.000999000999000999,845,4,0.0013468313063454763,True
57,Phase,0.03711489660643091,11.856985089879824,1.3041734810472767e-07,0.000999000999000999,845,4,0.0013468313063454763,True
58,Phase,0.012867423026189833,4.671567768017204,0.0030338605338879774,0.007992007992007992,845,4,0.009875097073612844,True
59,Phase,0.0005001256466248388,1.1409392111134224,0.3315673168965706,0.34665334665334663,845,4,0.3690985273719087,False
60,Phase,0.028353189962109383,9.219188725255746,5.272055046915707e-06,0.000999000999000999,845,4,0.0013468313063454763,True
61,Phase,0.1164299525159154,38.115831074962834,4.2301836788421506e-23,0.000999000999000999,845,4,0.0013468313063454763,True
62,Phase,0.005638764781100624,2.5972586458083016,0.051229486883887766,0.061938061938061936,845,4,0.07009473109727996,False
63,Phase,0.059101654661753655,18.692629757018167,9.591199869672259e-12,0.000999000999000999,845,4,0.0013468313063454763,True
64,Phase,0.05216289696807121,16.501133333644628,1.9983931212446803e-10,0.000999000999000999,845,4,0.0013468313063454763,True
65,Phase,0.05356268110092244,16.940645557992053,1.0855578713940611e-10,0.000999000999000999,845,4,0.0013468313063454763,True
66,Phase,0.012602898782719092,4.595125493167441,0.00337199948278555,0.006993006993006993,845,4,0.008697185167773402,True
67,Phase,0.06615201822290868,20.95273195393265,4.257274531455668e-13,0.000999000999000999,845,4,0.0013468313063454763,True
68,Phase,0.1752366458887746,60.84543527461558,1.3212993538743198e-35,0.000999000999000999,845,4,0.0013468313063454763,True
69,Phase,0.0023939085956396107,1.6759023027709061,0.17064999832698313,0.1878121878121878,845,4,0.20421700748231358,False
70,Phase,0.01880062190919339,6.396974990675875,0.0002751625090060083,0.011988011988011988,845,4,0.014582677596376228,True
71,Phase,0.04270415560515245,13.564911080045091,1.1953891414415339e-08,0.000999000999000999,845,4,0.0013468313063454763,True
72,Phase,0.038491059116679854,12.275660430057789,7.255838531822845e-08,0.000999000999000999,845,4,0.0013468313063454763,True
73,Phase,0.007247560814074361,3.056299451289447,0.027678172108506052,0.03196803196803197,845,4,0.0372867062884576,True
74,Phase,0.029461864950901657,9.550334082528513,3.3125902751257156e-06,0.000999000999000999,845,4,0.0013468313063454763,True
75,Phase,0.018184805971055765,6.2169224035214645,0.0003538406527307972,0.001998001998001998,845,4,0.002591371627398891,True
76,Phase,0.0,0.4822009538538249,0.6947374147987245,1.0,845,4,1.0,False
77,Phase,0.04967290945054663,15.72251287762543,5.899598677508188e-10,0.000999000999000999,845,4,0.0013468313063454763,True
78,Phase,0.005559107371662385,2.574568438029274,0.052800963852458326,0.056943056943056944,845,4,0.06449672776203388,False
79,Phase,0.02382384570347712,7.874151941680237,3.478911897138013e-05,0.000999000999000999,845,4,0.0013468313063454763,True
80,Phase,0.029955371712017533,9.697980951429043,2.6927021321302315e-06,0.000999000999000999,845,4,0.0013468313063454763,True
81,Phase,0.6279766389839461,476.45424610986163,8.002300971618519e-181,0.000999000999000999,845,4,0.0013468313063454763,True
82,Phase,0.16930838062576797,58.40821996677364,2.648589836197624e-34,0.000999000999000999,845,4,0.0013468313063454763,True
83,Phase,0.02127399316628614,7.122423129658736,9.974486311923339e-05,0.001998001998001998,845,4,0.002591371627398891,True
84,Phase,0.08150985092926798,25.996030752177173,4.3596039162155824e-16,0.000999000999000999,845,4,0.0013468313063454763,True
85,Phase,0.002537983495310532,1.7166842840634349,0.16200828699128306,0.14485514485514486,845,4,0.15880415880415882,False
86,Phase,0.01916017652698286,6.502206299078392,0.00023753279295505355,0.000999000999000999,845,4,0.0013468313063454763,True
87,Phase,0.14856929158082982,50.14905783266461,8.007414752208711e-30,0.000999000999000999,845,4,0.0013468313063454763,True
88,Phase,0.0038586889347014,2.091074165751217,0.09990087451821332,0.1068931068931069,845,4,0.1181590194038327,False
89,Phase,0.030899223189660995,9.980780334390843,1.8107287449878301e-06,0.000999000999000999,845,4,0.0013468313063454763,True
90,Phase,0.021398990743009147,7.159182685894195,9.474075227191916e-05,0.000999000999000999,845,4,0.0013468313063454763,True
91,Phase,0.05316020631281449,16.814141115819684,1.293924524342805e-10,0.000999000999000999,845,4,0.0013468313063454763,True
92,Phase,0.170106654733225,58.73437597709976,1.7711292265738669e-34,0.000999000999000999,845,4,0.0013468313063454763,True
93,Phase,0.1367434354834193,45.61717320705451,2.557413553391309e-27,0.000999000999000999,845,4,0.0013468313063454763,True
94,Phase,0.00020096370391635353,1.0566161543951949,0.3667662103922051,0.3706293706293706,845,4,0.3943117585290109,False
95,Phase,0.15319080675383484,51.95450574517669,8.221224451521637e-31,0.000999000999000999,845,4,0.0013468313063454763,True
96,Phase,0.05187041358847592,16.409461642668347,2.2698237265389517e-10,0.000999000999000999,845,4,0.0013468313063454763,True
97,Phase,0.24926299008102532,94.5202002989919,1.0127412676228695e-52,0.000999000999000999,845,4,0.0013468313063454763,True
98,Phase,0.03381112441137663,10.85673396767533,5.299228169552466e-07,0.000999000999000999,845,4,0.0013468313063454763,True
99,Phase,0.027910504539538687,9.087175939405558,6.345013883632626e-06,0.000999000999000999,845,4,0.0013468313063454763,True
100,Phase,0.06978936849411119,22.132137310326513,8.439891503062627e-14,0.000999000999000999,845,4,0.0013468313063454763,True
101,Phase,0.17981751671149607,62.75284351030063,1.2832108638489518e-36,0.000999000999000999,845,4,0.0013468313063454763,True
102,Phase,0.2377281358577209,88.84279566092776,6.060812268355979e-50,0.000999000999000999,845,4,0.0013468313063454763,True
103,Phase,0.05360424909778407,16.953717192991217,1.0660430383406289e-10,0.000999000999000999,845,4,0.0013468313063454763,True
104,Phase,0.062466500714005675,19.767042508715374,2.1769169347240956e-12,0.000999000999000999,845,4,0.0013468313063454763,True
105,Phase,0.08052077185913352,25.66615526796287,6.819313993987417e-16,0.000999000999000999,845,4,0.0013468313063454763,True
106,Phase,0.014365158773425842,5.105157628978494,0.001663860874571182,0.001998001998001998,845,4,0.002591371627398891,True
107,Phase,0.0404939768690882,12.88716194565983,3.0833639537248445e-08,0.000999000999000999,845,4,0.0013468313063454763,True
108,Phase,0.13343487179246089,44.371414717111975,1.2647575029749831e-26,0.000999000999000999,845,4,0.0013468313063454763,True
109,Phase,0.25375782096903465,96.78005851365698,8.159023349670102e-54,0.000999000999000999,845,4,0.0013468313063454763,True
110,Phase,0.04741915957380563,15.021273624727531,1.566400341313937e-09,0.000999000999000999,845,4,0.0013468313063454763,True
111,Phase,0.008357123980607997,3.3737610701010943,0.018006464439275525,0.013986013986013986,845,4,0.01687442991790818,True
112,Phase,0.004812223015306951,2.3619970495266367,0.06999435778478734,0.08391608391608392,845,4,0.09361492778578205,False
113,Phase,0.042309838189706885,13.443764763724742,1.4159015777775516e-08,0.000999000999000999,845,4,0.0013468313063454763,True
114,Phase,0.025555886469478234,8.387023283962028,1.6945983836315572e-05,0.000999000999000999,845,4,0.0013468313063454763,True
115,Phase,0.004935723939501231,2.3971247316104587,0.06681893001266137,0.07992007992007992,845,4,0.08938165109449743,False
116,Phase,0.021981194869741053,7.330522333346944,7.452817063378754e-05,0.002997002997002997,845,4,0.0038274285637660515,True
117,Phase,0.07957706259711499,25.352072350673037,1.044475925394394e-15,0.000999000999000999,845,4,0.0013468313063454763,True
118,Phase,0.5438161792587869,336.7744916124919,1.361595260251955e-143,0.000999000999000999,845,4,0.0013468313063454763,True
119,Phase,0.000951279443610732,1.2681988419955468,0.2840872513736339,0.23076923076923078,845,4,0.24970318065362748,False
120,Phase,0.01775042979971607,6.090055058580719,0.0004223941528673246,0.001998001998001998,845,4,0.002591371627398891,True
121,Phase,0.13514719722327678,45.014958879714094,5.5344429112082496e-27,0.000999000999000999,845,4,0.0013468313063454763,True
122,Phase,0.01837753438141637,6.273248149942926,0.00032707626223360434,0.001998001998001998,845,4,0.002591371627398891,True
123,Phase,0.08790898319303894,28.147543183488928,2.3802648470372164e-17,0.000999000999000999,845,4,0.0013468313063454763,True
124,Phase,0.013864638790327814,4.960112116675914,0.0020346445696564235,0.002997002997002997,845,4,0.0038274285637660515,True
125,Phase,0.02093874900076351,7.023880149679885,0.00011450004267070398,0.001998001998001998,845,4,0.002591371627398891,True
126,Phase,0.04215122763155513,13.395062900723886,1.5156345642108213e-08,0.000999000999000999,845,4,0.0013468313063454763,True
127,Phase,0.12154973426718052,39.973758470771386,3.740164715423094e-24,0.000999000999000999,845,4,0.0013468313063454763,True
128,Phase,0.014615770933489819,5.177837799879953,0.0015041849530270433,0.002997002997002997,845,4,0.0038274285637660515,True
129,Phase,0.010147597755015576,3.887541645448252,0.008930708895000705,0.01898101898101898,845,4,0.02263448279562872,True
130,Phase,0.07391354863433265,23.480604088998387,1.3350412815179706e-14,0.000999000999000999,845,4,0.0013468313063454763,True
131,Phase,0.017534608495675143,6.027062295517093,0.0004612011526329929,0.000999000999000999,845,4,0.0013468313063454763,True
132,Phase,0.09112250535131218,29.239418944508525,5.4788219590310625e-18,0.000999000999000999,845,4,0.0013468313063454763,True
133,Phase,0.06723995713408776,21.304530342634585,2.625858173976886e-13,0.000999000999000999,845,4,0.0013468313063454763,True
134,Phase,0.06032509967264951,19.082391830632417,5.598106229764321e-12,0.000999000999000999,845,4,0.0013468313063454763,True
135,Phase,0.053755018077611766,17.00113823353326,9.981507939574296e-11,0.000999000999000999,845,4,0.0013468313063454763,True
136,Phase,0.003043645134917023,1.8599106425118392,0.13482509237088652,0.12487512487512488,845,4,0.13757954204604328,False
137,Phase,0.019081863781284448,6.479279836521834,0.00024526738767835504,0.000999000999000999,845,4,0.0013468313063454763,True
138,Phase,0.01682482763343504,5.820090305315393,0.0006155095256479583,0.002997002997002997,845,4,0.0038274285637660515,True
139,Phase,0.02532506637900763,8.318570308961023,1.865386126069215e-05,0.000999000999000999,845,4,0.0013468313063454763,True
140,Phase,0.006010699267834193,2.703251358801919,0.04447295579752981,0.03796203796203796,845,4,0.043855537350767186,True
141,Phase,0.08925517609641816,28.60400858065813,1.2873310987117496e-17,0.000999000999000999,845,4,0.0013468313063454763,True
142,Phase,0.0,0.6009269149385317,0.6145169489204397,1.0,845,4,1.0,False
143,Phase,0.0122765852044907,4.500883730000582,0.0038407745988705264,0.003996003996003996,845,4,0.0050643932661059215,True
144,Phase,0.02139740358967759,7.158715873566715,9.48027012312454e-05,0.005994005994005994,845,4,0.0074756703970187115,True
145,Phase,0.1728910310476258,59.87693428524773,4.338237254144639e-35,0.000999000999000999,845,4,0.0013468313063454763,True
146,Phase,0.08782676465874059,28.11970828248475,2.4712345200781403e-17,0.000999000999000999,845,4,0.0013468313063454763,True
147,Phase,0.185147284344728,64.99907298808994,8.369401435897685e-38,0.000999000999000999,845,4,0.0013468313063454763,True
0,Culture,0.0340199425875,9.757557320681318,2.552793135955263e-06,0.000999000999000999,746,4,0.0013468313063454763,True
1,Culture,0.08198855751092168,23.208678843664572,2.2864660498959518e-14,0.000999000999000999,746,4,0.0013468313063454763,True
2,Culture,0.04119406604425841,11.683695966930781,1.7363322847958633e-07,0.000999000999000999,746,4,0.0013468313063454763,True
3,Culture,0.18299736441273745,56.69791654905913,5.255709668371318e-33,0.000999000999000999,746,4,0.0013468313063454763,True
4,Culture,0.2025013914863757,64.14160987707668,6.991336693814431e-37,0.000999000999000999,746,4,0.0013468313063454763,True
5,Culture,0.3610068314013469,141.48720678084803,1.6982119095258905e-72,0.000999000999000999,746,4,0.0013468313063454763,True
6,Culture,0.1669672733310096,50.84101341091997,6.849451664449237e-30,0.000999000999000999,746,4,0.0013468313063454763,True
7,Culture,0.022610238809375332,6.752477609767084,0.00016980162559684277,0.000999000999000999,746,4,0.0013468313063454763,True
8,Culture,0.012849067689346984,4.236723714179491,0.005557978059559331,0.008991008991008992,746,4,0.011047992597808098,True
9,Culture,0.28551409795408084,100.36912515877533,1.5452260652926624e-54,0.000999000999000999,746,4,0.0013468313063454763,True
10,Culture,0.07326129774383439,20.657798537260003,7.29586239318768e-13,0.000999000999000999,746,4,0.0013468313063454763,True
11,Culture,0.3237674714078962,120.05694341222636,2.1948770035108766e-63,0.000999000999000999,746,4,0.0013468313063454763,True
12,Culture,0.026161622356583026,7.680290667683795,4.650974702982938e-05,0.000999000999000999,746,4,0.0013468313063454763,True
13,Culture,0.17582505929253037,54.04921231069199,1.32468516171108e-31,0.000999000999000999,746,4,0.0013468313063454763,True
14,Culture,0.5402663003972434,293.22617386586944,1.691114041601167e-125,0.000999000999000999,746,4,0.0013468313063454763,True
15,Culture,0.022326690463641573,6.678690050283854,0.00018820176110416841,0.001998001998001998,746,4,0.002591371627398891,True
16,Culture,0.3084845886347564,111.93004308088554,8.615720692763314e-60,0.000999000999000999,746,4,0.0013468313063454763,True
17,Culture,0.05448846607373501,15.33030137038189,1.097153265634965e-09,0.000999000999000999,746,4,0.0013468313063454763,True
18,Culture,0.0,0.13864944561256815,0.9368944208412996,1.0,746,4,1.0,False
19,Culture,0.04072486561584889,11.55684257847725,2.072159845439088e-07,0.000999000999000999,746,4,0.0013468313063454763,True
20,Culture,0.04388340162670387,12.413188750276806,6.285696357186873e-08,0.000999000999000999,746,4,0.0013468313063454763,True
21,Culture,0.06673036756137685,18.78009000846851,9.494604728085995e-12,0.000999000999000999,746,4,0.0013468313063454763,True
22,Culture,0.1120750399199982,32.38702913693127,1.1143565393387375e-19,0.000999000999000999,746,4,0.0013468313063454763,True
23,Culture,0.12849056833913278,37.66204881581935,1.161257881411964e-22,0.000999000999000999,746,4,0.0013468313063454763,True
24,Culture,0.21323314055410383,68.39477349337963,4.679295571100141e-39,0.000999000999000999,746,4,0.0013468313063454763,True
25,Culture,0.026060772699248554,7.6538499489749485,4.825942111933963e-05,0.000999000999000999,746,4,0.0013468313063454763,True
26,Culture,0.1986587409925727,62.64640391536595,4.1291008890536775e-36,0.000999000999000999,746,4,0.0013468313063454763,True
27,Culture,0.2802289132787614,97.81354399227193,2.363987461392296e-53,0.000999000999000999,746,4,0.0013468313063454763,True
28,Culture,0.08907795592768984,25.316810113622104,1.3341792986751375e-15,0.000999000999000999,746,4,0.0013468313063454763,True
29,Culture,0.10624501695231965,30.560220325023217,1.2354333230931732e-18,0.000999000999000999,746,4,0.0013468313063454763,True
30,Culture,0.13441741246881508,39.61576050866949,9.40747385332988e-24,0.000999000999000999,746,4,0.0013468313063454763,True
31,Culture,0.19942357859410015,62.9428641885898,2.901616617020989e-36,0.000999000999000999,746,4,0.0013468313063454763,True
32,Culture,0.08381297021996277,23.74807572099604,1.1032240304732909e-14,0.000999000999000999,746,4,0.0013468313063454763,True
33,Culture,0.27979981050406827,97.6077032841501,2.947410542976286e-53,0.000999000999000999,746,4,0.0013468313063454763,True
34,Culture,0.22617504509609268,73.68077126591567,1.0170887097982164e-41,0.000999000999000999,746,4,0.0013468313063454763,True
35,Culture,0.057928606449983724,16.290681331783627,2.91141203841598e-10,0.000999000999000999,746,4,0.0013468313063454763,True
36,Culture,0.46994183386955596,221.4642373659888,1.4050369806136864e-102,0.000999000999000999,746,4,0.0013468313063454763,True
37,Culture,0.047984569000196854,13.533581322504935,1.3237068855993798e-08,0.000999000999000999,746,4,0.0013468313063454763,True
38,Culture,0.07124562038237366,20.075453450219563,1.6144891566675712e-12,0.000999000999000999,746,4,0.0013468313063454763,True
39,Culture,0.6792959169538616,527.7106353768872,1.6679365688826706e-183,0.000999000999000999,746,4,0.0013468313063454763,True
40,Culture,0.009248771271262524,3.321330578351441,0.019397011049562096,0.022977022977022976,746,4,0.027204795204795202,True
41,Culture,0.035410807943640446,10.128743767641241,1.520036268076711e-06,0.000999000999000999,746,4,0.0013468313063454763,True
42,Culture,0.34865829185688824,134.1093866058654,2.038214233594181e-69,0.000999000999000999,746,4,0.0013468313063454763,True
43,Culture,0.009487590810812841,3.38184555764764,0.017868871870104015,0.02097902097902098,746,4,0.024905575707714747,True
44,Culture,0.2967763508663506,105.94298080895022,4.313125271991466e-57,0.000999000999000999,746,4,0.0013468313063454763,True
45,Culture,0.02193851545304121,6.577744953171184,0.00021663905868188248,0.001998001998001998,746,4,0.002591371627398891,True
46,Culture,0.14032669332207684,41.59050199848731,7.5396179618745635e-25,0.000999000999000999,746,4,0.0013468313063454763,True
47,Culture,0.07265838921926429,20.483348145364012,9.254470758965412e-13,0.000999000999000999,746,4,0.0013468313063454763,True
48,Culture,0.05509306316997583,15.498579533021669,8.693815395925612e-10,0.000999000999000999,746,4,0.0013468313063454763,True
49,Culture,0.12921147623317072,37.8982665860045,8.56232794322064e-23,0.000999000999000999,746,4,0.0013468313063454763,True
50,Culture,0.16349172562484313,49.60076544858908,3.1831202577730296e-29,0.000999000999000999,746,4,0.0013468313063454763,True
51,Culture,0.08082439057832033,22.865606076211034,3.6370151023232135e-14,0.000999000999000999,746,4,0.0013468313063454763,True
52,Culture,0.26632948769225645,91.26840363415738,2.8031513473252023e-50,0.000999000999000999,746,4,0.0013468313063454763,True
53,Culture,0.13243291545582794,38.958622716365284,2.1867932525838423e-23,0.000999000999000999,746,4,0.0013468313063454763,True
54,Culture,0.27406813575680367,94.88155158231241,5.53998849056337e-52,0.000999000999000999,746,4,0.0013468313063454763,True
55,Culture,0.25105234745643396,84.35475809132309,5.741827084166347e-47,0.000999000999000999,746,4,0.0013468313063454763,True
56,Culture,0.08308923694784538,23.53384344504887,1.473346174865087e-14,0.000999000999000999,746,4,0.0013468313063454763,True
57,Culture,0.03720594719029208,10.609405917066416,7.769646002339628e-07,0.000999000999000999,746,4,0.0013468313063454763,True
58,Culture,0.17143485427716207,52.450551575395096,9.41388026537129e-31,0.000999000999000999,746,4,0.0013468313063454763,True
59,Culture,0.0023706013959800044,1.5908903125334573,0.19019113890788153,0.1848151848151848,746,4,0.20128685705137053,False
60,Culture,0.1976441723771878,62.25401703224325,6.589720967402034e-36,0.000999000999000999,746,4,0.0013468313063454763,True
61,Culture,0.20864560861861225,66.562545143979,4.0119599005062134e-38,0.000999000999000999,746,4,0.0013468313063454763,True
62,Culture,0.002555074125154981,1.63698932071991,0.17941400108081684,0.17482517482517482,746,4,0.19056230185526418,False
63,Culture,0.10147199033296835,29.08226490956244,8.742869742907147e-18,0.000999000999000999,746,4,0.0013468313063454763,True
64,Culture,0.011448118074053808,3.87973288314941,0.00906711088471653,0.01098901098901099,746,4,0.013416464378884179,True
65,Culture,0.07415729280664084,20.91747266352893,5.122108608740622e-13,0.000999000999000999,746,4,0.0013468313063454763,True
66,Culture,0.04521227314776812,12.775167338130576,3.7984295089487505e-08,0.000999000999000999,746,4,0.0013468313063454763,True
67,Culture,0.3446779476104091,131.79052657125231,1.946670078301834e-68,0.000999000999000999,746,4,0.0013468313063454763,True
68,Culture,0.19168714598513292,59.96999336112626,1.012887059370605e-34,0.000999000999000999,746,4,0.0013468313063454763,True
69,Culture,3.3043727487757643e-06,1.0008216900720326,0.39186821648774384,0.3936063936063936,746,4,0.4177559492300528,False
70,Culture,0.0028867461321632182,1.719915752211099,0.1614580365563071,0.15884115884115885,746,4,0.17342329801346196,False
71,Culture,0.14874943598778967,44.45257199159963,2.00084597173908e-26,0.000999000999000999,746,4,0.0013468313063454763,True
72,Culture,0.2280846678539628,74.47574495681681,4.07954635058181e-42,0.000999000999000999,746,4,0.0013468313063454763,True
73,Culture,0.06842641848446226,19.265190999500042,4.886401915074436e-12,0.000999000999000999,746,4,0.0013468313063454763,True
74,Culture,0.14231675790622703,42.26165938949198,3.2093688552895864e-25,0.000999000999000999,746,4,0.0013468313063454763,True
75,Culture,0.08737956379240397,24.80878621712328,2.6413613006856548e-15,0.000999000999000999,746,4,0.0013468313063454763,True
76,Culture,0.06578140040776945,18.509436844016115,1.3759661892792481e-11,0.000999000999000999,746,4,0.0013468313063454763,True
77,Culture,0.04620071218717652,13.045067808297398,2.609750767812551e-08,0.000999000999000999,746,4,0.0013468313063454763,True
78,Culture,0.055053322203826076,15.487511775034093,8.827865037784314e-10,0.000999000999000999,746,4,0.0013468313063454763,True
79,Culture,0.014295087665821372,4.606263654656968,0.003341893251416826,0.007992007992007992,746,4,0.009875097073612844,True
80,Culture,0.06580296683309081,18.5155816580702,1.3644201548178629e-11,0.000999000999000999,746,4,0.0013468313063454763,True
81,Culture,0.036088738958683225,10.310054549383011,1.1800429890157871e-06,0.000999000999000999,746,4,0.0013468313063454763,True
82,Culture,0.333050623259798,125.17522409580157,1.3129059561607232e-65,0.000999000999000999,746,4,0.0013468313063454763,True
83,Culture,0.8157698488330789,1102.0942985803474,8.243436543755793e-273,0.000999000999000999,746,4,0.0013468313063454763,True
84,Culture,0.10288048892166303,29.51676719686566,4.913478242085266e-18,0.000999000999000999,746,4,0.0013468313063454763,True
85,Culture,0.08052714641174802,22.778149290914374,4.0941768944809824e-14,0.000999000999000999,746,4,0.0013468313063454763,True
86,Culture,0.1752247298413292,53.82960227314771,1.7331929103865758e-31,0.000999000999000999,746,4,0.0013468313063454763,True
87,Culture,0.20548913375888722,65.31415868456648,1.7467383724994135e-37,0.000999000999000999,746,4,0.0013468313063454763,True
88,Culture,0.16392521468959179,49.75489302592061,2.62901927291386e-29,0.000999000999000999,746,4,0.0013468313063454763,True
89,Culture,0.07508952454937141,21.188182820807224,3.543392601495722e-13,0.000999000999000999,746,4,0.0013468313063454763,True
90,Culture,0.36259937684684784,142.45950772666777,6.737846897491204e-73,0.000999000999000999,746,4,0.0013468313063454763,True
91,Culture,0.12532125554027107,36.62818814915826,4.419151648209072e-22,0.000999000999000999,746,4,0.0013468313063454763,True
92,Culture,0.04570556823025365,12.909795259777173,3.149816735102703e-08,0.000999000999000999,746,4,0.0013468313063454763,True
93,Culture,0.18876237301885979,58.86086410385527,3.8452131712005946e-34,0.000999000999000999,746,4,0.0013468313063454763,True
94,Culture,0.004673741825510074,2.1676611473525766,0.09049399481403379,0.1028971028971029,746,4,0.11393095682372491,False
95,Culture,0.09199794528089841,26.19468130527585,4.109485242981598e-16,0.000999000999000999,746,4,0.0013468313063454763,True
96,Culture,0.025064425897005287,7.392922163555746,6.947444207531076e-05,0.000999000999000999,746,4,0.0013468313063454763,True
97,Culture,0.3140672897480808,114.85674554287797,4.283961036034404e-61,0.000999000999000999,746,4,0.0013468313063454763,True
98,Culture,0.12725837066873544,37.259201779882275,1.9536793460771167e-22,0.000999000999000999,746,4,0.0013468313063454763,True
99,Culture,0.040354019714938134,11.456668162288159,2.3827276674265083e-07,0.000999000999000999,746,4,0.0013468313063454763,True
100,Culture,0.09272908503217996,26.415377146549375,3.0580177780747967e-16,0.000999000999000999,746,4,0.0013468313063454763,True
101,Culture,0.1529775782958325,45.910764455359065,3.1903262898116086e-27,0.000999000999000999,746,4,0.0013468313063454763,True
102,Culture,0.181281086647229,56.05987807423973,1.1406340046484887e-32,0.000999000999000999,746,4,0.0013468313063454763,True
103,Culture,0.2572874423654492,87.14208822855117,2.6055620832736978e-48,0.000999000999000999,746,4,0.0013468313063454763,True
104,Culture,0.30299752643618916,109.09916429978708,1.6073385470131675e-58,0.000999000999000999,746,4,0.0013468313063454763,True
105,Culture,0.16803152315220482,51.22286290881397,4.273419351818562e-30,0.000999000999000999,746,4,0.0013468313063454763,True
106,Culture,0.03655067614127951,10.433744542019767,9.928815782858354e-07,0.000999000999000999,746,4,0.0013468313063454763,True
107,Culture,0.08926220802415312,25.372037620748483,1.2387906681585131e-15,0.000999000999000999,746,4,0.0013468313063454763,True
108,Culture,0.3537121446752227,137.09480551310202,1.1380686536760842e-70,0.000999000999000999,746,4,0.0013468313063454763,True
109,Culture,0.04073754706480495,11.560269513087942,2.0622844354738295e-07,0.000999000999000999,746,4,0.0013468313063454763,True
110,Culture,0.5366437139469343,288.9973954200798,3.105624153571567e-124,0.000999000999000999,746,4,0.0013468313063454763,True
111,Culture,0.13873160957153774,41.054792787987665,1.4928150939260985e-24,0.000999000999000999,746,4,0.0013468313063454763,True
112,Culture,0.04225753501449034,11.97167637206339,1.1624210556012583e-07,0.000999000999000999,746,4,0.0013468313063454763,True
113,Culture,0.21238329362126523,68.05373978582467,6.973831713529201e-39,0.000999000999000999,746,4,0.0013468313063454763,True
114,Culture,0.013692315521786425,4.452089559204991,0.0041329769756774225,0.005994005994005994,746,4,0.0074756703970187115,True
115,Culture,0.11377318236583106,32.92365368777258,5.511857570598772e-20,0.000999000999000999,746,4,0.0013468313063454763,True
116,Culture,0.0020570777009124345,1.512581074057579,0.20989726308235027,0.1938061938061938,746,4,0.21039107591674824,False
117,Culture,0.17611890972411715,54.15682412785896,1.1612917996345163e-31,0.000999000999000999,746,4,0.0013468313063454763,True
118,Culture,0.0810531759156036,22.932959067312723,3.320117088497827e-14,0.000999000999000999,746,4,0.0013468313063454763,True
119,Culture,0.022987717064518128,6.850774935536461,0.00014804906295097845,0.000999000999000999,746,4,0.0013468313063454763,True
120,Culture,0.005523844669790669,2.3812257175388845,0.0683427444533746,0.06593406593406594,746,4,0.07449039510108213,False
121,Culture,0.0932480936991928,26.572256834613107,2.4789077225182947e-16,0.000999000999000999,746,4,0.0013468313063454763,True
122,Culture,0.03999303508221203,11.359231846436007,2.7294596077102273e-07,0.000999000999000999,746,4,0.0013468313063454763,True
123,Culture,0.057362925923487414,16.132279402032864,3.6227355834174345e-10,0.000999000999000999,746,4,0.0013468313063454763,True
124,Culture,0.23745574486721385,78.434625150639,4.4572704389757214e-44,0.000999000999000999,746,4,0.0013468313063454763,True
125,Culture,0.015038776589453863,4.796740781627153,0.002569320455548659,0.004995004995004995,746,4,0.00627082625197611,True
126,Culture,0.04087510616252781,11.597448220131689,1.9581278266533928e-07,0.000999000999000999,746,4,0.0013468313063454763,True
127,Culture,0.13258003431211757,39.00723582930451,2.0543778333319745e-23,0.000999000999000999,746,4,0.0013468313063454763,True
128,Culture,0.04725564822455781,13.333743572738614,1.7472426834531336e-08,0.000999000999000999,746,4,0.0013468313063454763,True
129,Culture,0.030032250720692877,8.699245345797411,1.1200647343660797e-05,0.000999000999000999,746,4,0.0013468313063454763,True
130,Culture,0.5537098435287363,309.5194219372798,2.809992056286298e-130,0.000999000999000999,746,4,0.0013468313063454763,True
131,Culture,0.0774534371940386,21.87709046396237,1.3891968548991557e-13,0.000999000999000999,746,4,0.0013468313063454763,True
132,Culture,0.07890342738748547,22.30140623731902,7.811214387246683e-14,0.000999000999000999,746,4,0.0013468313063454763,True
133,Culture,0.05721662136324554,16.091342120286704,3.833340455783531e-10,0.000999000999000999,746,4,0.0013468313063454763,True
134,Culture,0.23750236449657622,78.45456320769154,4.357621054350666e-44,0.000999000999000999,746,4,0.0013468313063454763,True
135,Culture,0.06766987192225718,19.048587059352013,6.572837557609418e-12,0.000999000999000999,746,4,0.0013468313063454763,True
136,Culture,0.022596006765102847,6.748772995758783,0.00017068107074519546,0.000999000999000999,746,4,0.0013468313063454763,True
137,Culture,0.11554487966752605,33.485718513929974,2.6402966584844353e-20,0.000999000999000999,746,4,0.0013468313063454763,True
138,Culture,0.08424238301531763,23.87534625750871,9.29101092457646e-15,0.000999000999000999,746,4,0.0013468313063454763,True
139,Culture,0.16510870830762675,50.176500630724654,1.5588381543922735e-29,0.000999000999000999,746,4,0.0013468313063454763,True
140,Culture,0.06531432732646994,18.376425612037533,1.6513541989966618e-11,0.000999000999000999,746,4,0.0013468313063454763,True
141,Culture,0.2526639232531975,85.07073810191773,2.5880821838011415e-47,0.000999000999000999,746,4,0.0013468313063454763,True
142,Culture,0.01754126231180323,5.439807048248864,0.0010547502984576726,0.002997002997002997,746,4,0.0038274285637660515,True
143,Culture,0.12323964554913983,35.95321350277101,1.0600678520877373e-21,0.000999000999000999,746,4,0.0013468313063454763,True
144,Culture,0.040040217341753614,11.371963033088218,2.681432378052521e-07,0.000999000999000999,746,4,0.0013468313063454763,True
145,Culture,0.1321464533571002,38.864013110559426,2.4695327571879946e-23,0.000999000999000999,746,4,0.0013468313063454763,True
146,Culture,0.03271877360169639,9.411274970413752,4.141181340302182e-06,0.000999000999000999,746,4,0.0013468313063454763,True
147,Culture,0.08309776930843936,23.536367138926018,1.468331910719632e-14,0.000999000999000999,746,4,0.0013468313063454763,True
0,Producer,0.012172057740265778,8.115979457842895,0.0003161376338108238,0.000999000999000999,1155,3,0.0013468313063454763,True
1,Producer,0.015556619354992791,10.125916080234148,4.370971008030602e-05,0.000999000999000999,1155,3,0.0013468313063454763,True
2,Producer,0.037299700302260284,23.375163829613882,1.1191140696449579e-10,0.000999000999000999,1155,3,0.0013468313063454763,True
3,Producer,0.2515205858379452,195.06430634305235,1.0943724428827076e-73,0.000999000999000999,1155,3,0.0013468313063454763,True
4,Producer,0.06253465276398791,39.52277001777132,2.5045826526096572e-17,0.000999000999000999,1155,3,0.0013468313063454763,True
5,Producer,0.02394757808405015,15.169040548449015,3.143558892925364e-07,0.000999000999000999,1155,3,0.0013468313063454763,True
6,Producer,0.11829247507364325,78.47909870762959,1.1152706194177984e-32,0.000999000999000999,1155,3,0.0013468313063454763,True
7,Producer,0.05081994922918667,31.91986673763514,3.220036116161511e-14,0.000999000999000999,1155,3,0.0013468313063454763,True
8,Producer,0.03541419257121003,22.202568037352783,3.4573643602866586e-10,0.000999000999000999,1155,3,0.0013468313063454763,True
9,Producer,0.3480439085528502,309.29584971454256,3.0228443398073977e-108,0.000999000999000999,1155,3,0.0013468313063454763,True
10,Producer,0.0729171867702084,46.42169778025843,4.078960567124193e-20,0.000999000999000999,1155,3,0.0013468313063454763,True
11,Producer,0.07827065342500276,50.03966931388276,1.447714459716806e-21,0.000999000999000999,1155,3,0.0013468313063454763,True
12,Producer,0.1124105183334767,74.13862509467279,5.151249753680762e-31,0.000999000999000999,1155,3,0.0013468313063454763,True
13,Producer,0.0,0.39920761191897614,0.6709441787254242,1.0,1155,3,1.0,False
14,Producer,0.5243729093066111,637.6865156547256,3.6140236032111196e-187,0.000999000999000999,1155,3,0.0013468313063454763,True
15,Producer,0.03026340989532311,19.022542815119056,7.449048129468368e-09,0.000999000999000999,1155,3,0.0013468313063454763,True
16,Producer,0.11733441688774898,77.76817477549446,2.0857189956630703e-32,0.000999000999000999,1155,3,0.0013468313063454763,True
17,Producer,0.039174514000911306,24.54567209674092,3.637730610265331e-11,0.000999000999000999,1155,3,0.0013468313063454763,True
18,Producer,0.000603656941249683,1.3488224526665078,0.25995528559727576,0.2727272727272727,1155,3,0.29272580763314043,False
19,Producer,0.04515677892143794,28.311331589780195,9.934944123054754e-13,0.000999000999000999,1155,3,0.0013468313063454763,True
20,Producer,0.02902096233561535,18.2605227288241,1.5583578945662043e-08,0.000999000999000999,1155,3,0.0013468313063454763,True
21,Producer,0.1699459525283925,119.23782786687,8.600337402751072e-48,0.000999000999000999,1155,3,0.0013468313063454763,True
22,Producer,0.04165884463206756,26.10377712598863,8.17809042572241e-12,0.000999000999000999,1155,3,0.0013468313063454763,True
23,Producer,0.0,0.9764366634540678,0.37696234821056773,1.0,1155,3,1.0,False
24,Producer,0.12450007761620359,83.12313100793058,1.8993981041088039e-34,0.000999000999000999,1155,3,0.0013468313063454763,True
25,Producer,0.05359994928515363,33.70706789247918,5.936387645285984e-15,0.000999000999000999,1155,3,0.0013468313063454763,True
26,Producer,0.06055195923382607,38.222661541787375,8.46582277782521e-17,0.000999000999000999,1155,3,0.0013468313063454763,True
27,Producer,0.14934148574138617,102.3858164822068,1.1823257222671417e-41,0.000999000999000999,1155,3,0.0013468313063454763,True
28,Producer,0.0415911829400622,26.061234538270952,8.51780178672508e-12,0.000999000999000999,1155,3,0.0013468313063454763,True
29,Producer,0.11286881265879498,74.47474673481875,3.824869443463592e-31,0.000999000999000999,1155,3,0.0013468313063454763,True
30,Producer,0.1273753166213498,85.29654437921808,2.851730985920858e-35,0.000999000999000999,1155,3,0.0013468313063454763,True
31,Producer,0.26441385749752105,208.58819923569155,4.894292567343709e-78,0.000999000999000999,1155,3,0.0013468313063454763,True
32,Producer,0.15537873350561193,107.23840786287741,1.948595912073608e-43,0.000999000999000999,1155,3,0.0013468313063454763,True
33,Producer,0.28657627032591687,232.97685923458445,1.0768557705481502e-85,0.000999000999000999,1155,3,0.0013468313063454763,True
34,Producer,0.02194889710756525,13.959944569494517,1.022293011482813e-06,0.000999000999000999,1155,3,0.0013468313063454763,True
35,Producer,0.015338283573880066,9.995839501169792,4.967063122988779e-05,0.000999000999000999,1155,3,0.0013468313063454763,True
36,Producer,0.024545631365915452,15.53179417676439,2.2078481880546264e-07,0.000999000999000999,1155,3,0.0013468313063454763,True
37,Producer,0.1675340386071844,117.22205805721245,4.579978146084607e-47,0.000999000999000999,1155,3,0.0013468313063454763,True
38,Producer,0.07722951315683772,49.332759319874285,2.7753028752676182e-21,0.000999000999000999,1155,3,0.0013468313063454763,True
39,Producer,0.23515344526716317,178.55341094426774,2.8439249547364996e-68,0.000999000999000999,1155,3,0.0013468313063454763,True
40,Producer,0.0316323029252917,19.864378680267592,3.2993957703786924e-09,0.000999000999000999,1155,3,0.0013468313063454763,True
41,Producer,0.05552684487787193,34.95200037509223,1.8334369239741856e-15,0.000999000999000999,1155,3,0.0013468313063454763,True
42,Producer,0.022358460478392662,14.207305954481068,8.029928910981686e-07,0.000999000999000999,1155,3,0.0013468313063454763,True
43,Producer,0.015239357819080484,9.936922094112404,5.263225531694034e-05,0.001998001998001998,1155,3,0.002591371627398891,True
44,Producer,0.08275189537495817,53.100646856690865,8.720764746128281e-23,0.000999000999000999,1155,3,0.0013468313063454763,True
45,Producer,0.007961364364273827,5.63458554456582,0.003671318353935481,0.003996003996003996,1155,3,0.0050643932661059215,True
46,Producer,0.01923809596392155,12.327928188731931,5.041254177848356e-06,0.000999000999000999,1155,3,0.0013468313063454763,True
47,Producer,0.0,0.7939684203307638,0.45229452257736114,1.0,1155,3,1.0,False
48,Producer,0.0,0.26665544175116995,0.7659841988437921,1.0,1155,3,1.0,False
49,Producer,0.13183457342965013,88.69580522964256,1.4877780443787342e-36,0.000999000999000999,1155,3,0.0013468313063454763,True
50,Producer,0.05280085435638335,33.192272903806206,9.656596734060911e-15,0.000999000999000999,1155,3,0.0013468313063454763,True
51,Producer,0.03528958777679677,22.125237877483293,3.7246443889016754e-10,0.000999000999000999,1155,3,0.0013468313063454763,True
52,Producer,0.10137091781962593,66.14557140616043,6.404116090954495e-28,0.000999000999000999,1155,3,0.0013468313063454763,True
53,Producer,0.05317878481305771,33.43563593310194,7.672051177272929e-15,0.000999000999000999,1155,3,0.0013468313063454763,True
54,Producer,0.04234258000668189,26.534016072291703,5.419585924893876e-12,0.000999000999000999,1155,3,0.0013468313063454763,True
55,Producer,0.19048110275968944,136.88668185353757,4.608310172044064e-54,0.000999000999000999,1155,3,0.0013468313063454763,True
56,Producer,0.36241866326144073,329.2667888368638,7.943937828481111e-114,0.000999000999000999,1155,3,0.0013468313063454763,True
57,Producer,0.0,0.8435289548381223,0.4304552540539165,1.0,1155,3,1.0,False
58,Producer,0.02054801333652847,13.115425629252798,2.333045182639175e-06,0.000999000999000999,1155,3,0.0013468313063454763,True
59,Producer,0.010080865793379848,6.880985420433071,0.0010698795731358892,0.002997002997002997,1155,3,0.0038274285637660515,True
60,Producer,0.02407529395534965,15.246470217527532,2.915139379313892e-07,0.000999000999000999,1155,3,0.0013468313063454763,True
61,Producer,0.03046748016632217,19.147890283318652,6.597949088851498e-09,0.000999000999000999,1155,3,0.0013468313063454763,True
62,Producer,0.0471949253396271,29.60508419662827,2.8986197385421154e-13,0.000999000999000999,1155,3,0.0013468313063454763,True
63,Producer,0.014813918386736423,9.683677152981318,6.751387399973252e-05,0.000999000999000999,1155,3,0.0013468313063454763,True
64,Producer,0.0,0.4534536985386408,0.6355431430165203,1.0,1155,3,1.0,False
65,Producer,0.011830249890011217,7.913760829777517,0.00038591652990786985,0.000999000999000999,1155,3,0.0013468313063454763,True
66,Producer,0.011282422307798254,7.589949475725684,0.0005311967366224469,0.002997002997002997,1155,3,0.0038274285637660515,True
67,Producer,0.14670086696794457,100.28493701024934,7.057240854665888e-41,0.000999000999000999,1155,3,0.0013468313063454763,True
68,Producer,0.19849492250269357,144.0194529811831,1.4896146702832693e-56,0.000999000999000999,1155,3,0.0013468313063454763,True
69,Producer,0.018139708055392292,11.669217899872093,9.61114873382951e-06,0.000999000999000999,1155,3,0.0013468313063454763,True
70,Producer,0.011024548884336108,7.437649158552772,0.0006173719198464423,0.001998001998001998,1155,3,0.002591371627398891,True
71,Producer,0.14235090216777838,96.85230860695658,1.3230500363546718e-39,0.000999000999000999,1155,3,0.0013468313063454763,True
72,Producer,0.24772320211500212,191.16956208621977,2.0226699045426995e-72,0.000999000999000999,1155,3,0.0013468313063454763,True
73,Producer,0.09738966123065106,63.3109740105393,8.187412677933211e-27,0.000999000999000999,1155,3,0.0013468313063454763,True
74,Producer,0.2116486876578883,156.0414329359155,1.0735168724664752e-60,0.000999000999000999,1155,3,0.0013468313063454763,True
75,Producer,0.025280178698359884,15.977948410659113,1.430097349684295e-07,0.000999000999000999,1155,3,0.0013468313063454763,True
76,Producer,0.06265033754024646,39.598797629636735,2.3325932606058223e-17,0.000999000999000999,1155,3,0.0013468313063454763,True
77,Producer,0.07179834748169285,45.67083802122388,8.175325203973308e-20,0.000999000999000999,1155,3,0.0013468313063454763,True
78,Producer,0.007144617638061884,5.155707627998363,0.005900192299008616,0.006993006993006993,1155,3,0.008697185167773402,True
79,Producer,0.025261587440117705,15.96664803468155,1.445908716682554e-07,0.000999000999000999,1155,3,0.0013468313063454763,True
80,Producer,0.09534445633585441,61.864517903620495,3.0183275473889507e-26,0.000999000999000999,1155,3,0.0013468313063454763,True
81,Producer,0.05745818566518357,36.204912627734444,5.633622468076453e-16,0.000999000999000999,1155,3,0.0013468313063454763,True
82,Producer,0.020853916542394532,13.299632308904881,1.9485720250321863e-06,0.000999000999000999,1155,3,0.0013468313063454763,True
83,Producer,0.07992375683539711,51.16537478860266,5.143706780892145e-22,0.000999000999000999,1155,3,0.0013468313063454763,True
84,Producer,0.00796879246106245,5.6389444316780075,0.003655504734242398,0.002997002997002997,1155,3,0.0038274285637660515,True
85,Producer,0.3384976148521268,296.5127252238173,1.3146529440567109e-104,0.000999000999000999,1155,3,0.0013468313063454763,True
86,Producer,0.14560259998066172,99.41497819039357,1.4812708810654108e-40,0.000999000999000999,1155,3,0.0013468313063454763,True
87,Producer,0.140108182744415,95.09611059346794,5.96143317988855e-39,0.000999000999000999,1155,3,0.0013468313063454763,True
88,Producer,0.0684257574173467,43.41838503280827,6.61475424072243e-19,0.000999000999000999,1155,3,0.0013468313063454763,True
89,Producer,0.02499055740722148,15.801956034694607,1.6972515074766477e-07,0.000999000999000999,1155,3,0.0013468313063454763,True
90,Producer,0.041606601544287705,26.070928525324653,8.439170396014503e-12,0.000999000999000999,1155,3,0.0013468313063454763,True
91,Producer,0.23210776527088864,175.558653391285,2.8101648800676498e-67,0.000999000999000999,1155,3,0.0013468313063454763,True
92,Producer,0.09873747912148219,64.26779697559607,3.459671438525421e-27,0.000999000999000999,1155,3,0.0013468313063454763,True
93,Producer,0.05227581445339585,32.854502931593224,1.3291120583013709e-14,0.000999000999000999,1155,3,0.0013468313063454763,True
94,Producer,0.09363097921330805,60.65769929862911,8.98456473066758e-26,0.000999000999000999,1155,3,0.0013468313063454763,True
95,Producer,0.031178460863546448,19.58501325718573,4.322590489374488e-09,0.000999000999000999,1155,3,0.0013468313063454763,True
96,Producer,0.2870946853291287,233.56549974538459,7.082767788562122e-86,0.000999000999000999,1155,3,0.0013468313063454763,True
97,Producer,0.20254751921454708,147.68108152499553,8.01958788518959e-58,0.000999000999000999,1155,3,0.0013468313063454763,True
98,Producer,0.02981410407627556,18.74674851117685,9.729139552003327e-09,0.000999000999000999,1155,3,0.0013468313063454763,True
99,Producer,0.014367552314441374,9.418210541945276,8.766035081284845e-05,0.000999000999000999,1155,3,0.0013468313063454763,True
100,Producer,0.10750340630103987,70.5612930930594,1.236409378578295e-29,0.000999000999000999,1155,3,0.0013468313063454763,True
101,Producer,0.01300970218815253,8.61213461805511,0.0001938576242686569,0.000999000999000999,1155,3,0.0013468313063454763,True
102,Producer,0.014171640428471343,9.301772076225593,9.830218896036199e-05,0.000999000999000999,1155,3,0.0013468313063454763,True
103,Producer,0.10627530601206112,69.67214214268266,2.731556928507635e-29,0.000999000999000999,1155,3,0.0013468313063454763,True
104,Producer,0.2168844722098409,160.93908721823334,2.3054377766167715e-62,0.000999000999000999,1155,3,0.0013468313063454763,True
105,Producer,0.008315269265068464,5.842333305886695,0.0029887413654810023,0.005994005994005994,1155,3,0.0074756703970187115,True
106,Producer,0.0,0.5788858430459455,0.5606854955097037,1.0,1155,3,1.0,False
107,Producer,0.01034433267342059,7.03629354746984,0.0009176785088951983,0.001998001998001998,1155,3,0.002591371627398891,True
108,Producer,0.06974523571949981,44.29768056513402,2.92186321306936e-19,0.000999000999000999,1155,3,0.0013468313063454763,True
109,Producer,0.09750115534854514,63.39001584044194,7.624662209431069e-27,0.000999000999000999,1155,3,0.0013468313063454763,True
110,Producer,0.9472331072403161,10367.862455263516,0.0,0.000999000999000999,1155,3,0.0013468313063454763,True
111,Producer,0.37157487289022506,342.4638909825462,1.9036557372921515e-117,0.000999000999000999,1155,3,0.0013468313063454763,True
112,Producer,0.032211757953717626,20.221446810450416,2.336556368775891e-09,0.000999000999000999,1155,3,0.0013468313063454763,True
113,Producer,0.32631777685384816,280.7290913407617,4.847148039413946e-100,0.000999000999000999,1155,3,0.0013468313063454763,True
114,Producer,0.015040395556051437,9.818461584039502,5.913319599505564e-05,0.000999000999000999,1155,3,0.0013468313063454763,True
115,Producer,0.043150328815213,27.043082462399767,3.3320123642411403e-12,0.000999000999000999,1155,3,0.0013468313063454763,True
116,Producer,0.0040867936999400434,3.3698082792611253,0.034735632047728796,0.03196803196803197,1155,3,0.0372867062884576,True
117,Producer,0.04540766451219205,28.470287871513953,8.538358895166922e-13,0.000999000999000999,1155,3,0.0013468313063454763,True
118,Producer,0.10810979464342883,71.00122440140458,8.356249317595994e-30,0.000999000999000999,1155,3,0.0013468313063454763,True
119,Producer,0.007270238554447168,5.229310864096134,0.0054851217791296505,0.006993006993006993,1155,3,0.008697185167773402,True
120,Producer,0.014681556128559169,9.60493246318361,7.295049433997101e-05,0.000999000999000999,1155,3,0.0013468313063454763,True
121,Producer,0.04569817084510478,28.654451512912765,7.164268311917428e-13,0.000999000999000999,1155,3,0.0013468313063454763,True
122,Producer,0.03537393891577328,22.177584297170828,3.541546558112473e-10,0.000999000999000999,1155,3,0.0013468313063454763,True
123,Producer,0.04420266140069693,27.70758321665941,1.766895814042144e-12,0.000999000999000999,1155,3,0.0013468313063454763,True
124,Producer,0.012206506966508338,8.136367897616388,0.0003098452150133523,0.000999000999000999,1155,3,0.0013468313063454763,True
125,Producer,0.00280316504430547,2.6233784107009663,0.07299075931576851,0.07392607392607392,1155,3,0.08309665018525778,False
126,Producer,0.0006041355407844382,1.3490991780237158,0.25988352736099674,0.2867132867132867,1155,3,0.3065024862777672,False
127,Producer,0.14300436624341611,97.36574359611008,8.526361678636547e-40,0.000999000999000999,1155,3,0.0013468313063454763,True
128,Producer,0.004955304600442634,3.8759395633042577,0.021005792362084823,0.02197802197802198,1155,3,0.026045129247976227,True
129,Producer,0.07953348952580544,50.89925182339408,6.568187949294416e-22,0.000999000999000999,1155,3,0.0013468313063454763,True
130,Producer,0.10007056809473353,65.2169830498355,1.4738761844276947e-27,0.000999000999000999,1155,3,0.0013468313063454763,True
131,Producer,0.2567692843208651,200.51309676404222,1.8951792716319996e-75,0.000999000999000999,1155,3,0.0013468313063454763,True
132,Producer,0.006224362291023395,4.61708325971125,0.010065144958203376,0.014985014985014986,1155,3,0.017982017982017984,True
133,Producer,0.0020930082030304427,2.211247387968999,0.11002873035870608,0.11688311688311688,1155,3,0.1289878307276816,False
134,Producer,0.12233695183075959,81.49739570286687,7.877441089990074e-34,0.000999000999000999,1155,3,0.0013468313063454763,True
135,Producer,0.06387482406191954,40.40467775454685,1.0979363886910815e-17,0.000999000999000999,1155,3,0.0013468313063454763,True
136,Producer,0.07782414836156012,49.73630728775804,1.9139475143300527e-21,0.000999000999000999,1155,3,0.0013468313063454763,True
137,Producer,0.09587509405906602,62.23917885160856,2.1521739529036053e-26,0.000999000999000999,1155,3,0.0013468313063454763,True
138,Producer,0.030026523647121026,18.87710471363852,8.575351562707262e-09,0.000999000999000999,1155,3,0.0013468313063454763,True
139,Producer,0.11103219585429656,73.12982608237036,1.259996450109646e-30,0.000999000999000999,1155,3,0.0013468313063454763,True
140,Producer,0.13101791842782004,88.07066520310214,2.5580906403975825e-36,0.000999000999000999,1155,3,0.0013468313063454763,True
141,Producer,0.024785336661835473,15.677314093304028,1.9161860596867234e-07,0.000999000999000999,1155,3,0.0013468313063454763,True
142,Producer,0.07523065263165168,47.98004104311411,9.661136390551244e-21,0.000999000999000999,1155,3,0.0013468313063454763,True
143,Producer,0.4542183038021777,481.615367413643,9.785092999720518e-153,0.000999000999000999,1155,3,0.0013468313063454763,True
144,Producer,0.0,0.48610320957722775,0.6151444217901121,1.0,1155,3,1.0,False
145,Producer,0.08738345082043908,56.29588839274334,4.7122072902571024e-24,0.000999000999000999,1155,3,0.0013468313063454763,True
146,Producer,0.0269923267809653,17.020499267428093,5.1903868269489955e-08,0.000999000999000999,1155,3,0.0013468313063454763,True
147,Producer,0.030514774129356922,19.176947507248492,6.414988381282045e-09,0.000999000999000999,1155,3,0.0013468313063454763,True
0,Media,0.054843888454842185,4.524129102205927,2.3907537607469282e-08,0.05194805194805195,911,16,0.05909035456430845,False
1,Media,0.13066212745846895,10.12826507578453,1.2578995447159356e-22,0.000999000999000999,911,16,0.0013468313063454763,True
2,Media,0.05695654016201562,4.668081786779338,1.0528742653649714e-08,0.000999000999000999,911,16,0.0013468313063454763,True
3,Media,0.27535143974554,24.077408403332576,3.9502382998832798e-56,0.000999000999000999,911,16,0.0013468313063454763,True
4,Media,0.2328584614088834,19.435021237678836,1.74027907455716e-45,0.000999000999000999,911,16,0.0013468313063454763,True
5,Media,0.35064435300922775,33.79528016957872,7.981611595833767e-77,0.000999000999000999,911,16,0.0013468313063454763,True
6,Media,0.4968868469487901,60.98172443251188,1.6623977703508912e-125,0.000999000999000999,911,16,0.0013468313063454763,True
7,Media,0.35963699509383723,35.10870605373752,1.8103057503379935e-79,0.000999000999000999,911,16,0.0013468313063454763,True
8,Media,0.04300465229966015,3.729183469152232,2.0439765325684263e-06,0.000999000999000999,911,16,0.0013468313063454763,True
9,Media,0.3415504673169844,32.50355092089392,3.4403110409531885e-74,0.000999000999000999,911,16,0.0013468313063454763,True
10,Media,0.16203344685560267,12.743704211228236,3.065940815440318e-29,0.000999000999000999,911,16,0.0013468313063454763,True
11,Media,0.3574298453426944,34.78293526884526,8.136461185903914e-79,0.000999000999000999,911,16,0.0013468313063454763,True
12,Media,0.10439381627001162,8.079210211635655,2.222453577532079e-17,0.000999000999000999,911,16,0.0013468313063454763,True
13,Media,0.31951203191152466,29.516346574948216,5.776864385643909e-68,0.000999000999000999,911,16,0.0013468313063454763,True
14,Media,0.6691034646205857,123.80842924116733,3.6595536399412815e-206,0.000999000999000999,911,16,0.0013468313063454763,True
15,Media,0.3723686925709416,37.03260650181113,2.788744213012416e-83,0.000999000999000999,911,16,0.0013468313063454763,True
16,Media,0.24011291328711798,20.190821709297357,2.96892348846209e-47,0.000999000999000999,911,16,0.0013468313063454763,True
17,Media,0.21134439722706908,17.27535476803,2.336937664177388e-40,0.000999000999000999,911,16,0.0013468313063454763,True
18,Media,0.001952668434196202,1.11882408694732,0.3341918520194073,0.2787212787212787,911,16,0.29867799135699374,False
19,Media,0.15695229263672283,12.306876020041695,3.8217505214587704e-28,0.000999000999000999,911,16,0.0013468313063454763,True
20,Media,0.3335512927541654,31.39646056231373,6.634416648943016e-72,0.000999000999000999,911,16,0.0013468313063454763,True
21,Media,0.29152252505073606,25.990398868149313,2.2800071853408303e-60,0.000999000999000999,911,16,0.0013468313063454763,True
22,Media,0.15254996634604978,11.932642147804389,3.341745142267772e-27,0.000999000999000999,911,16,0.0013468313063454763,True
23,Media,0.04508972771214936,3.8677557908034728,9.522599704986872e-07,0.014985014985014986,911,16,0.017982017982017984,True
24,Media,0.2724708787813543,23.745570207465313,2.190346070329393e-55,0.000999000999000999,911,16,0.0013468313063454763,True
25,Media,0.10295810602998884,7.970676637201776,4.22150844489302e-17,0.000999000999000999,911,16,0.0013468313063454763,True
26,Media,0.11312864076877902,8.74709813079654,4.2945755289125954e-19,0.000999000999000999,911,16,0.0013468313063454763,True
27,Media,0.5507422657218427,75.45261606588254,3.060107769863592e-147,0.000999000999000999,911,16,0.0013468313063454763,True
28,Media,0.4635786255328078,53.48611731524967,3.1487060231962574e-113,0.000999000999000999,911,16,0.0013468313063454763,True
29,Media,0.19741330864812734,15.93865822565257,3.969047376503299e-37,0.000999000999000999,911,16,0.0013468313063454763,True
30,Media,0.3687511795540462,36.47806756944775,3.442969111077472e-82,0.000999000999000999,911,16,0.0013468313063454763,True
31,Media,0.21903792864955857,18.033994378642635,3.5848773964075306e-42,0.000999000999000999,911,16,0.0013468313063454763,True
32,Media,0.5432565988416749,73.23702415691267,4.5878204487836254e-144,0.000999000999000999,911,16,0.0013468313063454763,True
33,Media,0.4999913479657356,61.731231502179604,1.0815589469319112e-126,0.000999000999000999,911,16,0.0013468313063454763,True
34,Media,0.2564502939163144,21.946926690194765,2.615923467293034e-51,0.000999000999000999,911,16,0.0013468313063454763,True
35,Media,0.04420108892883772,3.8086236932441357,1.3201160470288025e-06,0.005994005994005994,911,16,0.0074756703970187115,True
36,Media,0.3508477664827278,33.8245875941888,6.961611436624061e-77,0.000999000999000999,911,16,0.0013468313063454763,True
37,Media,0.3493601546671284,33.61067836373966,1.8902378203504157e-76,0.000999000999000999,911,16,0.0013468313063454763,True
38,Media,0.21052244275372833,17.195178156180763,3.640707811223717e-40,0.000999000999000999,911,16,0.0013468313063454763,True
39,Media,0.7911943431777241,231.1272413158787,3.3147933594793926e-295,0.000999000999000999,911,16,0.0013468313063454763,True
40,Media,0.020904901416927434,2.296732409233895,0.0033520233753047443,0.029970029970029972,911,16,0.03511000872478445,True
41,Media,0.1565906140698191,12.275983075152734,4.569792612659801e-28,0.000999000999000999,911,16,0.0013468313063454763,True
42,Media,0.09882002219529337,7.659789937426643,2.652018217547706e-16,0.000999000999000999,911,16,0.0013468313063454763,True
43,Media,0.027889796769931266,2.7424365243765254,0.0003796936271358003,0.07092907092907093,911,16,0.0797952047952048,False
44,Media,0.2920991540078497,26.060226142094656,1.6025228110747894e-60,0.000999000999000999,911,16,0.0013468313063454763,True
45,Media,0.10591729248983223,8.194759697861606,1.1225432046654938e-17,0.000999000999000999,911,16,0.0013468313063454763,True
46,Media,0.16275604986500386,12.806257216757556,2.1378656243910094e-29,0.000999000999000999,911,16,0.0013468313063454763,True
47,Media,0.14100860184364658,10.969741765771055,9.09896214751524e-25,0.000999000999000999,911,16,0.0013468313063454763,True
48,Media,0.1258719346426984,9.745425832817524,1.1937463542150973e-21,0.000999000999000999,911,16,0.0013468313063454763,True
49,Media,0.33680774084531034,31.84393177338631,7.853971916401744e-73,0.000999000999000999,911,16,0.0013468313063454763,True
50,Media,0.32929967695876466,30.81878248784748,1.0577400296205553e-70,0.000999000999000999,911,16,0.0013468313063454763,True
51,Media,0.19675381249057214,15.876528596600192,5.621470501322433e-37,0.000999000999000999,911,16,0.0013468313063454763,True
52,Media,0.3203235278583628,29.622905734299376,3.4385340511219315e-68,0.000999000999000999,911,16,0.0013468313063454763,True
53,Media,0.2436774845493865,20.567506708627725,3.949772090547525e-48,0.000999000999000999,911,16,0.0013468313063454763,True
54,Media,0.2997499974742474,26.99759578379978,1.4448491266121181e-62,0.000999000999000999,911,16,0.0013468313063454763,True
55,Media,0.7192193664984331,156.56838440246065,6.808610275794824e-238,0.000999000999000999,911,16,0.0013468313063454763,True
56,Media,0.44439778271583685,49.577485529492094,1.6432847746001852e-106,0.000999000999000999,911,16,0.0013468313063454763,True
57,Media,0.269665424147045,23.42490036031742,1.1529562122901544e-54,0.000999000999000999,911,16,0.0013468313063454763,True
58,Media,0.4704069152088362,54.94590829098377,1.1130803622516475e-115,0.000999000999000999,911,16,0.0013468313063454763,True
59,Media,0.0008664382448861317,1.0526673157160096,0.39779398883783645,0.3936063936063936,911,16,0.4177559492300528,False
60,Media,0.25591383581912974,21.88803829933481,3.567853845532456e-51,0.000999000999000999,911,16,0.0013468313063454763,True
61,Media,0.20910841026050514,17.057637921447334,7.795399788383304e-40,0.000999000999000999,911,16,0.0013468313063454763,True
62,Media,0.9395972431120864,945.7395368211402,0.0,0.000999000999000999,911,16,0.0013468313063454763,True
63,Media,0.45969467529667035,52.67224654260205,7.5554171787987475e-112,0.000999000999000999,911,16,0.0013468313063454763,True
64,Media,0.02610464965026148,2.6279186343685366,0.0006738128093202245,0.05194805194805195,911,16,0.05909035456430845,False
65,Media,0.06990549775589146,5.5646908854933335,5.955018366231359e-11,0.030969030969030968,911,16,0.03618486776381513,True
66,Media,0.07710056032461397,6.073764084230639,3.0406769529186916e-12,0.000999000999000999,911,16,0.0013468313063454763,True
67,Media,0.37839925805272306,37.97139775028018,4.081895671785853e-85,0.000999000999000999,911,16,0.0013468313063454763,True
68,Media,0.49355123775829113,60.186662254191894,3.0718615827712847e-124,0.000999000999000999,911,16,0.0013468313063454763,True
69,Media,0.007477088881449218,1.4575295202891043,0.11434976206735407,0.23076923076923078,911,16,0.24970318065362748,False
70,Media,0.01833202301369388,2.1341562427074456,0.007114292934510928,0.08091908091908091,911,16,0.09042299981897296,False
71,Media,0.3279514545917038,30.63712241467431,2.5351450677653406e-70,0.000999000999000999,911,16,0.0013468313063454763,True
72,Media,0.3534610803163776,34.20274921998394,1.1968769126930807e-77,0.000999000999000999,911,16,0.0013468313063454763,True
73,Media,0.40086764153580534,41.635475203424875,4.038924016045989e-92,0.000999000999000999,911,16,0.0013468313063454763,True
74,Media,0.24583448246659337,20.79717611235089,1.1591041505519726e-48,0.000999000999000999,911,16,0.0013468313063454763,True
75,Media,0.10071778755709414,7.802010403034861,1.1441485740166776e-16,0.000999000999000999,911,16,0.0013468313063454763,True
76,Media,0.6245595887488261,102.03223987956738,8.491689260673637e-182,0.000999000999000999,911,16,0.0013468313063454763,True
77,Media,0.12243973894250185,9.473689851771965,5.910932476619246e-21,0.000999000999000999,911,16,0.0013468313063454763,True
78,Media,0.9011778140495493,554.838513557253,0.0,0.000999000999000999,911,16,0.0013468313063454763,True
79,Media,0.025339189021724842,2.578942536643199,0.000858793359792136,0.06893106893106893,911,16,0.07767866651115382,False
80,Media,0.11458788592804887,8.859960532982539,2.2055781950062404e-19,0.002997002997002997,911,16,0.0038274285637660515,True
81,Media,0.11947650889497582,9.240787115304855,2.332121787957222e-20,0.000999000999000999,911,16,0.0013468313063454763,True
82,Media,0.47727372958733055,56.45239669585964,3.531412022309147e-118,0.000999000999000999,911,16,0.0013468313063454763,True
83,Media,0.8706696261793468,409.8650412724212,0.0,0.000999000999000999,911,16,0.0013468313063454763,True
84,Media,0.26976376153856085,23.436098878487005,1.0878844094341512e-54,0.000999000999000999,911,16,0.0013468313063454763,True
85,Media,0.3105535288154956,28.35665750959657,1.697387511109828e-65,0.000999000999000999,911,16,0.0013468313063454763,True
86,Media,0.3994718256594763,41.399862290715916,1.1205148532591828e-91,0.000999000999000999,911,16,0.0013468313063454763,True
87,Media,0.21919679644766737,18.04981747473419,3.28687586811992e-42,0.000999000999000999,911,16,0.0013468313063454763,True
88,Media,0.37256809564031235,37.0633595210306,2.426878283694413e-83,0.000999000999000999,911,16,0.0013468313063454763,True
89,Media,0.13865568556142746,10.776603651529157,2.8141461450611705e-24,0.000999000999000999,911,16,0.0013468313063454763,True
90,Media,0.3113923896255823,28.46396861096366,1.0003808142027313e-65,0.000999000999000999,911,16,0.0013468313063454763,True
91,Media,0.2955439898336675,26.479762242348237,1.9368009604166986e-61,0.000999000999000999,911,16,0.0013468313063454763,True
92,Media,0.367331491564356,36.262172249052114,9.193598664031022e-82,0.000999000999000999,911,16,0.0013468313063454763,True
93,Media,0.22749521168468917,18.885381077203114,3.4279511191110233e-44,0.000999000999000999,911,16,0.0013468313063454763,True
94,Media,0.5926929147083456,89.37611142342783,4.2219696798312704e-166,0.000999000999000999,911,16,0.0013468313063454763,True
95,Media,0.17657557586914405,14.023688627047317,1.9909009834357118e-32,0.000999000999000999,911,16,0.0013468313063454763,True
96,Media,0.5668638874479,80.484329367391,2.875163694924473e-154,0.000999000999000999,911,16,0.0013468313063454763,True
97,Media,0.5821770041665421,85.62327446223502,3.410630675738627e-161,0.000999000999000999,911,16,0.0013468313063454763,True
98,Media,0.21208596019855475,17.3478332221429,1.5657693946304013e-40,0.000999000999000999,911,16,0.0013468313063454763,True
99,Media,0.19285826222927155,15.51160877692693,4.360580932182583e-36,0.000999000999000999,911,16,0.0013468313063454763,True
100,Media,0.27708057530455793,24.277873529616315,1.4076016601543053e-56,0.000999000999000999,911,16,0.0013468313063454763,True
101,Media,0.37862098385909476,38.00626159299631,3.491822230598824e-85,0.000999000999000999,911,16,0.0013468313063454763,True
102,Media,0.14623731310675997,11.402749638781632,7.276581262114065e-26,0.000999000999000999,911,16,0.0013468313063454763,True
103,Media,0.694908461967341,139.3326051222657,7.620684646948495e-222,0.000999000999000999,911,16,0.0013468313063454763,True
104,Media,0.4553092635789446,51.767247220666405,2.6563602735397394e-110,0.000999000999000999,911,16,0.0013468313063454763,True
105,Media,0.15396091091402925,12.052159933824537,1.670806934776221e-27,0.000999000999000999,911,16,0.0013468313063454763,True
106,Media,0.05633210767488435,4.625466862455547,1.3426902998551265e-08,0.000999000999000999,911,16,0.0013468313063454763,True
107,Media,0.021932020260773222,2.361873330651414,0.002462263961044592,0.07592407592407592,911,16,0.08505539876439791,False
108,Media,0.2784558830068513,24.43800408456986,6.182671402978123e-57,0.000999000999000999,911,16,0.0013468313063454763,True
109,Media,0.08553037942504564,6.680391045119474,8.599720278298412e-14,0.012987012987012988,911,16,0.015740401545679072,True
110,Media,0.7352593592953075,169.6735804358259,2.8720334394675504e-249,0.000999000999000999,911,16,0.0013468313063454763,True
111,Media,0.4349753730680079,47.754606905850885,2.679433179660264e-103,0.000999000999000999,911,16,0.0013468313063454763,True
112,Media,0.15232414523538215,11.913550309704645,3.73325909506246e-27,0.000999000999000999,911,16,0.0013468313063454763,True
113,Media,0.39116128062492506,40.019411360156795,4.630965160425563e-89,0.000999000999000999,911,16,0.0013468313063454763,True
114,Media,0.19165700725338722,15.399789460212187,8.180690091004897e-36,0.000999000999000999,911,16,0.0013468313063454763,True
115,Media,0.4592791302634639,52.58586263727049,1.0600110066021752e-111,0.000999000999000999,911,16,0.0013468313063454763,True
116,Media,0.0,0.7585822571132449,0.7245695823118472,1.0,911,16,1.0,False
117,Media,0.44924383102266735,50.5393004641338,3.479123641749651e-108,0.000999000999000999,911,16,0.0013468313063454763,True
118,Media,0.20269638882144708,16.440074740861817,2.4102461815287676e-38,0.000999000999000999,911,16,0.0013468313063454763,True
119,Media,0.07906127351138471,6.213869869749823,1.3367587053297502e-12,0.000999000999000999,911,16,0.0013468313063454763,True
120,Media,0.0,0.9985985124390395,0.4541160409619802,1.0,911,16,1.0,False
121,Media,0.08373344332819092,6.5501437739588955,1.851709878963169e-13,0.000999000999000999,911,16,0.0013468313063454763,True
122,Media,0.062118939009748,5.022567877859344,1.3777052282453785e-09,0.000999000999000999,911,16,0.0013468313063454763,True
123,Media,0.16561288718962136,13.05462372028368,5.117642525822674e-30,0.000999000999000999,911,16,0.0013468313063454763,True
124,Media,0.3652865178708396,35.95288579281792,3.7680982894840264e-81,0.000999000999000999,911,16,0.0013468313063454763,True
125,Media,0.043079185408882704,3.7341264682220134,1.9892371282797893e-06,0.053946053946053944,911,16,0.0613107029489282,False
126,Media,0.09511965031863986,7.384195912074256,1.3516611265969264e-15,0.000999000999000999,911,16,0.0013468313063454763,True
127,Media,0.2104650468099478,17.18958576979846,3.7550983431949904e-40,0.000999000999000999,911,16,0.0013468313063454763,True
128,Media,0.15435348201419324,12.08548462619698,1.3773224031083977e-27,0.000999000999000999,911,16,0.0013468313063454763,True
129,Media,0.202415735884215,16.413270938835076,2.7986377609634473e-38,0.000999000999000999,911,16,0.0013468313063454763,True
130,Media,0.5159707344265114,65.74117338141072,6.365005060887492e-133,0.000999000999000999,911,16,0.0013468313063454763,True
131,Media,0.2806982828450966,24.700405506545263,1.6104915524145428e-57,0.000999000999000999,911,16,0.0013468313063454763,True
132,Media,0.2268416632780563,18.818924915387182,4.920791451017587e-44,0.000999000999000999,911,16,0.0013468313063454763,True
133,Media,0.15326306422246685,11.992997203510125,2.3545819360334065e-27,0.000999000999000999,911,16,0.0013468313063454763,True
134,Media,0.22658069446594706,18.792419642791852,5.684371988001674e-44,0.000999000999000999,911,16,0.0013468313063454763,True
135,Media,0.08403845862584519,6.572216179388831,1.626095830828166e-13,0.002997002997002997,911,16,0.0038274285637660515,True
136,Media,0.2616534446904819,22.522529982604606,1.2721647162493946e-52,0.000999000999000999,911,16,0.0013468313063454763,True
137,Media,0.15854523279016108,12.443253810759552,1.7368861293873211e-28,0.000999000999000999,911,16,0.0013468313063454763,True
138,Media,0.16510289041573864,13.010161207659406,6.608916674668995e-30,0.000999000999000999,911,16,0.0013468313063454763,True
139,Media,0.24414591619343812,20.617272206129762,3.0275518141236215e-48,0.000999000999000999,911,16,0.0013468313063454763,True
140,Media,0.20408981558918,16.573434092053677,1.1467952066489642e-38,0.000999000999000999,911,16,0.0013468313063454763,True
141,Media,0.43469297711578797,47.70091190825271,3.3377731954535366e-103,0.000999000999000999,911,16,0.0013468313063454763,True
142,Media,0.4724560935089277,55.391365456759,2.0156887341123144e-116,0.000999000999000999,911,16,0.0013468313063454763,True
143,Media,0.4042976253572864,42.21914481443227,3.2558986243404585e-93,0.000999000999000999,911,16,0.0013468313063454763,True
144,Media,0.0867175156805952,6.766719362402916,5.1708750854713555e-14,0.025974025974025976,911,16,0.030644289280250307,True
145,Media,0.12071215909892025,9.337715427098528,1.317057096116361e-20,0.000999000999000999,911,16,0.0013468313063454763,True
146,Media,0.40313692317883043,42.020880810374,7.6468125466182645e-93,0.000999000999000999,911,16,0.0013468313063454763,True
147,Media,0.09344235606892277,7.260016444158257,2.8147185765658056e-15,0.000999000999000999,911,16,0.0013468313063454763,True
0,Cell line,0.05028985274421096,12.734350107049695,4.725156578231116e-12,0.000999000999000999,1108,6,0.0013468313063454763,True
1,Cell line,0.01653181055795217,4.725030721858518,0.0002821150995004754,0.001998001998001998,1108,6,0.002591371627398891,True
2,Cell line,0.3913583270570865,143.4894303679804,2.515234877010858e-117,0.000999000999000999,1108,6,0.0013468313063454763,True
3,Cell line,0.18726007810799933,52.05794878653306,1.4993623979424958e-48,0.000999000999000999,1108,6,0.0013468313063454763,True
4,Cell line,0.08564109773960704,21.755599592436965,8.038771251019182e-21,0.000999000999000999,1108,6,0.0013468313063454763,True
5,Cell line,0.3166626427902816,103.6907733083152,9.592594971027364e-90,0.000999000999000999,1108,6,0.0013468313063454763,True
6,Cell line,0.1709692168539641,46.70008644439515,7.435100430409637e-44,0.000999000999000999,1108,6,0.0013468313063454763,True
7,Cell line,0.13784033767388734,36.42895842067314,1.3186789368709259e-34,0.000999000999000999,1108,6,0.0013468313063454763,True
8,Cell line,0.07156456760212217,18.0811104652392,2.8573824006388376e-17,0.000999000999000999,1108,6,0.0013468313063454763,True
9,Cell line,0.36736213701999254,129.67938251461086,4.153879249991233e-108,0.000999000999000999,1108,6,0.0013468313063454763,True
10,Cell line,0.1131642707050763,29.277167416543385,5.701612002752668e-28,0.000999000999000999,1108,6,0.0013468313063454763,True
11,Cell line,0.0034533817942439945,1.7679213311488704,0.1166190079677565,0.11388611388611389,1108,6,0.12578466309809594,False
12,Cell line,0.21047416501720528,60.07479261755772,2.042537986634018e-55,0.000999000999000999,1108,6,0.0013468313063454763,True
13,Cell line,0.018889597658508284,5.266527835333716,8.694314920158839e-05,0.000999000999000999,1108,6,0.0013468313063454763,True
14,Cell line,0.614117755872065,353.66845461832366,3.9386595640905736e-226,0.000999000999000999,1108,6,0.0013468313063454763,True
15,Cell line,0.05572009623384782,14.076179294056555,2.29443880358887e-13,0.000999000999000999,1108,6,0.0013468313063454763,True
16,Cell line,0.029848184605508383,7.817858404863233,3.04398910456317e-07,0.000999000999000999,1108,6,0.0013468313063454763,True
17,Cell line,0.232390417366264,68.08842314301353,4.281958157226402e-62,0.000999000999000999,1108,6,0.0013468313063454763,True
18,Cell line,0.0033104388882403486,1.7360298394374403,0.12351247828986667,0.14085914085914086,1108,6,0.15480559044915482,False
19,Cell line,0.0772295669082947,19.54640267302247,1.086105122861402e-18,0.000999000999000999,1108,6,0.0013468313063454763,True
20,Cell line,0.33865148780249843,114.47295459647542,1.5604043098716186e-97,0.000999000999000999,1108,6,0.0013468313063454763,True
21,Cell line,0.1868013855451812,51.90415342697568,2.0392777106719062e-48,0.000999000999000999,1108,6,0.0013468313063454763,True
22,Cell line,0.1903843253417931,53.11011572071183,1.836570951840104e-49,0.000999000999000999,1108,6,0.0013468313063454763,True
23,Cell line,0.0417881481594175,10.664098408237539,5.046646351054279e-10,0.001998001998001998,1108,6,0.002591371627398891,True
24,Cell line,0.31447087129640305,102.6539519058328,5.549817273490286e-89,0.000999000999000999,1108,6,0.0013468313063454763,True
25,Cell line,0.2599049039370307,78.82098141013172,9.158158785919073e-71,0.000999000999000999,1108,6,0.0013468313063454763,True
26,Cell line,0.25391507320910756,76.41712505191586,7.536879310054904e-69,0.000999000999000999,1108,6,0.0013468313063454763,True
27,Cell line,0.5136025909048669,234.99453207666636,7.899152493692797e-171,0.000999000999000999,1108,6,0.0013468313063454763,True
28,Cell line,0.431653947802106,169.3032977233393,1.156397977940056e-133,0.000999000999000999,1108,6,0.0013468313063454763,True
29,Cell line,0.28572851901173013,89.64618215666827,3.294352343107215e-79,0.000999000999000999,1108,6,0.0013468313063454763,True
30,Cell line,0.482219699449054,207.38074736370953,6.696185483528796e-156,0.000999000999000999,1108,6,0.0013468313063454763,True
31,Cell line,0.2843927615040916,89.0670744496208,9.165644618382906e-79,0.000999000999000999,1108,6,0.0013468313063454763,True
32,Cell line,0.3006198490444994,96.25200058544372,3.200973726955712e-84,0.000999000999000999,1108,6,0.0013468313063454763,True
33,Cell line,0.5299219722163249,250.81109965254095,5.592936321323981e-179,0.000999000999000999,1108,6,0.0013468313063454763,True
34,Cell line,0.29087367592944113,91.89721308886365,6.281368010850559e-81,0.000999000999000999,1108,6,0.0013468313063454763,True
35,Cell line,0.06861993446476511,17.32650089912912,1.5462160869346026e-16,0.000999000999000999,1108,6,0.0013468313063454763,True
36,Cell line,0.07373611754192405,18.640678813825968,8.185519991359244e-18,0.000999000999000999,1108,6,0.0013468313063454763,True
37,Cell line,0.24752441441953954,73.8946045379765,8.005103346106516e-67,0.000999000999000999,1108,6,0.0013468313063454763,True
38,Cell line,0.28152070960945624,87.82921008835883,8.218626041437251e-78,0.000999000999000999,1108,6,0.0013468313063454763,True
39,Cell line,0.21736649242317235,62.54657864076502,1.7017814466780935e-57,0.000999000999000999,1108,6,0.0013468313063454763,True
40,Cell line,0.030501640518053482,7.9718153441873,2.1562871943593249e-07,0.000999000999000999,1108,6,0.0013468313063454763,True
41,Cell line,0.06456492017344359,16.295114133508804,1.5614095507339508e-15,0.000999000999000999,1108,6,0.0013468313063454763,True
42,Cell line,0.45895316097403577,188.97636939334498,2.07639464758876e-145,0.000999000999000999,1108,6,0.0013468313063454763,True
43,Cell line,0.02420750670860752,6.497463367988329,5.77798863700476e-06,0.003996003996003996,1108,6,0.0050643932661059215,True
44,Cell line,0.4232444565891871,163.61824034755432,3.6905478853379865e-130,0.000999000999000999,1108,6,0.0013468313063454763,True
45,Cell line,0.10839547100161963,27.940684566669066,1.0323667757625252e-26,0.000999000999000999,1108,6,0.0013468313063454763,True
46,Cell line,0.0531670893928586,13.443406727278374,9.549565346105218e-13,0.000999000999000999,1108,6,0.0013468313063454763,True
47,Cell line,0.22593328593604667,65.68023395628327,4.1660186138980865e-60,0.000999000999000999,1108,6,0.0013468313063454763,True
48,Cell line,0.12964856953980802,34.00979581871959,2.2219992336524183e-32,0.000999000999000999,1108,6,0.0013468313063454763,True
49,Cell line,0.3535825306668738,122.21251747204896,5.664625056564899e-103,0.000999000999000999,1108,6,0.0013468313063454763,True
50,Cell line,0.08437983554870533,21.42175596776927,1.683946211812541e-20,0.000999000999000999,1108,6,0.0013468313063454763,True
51,Cell line,0.30000618885970065,95.97422747639813,5.175904210824249e-84,0.000999000999000999,1108,6,0.0013468313063454763,True
52,Cell line,0.08387886958768337,21.289410301304777,2.2579888205472927e-20,0.000999000999000999,1108,6,0.0013468313063454763,True
53,Cell line,0.3082265725809291,99.73609736465993,7.9918111411386585e-87,0.000999000999000999,1108,6,0.0013468313063454763,True
54,Cell line,0.04070450141043522,10.402856081170572,9.096734093849638e-10,0.000999000999000999,1108,6,0.0013468313063454763,True
55,Cell line,0.953164156155253,4510.818969082032,0.0,0.000999000999000999,1108,6,0.0013468313063454763,True
56,Cell line,0.4951784049258033,218.36695815366232,5.955062869990344e-162,0.000999000999000999,1108,6,0.0013468313063454763,True
57,Cell line,0.02532245153382144,6.757242760670351,3.245355039163892e-06,0.000999000999000999,1108,6,0.0013468313063454763,True
58,Cell line,0.16589986372964974,45.075535063303896,2.052501049548468e-42,0.000999000999000999,1108,6,0.0013468313063454763,True
59,Cell line,0.01769682163234171,4.992266094713921,0.0001580481632563785,0.001998001998001998,1108,6,0.002591371627398891,True
60,Cell line,0.1361168248976677,35.91616605885408,3.895569169676796e-34,0.000999000999000999,1108,6,0.0013468313063454763,True
61,Cell line,0.021963214003229765,5.976344747764721,1.8298258063710355e-05,0.000999000999000999,1108,6,0.0013468313063454763,True
62,Cell line,0.07701717249897314,19.49114080700863,1.2283817307698655e-18,0.000999000999000999,1108,6,0.0013468313063454763,True
63,Cell line,0.0324128544496695,8.423298851248685,7.834118473036308e-08,0.000999000999000999,1108,6,0.0013468313063454763,True
64,Cell line,0.01608948946979691,4.623734911202117,0.00035111401375217396,0.014985014985014986,1108,6,0.017982017982017984,True
65,Cell line,0.05968612102822421,15.065988725294021,2.471577734962575e-14,0.000999000999000999,1108,6,0.0013468313063454763,True
66,Cell line,0.005792533406915054,2.2911041669914813,0.04379826747720839,0.027972027972027972,1108,6,0.032856032856032856,True
67,Cell line,0.5424364650573558,263.7043273275212,2.0092653871477078e-185,0.000999000999000999,1108,6,0.0013468313063454763,True
68,Cell line,0.4916112145784759,215.2868770408914,2.857509649109274e-160,0.000999000999000999,1108,6,0.0013468313063454763,True
69,Cell line,0.015831512544265784,4.564697736745093,0.0003987775692367602,0.004995004995004995,1108,6,0.00627082625197611,True
70,Cell line,0.020761929797712388,5.6983913137922,3.374637251330325e-05,0.011988011988011988,1108,6,0.014582677596376228,True
71,Cell line,0.18699993883730787,51.97070520152752,1.7851228563716088e-48,0.000999000999000999,1108,6,0.0013468313063454763,True
72,Cell line,0.3775669585850327,135.42223091537716,5.524995600677312e-112,0.000999000999000999,1108,6,0.0013468313063454763,True
73,Cell line,0.2765642714192328,85.7160848230897,3.5455199410379794e-76,0.000999000999000999,1108,6,0.0013468313063454763,True
74,Cell line,0.2704305310665778,83.14078060580462,3.606459272367681e-74,0.000999000999000999,1108,6,0.0013468313063454763,True
75,Cell line,0.10771063443758223,27.74992834451589,1.5624818366025e-26,0.000999000999000999,1108,6,0.0013468313063454763,True
76,Cell line,0.1394607281017552,36.912942449654146,4.75222930684416e-35,0.000999000999000999,1108,6,0.0013468313063454763,True
77,Cell line,0.028463024209864577,7.492193629353404,6.306357065044975e-07,0.000999000999000999,1108,6,0.0013468313063454763,True
78,Cell line,0.1410484072618847,37.38892728471062,1.7446270280211816e-35,0.000999000999000999,1108,6,0.0013468313063454763,True
79,Cell line,0.03092147996352953,8.070840822743927,1.7271767577855707e-07,0.000999000999000999,1108,6,0.0013468313063454763,True
80,Cell line,0.10166743643861954,26.079246627197115,5.95501781734461e-25,0.000999000999000999,1108,6,0.0013468313063454763,True
81,Cell line,0.09572219964183182,24.457436898515283,2.078561546750096e-23,0.000999000999000999,1108,6,0.0013468313063454763,True
82,Cell line,0.07871350565442298,19.933212372130193,4.590729072045039e-19,0.000999000999000999,1108,6,0.0013468313063454763,True
83,Cell line,0.0632732012215783,15.968442676121658,3.2511433864087876e-15,0.000999000999000999,1108,6,0.0013468313063454763,True
84,Cell line,0.06721685770173436,16.968615845698295,3.447366474634498e-16,0.000999000999000999,1108,6,0.0013468313063454763,True
85,Cell line,0.3976177217608938,147.27270808793514,8.623462596182111e-120,0.000999000999000999,1108,6,0.0013468313063454763,True
86,Cell line,0.9506032348075275,4265.523719570373,0.0,0.000999000999000999,1108,6,0.0013468313063454763,True
87,Cell line,0.18816982985552666,52.36349427438014,8.142420537451152e-49,0.000999000999000999,1108,6,0.0013468313063454763,True
88,Cell line,0.12576081737404446,32.87754299273025,2.4843983686807164e-31,0.000999000999000999,1108,6,0.0013468313063454763,True
89,Cell line,0.13073386191084413,34.32768013157289,1.1300751772462352e-32,0.000999000999000999,1108,6,0.0013468313063454763,True
90,Cell line,0.13335071367959986,35.0974355115023,2.204904430484301e-33,0.000999000999000999,1108,6,0.0013468313063454763,True
91,Cell line,0.28854319241553567,90.87358158308378,3.789385918944482e-80,0.000999000999000999,1108,6,0.0013468313063454763,True
92,Cell line,0.1843232648089594,51.07625413283216,1.0708246476191658e-47,0.000999000999000999,1108,6,0.0013468313063454763,True
93,Cell line,0.14901376219810242,39.80374116083721,1.1087368353452687e-37,0.000999000999000999,1108,6,0.0013468313063454763,True
94,Cell line,0.2025788523531088,57.295815346657264,4.664571342304483e-53,0.000999000999000999,1108,6,0.0013468313063454763,True
95,Cell line,0.05506324619612703,13.913049797187112,3.313526729858336e-13,0.000999000999000999,1108,6,0.0013468313063454763,True
96,Cell line,0.3210366255448443,105.77990256518068,2.838654487087759e-91,0.000999000999000999,1108,6,0.0013468313063454763,True
97,Cell line,0.26759530278373767,81.96496284398707,3.0139142774320046e-73,0.000999000999000999,1108,6,0.0013468313063454763,True
98,Cell line,0.27070932918812757,83.25689666550508,2.925594694733516e-74,0.000999000999000999,1108,6,0.0013468313063454763,True
99,Cell line,0.24285043854649543,72.07665370444533,2.3662367036142952e-65,0.000999000999000999,1108,6,0.0013468313063454763,True
100,Cell line,0.3096576398365522,100.40014831413974,2.5689074690825377e-87,0.000999000999000999,1108,6,0.0013468313063454763,True
101,Cell line,0.33816454908160776,114.22642806833332,2.336399849828391e-97,0.000999000999000999,1108,6,0.0013468313063454763,True
102,Cell line,0.14135861093743346,37.48213163580995,1.4340661425850788e-35,0.000999000999000999,1108,6,0.0013468313063454763,True
103,Cell line,0.9352780530139824,3203.27722124419,0.0,0.000999000999000999,1108,6,0.0013468313063454763,True
104,Cell line,0.643936283435461,401.7605205778766,2.3694543513649366e-245,0.000999000999000999,1108,6,0.0013468313063454763,True
105,Cell line,0.022004257647878195,5.9858534997733965,1.791843875309155e-05,0.000999000999000999,1108,6,0.0013468313063454763,True
106,Cell line,0.008890996178271306,2.9879193363269154,0.01098029440213044,0.015984015984015984,1108,6,0.019146321304594687,True
107,Cell line,0.010739801071929131,3.4057774891967942,0.004650877890367031,0.04195804195804196,1108,6,0.04826261821080474,True
108,Cell line,0.039101288899248014,10.01743911191992,2.1689858081079746e-09,0.000999000999000999,1108,6,0.0013468313063454763,True
109,Cell line,0.101173577535111,25.943709064868305,8.007970968897537e-25,0.000999000999000999,1108,6,0.0013468313063454763,True
110,Cell line,0.9580432698975219,5061.031801590539,0.0,0.000999000999000999,1108,6,0.0013468313063454763,True
111,Cell line,0.39988138018005787,148.66033067677222,1.0911879759716009e-120,0.000999000999000999,1108,6,0.0013468313063454763,True
112,Cell line,0.19447889143792085,54.501419000147706,1.1567684688982697e-50,0.000999000999000999,1108,6,0.0013468313063454763,True
113,Cell line,0.5088859627319049,230.61903098654537,1.592059231677771e-168,0.000999000999000999,1108,6,0.0013468313063454763,True
114,Cell line,0.36594149118296004,128.89456070456035,1.422458710889762e-107,0.000999000999000999,1108,6,0.0013468313063454763,True
115,Cell line,0.18221531072228694,50.375970699234294,4.3706844550049105e-47,0.000999000999000999,1108,6,0.0013468313063454763,True
116,Cell line,0.0013439134626493795,1.29821199443715,0.26220173716977024,0.2627372627372627,1108,6,0.2831440404255938,False
117,Cell line,0.1590465054153906,42.910409822911475,1.7597813861167431e-40,0.000999000999000999,1108,6,0.0013468313063454763,True
118,Cell line,0.11512036971143215,29.8295413916739,1.7288127074864777e-28,0.000999000999000999,1108,6,0.0013468313063454763,True
119,Cell line,0.014945158161506229,4.362094076314159,0.0006164062424427191,0.008991008991008992,1108,6,0.011047992597808098,True
120,Cell line,0.01856362650036167,5.191509244569141,0.00010241243854178198,0.001998001998001998,1108,6,0.002591371627398891,True
121,Cell line,0.12831606646340407,33.62058555206417,5.089794062229747e-32,0.000999000999000999,1108,6,0.0013468313063454763,True
122,Cell line,0.03851229956118589,9.87616719263679,2.9821399320106148e-09,0.000999000999000999,1108,6,0.0013468313063454763,True
123,Cell line,0.3491054757113537,119.85454636783679,2.4982074210282426e-101,0.000999000999000999,1108,6,0.0013468313063454763,True
124,Cell line,0.0962302325515423,24.595190170640365,1.5360647342425364e-23,0.000999000999000999,1108,6,0.0013468313063454763,True
125,Cell line,0.037720844483570985,9.686605222237528,4.571007526175602e-09,0.000999000999000999,1108,6,0.0013468313063454763,True
126,Cell line,0.09275212948099801,23.65518890800049,1.2129592425905946e-22,0.000999000999000999,1108,6,0.0013468313063454763,True
127,Cell line,0.19904632399820923,56.0701828577469,5.2023116796893085e-52,0.000999000999000999,1108,6,0.0013468313063454763,True
128,Cell line,0.009413464371730811,3.1058470206770066,0.00863238252721364,0.007992007992007992,1108,6,0.009875097073612844,True
129,Cell line,0.23279185164260252,68.23947658070166,3.2171634052904937e-62,0.000999000999000999,1108,6,0.0013468313063454763,True
130,Cell line,0.07082662687366646,17.891552178680993,4.365693716440012e-17,0.000999000999000999,1108,6,0.0013468313063454763,True
131,Cell line,0.352845717810472,121.82221074433285,1.0582790073073045e-102,0.000999000999000999,1108,6,0.0013468313063454763,True
132,Cell line,0.15249404775203812,40.87308984936149,1.1963168199900506e-38,0.000999000999000999,1108,6,0.0013468313063454763,True
133,Cell line,0.08582589956525269,21.80459218284051,7.212526906606126e-21,0.000999000999000999,1108,6,0.0013468313063454763,True
134,Cell line,0.06797824770247647,17.16269111073279,2.2316232275248473e-16,0.000999000999000999,1108,6,0.0013468313063454763,True
135,Cell line,0.07461504967232517,18.86790999954386,4.929332661692246e-18,0.000999000999000999,1108,6,0.0013468313063454763,True
136,Cell line,0.10941861418023208,28.22622018426788,5.55439745810287e-27,0.000999000999000999,1108,6,0.0013468313063454763,True
137,Cell line,0.13106222407891477,34.42401453901707,9.208399995162575e-33,0.000999000999000999,1108,6,0.0013468313063454763,True
138,Cell line,0.2266337660412879,65.93953362519136,2.540301451304024e-60,0.000999000999000999,1108,6,0.0013468313063454763,True
139,Cell line,0.20766536181795772,59.07980865817764,1.419353551216046e-54,0.000999000999000999,1108,6,0.0013468313063454763,True
140,Cell line,0.20568058360590263,58.3809683942742,5.560744084886799e-54,0.000999000999000999,1108,6,0.0013468313063454763,True
141,Cell line,0.08698970932629195,22.11358413329811,3.6405872685089944e-21,0.000999000999000999,1108,6,0.0013468313063454763,True
142,Cell line,0.14713903022628494,39.23132990456337,3.6636951961797116e-37,0.000999000999000999,1108,6,0.0013468313063454763,True
143,Cell line,0.5243841870648559,245.3222716596637,3.5046713664081135e-176,0.000999000999000999,1108,6,0.0013468313063454763,True
144,Cell line,0.03542178094922338,9.137719164001458,1.572831548601682e-08,0.000999000999000999,1108,6,0.0013468313063454763,True
145,Cell line,0.08694389206987203,22.101404738818133,3.7399845822902946e-21,0.000999000999000999,1108,6,0.0013468313063454763,True
146,Cell line,0.22676028035789425,65.98641605033899,2.3230684206043414e-60,0.000999000999000999,1108,6,0.0013468313063454763,True
147,Cell line,0.08914244171493559,22.68721651848825,1.0248656410429688e-21,0.000999000999000999,1108,6,0.0013468313063454763,True
0,Project,0.1297659598043683,5.53234649201991,4.186954641424836e-23,0.003996003996003996,1155,39,0.0050643932661059215,True
1,Project,0.3993197431165824,21.205788968091948,1.883059287708251e-105,0.000999000999000999,1155,39,0.0013468313063454763,True
2,Project,0.8419726168256746,162.94368091537794,0.0,0.000999000999000999,1155,39,0.0013468313063454763,True
3,Project,0.7331899815918487,84.5242869765921,9.794730353331093e-298,0.000999000999000999,1155,39,0.0013468313063454763,True
4,Project,0.3761279945829987,19.32477065012332,1.0768793423476796e-96,0.000999000999000999,1155,39,0.0013468313063454763,True
5,Project,0.6548008467063572,58.655122353957275,3.8878985521001246e-236,0.000999000999000999,1155,39,0.0013468313063454763,True
6,Project,0.6394343087883562,54.90262583809563,9.365987288574683e-226,0.000999000999000999,1155,39,0.0013468313063454763,True
7,Project,0.9627341478763134,786.2242577598191,0.0,0.000999000999000999,1155,39,0.0013468313063454763,True
8,Project,0.35858332905840923,17.99214631683448,2.6111099509001576e-90,0.000999000999000999,1155,39,0.0013468313063454763,True
9,Project,0.4891867786407131,30.107906337771908,2.8180501121588426e-143,0.000999000999000999,1155,39,0.0013468313063454763,True
10,Project,0.46866865054390106,27.810125760523114,4.858089847749216e-134,0.000999000999000999,1155,39,0.0013468313063454763,True
11,Project,0.46241897558864636,27.145087783191407,2.6557814832996384e-131,0.000999000999000999,1155,39,0.0013468313063454763,True
12,Project,0.7576819727312416,96.03850964266412,7.89e-321,0.000999000999000999,1155,39,0.0013468313063454763,True
13,Project,0.20476234952731806,8.826211102246859,4.803437737397938e-42,0.000999000999000999,1155,39,0.0013468313063454763,True
14,Project,0.8016253121017204,123.82408943118794,0.0,0.000999000999000999,1155,39,0.0013468313063454763,True
15,Project,0.8917830132339478,251.47370858794363,0.0,0.000999000999000999,1155,39,0.0013468313063454763,True
16,Project,0.9524497329571187,609.8180106845266,0.0,0.000999000999000999,1155,39,0.0013468313063454763,True
17,Project,0.5111140694888117,32.77669200290969,1.3568584622665063e-153,0.000999000999000999,1155,39,0.0013468313063454763,True
18,Project,0.029494557337848018,1.9237241432661945,0.0007254006180669288,0.03896103896103896,1155,39,0.044931691684938435,True
19,Project,0.8495881434821606,172.6819979696903,0.0,0.000999000999000999,1155,39,0.0013468313063454763,True
20,Project,0.9172750719574455,338.02458356479644,0.0,0.000999000999000999,1155,39,0.0013468313063454763,True
21,Project,0.37262105847647387,19.052437314385752,2.1112168124773288e-95,0.000999000999000999,1155,39,0.0013468313063454763,True
22,Project,0.5009377461934125,31.508961264233182,9.560415933687047e-149,0.000999000999000999,1155,39,0.0013468313063454763,True
23,Project,0.25582945521686257,11.449041583662382,1.2299262141365887e-56,0.000999000999000999,1155,39,0.0013468313063454763,True
24,Project,0.5966794215777258,45.966498037118185,4.218618266268898e-199,0.000999000999000999,1155,39,0.0013468313063454763,True
25,Project,0.9654746106594865,850.9642517946678,0.0,0.000999000999000999,1155,39,0.0013468313063454763,True
26,Project,0.6808784986615767,65.85029276143788,6.892171968154476e-255,0.000999000999000999,1155,39,0.0013468313063454763,True
27,Project,0.729435978617758,82.94369118253147,2.1849925676115987e-294,0.000999000999000999,1155,39,0.0013468313063454763,True
28,Project,0.5476280691921942,37.794968734518434,6.584307587291688e-172,0.000999000999000999,1155,39,0.0013468313063454763,True
29,Project,0.729709751328427,83.05747699649906,1.2498335129674902e-294,0.000999000999000999,1155,39,0.0013468313063454763,True
30,Project,0.6866029103292247,67.59000821099984,3.256879904272591e-259,0.000999000999000999,1155,39,0.0013468313063454763,True
31,Project,0.376581752080376,19.36023134102689,7.317292874931994e-97,0.000999000999000999,1155,39,0.0013468313063454763,True
32,Project,0.8392069564921231,159.63543622390978,0.0,0.000999000999000999,1155,39,0.0013468313063454763,True
33,Project,0.6849448561433792,67.07960244352047,5.94185397892036e-258,0.000999000999000999,1155,39,0.0013468313063454763,True
34,Project,0.9842259890522861,1897.492276413715,0.0,0.000999000999000999,1155,39,0.0013468313063454763,True
35,Project,0.2115815489410386,9.156792236495932,6.476471510104806e-44,0.000999000999000999,1155,39,0.0013468313063454763,True
36,Project,0.5093787746909795,32.5567957744483,9.262329444254897e-153,0.000999000999000999,1155,39,0.0013468313063454763,True
37,Project,0.9115998581851626,314.4365762995634,0.0,0.000999000999000999,1155,39,0.0013468313063454763,True
38,Project,0.30236230919185386,14.173346193798206,3.877678357396168e-71,0.000999000999000999,1155,39,0.0013468313063454763,True
39,Project,0.8680676341541694,200.9864637620209,0.0,0.000999000999000999,1155,39,0.0013468313063454763,True
40,Project,0.07765315610902672,3.5589584444566937,6.081869220166732e-12,0.000999000999000999,1155,39,0.0013468313063454763,True
41,Project,0.5118698325043487,32.8729508897251,5.8647386145800805e-154,0.000999000999000999,1155,39,0.0013468313063454763,True
42,Project,0.5012374688370487,31.545560279321776,6.9054322133734e-149,0.000999000999000999,1155,39,0.0013468313063454763,True
43,Project,0.12085639573273262,5.178382605698848,4.581693799151687e-21,0.000999000999000999,1155,39,0.0013468313063454763,True
44,Project,0.4515443039079182,26.02402725985823,1.2804119687298307e-126,0.000999000999000999,1155,39,0.0013468313063454763,True
45,Project,0.29231576605728277,13.55483781885226,6.608012900957118e-68,0.000999000999000999,1155,39,0.0013468313063454763,True
46,Project,0.669048778808331,62.44579703675988,3.401302708834901e-246,0.000999000999000999,1155,39,0.0013468313063454763,True
47,Project,0.3642927860780319,18.417740626234686,2.296826998382756e-92,0.000999000999000999,1155,39,0.0013468313063454763,True
48,Project,0.41706352103750194,22.745998793793483,2.0750214184129972e-112,0.000999000999000999,1155,39,0.0013468313063454763,True
49,Project,0.48326877682475206,29.426436485361684,1.4258281598452882e-140,0.000999000999000999,1155,39,0.0013468313063454763,True
50,Project,0.9135491811640382,322.1894037289455,0.0,0.000999000999000999,1155,39,0.0013468313063454763,True
51,Project,0.5086647560090669,32.466766507868456,2.0373076213094413e-152,0.000999000999000999,1155,39,0.0013468313063454763,True
52,Project,0.3932765912273933,20.70179215715225,3.914951395062645e-103,0.000999000999000999,1155,39,0.0013468313063454763,True
53,Project,0.542041060212871,36.97526754351394,5.2378454493811784e-169,0.000999000999000999,1155,39,0.0013468313063454763,True
54,Project,0.4706426056269653,28.02344067878206,6.524930128465609e-135,0.000999000999000999,1155,39,0.0013468313063454763,True
55,Project,0.9030514578332718,284.11938273932816,0.0,0.000999000999000999,1155,39,0.0013468313063454763,True
56,Project,0.9724893155865584,1075.4391664269292,0.0,0.000999000999000999,1155,39,0.0013468313063454763,True
57,Project,0.8190505266576616,138.5788763477019,0.0,0.000999000999000999,1155,39,0.0013468313063454763,True
58,Project,0.3713159575591925,18.951864614646393,6.359170540338516e-95,0.000999000999000999,1155,39,0.0013468313063454763,True
59,Project,0.0026269913768550883,1.0800570206889968,0.3422683679772307,0.3436563436563437,1155,39,0.36620019980019985,False
60,Project,0.41177036528135086,22.276812920332492,2.6110392666222873e-110,0.000999000999000999,1155,39,0.0013468313063454763,True
61,Project,0.6555208848749822,58.83916619458376,1.2350818162124251e-236,0.000999000999000999,1155,39,0.0013468313063454763,True
62,Project,0.9692503552044657,959.063407770979,0.0,0.000999000999000999,1155,39,0.0013468313063454763,True
63,Project,0.612161509648391,48.97483605549399,2.1141155150689536e-208,0.000999000999000999,1155,39,0.0013468313063454763,True
64,Project,0.06572792583154928,3.1383310751372724,1.0897050374854024e-09,0.000999000999000999,1155,39,0.0013468313063454763,True
65,Project,0.2188218745949033,9.514105909147428,6.2994385719415634e-46,0.000999000999000999,1155,39,0.0013468313063454763,True
66,Project,0.13759933092667165,5.849596716639754,6.158198355892302e-25,0.000999000999000999,1155,39,0.0013468313063454763,True
67,Project,0.5791948697008056,42.83522104955462,4.944792650238899e-189,0.000999000999000999,1155,39,0.0013468313063454763,True
68,Project,0.6728040885442416,63.499873933662535,6.409878611214038e-249,0.000999000999000999,1155,39,0.0013468313063454763,True
69,Project,0.04871131875953606,2.5563810903304027,9.871694780220016e-07,0.005994005994005994,1155,39,0.0074756703970187115,True
70,Project,0.09902136839329917,4.3405103389547515,2.7643076098742784e-16,0.002997002997002997,1155,39,0.0038274285637660515,True
71,Project,0.34674648486390985,17.1335039370863,4.098640666612664e-86,0.000999000999000999,1155,39,0.0013468313063454763,True
72,Project,0.8866904864397778,238.85049594632198,0.0,0.000999000999000999,1155,39,0.0013468313063454763,True
73,Project,0.31517368328142886,14.988395201863712,2.424961189803315e-75,0.000999000999000999,1155,39,0.0013468313063454763,True
74,Project,0.6077434217541473,48.09213916652322,1.0413465173224027e-205,0.000999000999000999,1155,39,0.0013468313063454763,True
75,Project,0.4389392315685497,24.77896153833827,2.58122483304055e-121,0.000999000999000999,1155,39,0.0013468313063454763,True
76,Project,0.9844790887302215,1928.9140450197146,0.0,0.000999000999000999,1155,39,0.0013468313063454763,True
77,Project,0.30660984403183855,14.44023338424001,1.604025460188132e-72,0.000999000999000999,1155,39,0.0013468313063454763,True
78,Project,0.9660536933581644,865.9821052632029,0.0,0.000999000999000999,1155,39,0.0013468313063454763,True
79,Project,0.10082604727786867,4.408218359265039,1.1451094522701155e-16,0.000999000999000999,1155,39,0.0013468313063454763,True
80,Project,0.2663538158906801,12.034957062737798,8.1817868601118e-60,0.000999000999000999,1155,39,0.0013468313063454763,True
81,Project,0.48255905643916375,29.345757547341346,2.9932545693710526e-140,0.000999000999000999,1155,39,0.0013468313063454763,True
82,Project,0.6201968863026215,50.63287679753262,2.219048117729569e-213,0.000999000999000999,1155,39,0.0013468313063454763,True
83,Project,0.926981437688655,386.86567530494045,0.0,0.000999000999000999,1155,39,0.0013468313063454763,True
84,Project,0.8661367219359932,197.66332778688138,0.0,0.000999000999000999,1155,39,0.0013468313063454763,True
85,Project,0.8808184961776333,225.63423885706814,0.0,0.000999000999000999,1155,39,0.0013468313063454763,True
86,Project,0.8527051421115338,176.95827016592355,0.0,0.000999000999000999,1155,39,0.0013468313063454763,True
87,Project,0.5697141757072407,41.24374373545889,9.41868232171209e-184,0.000999000999000999,1155,39,0.0013468313063454763,True
88,Project,0.9687122583246801,942.0635792459806,0.0,0.000999000999000999,1155,39,0.0013468313063454763,True
89,Project,0.3521353305670139,17.520519192317586,5.168849176368107e-88,0.000999000999000999,1155,39,0.0013468313063454763,True
90,Project,0.4810282672428817,29.172493169881104,1.4764778561845323e-139,0.000999000999000999,1155,39,0.0013468313063454763,True
91,Project,0.47083551208911534,28.044372426360926,5.360224424719112e-135,0.000999000999000999,1155,39,0.0013468313063454763,True
92,Project,0.5824747044536912,43.40261739324813,6.89914570567244e-191,0.000999000999000999,1155,39,0.0013468313063454763,True
93,Project,0.6164014207942368,49.84105413771858,5.144478436833992e-211,0.000999000999000999,1155,39,0.0013468313063454763,True
94,Project,0.37191046277592954,18.997626094617186,3.8494998336262965e-95,0.000999000999000999,1155,39,0.0013468313063454763,True
95,Project,0.4688670685531619,27.83149606969738,3.971750417010039e-134,0.000999000999000999,1155,39,0.0013468313063454763,True
96,Project,0.7093688942332332,75.18710673556468,2.980533682050926e-277,0.000999000999000999,1155,39,0.0013468313063454763,True
97,Project,0.9036335741557411,286.01321334198946,0.0,0.000999000999000999,1155,39,0.0013468313063454763,True
98,Project,0.5302283276147257,35.306348022751386,5.3941063245633146e-163,0.000999000999000999,1155,39,0.0013468313063454763,True
99,Project,0.37251103908673383,19.043942936209653,2.31709932261641e-95,0.000999000999000999,1155,39,0.0013468313063454763,True
100,Project,0.65116254848594,57.73678160633805,1.23028055580965e-233,0.000999000999000999,1155,39,0.0013468313063454763,True
101,Project,0.6828549127038129,66.44384953246187,2.2590502108885706e-256,0.000999000999000999,1155,39,0.0013468313063454763,True
102,Project,0.3147705783624132,14.962285612457164,3.2992578938226205e-75,0.000999000999000999,1155,39,0.0013468313063454763,True
103,Project,0.9355169658220063,441.96547797356453,0.0,0.000999000999000999,1155,39,0.0013468313063454763,True
104,Project,0.6702761872760157,62.78767664814834,4.411110833648843e-247,0.000999000999000999,1155,39,0.0013468313063454763,True
105,Project,0.28707024066650016,13.23882760682522,3.054448945004032e-66,0.000999000999000999,1155,39,0.0013468313063454763,True
106,Project,0.12174904926436625,5.21352269538372,2.8770009160689855e-21,0.000999000999000999,1155,39,0.0013468313063454763,True
107,Project,0.036339408553262696,2.1461781977780685,8.097080596466134e-05,0.04095904095904096,1155,39,0.047154228658118025,True
108,Project,0.590326534644605,44.79785655844018,2.162929596572615e-195,0.000999000999000999,1155,39,0.0013468313063454763,True
109,Project,0.3405199713528486,16.69420523618121,6.090639414094379e-84,0.000999000999000999,1155,39,0.0013468313063454763,True
110,Project,0.9902582772301466,3090.66293264575,0.0,0.000999000999000999,1155,39,0.0013468313063454763,True
111,Project,0.565684040449445,40.588270168640506,1.5200985850292372e-181,0.000999000999000999,1155,39,0.0013468313063454763,True
112,Project,0.2438823686173255,10.803686763655563,4.220491314550132e-53,0.000999000999000999,1155,39,0.0013468313063454763,True
113,Project,0.6428132683136548,55.700072527229494,5.347232204858287e-228,0.000999000999000999,1155,39,0.0013468313063454763,True
114,Project,0.6132074276095029,49.186753630311095,4.8205431268024836e-209,0.000999000999000999,1155,39,0.0013468313063454763,True
115,Project,0.9860199455518714,2144.7553678575136,0.0,0.000999000999000999,1155,39,0.0013468313063454763,True
116,Project,0.031711527573105316,1.9954301459666217,0.0003643387680283047,0.026973026973026972,1155,39,0.03176664184621744,True
117,Project,0.44866257553644523,25.734364672596023,2.145802318312766e-125,0.000999000999000999,1155,39,0.0013468313063454763,True
118,Project,0.5355755218588862,36.051289955969594,1.0715845894092302e-165,0.000999000999000999,1155,39,0.0013468313063454763,True
119,Project,0.9473914750992165,548.3583345361154,0.0,0.000999000999000999,1155,39,0.0013468313063454763,True
120,Project,0.023665788931205623,1.7367512257276811,0.003978767650125532,0.04795204795204795,1155,39,0.05487296208945693,False
121,Project,0.4872060228496106,29.878067044963913,2.284091931911162e-142,0.000999000999000999,1155,39,0.0013468313063454763,True
122,Project,0.10145491379583467,4.431876100051588,8.412564815450888e-17,0.000999000999000999,1155,39,0.0013468313063454763,True
123,Project,0.8832172033869975,230.87250905052437,0.0,0.000999000999000999,1155,39,0.0013468313063454763,True
124,Project,0.8179720621497483,137.58367977386496,0.0,0.000999000999000999,1155,39,0.0013468313063454763,True
125,Project,0.12726903919074165,5.432418612447531,1.5786276183179083e-22,0.002997002997002997,1155,39,0.0038274285637660515,True
126,Project,0.4113183057588974,22.237133384959556,3.9371348615558706e-110,0.000999000999000999,1155,39,0.0013468313063454763,True
127,Project,0.6949918073199919,70.25746126784242,1.0618431006935586e-265,0.000999000999000999,1155,39,0.0013468313063454763,True
128,Project,0.46631840465324176,27.55820496274817,5.248627287279987e-133,0.000999000999000999,1155,39,0.0013468313063454763,True
129,Project,0.4385749330685875,24.743809212195675,3.6576671164595392e-121,0.000999000999000999,1155,39,0.0013468313063454763,True
130,Project,0.611856623319044,48.91327681514945,3.2504688859910824e-208,0.000999000999000999,1155,39,0.0013468313063454763,True
131,Project,0.5200789544218265,33.938049086229945,5.923840563256298e-158,0.000999000999000999,1155,39,0.0013468313063454763,True
132,Project,0.7637069295168328,99.23678324417891,0.0,0.000999000999000999,1155,39,0.0013468313063454763,True
133,Project,0.9189497103961513,345.61609890772695,0.0,0.000999000999000999,1155,39,0.0013468313063454763,True
134,Project,0.5896172040071191,44.6696175579572,5.566314634392573e-195,0.000999000999000999,1155,39,0.0013468313063454763,True
135,Project,0.3329826704351941,16.17339983874566,2.4110227308065355e-81,0.000999000999000999,1155,39,0.0013468313063454763,True
136,Project,0.3115698590403639,14.7560564391659,3.77372750265799e-74,0.000999000999000999,1155,39,0.0013468313063454763,True
137,Project,0.2815588616762148,12.911772655694461,1.6512886641172218e-64,0.000999000999000999,1155,39,0.0013468313063454763,True
138,Project,0.42166870488256414,23.16118931771515,2.9719343218232017e-114,0.000999000999000999,1155,39,0.0013468313063454763,True
139,Project,0.336467166796702,16.41269772804314,1.5333620076149828e-82,0.000999000999000999,1155,39,0.0013468313063454763,True
140,Project,0.6242423174777803,51.494459189988966,6.284616882463286e-216,0.000999000999000999,1155,39,0.0013468313063454763,True
141,Project,0.5101951145860705,32.66004812889182,3.755610467944594e-153,0.000999000999000999,1155,39,0.0013468313063454763,True
142,Project,0.43837940531632286,24.724960921514963,4.409695310768633e-121,0.000999000999000999,1155,39,0.0013468313063454763,True
143,Project,0.9292857374233523,400.42996519958257,0.0,0.000999000999000999,1155,39,0.0013468313063454763,True
144,Project,0.14801200987834837,6.280339795730127,1.9874917635410314e-27,0.004995004995004995,1155,39,0.00627082625197611,True
145,Project,0.5958266505649311,45.80749231176978,1.338623940013441e-198,0.000999000999000999,1155,39,0.0013468313063454763,True
146,Project,0.6417115653610174,55.43841405971354,2.8971929831187267e-227,0.000999000999000999,1155,39,0.0013468313063454763,True
147,Project,0.3038320916144921,14.265329179314902,1.2913522242923385e-71,0.000999000999000999,1155,39,0.0013468313063454763,True
