iModulon,metadata,omega2,f_stat,p_anova,p_perm,n,k,q_value,FDR05
0,Temperature shift,0.0,0.6027025623461061,0.4377852852641648,1.0,778,2,1.0,False
1,Temperature shift,0.0,0.020858415562942916,0.8852028272099749,1.0,778,2,1.0,False
2,Temperature shift,0.0,0.691078378152141,0.4060535427003711,1.0,778,2,1.0,False
3,Temperature shift,0.005124364309203979,5.0072902476825405,0.025523826480494415,0.029970029970029972,778,2,0.04005895095004006,True
4,Temperature shift,0.01813342106232519,15.368348907193543,9.6276227377006e-05,0.001998001998001998,778,2,0.0031208460960527075,True
5,Temperature shift,0.0,0.8412647814759949,0.3593202578571595,1.0,778,2,1.0,False
6,Temperature shift,0.0,0.5485172724199211,0.45914820128335676,1.0,778,2,1.0,False
7,Temperature shift,0.0,0.07672291103996015,0.7818623107441173,1.0,778,2,1.0,False
8,Temperature shift,0.012499269088392388,10.84751812972554,0.0010341134461244771,0.004995004995004995,778,2,0.0074452361518607575,True
9,Temperature shift,0.0,0.1573987315920475,0.6916719008226561,1.0,778,2,1.0,False
10,Temperature shift,0.0,0.5113527739852398,0.4747689151440726,1.0,778,2,1.0,False
11,Temperature shift,0.0,0.04473723051648484,0.8325434815551288,1.0,778,2,1.0,False
12,Temperature shift,0.00238017192843728,2.8561918159783906,0.09142439050701041,0.08591408591408592,778,2,0.10516685387151709,False
13,Temperature shift,0.0005200682847316234,1.4048236614684417,0.2362804335031737,0.22277722277722278,778,2,0.25705064166602626,False
14,Temperature shift,0.0,0.008512082767958758,0.9265145260734807,1.0,778,2,1.0,False
15,Temperature shift,0.004687673162306576,4.664186227715873,0.03110367901887885,0.03296703296703297,778,2,0.04375540190146932,True
16,Temperature shift,0.0032990415960095633,3.575149888292878,0.05902243782268732,0.059940059940059943,778,2,0.07562530927016908,False
17,Temperature shift,0.004284907112456158,4.3480036180062145,0.037378632816360086,0.03396603396603397,778,2,0.04495504495504496,True
18,Temperature shift,0.001510967671041712,2.177311728030244,0.14046454068821052,0.11888111888111888,778,2,0.14292958949447498,False
19,Temperature shift,0.03159160534773271,26.380065988958645,3.5495742140210953e-07,0.004995004995004995,778,2,0.0074452361518607575,True
20,Temperature shift,0.00014936137650064184,1.1162205097728166,0.2910625289737301,0.23776223776223776,778,2,0.2730076727646594,False
21,Temperature shift,0.004496466576300273,4.51405181288564,0.03393302406153122,0.028971028971028972,778,2,0.03883350691861331,True
22,Temperature shift,0.0,0.15044742658782317,0.698214520082175,1.0,778,2,1.0,False
23,Temperature shift,0.0,0.12223775130537012,0.7267148879999241,1.0,778,2,1.0,False
24,Temperature shift,4.7346139910720586e-05,1.036837040942235,0.3088755877046759,0.2827172827172827,778,2,0.321115182894029,False
25,Temperature shift,0.03966266403192112,33.13199306234233,1.2398593087528571e-08,0.000999000999000999,778,2,0.0016082724770970086,True
26,Temperature shift,0.0003100610329470015,1.2413023020738005,0.2655651721164539,0.2097902097902098,778,2,0.24325367883650093,False
27,Temperature shift,0.004321507409101695,4.376725307716918,0.036757356028988955,0.03996003996003996,778,2,0.05222992774859995,False
28,Temperature shift,0.0,0.05474648995549993,0.8150624689970914,1.0,778,2,1.0,False
29,Temperature shift,0.0,0.08203595672596897,0.7746335221419786,1.0,778,2,1.0,False
30,Temperature shift,0.0,0.2135055448410693,0.6441630740921033,1.0,778,2,1.0,False
31,Temperature shift,0.00128140078750136,1.9982089183701486,0.15788622181048065,0.14385614385614387,778,2,0.17099881250824647,False
32,Temperature shift,0.0008755562302303233,1.6817796835687846,0.19507360710155797,0.04995004995004995,778,2,0.0641342353298875,False
33,Temperature shift,0.009775003796650326,8.680025229571383,0.0033134684109429554,0.002997002997002997,778,2,0.004553324489015807,True
34,Temperature shift,0.011403598003832595,9.97433900130273,0.0016488377501203586,0.00999000999000999,778,2,0.014260663807491601,True
35,Temperature shift,0.0,0.18238286971427153,0.6694518501844587,1.0,778,2,1.0,False
36,Temperature shift,0.009077604085937666,8.127072723333612,0.004476615494224081,0.017982017982017984,778,2,0.024843577475156423,True
37,Temperature shift,0.0,0.8355148541721129,0.36096660120380386,1.0,778,2,1.0,False
38,Temperature shift,0.0,0.4119776127761538,0.5211569999323115,1.0,778,2,1.0,False
39,Temperature shift,0.7221887476113554,2023.462520184804,2.1307180201330417e-218,0.000999000999000999,778,2,0.0016082724770970086,True
40,Temperature shift,0.010267050427133625,9.07062676427737,0.002681804590680542,0.00999000999000999,778,2,0.014260663807491601,True
41,Temperature shift,0.02417276478124224,20.272275174396526,7.747705069389046e-06,0.002997002997002997,778,2,0.004553324489015807,True
42,Temperature shift,0.0021691391486844537,2.6912588334226406,0.10130531525568723,0.08791208791208792,778,2,0.10747338043586428,False
43,Temperature shift,0.0,0.0002692193702985538,0.986913190286281,1.0,778,2,1.0,False
44,Temperature shift,0.0027133151633100096,3.1167024779849197,0.07788669472766718,0.060939060939060936,778,2,0.07678321678321678,False
45,Temperature shift,0.0,0.03687460809455056,0.8477708054626694,1.0,778,2,1.0,False
46,Temperature shift,0.0,0.6633960635111603,0.4156134362393502,1.0,778,2,1.0,False
47,Temperature shift,0.0002855975390512356,1.2222583618230316,0.26926054128062676,0.12187812187812187,778,2,0.1463466647710612,False
48,Temperature shift,0.1259427187327832,113.10184649688863,9.419374832740463e-25,0.000999000999000999,778,2,0.0016082724770970086,True
49,Temperature shift,0.0038979977606850595,4.044509750000864,0.04466062732066589,0.04695304695304695,778,2,0.06086506086506086,False
50,Temperature shift,0.0039645557249769125,4.09670139929315,0.04330912872758154,0.04895104895104895,778,2,0.06302280825441588,False
51,Temperature shift,0.0022989238666893804,2.792684012345752,0.09509869227879636,0.022977022977022976,778,2,0.03124213915580822,True
52,Temperature shift,0.022056841161962076,18.547259540519455,1.870016235903135e-05,0.000999000999000999,778,2,0.0016082724770970086,True
53,Temperature shift,0.29976036623896535,334.04822190841895,2.4550490820729704e-62,0.000999000999000999,778,2,0.0016082724770970086,True
54,Temperature shift,0.0,0.024340691906726195,0.876061744504715,1.0,778,2,1.0,False
55,Temperature shift,0.0011965155816085796,1.9320042801347823,0.16493791840887648,0.15284715284715283,778,2,0.18100320731899677,False
56,Temperature shift,0.0,0.8036366637389206,0.37028629640583144,1.0,778,2,1.0,False
57,Temperature shift,0.0027970086810378846,3.182176319957952,0.07483619283324684,0.08091908091908091,778,2,0.09956840034965034,False
58,Temperature shift,0.003533871526279555,3.7591023607161196,0.05288300565928342,0.05094905094905095,778,2,0.06523963841037012,False
59,Temperature shift,0.0,0.08970456397118992,0.7646332788810093,1.0,778,2,1.0,False
60,Temperature shift,0.0,0.8201849796450669,0.36540718631219804,1.0,778,2,1.0,False
61,Temperature shift,0.015556610772122312,13.294300833493192,0.0002839770569058536,0.001998001998001998,778,2,0.0031208460960527075,True
62,Temperature shift,0.0044613486473363325,4.486483666818588,0.034481187782330065,0.04595404595404595,778,2,0.059816216841010225,False
63,Temperature shift,0.006983857476568566,6.471654371058863,0.011153662884055159,0.023976023976023976,778,2,0.03255365324330842,True
64,Temperature shift,0.00039116150090643114,1.304442733981968,0.25375558154819633,0.2677322677322677,778,2,0.30482770241806384,False
65,Temperature shift,0.03875368110189662,32.36590830520689,1.8096428484440823e-08,0.002997002997002997,778,2,0.004553324489015807,True
66,Temperature shift,0.0,0.06745445410066395,0.7951486895301231,1.0,778,2,1.0,False
67,Temperature shift,0.004117695814307436,4.216813201787595,0.040359913357522086,0.04795204795204795,778,2,0.06190530780694715,False
68,Temperature shift,0.0019412254573010683,2.513210889280768,0.11330309495053606,0.06893106893106893,778,2,0.08605001339479543,False
69,Temperature shift,0.02778332477236393,23.23313714284738,1.7266818907477023e-06,0.001998001998001998,778,2,0.0031208460960527075,True
70,Temperature shift,0.0,0.012127231712203474,0.9123397367098567,1.0,778,2,1.0,False
71,Temperature shift,0.0,0.8825296844457001,0.34780206983815254,1.0,778,2,1.0,False
72,Temperature shift,0.0,0.28746629886077435,0.5920024302331255,1.0,778,2,1.0,False
73,Temperature shift,0.0012024105315050415,1.9366015731062494,0.1644367729027385,0.1258741258741259,778,2,0.15076178574277435,False
74,Temperature shift,0.0,0.8261480158014478,0.36367094055632987,1.0,778,2,1.0,False
75,Temperature shift,0.0006942121683576732,1.540472269408353,0.21492258215380747,0.21078921078921078,778,2,0.2438137138259537,False
76,Temperature shift,0.0,0.017864669620038413,0.8937070551533013,1.0,778,2,1.0,False
77,Temperature shift,0.0,0.16383587299203725,0.6857607447171767,1.0,778,2,1.0,False
78,Temperature shift,0.01800900641888828,15.267958754692778,0.00010142582863874602,0.001998001998001998,778,2,0.0031208460960527075,True
79,Temperature shift,0.0006301325933280757,1.490552270583669,0.22250161568318008,0.18281718281718282,778,2,0.2143452081417342,False
80,Temperature shift,0.0,0.4451225275750817,0.504858672255438,1.0,778,2,1.0,False
81,Temperature shift,0.0047675343515928194,4.72690989649605,0.02999572107939415,0.05194805194805195,778,2,0.06633906633906635,False
82,Temperature shift,0.000819438902477494,1.6380463060922843,0.20097622189818976,0.17082917082917082,778,2,0.20078801795219706,False
83,Temperature shift,0.011718255486698135,10.224902533377152,0.0014417693494559432,0.01098901098901099,778,2,0.015592515592515593,True
84,Temperature shift,0.0006533057454370737,1.508604143959445,0.21972459565127578,0.2017982017982018,778,2,0.2342743251834161,False
85,Temperature shift,0.002678973774419819,3.0898402236505063,0.07917678313561166,0.058941058941058944,778,2,0.07456399022664083,False
86,Temperature shift,0.019952804981983607,16.839321162179214,4.498580348810477e-05,0.006993006993006993,778,2,0.010261477652782002,True
87,Temperature shift,0.002451851616064185,2.9122290592070375,0.0883103829433913,0.07592407592407592,778,2,0.09403440596101145,False
88,Temperature shift,0.019543317275609852,16.5077741916912,5.337966184077948e-05,0.022977022977022976,778,2,0.03124213915580822,True
89,Temperature shift,0.0,0.27121660120314656,0.6026653952220593,1.0,778,2,1.0,False
90,Temperature shift,0.0,0.0039733991525709444,0.949754942629829,1.0,778,2,1.0,False
91,Temperature shift,0.004035033008344504,4.1519739996219425,0.04192474093652969,0.04795204795204795,778,2,0.06190530780694715,False
92,Temperature shift,0.0,0.7636898005059781,0.38244662815772257,1.0,778,2,1.0,False
93,Temperature shift,0.0,0.003554919949181848,0.9524711314208858,1.0,778,2,1.0,False
94,Temperature shift,0.002234821674473065,2.742585630877555,0.09811083289970919,0.03396603396603397,778,2,0.04495504495504496,True
95,Temperature shift,0.0,0.3512078648295079,0.5536028311899845,1.0,778,2,1.0,False
96,Temperature shift,0.002748499607673764,3.1442260993630518,0.07658832152924516,0.07392607392607392,778,2,0.09180044659676723,False
97,Temperature shift,0.007209790747263351,6.649952174279488,0.010098951648795602,0.015984015984015984,778,2,0.022311514187437376,True
98,Temperature shift,0.0,0.9204601326970214,0.33765300897450734,1.0,778,2,1.0,False
99,Temperature shift,0.0019052752597563615,2.4851337406639655,0.11533413552586246,0.12387612387612387,778,2,0.14855702672961557,False
100,Temperature shift,0.008932589968994252,8.012192032083982,0.004766463328220283,0.01898101898101898,778,2,0.026071312408521712,True
101,Temperature shift,0.001801167246959674,2.403836662751656,0.12144579017566065,0.0899100899100899,778,2,0.10963230318069025,False
102,Temperature shift,0.0074659458215783625,6.852198042712001,0.009025717337968038,0.013986013986013986,778,2,0.01958041958041958,True
103,Temperature shift,0.0007574847813058633,1.5897699015808815,0.20773796259102204,0.13486513486513488,778,2,0.16091862682771774,False
104,Temperature shift,0.00025719224433100497,1.2001470423565417,0.27363217571884646,0.11688311688311688,778,2,0.14070642733063116,False
0,Time point (day),0.07453195076089711,13.804958724102788,1.2080429320801391e-08,0.000999000999000999,477,4,0.0016082724770970086,True
1,Time point (day),0.08582885083691344,15.928044158429985,7.002586571219461e-10,0.000999000999000999,477,4,0.0016082724770970086,True
2,Time point (day),0.5778306063355577,218.62607092351132,5.976224743678622e-89,0.000999000999000999,477,4,0.0016082724770970086,True
3,Time point (day),0.0551311021386245,10.277313773246199,1.4484797269546361e-06,0.000999000999000999,477,4,0.0016082724770970086,True
4,Time point (day),0.32054977339984314,76.01272642972916,3.8444137008108185e-40,0.000999000999000999,477,4,0.0016082724770970086,True
5,Time point (day),0.0,0.19455456159968987,0.9001034825252443,1.0,477,4,1.0,False
6,Time point (day),0.2847320700604894,64.29432265115878,6.98692698380032e-35,0.000999000999000999,477,4,0.0016082724770970086,True
7,Time point (day),0.060572627360627025,11.25204079723666,3.835473136670535e-07,0.000999000999000999,477,4,0.0016082724770970086,True
8,Time point (day),0.24869888710398555,53.63285568300064,7.44684011201266e-30,0.000999000999000999,477,4,0.0016082724770970086,True
9,Time point (day),0.0,0.3261962062349426,0.8064275098209043,1.0,477,4,1.0,False
10,Time point (day),0.05217484004628466,9.75245764499896,2.967500298124623e-06,0.000999000999000999,477,4,0.0016082724770970086,True
11,Time point (day),0.05731558149630248,10.667262213135169,8.507829381574631e-07,0.000999000999000999,477,4,0.0016082724770970086,True
12,Time point (day),1.822492634516133e-05,1.0028978161013657,0.39126595648714624,0.3876123876123876,477,4,0.4365836785383865,False
13,Time point (day),0.0,0.1629295433183275,0.9212899332752387,1.0,477,4,1.0,False
14,Time point (day),0.27250410840694195,60.55793529201179,3.791480490897036e-33,0.000999000999000999,477,4,0.0016082724770970086,True
15,Time point (day),0.3334771516878936,80.55146211813965,4.143115462022698e-42,0.000999000999000999,477,4,0.0016082724770970086,True
16,Time point (day),0.6662334286167628,318.3808410801968,4.511767960276292e-113,0.000999000999000999,477,4,0.0016082724770970086,True
17,Time point (day),0.06382529873405722,11.840094786787295,1.7242288902534325e-07,0.000999000999000999,477,4,0.0016082724770970086,True
18,Time point (day),0.17275296025986375,34.203770290851445,5.056174694281587e-20,0.000999000999000999,477,4,0.0016082724770970086,True
19,Time point (day),0.003703040327779119,1.590971804541678,0.190721986303325,0.1998001998001998,477,4,0.23224008463860862,False
20,Time point (day),0.04758824534698091,8.944600613341432,8.967899967105863e-06,0.000999000999000999,477,4,0.0016082724770970086,True
21,Time point (day),0.04947714537769406,9.276356614464873,5.692872644794022e-06,0.000999000999000999,477,4,0.0016082724770970086,True
22,Time point (day),0.08085899772119624,14.987604302055068,2.464332571383431e-09,0.000999000999000999,477,4,0.0016082724770970086,True
23,Time point (day),0.025304428940832686,5.127857272625447,0.0016891472880601083,0.000999000999000999,477,4,0.0016082724770970086,True
24,Time point (day),0.01801892756734317,3.9175811669262526,0.008799520234579307,0.008991008991008992,477,4,0.013031447080526837,True
25,Time point (day),0.13752341093192877,26.352829996004537,8.88374154454003e-16,0.000999000999000999,477,4,0.0016082724770970086,True
26,Time point (day),0.14916907955061215,28.876142108258275,3.683093204275684e-17,0.000999000999000999,477,4,0.0016082724770970086,True
27,Time point (day),0.18296726545279923,36.60664582566295,2.7371068750453005e-21,0.000999000999000999,477,4,0.0016082724770970086,True
28,Time point (day),0.1596150433904591,31.199007846917556,2.0365345514831777e-18,0.000999000999000999,477,4,0.0016082724770970086,True
29,Time point (day),0.07758723432018266,14.374023773204343,5.616230586690226e-09,0.000999000999000999,477,4,0.0016082724770970086,True
30,Time point (day),0.1252620638596975,23.768725730099572,2.4119667610822865e-14,0.000999000999000999,477,4,0.0016082724770970086,True
31,Time point (day),0.0,0.9377514089807949,0.4222040363119868,1.0,477,4,1.0,False
32,Time point (day),0.00665450830286861,2.0651549022972877,0.10400121225245841,0.08591408591408592,477,4,0.10516685387151709,False
33,Time point (day),0.01941035018029653,4.147336583895824,0.006440613989468999,0.006993006993006993,477,4,0.010261477652782002,True
34,Time point (day),0.09402359835484263,17.501259979037872,8.636806577497601e-11,0.000999000999000999,477,4,0.0016082724770970086,True
35,Time point (day),0.17574583763643195,34.90166463225832,2.1598521547114103e-20,0.000999000999000999,477,4,0.0016082724770970086,True
36,Time point (day),0.044110772894701875,8.337265335123396,2.0623371934877718e-05,0.000999000999000999,477,4,0.0016082724770970086,True
37,Time point (day),0.2707905233242476,60.04434128425395,6.599432232768157e-33,0.000999000999000999,477,4,0.0016082724770970086,True
38,Time point (day),0.001469832771546545,1.2340474212457437,0.296746538627058,0.2977022977022977,477,4,0.3373245459576395,False
39,Time point (day),0.04374201131289154,8.273120727910023,2.2520718064699983e-05,0.000999000999000999,477,4,0.0016082724770970086,True
40,Time point (day),0.11112167576264906,20.87712599631729,1.0200401531992537e-12,0.000999000999000999,477,4,0.0016082724770970086,True
41,Time point (day),0.1588049832735129,31.016811605409842,2.5526266330771978e-18,0.000999000999000999,477,4,0.0016082724770970086,True
42,Time point (day),0.24522558574010053,52.658969085364156,2.2056460974334767e-29,0.000999000999000999,477,4,0.0016082724770970086,True
43,Time point (day),0.07258233336462509,13.443790344046475,1.966127619218061e-08,0.000999000999000999,477,4,0.0016082724770970086,True
44,Time point (day),0.22738908108343697,47.79569367588884,5.378638713088885e-27,0.000999000999000999,477,4,0.0016082724770970086,True
45,Time point (day),0.26305547052408074,57.75572331485169,7.922908625017881e-32,0.000999000999000999,477,4,0.0016082724770970086,True
46,Time point (day),0.009726706872828459,2.5617369503078344,0.05427454648950668,0.052947052947052944,477,4,0.06743256743256743,False
47,Time point (day),0.07013191105294479,12.991995413075344,3.61962147367322e-08,0.000999000999000999,477,4,0.0016082724770970086,True
48,Time point (day),0.05328108661111803,9.948477368897631,2.26989566305085e-06,0.000999000999000999,477,4,0.0016082724770970086,True
49,Time point (day),0.0,0.9386870430691572,0.4217455894838045,1.0,477,4,1.0,False
50,Time point (day),0.20249864534390516,41.372702092230675,9.30683675349477e-24,0.000999000999000999,477,4,0.0016082724770970086,True
51,Time point (day),0.0004921103485816219,1.0782840698253682,0.3578980067819116,0.3886113886113886,477,4,0.43718781218781216,False
52,Time point (day),0.18695545210049447,37.5612400461639,8.675008812111028e-22,0.000999000999000999,477,4,0.0016082724770970086,True
53,Time point (day),0.05240236104877768,9.792735507421986,2.8084770388201547e-06,0.000999000999000999,477,4,0.0016082724770970086,True
54,Time point (day),0.0,0.7213845441861956,0.5395719500003562,1.0,477,4,1.0,False
55,Time point (day),0.05270859587598294,9.846978562030857,2.6077247094552224e-06,0.000999000999000999,477,4,0.0016082724770970086,True
56,Time point (day),0.10073211007068898,18.810494159308362,1.5312135983077625e-11,0.000999000999000999,477,4,0.0016082724770970086,True
57,Time point (day),0.21833777240607977,45.41266903663377,8.327050616987094e-26,0.000999000999000999,477,4,0.0016082724770970086,True
58,Time point (day),0.029757375377004677,5.8765355848824115,0.0006052434408133245,0.003996003996003996,477,4,0.006022685448522769,True
59,Time point (day),0.0,0.20956415493466893,0.8897767725873458,1.0,477,4,1.0,False
60,Time point (day),0.03908363819478907,7.467054490878961,6.810809967740608e-05,0.000999000999000999,477,4,0.0016082724770970086,True
61,Time point (day),0.04558723315713977,8.594586245909507,1.4490096788624909e-05,0.000999000999000999,477,4,0.0016082724770970086,True
62,Time point (day),0.19669443400407818,39.93215275792973,5.1153924671220416e-23,0.000999000999000999,477,4,0.0016082724770970086,True
63,Time point (day),0.004166072472961775,1.665176697530158,0.1736681375783161,0.13686313686313686,477,4,0.16309667633753386,False
64,Time point (day),0.015650742470927514,3.528033656594674,0.014907761078407938,0.01098901098901099,477,4,0.015592515592515593,True
65,Time point (day),0.05731343847681134,10.666878780035352,8.512279251679292e-07,0.000999000999000999,477,4,0.0016082724770970086,True
66,Time point (day),0.07442157271733611,13.784470460051823,1.2418622030129798e-08,0.000999000999000999,477,4,0.0016082724770970086,True
67,Time point (day),0.03974010165069014,7.580172902483547,5.830761509312812e-05,0.000999000999000999,477,4,0.0016082724770970086,True
68,Time point (day),0.10365883268294049,19.38781370035803,7.165048016510384e-12,0.000999000999000999,477,4,0.0016082724770970086,True
69,Time point (day),0.07290917850812723,13.504232718146758,1.8121311614176665e-08,0.000999000999000999,477,4,0.0016082724770970086,True
70,Time point (day),0.01690119515759607,3.733489265596821,0.011292812247416436,0.008991008991008992,477,4,0.013031447080526837,True
71,Time point (day),0.1604099156840543,31.378129840045602,1.6313153138493022e-18,0.000999000999000999,477,4,0.0016082724770970086,True
72,Time point (day),0.002536438581544809,1.4043192654497731,0.24078878208001991,0.23576423576423577,477,4,0.27104282578735134,False
73,Time point (day),0.024215549577026173,4.945822646669746,0.002166949371100519,0.001998001998001998,477,4,0.0031208460960527075,True
74,Time point (day),0.024556285338604877,5.002741839587868,0.0020046231899553987,0.001998001998001998,477,4,0.0031208460960527075,True
75,Time point (day),0.15769468310362886,30.767655635684157,3.47758746821151e-18,0.000999000999000999,477,4,0.0016082724770970086,True
76,Time point (day),0.19971698157977405,40.67971247705474,2.109492932268577e-23,0.000999000999000999,477,4,0.0016082724770970086,True
77,Time point (day),0.04319637404002431,8.17830000432207,2.5650249710820943e-05,0.000999000999000999,477,4,0.0016082724770970086,True
78,Time point (day),0.13170432117480857,25.117345712382015,4.283543208199835e-15,0.000999000999000999,477,4,0.0016082724770970086,True
79,Time point (day),0.0513414822254356,9.605093952030646,3.6301846439539017e-06,0.000999000999000999,477,4,0.0016082724770970086,True
80,Time point (day),0.08744550631897409,16.236170114764484,4.642211702500616e-10,0.000999000999000999,477,4,0.0016082724770970086,True
81,Time point (day),0.20653914061357603,42.387956279221186,2.8203838993996103e-24,0.000999000999000999,477,4,0.0016082724770970086,True
82,Time point (day),0.0,0.236816695116703,0.8706921990669748,1.0,477,4,1.0,False
83,Time point (day),0.028128922355713584,5.601946448904857,0.0008821316985883373,0.000999000999000999,477,4,0.0016082724770970086,True
84,Time point (day),0.0676566335190818,12.538028923976016,6.690750503860315e-08,0.000999000999000999,477,4,0.0016082724770970086,True
85,Time point (day),0.0,0.4941365922722181,0.6865109041531001,1.0,477,4,1.0,False
86,Time point (day),0.023913094984943536,4.89533153561503,0.002321867027029922,0.004995004995004995,477,4,0.0074452361518607575,True
87,Time point (day),0.06258783728695419,11.61589183974775,2.3382518301223896e-07,0.000999000999000999,477,4,0.0016082724770970086,True
88,Time point (day),0.05323995345909163,9.941180641202523,2.2926464452037696e-06,0.000999000999000999,477,4,0.0016082724770970086,True
89,Time point (day),0.3247241052034396,77.45931555560965,8.988346758029268e-41,0.000999000999000999,477,4,0.0016082724770970086,True
90,Time point (day),0.09821284833637298,18.316550647982755,2.9372663975735346e-11,0.000999000999000999,477,4,0.0016082724770970086,True
91,Time point (day),0.0,0.7102425423668135,0.5462313595328845,1.0,477,4,1.0,False
92,Time point (day),0.6044486141779956,243.9705294915815,1.2335566234969474e-95,0.000999000999000999,477,4,0.0016082724770970086,True
93,Time point (day),0.010697904852708225,2.7193604258235804,0.04404784328965036,0.04295704295704296,477,4,0.056069620986748066,False
94,Time point (day),0.001205868468531134,1.1919645705191144,0.31227656648005736,0.33266733266733267,477,4,0.3764917717013525,False
95,Time point (day),0.06846585941904994,12.686175711004918,5.474583334397305e-08,0.000999000999000999,477,4,0.0016082724770970086,True
96,Time point (day),0.09903999656549545,18.47842234270562,2.372234513458129e-11,0.000999000999000999,477,4,0.0016082724770970086,True
97,Time point (day),0.21092449071327105,43.50162833430893,7.664097962584678e-25,0.000999000999000999,477,4,0.0016082724770970086,True
98,Time point (day),0.148020464675103,28.624200943237863,5.051944571871634e-17,0.000999000999000999,477,4,0.0016082724770970086,True
99,Time point (day),0.3439619432058899,84.36398842011128,9.841005920348559e-44,0.000999000999000999,477,4,0.0016082724770970086,True
100,Time point (day),0.1464618555775291,28.283414559737217,7.751347360692611e-17,0.000999000999000999,477,4,0.0016082724770970086,True
101,Time point (day),0.06483125401310198,12.022790734098844,1.345463712125634e-07,0.000999000999000999,477,4,0.0016082724770970086,True
102,Time point (day),0.11076417265441546,20.805211295437022,1.120358119524182e-12,0.000999000999000999,477,4,0.0016082724770970086,True
103,Time point (day),0.08462901298578401,15.700065061741665,9.495417064061835e-10,0.000999000999000999,477,4,0.0016082724770970086,True
104,Time point (day),0.017400678659141598,3.8157030507898733,0.010102920623591463,0.005994005994005994,477,4,0.008850524475524476,True
0,Engineered,0.0,0.015544664500275758,0.9008239193362501,1.0,551,2,1.0,False
1,Engineered,0.03126487748922388,18.782928580016183,1.7423800371871395e-05,0.000999000999000999,551,2,0.0016082724770970086,True
2,Engineered,0.26449514552425424,199.14529339543597,8.330736732311781e-39,0.000999000999000999,551,2,0.0016082724770970086,True
3,Engineered,0.015509408712715292,9.68031068690265,0.0019593495379147496,0.000999000999000999,551,2,0.0016082724770970086,True
4,Engineered,0.03585625851409982,21.491548709138126,4.445611953550958e-06,0.000999000999000999,551,2,0.0016082724770970086,True
5,Engineered,0.004282477734403168,3.369793820929402,0.06694274967646688,0.07092907092907093,551,2,0.08831089858757843,False
6,Engineered,0.00964978139225679,6.368837656852635,0.011895218296840343,0.017982017982017984,551,2,0.024843577475156423,True
7,Engineered,0.0,0.08714962033969827,0.7679441975391385,1.0,551,2,1.0,False
8,Engineered,0.05758579633609375,34.668607346779204,6.812817427043048e-09,0.000999000999000999,551,2,0.0016082724770970086,True
9,Engineered,0.006136310564273461,4.401982743563481,0.036353613178749,0.03796203796203796,551,2,0.049825174825174824,True
10,Engineered,0.0,0.009681447180033737,0.9216550784200044,1.0,551,2,1.0,False
11,Engineered,0.020648427385309646,12.617159565007222,0.000415087224187558,0.000999000999000999,551,2,0.0016082724770970086,True
12,Engineered,0.0,0.17318724859238788,0.677457229238105,1.0,551,2,1.0,False
13,Engineered,0.0,0.04178964084248573,0.8380970413549358,1.0,551,2,1.0,False
14,Engineered,0.11010778985102522,69.17611337193117,7.141558083796584e-16,0.000999000999000999,551,2,0.0016082724770970086,True
15,Engineered,0.1164460778431168,73.617853062017,9.742516906461027e-17,0.000999000999000999,551,2,0.0016082724770970086,True
16,Engineered,0.20579012128347537,143.7712747799591,1.3840259707146678e-29,0.000999000999000999,551,2,0.0016082724770970086,True
17,Engineered,0.030308655214452224,18.222046079885843,2.316138981196637e-05,0.000999000999000999,551,2,0.0016082724770970086,True
18,Engineered,0.005044021432067804,3.793345503656976,0.051966061757307204,0.054945054945054944,551,2,0.06988301066362977,False
19,Engineered,0.018764917348378703,11.537199129709064,0.0007315731007973761,0.001998001998001998,551,2,0.0031208460960527075,True
20,Engineered,0.06798720244743427,41.19359889360692,2.9834711020412316e-10,0.000999000999000999,551,2,0.0016082724770970086,True
21,Engineered,0.0,0.19080646303532128,0.6624180010986969,1.0,551,2,1.0,False
22,Engineered,0.010810520042534785,7.021694189158581,0.008284929147821252,0.011988011988011988,551,2,0.01688326576553104,True
23,Engineered,0.008793808473448473,5.888375910372141,0.015562059473306241,0.00999000999000999,551,2,0.014260663807491601,True
24,Engineered,0.1706946289741119,114.41146922561006,2.203389075223048e-24,0.000999000999000999,551,2,0.0016082724770970086,True
25,Engineered,0.0009491650633021044,1.523486825285119,0.217620668202536,0.24475524475524477,551,2,0.2806962455020708,False
26,Engineered,0.09930777079953934,61.75169734629504,2.0680985755385024e-14,0.000999000999000999,551,2,0.0016082724770970086,True
27,Engineered,0.037620718155162165,22.539341187559398,2.63035987340848e-06,0.000999000999000999,551,2,0.0016082724770970086,True
28,Engineered,0.1871742910897728,127.882101857651,8.458024242702341e-27,0.000999000999000999,551,2,0.0016082724770970086,True
29,Engineered,0.05633929467685841,33.89630604711767,9.897543562296173e-09,0.000999000999000999,551,2,0.0016082724770970086,True
30,Engineered,0.042222045959159724,25.28991732931974,6.69045873145862e-07,0.000999000999000999,551,2,0.0016082724770970086,True
31,Engineered,0.06773152386776111,41.031461544177176,3.222820460666466e-10,0.000999000999000999,551,2,0.0016082724770970086,True
32,Engineered,0.0005891722652657211,1.3248252962170002,0.25022894617853025,0.27472527472527475,551,2,0.31241321855040266,False
33,Engineered,0.024386501400081678,14.772833494747761,0.00013545458727977233,0.000999000999000999,551,2,0.0016082724770970086,True
34,Engineered,0.010670218536196001,6.94270032460263,0.008653905271541223,0.00999000999000999,551,2,0.014260663807491601,True
35,Engineered,0.33461362833918257,278.0902998128639,8.155061663263192e-51,0.000999000999000999,551,2,0.0016082724770970086,True
36,Engineered,0.1260622019421336,80.47965338548777,4.629310937442856e-18,0.000999000999000999,551,2,0.0016082724770970086,True
37,Engineered,0.12814264040310133,81.98411292273042,2.3851973426294064e-18,0.000999000999000999,551,2,0.0016082724770970086,True
38,Engineered,0.021359288471354206,13.02583114423365,0.00033532062367482306,0.000999000999000999,551,2,0.0016082724770970086,True
39,Engineered,0.008253550775813074,5.585553576753953,0.018456669692421927,0.016983016983016984,551,2,0.023636157656776215,True
40,Engineered,0.015421681411711833,9.630442390846994,0.0020123116473748175,0.003996003996003996,551,2,0.006022685448522769,True
41,Engineered,0.05378326282838315,32.3190167265708,2.126984971852017e-08,0.000999000999000999,551,2,0.0016082724770970086,True
42,Engineered,0.13835957619280925,89.47788982019402,8.995632896602573e-20,0.000999000999000999,551,2,0.0016082724770970086,True
43,Engineered,0.08712559443446363,53.58795979020692,8.844971552685629e-13,0.000999000999000999,551,2,0.0016082724770970086,True
44,Engineered,0.0,0.429278973778546,0.5126173889815657,1.0,551,2,1.0,False
45,Engineered,0.03681528448190985,22.06057272578402,3.3423726757552697e-06,0.000999000999000999,551,2,0.0016082724770970086,True
46,Engineered,0.007383758013911758,5.098714582309241,0.024335421913780103,0.026973026973026972,551,2,0.036361641211855186,True
47,Engineered,0.017895927024334717,11.040336927360201,0.0009508751306907348,0.000999000999000999,551,2,0.0016082724770970086,True
48,Engineered,0.006028284099499245,4.341729433231261,0.03765105455657783,0.026973026973026972,551,2,0.036361641211855186,True
49,Engineered,0.0338155718741642,20.28449637592151,8.15719870639838e-06,0.000999000999000999,551,2,0.0016082724770970086,True
50,Engineered,0.005144409531994637,3.8492272439214936,0.05027371942245091,0.04595404595404595,551,2,0.059816216841010225,False
51,Engineered,0.01520440992399303,9.506973378580595,0.0021497969751771147,0.000999000999000999,551,2,0.0016082724770970086,True
52,Engineered,0.0,0.5831233586145371,0.44541869543880364,1.0,551,2,1.0,False
53,Engineered,0.03037133678343294,18.258778749544728,2.2733158396693857e-05,0.000999000999000999,551,2,0.0016082724770970086,True
54,Engineered,0.003602014983543689,2.991885055748877,0.08424475267270978,0.09090909090909091,551,2,0.11070759137769447,False
55,Engineered,0.09926386507752862,61.72187795866093,2.096442827458002e-14,0.000999000999000999,551,2,0.0016082724770970086,True
56,Engineered,0.036650110531765374,21.962488420640028,3.5106728378858285e-06,0.000999000999000999,551,2,0.0016082724770970086,True
57,Engineered,0.025671733625597888,15.517822910280769,9.226869327218164e-05,0.000999000999000999,551,2,0.0016082724770970086,True
58,Engineered,0.0014863870675697844,1.8202184363072607,0.17784343262018143,0.1938061938061938,551,2,0.22638671587991738,False
59,Engineered,0.00038200583543431866,1.2105656526323572,0.2717023230401401,0.34165834165834164,551,2,0.38620470438652255,False
60,Engineered,0.15275290410429693,100.34156230123993,8.355189516206816e-22,0.000999000999000999,551,2,0.0016082724770970086,True
61,Engineered,0.0,0.7700387597858603,0.3805889066226549,1.0,551,2,1.0,False
62,Engineered,0.04460438837205664,26.724440947687913,3.2914175190342977e-07,0.000999000999000999,551,2,0.0016082724770970086,True
63,Engineered,0.0,0.024680119640127916,0.8752245235482793,1.0,551,2,1.0,False
64,Engineered,0.052009375542674784,31.229376941801004,3.6146344103819963e-08,0.000999000999000999,551,2,0.0016082724770970086,True
65,Engineered,0.006742352137570807,4.740254138285844,0.029889905488520753,0.024975024975024976,551,2,0.033861404019223246,True
66,Engineered,0.011728547784914776,7.539124260852951,0.006235276357734189,0.008991008991008992,551,2,0.013031447080526837,True
67,Engineered,0.005900136364979972,4.270270177099178,0.039253142864325824,0.029970029970029972,551,2,0.04005895095004006,True
68,Engineered,0.10688223223691823,66.93991530371648,1.9587268492100425e-15,0.000999000999000999,551,2,0.0016082724770970086,True
69,Engineered,0.024870186710748005,15.052972938442299,0.00011722480466686206,0.000999000999000999,551,2,0.0016082724770970086,True
70,Engineered,0.0,0.5694744961609585,0.45079139217626174,1.0,551,2,1.0,False
71,Engineered,0.14607540248480239,95.25603502151563,7.390275231280524e-21,0.000999000999000999,551,2,0.0016082724770970086,True
72,Engineered,0.0,0.0007859736659863167,0.9776442470425076,1.0,551,2,1.0,False
73,Engineered,0.1266066007747863,80.87264054066758,3.8923888521919004e-18,0.000999000999000999,551,2,0.0016082724770970086,True
74,Engineered,0.2292923788655266,164.92740553017222,3.405040154016726e-33,0.000999000999000999,551,2,0.0016082724770970086,True
75,Engineered,0.2895917775982441,225.61039220122362,5.7168700148426304e-43,0.000999000999000999,551,2,0.0016082724770970086,True
76,Engineered,0.03145001694507807,18.8916520984084,1.6489680808651802e-05,0.000999000999000999,551,2,0.0016082724770970086,True
77,Engineered,0.283217090614159,218.71252478956526,6.733607758234177e-42,0.000999000999000999,551,2,0.0016082724770970086,True
78,Engineered,0.0004158331147360874,1.2292193632213504,0.26804435684151556,0.26573426573426573,551,2,0.30291783005896394,False
79,Engineered,0.034743474716439515,20.832711892970007,6.189739108805873e-06,0.000999000999000999,551,2,0.0016082724770970086,True
80,Engineered,0.3491609742618266,296.5995095716068,1.836109554730616e-53,0.000999000999000999,551,2,0.0016082724770970086,True
81,Engineered,0.17837990139823118,120.6262431234223,1.668137575480257e-25,0.000999000999000999,551,2,0.0016082724770970086,True
82,Engineered,0.0030628448850710793,2.6928123533319526,0.10137449179335596,0.11388611388611389,551,2,0.13727344084486942,False
83,Engineered,0.05566124180678201,33.477057591298966,1.2125755947843283e-08,0.000999000999000999,551,2,0.0016082724770970086,True
84,Engineered,0.0,0.07746878535193191,0.7808621960801967,1.0,551,2,1.0,False
85,Engineered,0.0043084793815162,3.384244607949267,0.06636206159009583,0.04695304695304695,551,2,0.06086506086506086,False
86,Engineered,0.0,0.30578716860511385,0.5805020188673145,1.0,551,2,1.0,False
87,Engineered,0.2317200862455356,167.18652295274612,1.4231464398288789e-33,0.000999000999000999,551,2,0.0016082724770970086,True
88,Engineered,0.0,0.25443981671786625,0.6141684553530021,1.0,551,2,1.0,False
89,Engineered,0.1494683657675919,97.8301074565782,2.4461896105389384e-21,0.000999000999000999,551,2,0.0016082724770970086,True
90,Engineered,0.11902403400559423,75.44271497583496,4.3174208674472436e-17,0.000999000999000999,551,2,0.0016082724770970086,True
91,Engineered,0.0520787270288387,31.271900643127697,3.540500136157367e-08,0.000999000999000999,551,2,0.0016082724770970086,True
92,Engineered,0.34542325664838275,291.76531720134886,8.90605142988521e-53,0.000999000999000999,551,2,0.0016082724770970086,True
93,Engineered,0.009490219442694492,6.2792117913086445,0.012504497404781493,0.012987012987012988,551,2,0.018235850330946914,True
94,Engineered,0.02269385311555514,13.794673507921129,0.00022476380548752624,0.000999000999000999,551,2,0.0016082724770970086,True
95,Engineered,0.11199675653346108,70.49322911145693,3.949447524648423e-16,0.000999000999000999,551,2,0.0016082724770970086,True
96,Engineered,0.2444044923191571,179.2261459986574,1.4273314059684302e-35,0.000999000999000999,551,2,0.0016082724770970086,True
97,Engineered,0.006669492091995971,4.6995643579187485,0.030599236398405248,0.03796203796203796,551,2,0.049825174825174824,True
98,Engineered,0.041052263835705545,24.58814408796764,9.476664863969257e-07,0.000999000999000999,551,2,0.0016082724770970086,True
99,Engineered,0.01153344406081119,7.42907707835279,0.006622692836758462,0.005994005994005994,551,2,0.008850524475524476,True
100,Engineered,0.014199337364621539,8.936528331184839,0.002920445201224008,0.005994005994005994,551,2,0.008850524475524476,True
101,Engineered,0.09119348758304464,56.289669441985986,2.5353725354819545e-13,0.000999000999000999,551,2,0.0016082724770970086,True
102,Engineered,0.18927739659019238,129.64060417528302,4.1266873301449465e-27,0.000999000999000999,551,2,0.0016082724770970086,True
103,Engineered,0.0,0.1584072987478623,0.6907818508743506,1.0,551,2,1.0,False
104,Engineered,0.03299825220151496,19.80248614279002,1.0402471853678813e-05,0.000999000999000999,551,2,0.0016082724770970086,True
0,Phase,0.013180318664831709,4.12538817973077,0.016752365460648875,0.016983016983016984,468,3,0.023636157656776215,True
1,Phase,0.12271595423732916,33.732309940244086,2.0903104253339604e-14,0.000999000999000999,468,3,0.0016082724770970086,True
2,Phase,0.6901747658145642,522.2644981136266,1.2652378166446696e-119,0.000999000999000999,468,3,0.0016082724770970086,True
3,Phase,0.10023391312051433,27.067592468998974,7.587584082559633e-12,0.000999000999000999,468,3,0.0016082724770970086,True
4,Phase,0.2794712343774944,91.76149622955596,2.5713498255100353e-34,0.000999000999000999,468,3,0.0016082724770970086,True
5,Phase,0.019701679350674257,5.70284695071608,0.00357414524621384,0.007992007992007992,468,3,0.011673025583381071,True
6,Phase,0.1776067169908118,51.535397886251495,6.084696215737351e-21,0.000999000999000999,468,3,0.0016082724770970086,True
7,Phase,0.02361657949210076,6.659948218167095,0.001406930885094533,0.001998001998001998,468,3,0.0031208460960527075,True
8,Phase,0.10589989718921376,28.71566166290913,1.7418898734584236e-12,0.000999000999000999,468,3,0.0016082724770970086,True
9,Phase,0.04546499150235783,12.145539887841643,7.2179638841668655e-06,0.000999000999000999,468,3,0.0016082724770970086,True
10,Phase,0.09143701193424968,24.549562411919464,7.318389836054913e-11,0.000999000999000999,468,3,0.0016082724770970086,True
11,Phase,0.004992346324630731,2.174070406040043,0.11486834439262385,0.0999000999000999,468,3,0.1215001215001215,False
12,Phase,0.0,0.04955920277984911,0.9516538420899096,1.0,468,3,1.0,False
13,Phase,0.00721290832577855,2.7000830917189558,0.06825360371253338,0.08291708291708291,468,3,0.10176187448914721,False
14,Phase,0.2172918635199333,65.96201290601928,6.048257254794119e-26,0.000999000999000999,468,3,0.0016082724770970086,True
15,Phase,0.3346481538448759,118.69362097996469,2.258128598576364e-42,0.000999000999000999,468,3,0.0016082724770970086,True
16,Phase,0.7201187691474207,603.0689256910329,6.799192684107442e-130,0.000999000999000999,468,3,0.0016082724770970086,True
17,Phase,0.1218737845318598,33.476499480489416,2.6138352941312683e-14,0.000999000999000999,468,3,0.0016082724770970086,True
18,Phase,0.1430628102536334,40.065520787186905,8.837904344792867e-17,0.000999000999000999,468,3,0.0016082724770970086,True
19,Phase,0.0,0.6359059386571428,0.529915407063063,1.0,468,3,1.0,False
20,Phase,0.011794211791300753,3.792784248073564,0.023233021216855117,0.027972027972027972,468,3,0.037654653039268425,True
21,Phase,0.002973670366443409,1.6979142326196177,0.18419792131899707,0.1878121878121878,468,3,0.21992877011464373,False
22,Phase,0.09389338600657289,25.247756264250643,3.895155920242011e-11,0.000999000999000999,468,3,0.0016082724770970086,True
23,Phase,0.04054785638064087,10.889183588956774,2.389413796801266e-05,0.000999000999000999,468,3,0.0016082724770970086,True
24,Phase,0.11331944258440972,30.905640022197282,2.5003961697203247e-13,0.000999000999000999,468,3,0.0016082724770970086,True
25,Phase,0.017854851210649995,5.2539895334637565,0.005541419041581339,0.01098901098901099,468,3,0.015592515592515593,True
26,Phase,0.16512990558490312,47.28312615981109,2.0292451340176386e-19,0.000999000999000999,468,3,0.0016082724770970086,True
27,Phase,0.10309536922533648,27.897303872645164,3.6128937754367737e-12,0.000999000999000999,468,3,0.0016082724770970086,True
28,Phase,0.1384016042627989,38.58824941843682,3.1268094440789704e-16,0.000999000999000999,468,3,0.0016082724770970086,True
29,Phase,0.0018961039309724288,1.4445311971979953,0.23691301393796224,0.22777222777222778,468,3,0.26217387971346556,False
30,Phase,0.02370840363711093,6.682489198669537,0.0013764371858137217,0.003996003996003996,468,3,0.006022685448522769,True
31,Phase,0.07822485476429533,20.858005620410257,2.1136627011544848e-09,0.000999000999000999,468,3,0.0016082724770970086,True
32,Phase,0.0,0.9306687317171732,0.3950231091320343,1.0,468,3,1.0,False
33,Phase,0.04519153956599249,12.075331542030394,7.716071016812053e-06,0.000999000999000999,468,3,0.0016082724770970086,True
34,Phase,0.009696601171966116,3.2912217376263735,0.03807701945830425,0.030969030969030968,468,3,0.04133578286120659,True
35,Phase,0.21354630423561582,64.53817835717147,1.8385867302130662e-25,0.000999000999000999,468,3,0.0016082724770970086,True
36,Phase,0.16212417498819284,46.27766026272751,4.686620717943796e-19,0.000999000999000999,468,3,0.0016082724770970086,True
37,Phase,0.46328761952879766,202.98770685066287,4.279970674727598e-64,0.000999000999000999,468,3,0.0016082724770970086,True
38,Phase,0.009092871057161882,3.1472565543512414,0.04388664143238574,0.055944055944055944,468,3,0.07096259445252734,False
39,Phase,0.01241658208015111,3.9420099143373477,0.02006125865364024,0.01898101898101898,468,3,0.026071312408521712,True
40,Phase,0.04048168242016867,10.872363573227297,2.4281171201989136e-05,0.000999000999000999,468,3,0.0016082724770970086,True
41,Phase,0.06070694321267126,16.12352785865574,1.6973458121576687e-07,0.000999000999000999,468,3,0.0016082724770970086,True
42,Phase,0.16197722757442198,46.22868888480087,4.882011904900029e-19,0.000999000999000999,468,3,0.0016082724770970086,True
43,Phase,0.023858325636940698,6.719301148254918,0.0013280579663797589,0.001998001998001998,468,3,0.0031208460960527075,True
44,Phase,0.1701452573237078,48.97705931684742,4.986994104805761e-20,0.000999000999000999,468,3,0.0016082724770970086,True
45,Phase,0.2714366129486967,88.18001557429679,3.401118243999845e-33,0.000999000999000999,468,3,0.0016082724770970086,True
46,Phase,0.011632006876923576,3.7539232635401354,0.02413866612822883,0.025974025974025976,468,3,0.035115099492781895,True
47,Phase,0.1069303235093293,29.01762993398918,1.3315627471882291e-12,0.000999000999000999,468,3,0.0016082724770970086,True
48,Phase,0.04058159347324258,10.89775973458346,2.369918950134814e-05,0.000999000999000999,468,3,0.0016082724770970086,True
49,Phase,0.0027559075777895273,1.6466645208560642,0.1938131522810038,0.1998001998001998,468,3,0.23224008463860862,False
50,Phase,0.07207347578558868,19.17513875692467,9.95322717374894e-09,0.000999000999000999,468,3,0.0016082724770970086,True
51,Phase,8.8064747703708e-05,1.0206089658860489,0.3611812358683373,0.3776223776223776,468,3,0.42583907739039,False
52,Phase,0.0971467813665424,26.17834169565037,1.6850845926608865e-11,0.000999000999000999,468,3,0.0016082724770970086,True
53,Phase,0.02654626346566111,7.381223285535743,0.0006985673705376393,0.000999000999000999,468,3,0.0016082724770970086,True
54,Phase,0.005247701121663845,2.234440034824716,0.10820028292027489,0.11388611388611389,468,3,0.13727344084486942,False
55,Phase,0.022267257352460965,6.3292049996879385,0.0019409278217944238,0.002997002997002997,468,3,0.004553324489015807,True
56,Phase,0.04280457896066105,11.464186577406366,1.3804622442934138e-05,0.000999000999000999,468,3,0.0016082724770970086,True
57,Phase,0.3029412304578452,102.69622853134308,1.1515726421530046e-37,0.000999000999000999,468,3,0.0016082724770970086,True
58,Phase,0.008530180972480374,3.0132356116681795,0.05009286492382058,0.03996003996003996,468,3,0.05222992774859995,False
59,Phase,0.0,0.01758240116905387,0.9825719205073973,1.0,468,3,1.0,False
60,Phase,0.03404450605512856,9.247185783235203,0.00011529374746464032,0.001998001998001998,468,3,0.0031208460960527075,True
61,Phase,0.015378376374640866,4.654744102019822,0.009964147481540463,0.008991008991008992,468,3,0.013031447080526837,True
62,Phase,0.1898352903425994,55.83015664673056,1.8573628895823386e-22,0.000999000999000999,468,3,0.0016082724770970086,True
63,Phase,0.0,0.2571268132755702,0.7733800178172068,1.0,468,3,1.0,False
64,Phase,0.0664391959078262,17.653196850471392,4.077830977697336e-08,0.000999000999000999,468,3,0.0016082724770970086,True
65,Phase,0.026089421221913794,7.268465194810136,0.0007792608217598371,0.002997002997002997,468,3,0.004553324489015807,True
66,Phase,0.010796985846048969,3.55407095593651,0.02938766341803771,0.028971028971028972,468,3,0.03883350691861331,True
67,Phase,0.009660855297141344,3.2826929053777403,0.03839859512002049,0.052947052947052944,468,3,0.06743256743256743,False
68,Phase,0.09656584256505865,26.011681232399,1.957480926989384e-11,0.000999000999000999,468,3,0.0016082724770970086,True
69,Phase,0.028892672089049398,7.9620371245489405,0.0003981265945187029,0.002997002997002997,468,3,0.004553324489015807,True
70,Phase,0.013645887093200403,4.237313595620008,0.015008120054779353,0.017982017982017984,468,3,0.024843577475156423,True
71,Phase,0.10961199000122802,29.806773420413347,6.608875496057838e-13,0.000999000999000999,468,3,0.0016082724770970086,True
72,Phase,0.0,0.9596022476782169,0.3838024214639937,1.0,468,3,1.0,False
73,Phase,0.0004631520698824756,1.1084278029138517,0.3309480072169215,0.3596403596403596,468,3,0.4060455673358899,False
74,Phase,0.02050496698669617,5.898608071677412,0.0029527299532207574,0.006993006993006993,468,3,0.010261477652782002,True
75,Phase,0.39160639595669494,151.61942802302048,2.0180362626175557e-51,0.000999000999000999,468,3,0.0016082724770970086,True
76,Phase,0.19569410476884005,57.934085386440806,3.425897004889606e-23,0.000999000999000999,468,3,0.0016082724770970086,True
77,Phase,0.06481410466038538,17.2176317736512,6.115004611674316e-08,0.000999000999000999,468,3,0.0016082724770970086,True
78,Phase,0.10076249374779464,27.2204627509954,6.616883617771308e-12,0.000999000999000999,468,3,0.0016082724770970086,True
79,Phase,0.025701646399721275,7.172837340133896,0.0008549929686196747,0.002997002997002997,468,3,0.004553324489015807,True
80,Phase,0.10073336490209733,27.212033747393004,6.667001548606431e-12,0.000999000999000999,468,3,0.0016082724770970086,True
81,Phase,0.3171999991126791,109.70650219084558,9.360903148394834e-40,0.000999000999000999,468,3,0.0016082724770970086,True
82,Phase,0.0,0.29481858228131363,0.7448057597810991,1.0,468,3,1.0,False
83,Phase,0.01731599657938287,5.123342992733386,0.006296822777248703,0.006993006993006993,468,3,0.010261477652782002,True
84,Phase,0.02572004818942369,7.177373623608427,0.0008512388537501104,0.002997002997002997,468,3,0.004553324489015807,True
85,Phase,0.0,0.3825370344332613,0.6823430913309223,1.0,468,3,1.0,False
86,Phase,0.0,0.4813992267172804,0.6182257872074342,1.0,468,3,1.0,False
87,Phase,0.050202929978569254,13.36841635521169,2.2643814607310758e-06,0.000999000999000999,468,3,0.0016082724770970086,True
88,Phase,0.005303683017916137,2.2476791207569433,0.10679074741322925,0.07992007992007992,468,3,0.09859592105022914,False
89,Phase,0.34977970404771525,126.8780312713765,1.0656336857906074e-44,0.000999000999000999,468,3,0.0016082724770970086,True
90,Phase,0.2048170995408441,61.27192142195627,2.4040670487000058e-24,0.000999000999000999,468,3,0.0016082724770970086,True
91,Phase,0.0027818368519712984,1.6527657110720473,0.1926425421570887,0.21478521478521478,468,3,0.2481320635354865,False
92,Phase,0.6892266979861429,519.9604328417058,2.575637459498968e-119,0.000999000999000999,468,3,0.0016082724770970086,True
93,Phase,0.007597493977800813,2.791423923274154,0.062361962753602763,0.07892107892107893,468,3,0.09749074454956809,False
94,Phase,0.0,0.8074682154550704,0.4466101143615533,1.0,468,3,1.0,False
95,Phase,0.039888496975455524,10.721691973122812,2.8041521082181813e-05,0.000999000999000999,468,3,0.0016082724770970086,True
96,Phase,0.204863854064451,61.28922480272609,2.371370101972894e-24,0.000999000999000999,468,3,0.0016082724770970086,True
97,Phase,0.17557970468259682,50.8358072079116,1.0795615812836945e-20,0.000999000999000999,468,3,0.0016082724770970086,True
98,Phase,0.06723992468733246,17.868370327237265,3.338970091906359e-08,0.000999000999000999,468,3,0.0016082724770970086,True
99,Phase,0.19849175219735268,58.94958460067778,1.5217299953010748e-23,0.000999000999000999,468,3,0.0016082724770970086,True
100,Phase,0.05133725271556573,13.663000808063341,1.7141222590059222e-06,0.000999000999000999,468,3,0.0016082724770970086,True
101,Phase,0.016204559630277008,4.854324586074304,0.00819408421657116,0.012987012987012988,468,3,0.018235850330946914,True
102,Phase,0.13960404593535358,38.96780609502756,2.258526033963792e-16,0.000999000999000999,468,3,0.0016082724770970086,True
103,Phase,0.11777464619950799,32.238353207560586,7.734226779536846e-14,0.000999000999000999,468,3,0.0016082724770970086,True
104,Phase,0.031197876881468044,8.535391403524347,0.00022884849438108056,0.000999000999000999,468,3,0.0016082724770970086,True
0,Culture,0.10190956839961775,22.61672376971232,5.276349557289938e-10,0.000999000999000999,381,3,0.0016082724770970086,True
1,Culture,0.23897134869788034,60.819090712359625,1.2590361142331167e-23,0.000999000999000999,381,3,0.0016082724770970086,True
2,Culture,0.12038623474370605,27.072326996831187,1.0281152667114973e-11,0.000999000999000999,381,3,0.0016082724770970086,True
3,Culture,0.30930956305724705,86.31097089344728,1.3324044986803865e-31,0.000999000999000999,381,3,0.0016082724770970086,True
4,Culture,0.07887755977892559,17.312896615871136,6.39434137672239e-08,0.000999000999000999,381,3,0.0016082724770970086,True
5,Culture,0.3075787975000108,85.62155796529494,2.140112264181084e-31,0.000999000999000999,381,3,0.0016082724770970086,True
6,Culture,0.06445128389739838,14.123816399003921,1.2147328423469452e-06,0.000999000999000999,381,3,0.0016082724770970086,True
7,Culture,0.18897491169216588,45.387924857502654,2.1553696097276557e-18,0.000999000999000999,381,3,0.0016082724770970086,True
8,Culture,0.12205907577665284,27.484986966545616,7.168525723840305e-12,0.000999000999000999,381,3,0.0016082724770970086,True
9,Culture,0.1155422743920049,25.886212912602733,2.909810096385274e-11,0.000999000999000999,381,3,0.0016082724770970086,True
10,Culture,0.37508451528409176,115.34122198796668,7.87215356677814e-40,0.000999000999000999,381,3,0.0016082724770970086,True
11,Culture,0.31473950808565965,88.49647323577656,2.9896444804969646e-32,0.000999000999000999,381,3,0.0016082724770970086,True
12,Culture,0.17131868136149198,40.38330461338778,1.2737958268065387e-16,0.000999000999000999,381,3,0.0016082724770970086,True
13,Culture,0.09801900043412023,21.70178816592253,1.1967051286555694e-09,0.000999000999000999,381,3,0.0016082724770970086,True
14,Culture,0.45403635730318626,159.4243332376787,6.205527682077265e-51,0.000999000999000999,381,3,0.0016082724770970086,True
15,Culture,0.01965856618309571,4.820053635088088,0.008568896739005604,0.008991008991008992,381,3,0.013031447080526837,True
16,Culture,0.011930701781825174,3.300242193069175,0.03793961239263743,0.03796203796203796,381,3,0.049825174825174824,True
17,Culture,0.5836176642645845,268.01220369024173,3.349093736550672e-73,0.000999000999000999,381,3,0.0016082724770970086,True
18,Culture,0.38277927589780353,119.14161322045614,7.541617085607667e-41,0.000999000999000999,381,3,0.0016082724770970086,True
19,Culture,0.16578223884377252,38.85764097849778,4.496361231436698e-16,0.000999000999000999,381,3,0.0016082724770970086,True
20,Culture,0.742645207609031,550.7232467876319,9.935494521620358e-113,0.000999000999000999,381,3,0.0016082724770970086,True
21,Culture,0.17074955011108553,40.225531081133795,1.4506957300030706e-16,0.000999000999000999,381,3,0.0016082724770970086,True
22,Culture,0.0,0.36991542029487495,0.6910425441171726,1.0,381,3,1.0,False
23,Culture,0.17711131981295794,42.00154399584094,3.37340248150049e-17,0.000999000999000999,381,3,0.0016082724770970086,True
24,Culture,0.12389973919083176,27.940866669819,4.816836500088917e-12,0.000999000999000999,381,3,0.0016082724770970086,True
25,Culture,0.07198373616960002,15.776574802373196,2.626087000206645e-07,0.000999000999000999,381,3,0.0016082724770970086,True
26,Culture,0.1177174381841572,26.417222264858395,1.825077556339192e-11,0.000999000999000999,381,3,0.0016082724770970086,True
27,Culture,0.26123041909432876,68.36118557624225,4.5566409982535e-26,0.000999000999000999,381,3,0.0016082724770970086,True
28,Culture,0.10338875218555559,22.966663188040194,3.8611045003603195e-10,0.000999000999000999,381,3,0.0016082724770970086,True
29,Culture,0.16971561925503925,39.93946004268634,1.8368654524218613e-16,0.000999000999000999,381,3,0.0016082724770970086,True
30,Culture,0.0762664423270515,16.72829864479956,1.0932222538824478e-07,0.000999000999000999,381,3,0.0016082724770970086,True
31,Culture,0.13979555123167495,31.958980214256602,1.5009901549274316e-13,0.000999000999000999,381,3,0.0016082724770970086,True
32,Culture,0.012135292203308407,3.340171833738622,0.03647968209835456,0.03796203796203796,381,3,0.049825174825174824,True
33,Culture,0.0,0.06940425585214001,0.9329613395385871,1.0,381,3,1.0,False
34,Culture,0.09477922523478786,20.945899288391985,2.36038629754416e-09,0.000999000999000999,381,3,0.0016082724770970086,True
35,Culture,0.06684673134185344,14.646528119581816,7.473534182771635e-07,0.000999000999000999,381,3,0.0016082724770970086,True
36,Culture,0.12607925093223404,28.483152595028,3.0049610112260598e-12,0.000999000999000999,381,3,0.0016082724770970086,True
37,Culture,0.05133897677194195,11.309346368817572,1.697272519145994e-05,0.000999000999000999,381,3,0.0016082724770970086,True
38,Culture,0.07709722334437999,16.913941770038505,9.218787516541716e-08,0.000999000999000999,381,3,0.0016082724770970086,True
39,Culture,0.04324416207140687,9.610360708578032,8.490276988889365e-05,0.002997002997002997,381,3,0.004553324489015807,True
40,Culture,0.2179162148870777,54.08004043325663,2.2113796304307754e-21,0.000999000999000999,381,3,0.0016082724770970086,True
41,Culture,0.36813857621378204,111.99015722227915,6.381128007140838e-39,0.000999000999000999,381,3,0.0016082724770970086,True
42,Culture,0.15284715382142314,35.370872900122755,8.291187443403589e-15,0.000999000999000999,381,3,0.0016082724770970086,True
43,Culture,0.3239765700081578,92.2949667843596,2.2891290926359893e-33,0.000999000999000999,381,3,0.0016082724770970086,True
44,Culture,0.3108456389193291,86.92573385340658,8.740856744632264e-32,0.000999000999000999,381,3,0.0016082724770970086,True
45,Culture,0.3348872458849288,96.91760185979169,1.051362063014965e-34,0.000999000999000999,381,3,0.0016082724770970086,True
46,Culture,0.12134361338183917,27.30830288300847,8.36465613388915e-12,0.000999000999000999,381,3,0.0016082724770970086,True
47,Culture,0.016285300038153133,4.153708750503063,0.016428740214508433,0.017982017982017984,381,3,0.024843577475156423,True
48,Culture,0.16726897878125832,39.265345766985035,3.207185240579662e-16,0.000999000999000999,381,3,0.0016082724770970086,True
49,Culture,0.019983950768517455,4.884571711236704,0.008046489125347833,0.00999000999000999,381,3,0.014260663807491601,True
50,Culture,0.14444495088479198,33.16246946588646,5.376749256620111e-14,0.000999000999000999,381,3,0.0016082724770970086,True
51,Culture,0.17550580081107492,41.55074624830529,4.8798490366096664e-17,0.000999000999000999,381,3,0.0016082724770970086,True
52,Culture,0.32895807258042725,94.38688130494238,5.64299663011942e-34,0.000999000999000999,381,3,0.0016082724770970086,True
53,Culture,0.0,0.8513755098827159,0.4276442236242305,1.0,381,3,1.0,False
54,Culture,0.3765472182649211,116.05641995827736,5.051600605911185e-40,0.000999000999000999,381,3,0.0016082724770970086,True
55,Culture,0.020320812268082793,4.951410610275286,0.007539019073342705,0.011988011988011988,381,3,0.01688326576553104,True
56,Culture,0.22409100035892573,56.01848230671754,4.928323441419072e-22,0.000999000999000999,381,3,0.0016082724770970086,True
57,Culture,0.2968076147696085,81.40737044540838,3.979053507111143e-30,0.000999000999000999,381,3,0.0016082724770970086,True
58,Culture,0.1660241185607702,38.92387200843933,4.2560440317717107e-16,0.000999000999000999,381,3,0.0016082724770970086,True
59,Culture,0.14076893085956366,32.20985994556009,1.2112509183636862e-13,0.000999000999000999,381,3,0.0016082724770970086,True
60,Culture,0.4927099459546551,186.0248077128118,5.674682217106953e-57,0.000999000999000999,381,3,0.0016082724770970086,True
61,Culture,0.05018408713237459,11.065180493611853,2.1373003246436323e-05,0.000999000999000999,381,3,0.0016082724770970086,True
62,Culture,0.33423241086128613,96.63588751961458,1.2666806889558109e-34,0.000999000999000999,381,3,0.0016082724770970086,True
63,Culture,0.01234334412207814,3.3807940150676496,0.03505235942651862,0.028971028971028972,381,3,0.03883350691861331,True
64,Culture,0.15225906163949807,35.21487618424988,9.455944232881404e-15,0.000999000999000999,381,3,0.0016082724770970086,True
65,Culture,0.08278623258171566,18.194222183567334,2.856978238777161e-08,0.000999000999000999,381,3,0.0016082724770970086,True
66,Culture,0.1125419185945011,25.158026098875997,5.5269793073034016e-11,0.000999000999000999,381,3,0.0016082724770970086,True
67,Culture,0.0021941850391763223,1.4189114191316883,0.24326309846608588,0.22577422577422576,381,3,0.2601910284837114,False
68,Culture,0.026419693980501677,6.169529079591687,0.002308927521320215,0.001998001998001998,381,3,0.0031208460960527075,True
69,Culture,0.220035288411302,54.74181910996141,1.322823510090027e-21,0.000999000999000999,381,3,0.0016082724770970086,True
70,Culture,0.08212792674326738,18.04526208002012,3.2729539756014755e-08,0.000999000999000999,381,3,0.0016082724770970086,True
71,Culture,0.18187722502330222,43.350136711358424,1.1227078909419679e-17,0.000999000999000999,381,3,0.0016082724770970086,True
72,Culture,0.04896333833737875,10.807735421013216,2.726193866200226e-05,0.001998001998001998,381,3,0.0031208460960527075,True
73,Culture,0.07312414609095101,16.02914308488727,2.0803348099264134e-07,0.000999000999000999,381,3,0.0016082724770970086,True
74,Culture,0.36716328892424804,111.52551995785957,8.54485058844398e-39,0.000999000999000999,381,3,0.0016082724770970086,True
75,Culture,0.24982955507446938,64.44228910059356,8.2819842031662e-25,0.000999000999000999,381,3,0.0016082724770970086,True
76,Culture,0.18726546150898624,44.893877678309494,3.2115713761418017e-18,0.000999000999000999,381,3,0.0016082724770970086,True
77,Culture,0.4091330742407347,132.90762123418415,1.9501726919079448e-44,0.000999000999000999,381,3,0.0016082724770970086,True
78,Culture,0.1439046205151087,33.02193454731992,6.059812689627782e-14,0.000999000999000999,381,3,0.0016082724770970086,True
79,Culture,0.43478338752160495,147.5389259520954,4.3813552050009213e-48,0.000999000999000999,381,3,0.0016082724770970086,True
80,Culture,0.23522905769868488,59.59419208156075,3.187763916689e-23,0.000999000999000999,381,3,0.0016082724770970086,True
81,Culture,0.2163895500392456,53.60548692853804,3.1993666219187344e-21,0.000999000999000999,381,3,0.0016082724770970086,True
82,Culture,0.1261705803097224,28.505935377549232,2.946053989418599e-12,0.000999000999000999,381,3,0.0016082724770970086,True
83,Culture,0.07830271923739306,17.18391236044595,7.196615448607857e-08,0.000999000999000999,381,3,0.0016082724770970086,True
84,Culture,0.5447692533577047,228.96909815537643,7.161963092704987e-66,0.000999000999000999,381,3,0.0016082724770970086,True
85,Culture,0.023989770586889954,5.6823805315550615,0.003702921504834461,0.005994005994005994,381,3,0.008850524475524476,True
86,Culture,0.02053947026299639,4.994820583685425,0.007226790734747044,0.00999000999000999,381,3,0.014260663807491601,True
87,Culture,0.19313808505444996,46.59987839475065,8.131942133560339e-19,0.000999000999000999,381,3,0.0016082724770970086,True
88,Culture,0.005140258758659089,1.9842787409436542,0.13890920291524053,0.1088911088911089,381,3,0.1317568475058872,False
89,Culture,0.33642900562359307,97.58307266959885,6.775321676433702e-35,0.000999000999000999,381,3,0.0016082724770970086,True
90,Culture,0.3894018124740153,122.48913441237993,9.785263659227209e-42,0.000999000999000999,381,3,0.0016082724770970086,True
91,Culture,0.0839050660889481,18.447880670734683,2.267146293403384e-08,0.000999000999000999,381,3,0.0016082724770970086,True
92,Culture,0.09508058485252066,21.01598276179459,2.2160901276149723e-09,0.000999000999000999,381,3,0.0016082724770970086,True
93,Culture,0.23209138233615123,58.57639296918424,6.922074704298511e-23,0.000999000999000999,381,3,0.0016082724770970086,True
94,Culture,0.023681536465767553,5.620759378448996,0.003931236986601044,0.003996003996003996,381,3,0.006022685448522769,True
95,Culture,0.9276364412140606,2443.040510666748,6.546141326391965e-217,0.000999000999000999,381,3,0.0016082724770970086,True
96,Culture,0.2085945348571616,51.210998837514005,2.085570853977792e-20,0.000999000999000999,381,3,0.0016082724770970086,True
97,Culture,0.04268739232528121,9.494558802185118,9.479695979174095e-05,0.000999000999000999,381,3,0.0016082724770970086,True
98,Culture,0.16361431942202198,38.2657358604662,7.35126192596277e-16,0.000999000999000999,381,3,0.0016082724770970086,True
99,Culture,0.22779895605908954,57.19741318632203,1.989308954323241e-22,0.000999000999000999,381,3,0.0016082724770970086,True
100,Culture,0.006515303373215952,2.2493048929810535,0.1068824587436766,0.1048951048951049,381,3,0.12724759194592314,False
101,Culture,0.06784173544490611,14.864438147124071,6.105795966833905e-07,0.000999000999000999,381,3,0.0016082724770970086,True
102,Culture,0.11783029172683346,26.44484396080747,1.7813823552260817e-11,0.000999000999000999,381,3,0.0016082724770970086,True
103,Culture,0.014688811410276073,3.839933826046046,0.02233844530832007,0.022977022977022976,381,3,0.03124213915580822,True
104,Culture,0.05672383400182057,12.455701698888971,5.772228094932199e-06,0.000999000999000999,381,3,0.0016082724770970086,True
0,Producer,0.004527723936821333,4.538590985956733,0.03345276454841984,0.03896103896103896,778,2,0.05106543941495398,False
1,Producer,0.02211288319831927,18.59285180539033,1.826845833488911e-05,0.000999000999000999,778,2,0.0016082724770970086,True
2,Producer,0.0911381704171529,79.01570522231022,4.256770375581049e-18,0.000999000999000999,778,2,0.0016082724770970086,True
3,Producer,0.01241756781351576,10.782340637152007,0.0010706439390771325,0.002997002997002997,778,2,0.004553324489015807,True
4,Producer,0.0,0.16777465688616033,0.6822101997154226,1.0,778,2,1.0,False
5,Producer,0.07725872175248047,66.13991184786512,1.6606132652417348e-15,0.000999000999000999,778,2,0.0016082724770970086,True
6,Producer,0.022579490358239567,18.972656932632706,1.5040621047313587e-05,0.000999000999000999,778,2,0.0016082724770970086,True
7,Producer,0.02884339805460594,24.106637633448514,1.111570246193302e-06,0.000999000999000999,778,2,0.0016082724770970086,True
8,Producer,0.005654125178256951,5.423922801985277,0.020118580442514394,0.025974025974025976,778,2,0.035115099492781895,True
9,Producer,0.028345460928582058,23.696100018749497,1.367028820199707e-06,0.000999000999000999,778,2,0.0016082724770970086,True
10,Producer,0.0,0.16469799561988158,0.6849793828021555,1.0,778,2,1.0,False
11,Producer,0.00038431632253012663,1.2991130529569717,0.25472698326505344,0.25574425574425574,778,2,0.29258876716503834,False
12,Producer,0.02518158254091231,21.09735440564961,5.092228730811845e-06,0.000999000999000999,778,2,0.0016082724770970086,True
13,Producer,0.03545214144508585,29.595539142660893,7.139589126730025e-08,0.000999000999000999,778,2,0.0016082724770970086,True
14,Producer,0.0012278314818294114,1.95642722431938,0.16229546651207627,0.15384615384615385,778,2,0.18195821700202178,False
15,Producer,0.00681829375230126,6.341049382928734,0.011997647038628335,0.014985014985014986,778,2,0.020947986924318287,True
16,Producer,0.05518680685856746,46.44320088631356,1.8938276911629806e-11,0.000999000999000999,778,2,0.0016082724770970086,True
17,Producer,0.001021200950819819,1.795306507499471,0.1806731707991158,0.21078921078921078,778,2,0.2438137138259537,False
18,Producer,0.01764715091464769,14.976122148349376,0.00011803001249752571,0.001998001998001998,778,2,0.0031208460960527075,True
19,Producer,0.0,0.4579956900411166,0.49876385644147647,1.0,778,2,1.0,False
20,Producer,0.0,0.22261372937803725,0.6371881991161314,1.0,778,2,1.0,False
21,Producer,0.0003032882592123135,1.2360298507497358,0.26658189211467326,0.26573426573426573,778,2,0.30291783005896394,False
22,Producer,0.005622463686432436,5.399010022150227,0.020405673857921042,0.02097902097902098,778,2,0.028690556910527968,True
23,Producer,0.011661991667116395,10.180087622372056,0.0014767644965059015,0.000999000999000999,778,2,0.0016082724770970086,True
24,Producer,0.0,0.0025986028448038933,0.9593573704098947,1.0,778,2,1.0,False
25,Producer,0.014318524246909787,12.301634593046058,0.0004785885875148965,0.002997002997002997,778,2,0.004553324489015807,True
26,Producer,0.060449949781806546,51.055939988852764,2.071666377845111e-12,0.000999000999000999,778,2,0.0016082724770970086,True
27,Producer,0.026279943351807278,21.9976119810924,3.2252653174038447e-06,0.000999000999000999,778,2,0.0016082724770970086,True
28,Producer,0.05352823761191435,45.000223268143856,3.7970478802242155e-11,0.000999000999000999,778,2,0.0016082724770970086,True
29,Producer,0.046373681439745684,38.833188386193356,7.567863177164095e-10,0.000999000999000999,778,2,0.0016082724770970086,True
30,Producer,0.0,0.38909713849484945,0.5329576780897666,1.0,778,2,1.0,False
31,Producer,0.0010397603019065835,1.8097754872884615,0.17892814586841996,0.16583416583416583,778,2,0.19515975929425494,False
32,Producer,0.0,0.04120611548331785,0.83919379823033,1.0,778,2,1.0,False
33,Producer,0.003770160911503841,3.9442856197057052,0.04738226702904245,0.04795204795204795,778,2,0.06190530780694715,False
34,Producer,0.0,0.2869738631228147,0.5923198065364825,1.0,778,2,1.0,False
35,Producer,0.0770940131357993,65.98943887388324,1.7816469107209883e-15,0.000999000999000999,778,2,0.0016082724770970086,True
36,Producer,0.002447167564666397,2.908566948441678,0.0885103276684891,0.08091908091908091,778,2,0.09956840034965034,False
37,Producer,0.028384670512005116,23.728412148434344,1.3449401141942124e-06,0.000999000999000999,778,2,0.0016082724770970086,True
38,Producer,0.0009541925293261934,1.743070820441404,0.1871394855568261,0.1958041958041958,778,2,0.22843822843822845,False
39,Producer,0.003165599396080212,3.470657441856266,0.06284410258690863,0.06993006993006994,778,2,0.08718194734025869,False
40,Producer,0.004254949367646996,4.324496170909519,0.037895321356405276,0.03796203796203796,778,2,0.049825174825174824,True
41,Producer,0.020317263860914325,17.13464308464373,3.8634655078228475e-05,0.000999000999000999,778,2,0.0016082724770970086,True
42,Producer,0.05139480856067078,43.151530922503106,9.280179074157265e-11,0.000999000999000999,778,2,0.0016082724770970086,True
43,Producer,0.11827865107118836,105.36493416562845,2.88396931929191e-23,0.000999000999000999,778,2,0.0016082724770970086,True
44,Producer,0.0,0.22616295340550338,0.6345174915656606,1.0,778,2,1.0,False
45,Producer,0.001680421060073843,2.3095682107383775,0.12898708134959241,0.13286713286713286,778,2,0.15893600070815259,False
46,Producer,0.00042507045626948703,1.3308454476030283,0.24901005385125152,0.26173826173826176,778,2,0.29908422895121806,False
47,Producer,0.02629501610275734,22.00998029820513,3.2051194731369596e-06,0.000999000999000999,778,2,0.0016082724770970086,True
48,Producer,0.0,0.07790664228861818,0.780228935853442,1.0,778,2,1.0,False
49,Producer,0.007015456514875886,6.4965862302520385,0.010999621518256534,0.011988011988011988,778,2,0.01688326576553104,True
50,Producer,0.0022402274849395803,2.7468102355837214,0.09785285031025506,0.08891108891108891,778,2,0.1085542364612132,False
51,Producer,0.0,0.00341917784071317,0.9533863359561067,1.0,778,2,1.0,False
52,Producer,0.0015997738451439805,2.2466183589675692,0.13431342993010847,0.13486513486513488,778,2,0.16091862682771774,False
53,Producer,0.023259338467224208,19.526683735172014,1.1331770254108517e-05,0.000999000999000999,778,2,0.0016082724770970086,True
54,Producer,0.011145437160850135,9.76888314722969,0.0018410175853710343,0.001998001998001998,778,2,0.0031208460960527075,True
55,Producer,0.0,0.148506878170304,0.700071950313565,1.0,778,2,1.0,False
56,Producer,0.0,0.4083373619662612,0.5230031703062755,1.0,778,2,1.0,False
57,Producer,0.017881248129195625,15.164897083997682,0.00010700179976014357,0.000999000999000999,778,2,0.0016082724770970086,True
58,Producer,0.010852809228253123,9.536126532385136,0.002086420799281854,0.002997002997002997,778,2,0.004553324489015807,True
59,Producer,0.0,0.11533982295532212,0.7342367404247325,1.0,778,2,1.0,False
60,Producer,0.021955301000966997,18.4646661816519,1.9508558487374955e-05,0.000999000999000999,778,2,0.0016082724770970086,True
61,Producer,0.0,0.3715634072849865,0.5423317391274459,1.0,778,2,1.0,False
62,Producer,0.014348005538004225,12.325242957236968,0.00047266760769054363,0.001998001998001998,778,2,0.0031208460960527075,True
63,Producer,0.00014732764870062235,1.1146378000066113,0.291404587279603,0.2947052947052947,778,2,0.33432953601020826,False
64,Producer,0.056584117326606766,47.66281762752605,1.0533049644210866e-11,0.000999000999000999,778,2,0.0016082724770970086,True
65,Producer,0.0032614694668155393,3.545726052975145,0.06007284982174568,0.057942057942057944,778,2,0.07339845141453721,False
66,Producer,0.022581866886508768,18.9745922880928,1.5025737627031764e-05,0.000999000999000999,778,2,0.0016082724770970086,True
67,Producer,0.0,0.8995615647849652,0.34319456601646914,1.0,778,2,1.0,False
68,Producer,0.007950584149138155,7.235127372888228,0.007302671061518943,0.01098901098901099,778,2,0.015592515592515593,True
69,Producer,0.02247566524075158,18.888114838196152,1.5705468679121726e-05,0.000999000999000999,778,2,0.0016082724770970086,True
70,Producer,0.0031578776449810966,3.4646117501446323,0.06307314806543271,0.06493506493506493,778,2,0.08149221296631655,False
71,Producer,0.0,0.45008184522403805,0.5024957171072673,1.0,778,2,1.0,False
72,Producer,0.0032202125424494275,3.513419101741514,0.061249179252742696,0.06493506493506493,778,2,0.08149221296631655,False
73,Producer,0.0,0.5155760546277433,0.47295104821984213,1.0,778,2,1.0,False
74,Producer,0.057000937247425186,48.027331129100546,8.841018754979327e-12,0.000999000999000999,778,2,0.0016082724770970086,True
75,Producer,0.10482831134685958,92.10702143693253,1.0948301260512713e-20,0.000999000999000999,778,2,0.0016082724770970086,True
76,Producer,0.019822520999957884,16.733805018352772,4.750189683250647e-05,0.000999000999000999,778,2,0.0016082724770970086,True
77,Producer,0.0011478541811406145,1.8940567997631834,0.16914206683934205,0.16483516483516483,778,2,0.1944684528954192,False
78,Producer,0.0,0.712732663871189,0.39879830748298006,1.0,778,2,1.0,False
79,Producer,0.08689576593070679,75.0385416819341,2.6586175748242712e-17,0.000999000999000999,778,2,0.0016082724770970086,True
80,Producer,0.0927472114106354,80.5338756573762,2.1207769910962094e-18,0.000999000999000999,778,2,0.0016082724770970086,True
81,Producer,0.06292797544314128,53.24567974688619,7.286879251615545e-13,0.000999000999000999,778,2,0.0016082724770970086,True
82,Producer,0.04645186246865578,38.90007822172086,7.324910777568181e-10,0.000999000999000999,778,2,0.0016082724770970086,True
83,Producer,0.008521389689579205,7.686620477285894,0.005696532884156919,0.004995004995004995,778,2,0.0074452361518607575,True
84,Producer,0.014280846539383529,12.271464664792369,0.00048626456549098084,0.002997002997002997,778,2,0.004553324489015807,True
85,Producer,0.0,0.01204746285352311,0.912627351045895,1.0,778,2,1.0,False
86,Producer,0.0,0.11927214539273767,0.7299188448305463,1.0,778,2,1.0,False
87,Producer,0.04163273002426354,34.79733946850781,5.460822781798443e-09,0.000999000999000999,778,2,0.0016082724770970086,True
88,Producer,0.0,0.00235235092452909,0.961329415096575,1.0,778,2,1.0,False
89,Producer,0.04291415757920442,35.88424247523442,3.20232534365718e-09,0.000999000999000999,778,2,0.0016082724770970086,True
90,Producer,0.09054666731105479,78.45895763526177,5.497901740156011e-18,0.000999000999000999,778,2,0.0016082724770970086,True
91,Producer,0.011392219478137065,9.965281205163073,0.0016568646895102944,0.002997002997002997,778,2,0.004553324489015807,True
92,Producer,0.10758311184208608,94.7898667358391,3.2655086390038245e-21,0.000999000999000999,778,2,0.0016082724770970086,True
93,Producer,0.0479496912119958,40.183706384616606,3.9191363607910607e-10,0.000999000999000999,778,2,0.0016082724770970086,True
94,Producer,0.003844664887647439,4.0026936333702885,0.04577553760374178,0.03696303696303696,778,2,0.04885324465744046,True
95,Producer,0.020314349798772745,17.13228094154379,3.868168838042849e-05,0.000999000999000999,778,2,0.0016082724770970086,True
96,Producer,0.06694596054028022,56.820944015736714,1.3331756506213827e-13,0.000999000999000999,778,2,0.0016082724770970086,True
97,Producer,0.003866655917971864,4.01993535509478,0.045312317069820855,0.05094905094905095,778,2,0.06523963841037012,False
98,Producer,0.029625072256339424,24.751959738927464,8.033716349299258e-07,0.000999000999000999,778,2,0.0016082724770970086,True
99,Producer,0.0,0.08451661756126255,0.7713451265452299,1.0,778,2,1.0,False
100,Producer,0.02027477041994251,17.100199229815107,3.932621947583346e-05,0.000999000999000999,778,2,0.0016082724770970086,True
101,Producer,0.01763892035281355,14.96948669771971,0.00011843786686027912,0.000999000999000999,778,2,0.0016082724770970086,True
102,Producer,0.05919453481380522,49.95097848525577,3.514690306117134e-12,0.000999000999000999,778,2,0.0016082724770970086,True
103,Producer,0.00688888572368946,6.396730553092196,0.011630069845972776,0.011988011988011988,778,2,0.01688326576553104,True
104,Producer,0.0,0.8880086711603494,0.34631078049124864,1.0,778,2,1.0,False
0,Media,0.10310073878988092,11.230765203127673,8.13601233126046e-12,0.000999000999000999,534,7,0.0016082724770970086,True
1,Media,0.11182175826819513,12.205111787544242,7.113518829301172e-13,0.000999000999000999,534,7,0.0016082724770970086,True
2,Media,0.11771223904209377,12.87411833002427,1.3448502084859762e-13,0.000999000999000999,534,7,0.0016082724770970086,True
3,Media,0.15928880084219632,17.862750596348924,6.793678203377714e-19,0.000999000999000999,534,7,0.0016082724770970086,True
4,Media,0.09682359715333845,10.541104173544424,4.5980852652189966e-11,0.000999000999000999,534,7,0.0016082724770970086,True
5,Media,0.05790202410757552,6.47000447664974,1.346097148951159e-06,0.000999000999000999,534,7,0.0016082724770970086,True
6,Media,0.15156511736873268,16.89903447154671,6.934328686096228e-18,0.000999000999000999,534,7,0.0016082724770970086,True
7,Media,0.16892823224403963,19.09063098162463,3.6059675691260677e-20,0.000999000999000999,534,7,0.0016082724770970086,True
8,Media,0.20325930888330154,23.70510178821052,7.418817582094001e-25,0.000999000999000999,534,7,0.0016082724770970086,True
9,Media,0.008953634491754047,1.80407284411708,0.09623958903915883,0.10789210789210789,534,7,0.13071543840774608,False
10,Media,0.12131195380467373,13.287368577921814,4.8221149646044375e-14,0.000999000999000999,534,7,0.0016082724770970086,True
11,Media,0.32482905040458804,43.8184676833803,1.913298050318298e-43,0.000999000999000999,534,7,0.0016082724770970086,True
12,Media,0.17208019605194125,19.49833447103241,1.3684703928891196e-20,0.000999000999000999,534,7,0.0016082724770970086,True
13,Media,0.0568174368771925,6.361371254921849,1.7702274270957989e-06,0.000999000999000999,534,7,0.0016082724770970086,True
14,Media,0.3401903044081172,46.88737827679614,4.8210460923761506e-46,0.000999000999000999,534,7,0.0016082724770970086,True
15,Media,0.19231242569110296,22.19112195226404,2.4528258712095725e-23,0.000999000999000999,534,7,0.0016082724770970086,True
16,Media,0.02376655136225862,3.1667184977042604,0.004632858950486842,0.004995004995004995,534,7,0.0074452361518607575,True
17,Media,0.3010779646301862,39.33895269578714,1.515224366394346e-39,0.000999000999000999,534,7,0.0016082724770970086,True
18,Media,0.15986519836440444,17.935380639788473,5.706349214286332e-19,0.000999000999000999,534,7,0.0016082724770970086,True
19,Media,0.2695828278797803,33.84817580569072,1.3809120460119736e-34,0.000999000999000999,534,7,0.0016082724770970086,True
20,Media,0.8241353640421295,418.07104444420844,1.0297285830980818e-196,0.000999000999000999,534,7,0.0016082724770970086,True
21,Media,0.1705401778342104,19.298747475933787,2.1981895260146462e-20,0.000999000999000999,534,7,0.0016082724770970086,True
22,Media,0.06029182179228782,6.710253740419749,7.341357603036914e-07,0.000999000999000999,534,7,0.0016082724770970086,True
23,Media,0.01658299657276071,2.5007740254970083,0.021448168979004225,0.1048951048951049,534,7,0.12724759194592314,False
24,Media,0.1958898139446618,22.68134882931963,7.865938512075726e-24,0.000999000999000999,534,7,0.0016082724770970086,True
25,Media,0.2546226673250145,31.402611400322225,2.610403119436972e-32,0.000999000999000999,534,7,0.0016082724770970086,True
26,Media,0.06439127220485177,7.125234893583179,2.5727758671731654e-07,0.001998001998001998,534,7,0.0031208460960527075,True
27,Media,0.2678774856832742,33.564353314638595,2.5245730166891284e-34,0.000999000999000999,534,7,0.0016082724770970086,True
28,Media,0.0977621360034833,10.643610018503507,3.5533227771207395e-11,0.001998001998001998,534,7,0.0031208460960527075,True
29,Media,0.12171061516719707,13.33334358463485,4.302796963492717e-14,0.000999000999000999,534,7,0.0016082724770970086,True
30,Media,0.03747727054920572,4.46534889704111,0.0002015457030084411,0.02097902097902098,534,7,0.028690556910527968,True
31,Media,0.07845348448591007,8.576785329550995,6.537180544655356e-09,0.000999000999000999,534,7,0.0016082724770970086,True
32,Media,0.003738816088927286,1.3340034092347317,0.24002034521810356,0.15484515484515485,534,7,0.18291083916083914,False
33,Media,0.06748922213351272,7.441256136068619,1.156875141159377e-07,0.000999000999000999,534,7,0.0016082724770970086,True
34,Media,0.06584627947694688,7.27339884721216,1.7688321715198294e-07,0.01898101898101898,534,7,0.026071312408521712,True
35,Media,0.06993837464187037,7.6925837744672565,6.125061289921206e-08,0.000999000999000999,534,7,0.0016082724770970086,True
36,Media,0.16552338370832348,18.65367760154423,1.0219583387529641e-19,0.000999000999000999,534,7,0.0016082724770970086,True
37,Media,0.009086318891766528,1.8160977053650065,0.09389637001443323,0.07892107892107893,534,7,0.09749074454956809,False
38,Media,0.03490370590804834,4.218777074197666,0.0003691614371449092,0.013986013986013986,534,7,0.01958041958041958,True
39,Media,0.3892659296949742,57.726273229770406,8.71153062168471e-55,0.000999000999000999,534,7,0.0016082724770970086,True
40,Media,0.23824572433053842,28.835576566712493,7.12806895388619e-30,0.000999000999000999,534,7,0.0016082724770970086,True
41,Media,0.5285083543564792,100.76262352120223,3.591847312069173e-84,0.000999000999000999,534,7,0.0016082724770970086,True
42,Media,0.15772478072984383,17.666174148065057,1.0897333158524274e-18,0.000999000999000999,534,7,0.0016082724770970086,True
43,Media,0.3584420003521986,50.72479191103327,3.25487082043862e-49,0.000999000999000999,534,7,0.0016082724770970086,True
44,Media,0.1155193131925927,12.624017378210377,2.5048804993866414e-13,0.000999000999000999,534,7,0.0016082724770970086,True
45,Media,0.33982178347970987,46.81208221184113,5.574653054448059e-46,0.000999000999000999,534,7,0.0016082724770970086,True
46,Media,0.04342333929265613,5.040112367145406,4.857801886587702e-05,0.001998001998001998,534,7,0.0031208460960527075,True
47,Media,0.014259628338373201,2.2874657045606517,0.03443324769165914,0.06593406593406594,534,7,0.08241758241758242,False
48,Media,0.3900155186071901,57.90535122595507,6.324114952815814e-55,0.000999000999000999,534,7,0.0016082724770970086,True
49,Media,0.20023927994452106,23.283284822773147,1.9581619260195366e-24,0.000999000999000999,534,7,0.0016082724770970086,True
50,Media,0.31287800398451326,41.52576182409692,1.8246862144384902e-41,0.000999000999000999,534,7,0.0016082724770970086,True
51,Media,0.041319672290668914,4.835951075220691,8.066227366963346e-05,0.04695304695304695,534,7,0.06086506086506086,False
52,Media,0.5094182425741479,93.41726359128164,1.1761206188938944e-79,0.000999000999000999,534,7,0.0016082724770970086,True
53,Media,0.937993565017114,1347.3348974919197,6.32661494e-316,0.000999000999000999,534,7,0.0016082724770970086,True
54,Media,0.28516385914559456,36.50405752236178,5.19423174989983e-37,0.000999000999000999,534,7,0.0016082724770970086,True
55,Media,0.067021713552502,7.393431222162045,1.3056596524746296e-07,0.000999000999000999,534,7,0.0016082724770970086,True
56,Media,0.22802012644779707,27.287979711794428,2.2149639451309303e-28,0.000999000999000999,534,7,0.0016082724770970086,True
57,Media,0.2777632368049692,35.22828819497062,7.483652504077643e-36,0.000999000999000999,534,7,0.0016082724770970086,True
58,Media,0.24358053547265604,29.659584626914004,1.163196255356196e-30,0.000999000999000999,534,7,0.0016082724770970086,True
59,Media,0.018918292830242437,2.7161955518963103,0.013170729040195388,0.06493506493506493,534,7,0.08149221296631655,False
60,Media,0.34166788779362917,47.1901241786922,2.6907153799657087e-46,0.000999000999000999,534,7,0.0016082724770970086,True
61,Media,0.08116864399905961,8.86217108148942,3.1763517903501518e-09,0.000999000999000999,534,7,0.0016082724770970086,True
62,Media,0.3698943092005818,53.24614536822428,2.985690275297144e-51,0.000999000999000999,534,7,0.0016082724770970086,True
63,Media,0.02897235604044425,3.6554750563897813,0.0014484294931946175,0.06593406593406594,534,7,0.08241758241758242,False
64,Media,0.12632229193383718,13.868228041432541,1.145645757039468e-14,0.000999000999000999,534,7,0.0016082724770970086,True
65,Media,0.3804168750005685,55.64497096347107,3.7067428162793096e-53,0.000999000999000999,534,7,0.0016082724770970086,True
66,Media,0.12665213521231153,13.906701313841268,1.0418086820114789e-14,0.000999000999000999,534,7,0.0016082724770970086,True
67,Media,0.05317450786640517,5.998314092120274,4.415680954049821e-06,0.00999000999000999,534,7,0.014260663807491601,True
68,Media,0.035906835563278325,4.314729823853575,0.00029182190302281846,0.00999000999000999,534,7,0.014260663807491601,True
69,Media,0.18263113036781795,20.885967286777404,5.173725441681602e-22,0.000999000999000999,534,7,0.0016082724770970086,True
70,Media,0.12471904314220222,13.681636396505489,1.8168215228600653e-14,0.000999000999000999,534,7,0.0016082724770970086,True
71,Media,0.21295295101496564,25.080914431701693,3.199601689554377e-26,0.000999000999000999,534,7,0.0016082724770970086,True
72,Media,0.30085463497604564,39.298276513569746,1.64616108801585e-39,0.000999000999000999,534,7,0.0016082724770970086,True
73,Media,0.00499736282415454,1.4469991080748779,0.19462048306435517,0.1968031968031968,534,7,0.2293206177299889,False
74,Media,0.37702704922019953,54.863345653443055,1.5368912429791549e-52,0.000999000999000999,534,7,0.0016082724770970086,True
75,Media,0.06794926061609444,7.488363711647126,1.0268985506252792e-07,0.000999000999000999,534,7,0.0016082724770970086,True
76,Media,0.28740351127903624,36.895367025658096,2.3034831640638287e-37,0.000999000999000999,534,7,0.0016082724770970086,True
77,Media,0.3194791760453728,42.78218456682224,1.48715761918955e-42,0.000999000999000999,534,7,0.0016082724770970086,True
78,Media,0.3155589070495302,42.03310426079365,6.611700070131995e-42,0.000999000999000999,534,7,0.0016082724770970086,True
79,Media,0.1921673575066907,22.171334158160267,2.5682827842597903e-23,0.000999000999000999,534,7,0.0016082724770970086,True
80,Media,0.08785526262355854,9.572234266226728,5.282522474450101e-10,0.000999000999000999,534,7,0.0016082724770970086,True
81,Media,0.14865443992497582,16.540393670646438,1.6529721904092055e-17,0.000999000999000999,534,7,0.0016082724770970086,True
82,Media,0.07424974377288557,8.13823966165408,1.9828960044813776e-08,0.000999000999000999,534,7,0.0016082724770970086,True
83,Media,0.1628845207605447,18.31747017849818,2.2831974087558093e-19,0.000999000999000999,534,7,0.0016082724770970086,True
84,Media,0.2919804641195676,37.70274616692211,4.3355613171192677e-38,0.000999000999000999,534,7,0.0016082724770970086,True
85,Media,0.0612071154418689,6.802593270495779,5.81439604153805e-07,0.011988011988011988,534,7,0.01688326576553104,True
86,Media,0.07737771904148907,8.464178068123426,8.691855071636344e-09,0.003996003996003996,534,7,0.006022685448522769,True
87,Media,0.22536580314680457,26.89293961142644,5.360522782260651e-28,0.000999000999000999,534,7,0.0016082724770970086,True
88,Media,0.09521569018756615,10.365985168830049,7.143779730503252e-11,0.004995004995004995,534,7,0.0074452361518607575,True
89,Media,0.2483201246991385,30.40146706651892,2.296652023247016e-31,0.000999000999000999,534,7,0.0016082724770970086,True
90,Media,0.13194878755949754,14.528512977683553,2.2507201342724462e-15,0.000999000999000999,534,7,0.0016082724770970086,True
91,Media,0.014521983222195457,2.3115021185366587,0.03266170860423627,0.055944055944055944,534,7,0.07096259445252734,False
92,Media,0.08057849810817039,8.799998495652861,3.717104460635569e-09,0.000999000999000999,534,7,0.0016082724770970086,True
93,Media,0.022039818190818277,3.0057501884729705,0.006752450009168218,0.022977022977022976,534,7,0.03124213915580822,True
94,Media,0.008534774400423453,1.766133699927127,0.10398553236771275,0.1108891108891109,534,7,0.1340028258186826,False
95,Media,0.9288588843910467,1163.034640631909,3.322690986866292e-300,0.000999000999000999,534,7,0.0016082724770970086,True
96,Media,0.1999314461153705,23.240467542277468,2.1612872139291317e-24,0.000999000999000999,534,7,0.0016082724770970086,True
97,Media,0.08649546001988004,9.426992537920887,7.622270155563783e-10,0.000999000999000999,534,7,0.0016082724770970086,True
98,Media,0.1900051294863802,21.877239029384064,5.092109731998623e-23,0.000999000999000999,534,7,0.0016082724770970086,True
99,Media,0.2805359680161783,35.703195772824,2.7638695991553173e-36,0.000999000999000999,534,7,0.0016082724770970086,True
100,Media,0.04429431115310898,5.124903449495171,3.9334055353538125e-05,0.002997002997002997,534,7,0.004553324489015807,True
101,Media,0.06649545373551904,7.3396535197853,1.4959213764537338e-07,0.000999000999000999,534,7,0.0016082724770970086,True
102,Media,0.20938627166667276,24.570774843005374,1.0223688119449542e-25,0.000999000999000999,534,7,0.0016082724770970086,True
103,Media,0.016016690885224633,2.4486886876845575,0.024098769838351804,0.059940059940059943,534,7,0.07562530927016908,False
104,Media,0.009630849694213827,1.865480939627793,0.08480955731238803,0.08191808191808192,534,7,0.10066656360544528,False
0,Cell line,0.033228875679464386,9.375063311481002,4.377379673092682e-06,0.000999000999000999,731,4,0.0016082724770970086,True
1,Cell line,0.0029500934730715606,1.7209663610946062,0.1612622444465743,0.14585414585414586,731,4,0.1729387300278141,False
2,Cell line,0.11475643969510042,32.587147755594586,9.054033557992411e-20,0.000999000999000999,731,4,0.0016082724770970086,True
3,Cell line,0.003090272443770936,1.755330562689335,0.15433915066429865,0.14485514485514486,731,4,0.1719699898091858,False
4,Cell line,0.01668166155317558,5.133722220155255,0.001614426155610312,0.002997002997002997,731,4,0.004553324489015807,True
5,Cell line,0.25335066830700487,83.68019567386877,1.6315366389650294e-46,0.000999000999000999,731,4,0.0016082724770970086,True
6,Cell line,0.33698928159278063,124.848759406743,3.1609502919358902e-65,0.000999000999000999,731,4,0.0016082724770970086,True
7,Cell line,0.10006649684611317,28.094079335918988,3.39028049833155e-17,0.000999000999000999,731,4,0.0016082724770970086,True
8,Cell line,0.01145202875047091,3.82280451061055,0.009808454858273427,0.017982017982017984,731,4,0.024843577475156423,True
9,Cell line,0.23143366238627944,74.37384726374295,5.827687786793925e-42,0.000999000999000999,731,4,0.0016082724770970086,True
10,Cell line,0.0024694453045403676,1.6032111026982077,0.1872728734397004,0.18081918081918083,731,4,0.21226599487469056,False
11,Cell line,0.05359082996133435,14.797730742660674,2.320741746413983e-09,0.000999000999000999,731,4,0.0016082724770970086,True
12,Cell line,0.02922472811670864,8.33546917673663,1.869325073659112e-05,0.000999000999000999,731,4,0.0016082724770970086,True
13,Cell line,0.11125289881486741,31.50206630780984,3.756715796482521e-19,0.000999000999000999,731,4,0.0016082724770970086,True
14,Cell line,0.03891151167542642,10.865312570168063,5.471949410179669e-07,0.000999000999000999,731,4,0.0016082724770970086,True
15,Cell line,0.1859461697872178,56.658338171128456,6.405985138364547e-33,0.000999000999000999,731,4,0.0016082724770970086,True
16,Cell line,0.05152988851322213,14.238283437355134,5.034289322930943e-09,0.000999000999000999,731,4,0.0016082724770970086,True
17,Cell line,0.07415960389399785,20.51764424859023,9.03609426001053e-13,0.000999000999000999,731,4,0.0016082724770970086,True
18,Cell line,0.15020349390939744,44.068645752572344,3.57579325249593e-26,0.000999000999000999,731,4,0.0016082724770970086,True
19,Cell line,0.24712154162585265,80.98008395609467,3.3133035276772467e-45,0.000999000999000999,731,4,0.0016082724770970086,True
20,Cell line,0.10397021236423436,29.27369740269917,7.094136145478621e-18,0.000999000999000999,731,4,0.0016082724770970086,True
21,Cell line,0.24350500095443123,79.43284089661992,1.8812331374102822e-44,0.000999000999000999,731,4,0.0016082724770970086,True
22,Cell line,0.059960806568501064,16.542383731743943,2.0887001180531692e-10,0.000999000999000999,731,4,0.0016082724770970086,True
23,Cell line,0.008026261696488145,2.9715566631051487,0.03111895931687065,0.07592407592407592,731,4,0.09403440596101145,False
24,Cell line,0.162700756506175,48.348365963616224,1.692172338798338e-28,0.000999000999000999,731,4,0.0016082724770970086,True
25,Cell line,0.2364175850784314,76.44317911428273,5.5190495309051765e-43,0.000999000999000999,731,4,0.0016082724770970086,True
26,Cell line,0.14325551764952604,41.74329649780969,6.768993516321739e-25,0.000999000999000999,731,4,0.0016082724770970086,True
27,Cell line,0.15769481229223842,46.61882061589178,1.4589532511198987e-27,0.000999000999000999,731,4,0.0016082724770970086,True
28,Cell line,0.0,0.7719484691109527,0.5098912122872612,1.0,731,4,1.0,False
29,Cell line,0.20773256694136877,64.88941414554851,3.4882360779370227e-37,0.000999000999000999,731,4,0.0016082724770970086,True
30,Cell line,0.0014151408560829908,1.345311319421737,0.25850586520303787,0.2517482517482518,731,4,0.28836617927527025,False
31,Cell line,0.14126283109564505,41.08332749925018,1.5660482918542318e-24,0.000999000999000999,731,4,0.0016082724770970086,True
32,Cell line,0.013816376246098886,4.413756083765136,0.004361435325104108,0.03296703296703297,731,4,0.04375540190146932,True
33,Cell line,0.1307617809332166,37.65541457852742,1.2585335469581327e-22,0.000999000999000999,731,4,0.0016082724770970086,True
34,Cell line,0.0336646299751715,9.488717711332482,3.7350800922781705e-06,0.00999000999000999,731,4,0.014260663807491601,True
35,Cell line,0.05226076180304436,14.436402243126397,3.826373307971826e-09,0.000999000999000999,731,4,0.0016082724770970086,True
36,Cell line,0.47790425459192204,224.04211004671777,6.658237031836626e-103,0.000999000999000999,731,4,0.0016082724770970086,True
37,Cell line,0.0,0.9273135836688202,0.42704488480835656,1.0,731,4,1.0,False
38,Cell line,0.08367685804534068,23.251168985598852,2.2225291464037512e-14,0.000999000999000999,731,4,0.0016082724770970086,True
39,Cell line,0.07973627986327529,22.112506232233237,1.0362653848648493e-13,0.000999000999000999,731,4,0.0016082724770970086,True
40,Cell line,0.17786704826554073,53.71686370102083,2.28069150133312e-31,0.000999000999000999,731,4,0.0016082724770970086,True
41,Cell line,0.4053349166000243,167.0877875103156,2.237188367149504e-82,0.000999000999000999,731,4,0.0016082724770970086,True
42,Cell line,0.254124184813847,84.01863630947719,1.1205790289607392e-46,0.000999000999000999,731,4,0.0016082724770970086,True
43,Cell line,0.005595570104382881,2.371126147917252,0.06927836068796088,0.07192807192807193,731,4,0.08943687891056314,False
44,Cell line,0.08794279331628706,24.494937760155683,4.161627235400475e-15,0.000999000999000999,731,4,0.0016082724770970086,True
45,Cell line,0.2003155115077911,62.036838494594974,1.0176774373599156e-35,0.000999000999000999,731,4,0.0016082724770970086,True
46,Cell line,0.00857100812179997,3.1065240134398855,0.025947274747226277,0.03196803196803197,731,4,0.04260901298983104,True
47,Cell line,0.09090281989952316,25.364817755863065,1.2945585069993468e-15,0.000999000999000999,731,4,0.0016082724770970086,True
48,Cell line,0.2402860742518434,78.06809731269153,8.762599897115858e-44,0.000999000999000999,731,4,0.0016082724770970086,True
49,Cell line,0.09515677330106341,26.624918302826075,2.3988985966063634e-16,0.000999000999000999,731,4,0.0016082724770970086,True
50,Cell line,0.24806289610493376,81.38525922509069,2.1054791014500948e-45,0.000999000999000999,731,4,0.0016082724770970086,True
51,Cell line,0.042648595782474784,11.854991308884586,1.3783297674336906e-07,0.00999000999000999,731,4,0.014260663807491601,True
52,Cell line,0.9931441726532515,35298.874031878884,0.0,0.000999000999000999,731,4,0.0016082724770970086,True
53,Cell line,0.08116708510910442,22.524819965699162,5.930385499094495e-14,0.000999000999000999,731,4,0.0016082724770970086,True
54,Cell line,0.12845665598684353,36.91399715283509,3.27178857359e-22,0.000999000999000999,731,4,0.0016082724770970086,True
55,Cell line,0.00815229136025263,3.002768816366472,0.029839651361192706,0.03296703296703297,731,4,0.04375540190146932,True
56,Cell line,0.22647277758110634,72.34056204429929,5.993899464694282e-41,0.000999000999000999,731,4,0.0016082724770970086,True
57,Cell line,0.08837889312425029,24.62274208972521,3.504805117583748e-15,0.000999000999000999,731,4,0.0016082724770970086,True
58,Cell line,0.009849976914996053,3.42398726017568,0.01688551354455633,0.01998001998001998,731,4,0.027403655850680525,True
59,Cell line,0.008881612966444196,3.1835464405360003,0.023384988263867413,0.06593406593406594,731,4,0.08241758241758242,False
60,Cell line,0.032451309772263764,9.172511172862796,5.808202203862787e-06,0.000999000999000999,731,4,0.0016082724770970086,True
61,Cell line,0.31870037006747665,114.98311906828184,6.132074929685163e-61,0.000999000999000999,731,4,0.0016082724770970086,True
62,Cell line,0.4282872395465866,183.53803527739998,1.3887729738177257e-88,0.000999000999000999,731,4,0.0016082724770970086,True
63,Cell line,0.02180529627866064,6.431662878246273,0.0002661495403782379,0.01898101898101898,731,4,0.026071312408521712,True
64,Cell line,0.0,0.6690850487994968,0.5711899409508567,1.0,731,4,1.0,False
65,Cell line,0.9654570226769601,6811.347942089789,0.0,0.000999000999000999,731,4,0.0016082724770970086,True
66,Cell line,0.008364512344288044,3.0553447981608373,0.027800497145404335,0.04895104895104895,731,4,0.06302280825441588,False
67,Cell line,0.0814860813351992,22.61691991291734,5.235796663359789e-14,0.000999000999000999,731,4,0.0016082724770970086,True
68,Cell line,0.034361850192610836,9.670781595158525,2.8967824249656825e-06,0.002997002997002997,731,4,0.004553324489015807,True
69,Cell line,0.3925204431995033,158.444224949213,5.144555740377918e-79,0.000999000999000999,731,4,0.0016082724770970086,True
70,Cell line,0.24318879326393156,79.29826262863033,2.188816567373662e-44,0.000999000999000999,731,4,0.0016082724770970086,True
71,Cell line,0.0021615099413446145,1.5278288296368927,0.20593668614156213,0.1918081918081918,731,4,0.22433012532022434,False
72,Cell line,0.23813157963171108,77.16108856287501,2.4449017780315665e-43,0.000999000999000999,731,4,0.0016082724770970086,True
73,Cell line,0.4440654199694086,195.6343051010158,5.3567316802376586e-93,0.000999000999000999,731,4,0.0016082724770970086,True
74,Cell line,0.05456589864870273,15.063265349109908,1.607540440474713e-09,0.000999000999000999,731,4,0.0016082724770970086,True
75,Cell line,0.01858155815595214,5.613431075155145,0.0008302837779745236,0.000999000999000999,731,4,0.0016082724770970086,True
76,Cell line,0.23779671924098653,77.02057795398065,2.866868526963763e-43,0.000999000999000999,731,4,0.0016082724770970086,True
77,Cell line,0.003792381504698077,1.9275947531638518,0.12368135863537907,0.14085914085914086,731,4,0.16764721424671047,False
78,Cell line,0.385326018431557,153.74944003905495,3.6948135312929845e-77,0.000999000999000999,731,4,0.0016082724770970086,True
79,Cell line,0.006286274313379283,2.541445456673179,0.0552943898035585,0.05194805194805195,731,4,0.06633906633906635,False
80,Cell line,0.03862975140347826,10.791006922035503,6.069251156922053e-07,0.000999000999000999,731,4,0.0016082724770970086,True
81,Cell line,0.10190849009611734,28.649411906155876,1.62215766453304e-17,0.000999000999000999,731,4,0.0016082724770970086,True
82,Cell line,0.31725196417630597,114.22438813175192,1.324985528976908e-60,0.000999000999000999,731,4,0.0016082724770970086,True
83,Cell line,0.049776359950673414,13.764194866117139,9.711470031269528e-09,0.000999000999000999,731,4,0.0016082724770970086,True
84,Cell line,0.3872886102260748,155.01921078466228,1.1571640975389082e-77,0.000999000999000999,731,4,0.0016082724770970086,True
85,Cell line,0.35557401472087224,135.4476121377867,1.0444962620500576e-69,0.000999000999000999,731,4,0.0016082724770970086,True
86,Cell line,0.09117529494872641,25.44517636792559,1.1623699244925461e-15,0.000999000999000999,731,4,0.0016082724770970086,True
87,Cell line,0.002611866111614044,1.638091318286971,0.17918371782927564,0.16583416583416583,731,4,0.19515975929425494,False
88,Cell line,0.1530513530600768,45.03279131942152,1.0634688729301265e-26,0.000999000999000999,731,4,0.0016082724770970086,True
89,Cell line,0.02753121754389228,7.898360265356765,3.441497667062011e-05,0.000999000999000999,731,4,0.0016082724770970086,True
90,Cell line,0.022389304024207163,6.580469918160789,0.00021632906785073964,0.000999000999000999,731,4,0.0016082724770970086,True
91,Cell line,0.3966901774192263,161.21647520617017,4.220594237528653e-80,0.000999000999000999,731,4,0.0016082724770970086,True
92,Cell line,0.04393118302725956,12.196437684130418,8.570294472633775e-08,0.000999000999000999,731,4,0.0016082724770970086,True
93,Cell line,0.23686025571968425,76.62828356090694,4.473188484378778e-43,0.000999000999000999,731,4,0.0016082724770970086,True
94,Cell line,0.16739524337801095,49.98920003203126,2.2169712780067487e-29,0.000999000999000999,731,4,0.0016082724770970086,True
95,Cell line,0.17631905423587865,53.15985198688712,4.503403246736698e-31,0.000999000999000999,731,4,0.0016082724770970086,True
96,Cell line,0.012346607553526267,4.046065279801364,0.007226423685338234,0.005994005994005994,731,4,0.008850524475524476,True
97,Cell line,0.211323329278013,66.28968479178867,6.734657559876882e-38,0.000999000999000999,731,4,0.0016082724770970086,True
98,Cell line,0.2732977473538818,92.63801386708815,8.902124698661052e-51,0.000999000999000999,731,4,0.0016082724770970086,True
99,Cell line,0.0602494925385262,16.622011266455996,1.8718111794491539e-10,0.000999000999000999,731,4,0.0016082724770970086,True
100,Cell line,0.22760318176097902,72.80157570931777,3.5289524468015034e-41,0.000999000999000999,731,4,0.0016082724770970086,True
101,Cell line,0.1845856641135026,56.15891922612802,1.1720866980222684e-32,0.000999000999000999,731,4,0.0016082724770970086,True
102,Cell line,0.13459271003882997,38.89632626536624,2.5568694834589056e-23,0.000999000999000999,731,4,0.0016082724770970086,True
103,Cell line,0.08072238946097332,22.396534996420204,7.054472603280184e-14,0.000999000999000999,731,4,0.0016082724770970086,True
104,Cell line,0.05059265012531727,13.984671348390318,7.153927746168102e-09,0.007992007992007992,731,4,0.011673025583381071,True
0,Project,0.15617477913452762,7.260516430169987,3.634756387957843e-21,0.000999000999000999,778,24,0.0016082724770970086,True
1,Project,0.6394121529429625,60.9820855390176,1.0676982539490892e-154,0.000999000999000999,778,24,0.0016082724770970086,True
2,Project,0.46615521128201043,30.53706216731621,8.914829562771687e-92,0.000999000999000999,778,24,0.0016082724770970086,True
3,Project,0.44864058243910626,28.52425164141449,1.1928153753451053e-86,0.000999000999000999,778,24,0.0016082724770970086,True
4,Project,0.3959206014362638,23.170007326691525,3.244958417195577e-72,0.000999000999000999,778,24,0.0016082724770970086,True
5,Project,0.8559183910642844,201.94424359700372,1.1385769287620906e-303,0.000999000999000999,778,24,0.0016082724770970086,True
6,Project,0.3255294502654305,17.325972269538802,5.7049061049801e-55,0.000999000999000999,778,24,0.0016082724770970086,True
7,Project,0.6212887897887318,56.492861214174035,8.646051436842753e-147,0.000999000999000999,778,24,0.0016082724770970086,True
8,Project,0.3395582790520823,18.39128148587752,3.0665067294818725e-58,0.000999000999000999,778,24,0.0016082724770970086,True
9,Project,0.667292918552039,68.84318563397619,1.0760409781351108e-167,0.000999000999000999,778,24,0.0016082724770970086,True
10,Project,0.7761459409700393,118.28167987648644,6.114084585555835e-232,0.000999000999000999,778,24,0.0016082724770970086,True
11,Project,0.8101067500640308,145.30603184142228,1.0659020532025604e-258,0.000999000999000999,778,24,0.0016082724770970086,True
12,Project,0.533848456226599,39.73848439018348,2.0624157035346898e-113,0.000999000999000999,778,24,0.0016082724770970086,True
13,Project,0.6443489114145029,62.284227737173005,6.362803126002433e-157,0.000999000999000999,778,24,0.0016082724770970086,True
14,Project,0.595802654205315,50.86097162625267,2.6593661784016476e-136,0.000999000999000999,778,24,0.0016082724770970086,True
15,Project,0.3403497418313228,18.45273320255743,1.9944060487207705e-58,0.000999000999000999,778,24,0.0016082724770970086,True
16,Project,0.383198029924939,22.01499429424877,6.155356110745259e-69,0.000999000999000999,778,24,0.0016082724770970086,True
17,Project,0.8504286813082697,193.3274781279582,1.41808379238909e-297,0.000999000999000999,778,24,0.0016082724770970086,True
18,Project,0.24740047981205224,12.119579429332854,3.973322679987363e-38,0.000999000999000999,778,24,0.0016082724770970086,True
19,Project,0.33139631443627277,17.766046600148044,2.503253290553144e-56,0.000999000999000999,778,24,0.0016082724770970086,True
20,Project,0.880662595716009,250.62307267179315,0.0,0.000999000999000999,778,24,0.0016082724770970086,True
21,Project,0.48853761940584184,33.30993445961151,1.3567352643747107e-98,0.000999000999000999,778,24,0.0016082724770970086,True
22,Project,0.8785284088802096,245.64303199297686,0.0,0.000999000999000999,778,24,0.0016082724770970086,True
23,Project,0.08372611610587664,4.090917392398881,7.427544497797702e-10,0.007992007992007992,778,24,0.011673025583381071,True
24,Project,0.3249536034865746,17.28319017054904,7.74066246317247e-55,0.000999000999000999,778,24,0.0016082724770970086,True
25,Project,0.9918693136369401,4127.472988187154,0.0,0.000999000999000999,778,24,0.0016082724770970086,True
26,Project,0.4707649654349387,31.088969204340454,3.724531571796591e-93,0.000999000999000999,778,24,0.0016082724770970086,True
27,Project,0.4375297382311129,27.312358141257512,1.734721753187338e-83,0.000999000999000999,778,24,0.0016082724770970086,True
28,Project,0.3098495993470345,16.18654409392492,2.0828496827273036e-51,0.000999000999000999,778,24,0.0016082724770970086,True
29,Project,0.44252518735739765,27.851249829647426,6.693619865034272e-85,0.000999000999000999,778,24,0.0016082724770970086,True
30,Project,0.45167030083724197,28.863234282452968,1.593399906958986e-87,0.000999000999000999,778,24,0.0016082724770970086,True
31,Project,0.6714039421118699,70.11515699485203,1.051808760532117e-169,0.000999000999000999,778,24,0.0016082724770970086,True
32,Project,0.14791878000842273,6.872108664848848,8.984897338451972e-20,0.000999000999000999,778,24,0.0016082724770970086,True
33,Project,0.47168650392524075,31.20045638912688,1.9672421352326354e-93,0.000999000999000999,778,24,0.0016082724770970086,True
34,Project,0.252030004281709,12.397768479066757,4.596784225431184e-39,0.000999000999000999,778,24,0.0016082724770970086,True
35,Project,0.4761707937449418,31.74856171255505,8.660685878502993e-95,0.000999000999000999,778,24,0.0016082724770970086,True
36,Project,0.19873528023822104,9.389782683387587,1.0018791038175811e-28,0.000999000999000999,778,24,0.0016082724770970086,True
37,Project,0.21165366982256292,10.081561194651021,3.8344706707435956e-31,0.000999000999000999,778,24,0.0016082724770970086,True
38,Project,0.21656151758314715,10.350356013410794,4.472780251583312e-32,0.000999000999000999,778,24,0.0016082724770970086,True
39,Project,0.4188017615392863,25.374514349685114,2.635761530319961e-78,0.000999000999000999,778,24,0.0016082724770970086,True
40,Project,0.32758803128359587,17.479512185465275,1.9116060365355408e-55,0.000999000999000999,778,24,0.0016082724770970086,True
41,Project,0.4397082754776702,27.546189620220098,4.21143693959271e-84,0.000999000999000999,778,24,0.0016082724770970086,True
42,Project,0.44930274767262,28.598020052482756,7.6902375565143465e-87,0.000999000999000999,778,24,0.0016082724770970086,True
43,Project,0.4900943761254481,33.51184965906599,4.4323566390395225e-99,0.000999000999000999,778,24,0.0016082724770970086,True
44,Project,0.25876310602050206,12.808564031934514,1.9354790684089407e-40,0.000999000999000999,778,24,0.0016082724770970086,True
45,Project,0.5364311059786215,40.1427584357702,2.66009188310784e-114,0.000999000999000999,778,24,0.0016082724770970086,True
46,Project,0.14251872496275855,6.622106189215038,7.100514252952231e-19,0.000999000999000999,778,24,0.0016082724770970086,True
47,Project,0.3937516105926848,22.969668624109218,1.189609106953383e-71,0.000999000999000999,778,24,0.0016082724770970086,True
48,Project,0.5766769956466552,47.08000510240955,7.205772220174758e-129,0.000999000999000999,778,24,0.0016082724770970086,True
49,Project,0.17761654851024256,8.305683016774026,6.761402358357257e-25,0.000999000999000999,778,24,0.0016082724770970086,True
50,Project,0.376231736015629,21.402524708417467,3.570020665492525e-67,0.000999000999000999,778,24,0.0016082724770970086,True
51,Project,0.08176967228097978,4.0122595186478,1.393068753427832e-09,0.004995004995004995,778,24,0.0074452361518607575,True
52,Project,0.7676749556183967,112.77202127394963,6.6312187624564306e-226,0.000999000999000999,778,24,0.0016082724770970086,True
53,Project,0.9628953116735014,878.8130746198462,0.0,0.000999000999000999,778,24,0.0016082724770970086,True
54,Project,0.4810696494911425,32.358165464544484,2.7652421877970408e-96,0.000999000999000999,778,24,0.0016082724770970086,True
55,Project,0.91001752704037,343.09253190270385,0.0,0.000999000999000999,778,24,0.0016082724770970086,True
56,Project,0.5615566634378305,44.3243316625678,3.108602860895628e-123,0.000999000999000999,778,24,0.0016082724770970086,True
57,Project,0.4831276336616384,32.61770373430826,6.440012780981487e-97,0.000999000999000999,778,24,0.0016082724770970086,True
58,Project,0.5170531047126985,37.21492021549631,9.467987281383193e-108,0.000999000999000999,778,24,0.0016082724770970086,True
59,Project,0.045380527372341405,2.6080183874778,6.246330553774887e-05,0.04995004995004995,778,24,0.0641342353298875,False
60,Project,0.4818958809009327,32.462116147020495,1.5416285357687428e-96,0.000999000999000999,778,24,0.0016082724770970086,True
61,Project,0.4631529654253794,30.18271215759535,6.941770644074999e-91,0.000999000999000999,778,24,0.0016082724770970086,True
62,Project,0.44192618388588195,27.786122360255803,9.905528738656853e-85,0.000999000999000999,778,24,0.0016082724770970086,True
63,Project,0.5553875080561336,43.253842351430265,5.420801463371058e-121,0.000999000999000999,778,24,0.0016082724770970086,True
64,Project,0.7414961716718339,98.02724382502522,1.4373394216642574e-208,0.000999000999000999,778,24,0.0016082724770970086,True
65,Project,0.7759266016525088,118.13376461882909,8.820460934509193e-232,0.000999000999000999,778,24,0.0016082724770970086,True
66,Project,0.25726292984987414,12.716391419688343,3.932509606527741e-40,0.000999000999000999,778,24,0.0016082724770970086,True
67,Project,0.2870116090929911,14.616602697219744,2.187143758352959e-46,0.000999000999000999,778,24,0.0016082724770970086,True
68,Project,0.3217667955808718,17.047742186791936,4.1672648956293155e-54,0.000999000999000999,778,24,0.0016082724770970086,True
69,Project,0.41026189275835584,24.531724148368525,5.2972370955233434e-76,0.000999000999000999,778,24,0.0016082724770970086,True
70,Project,0.6128736628747303,54.55129792436277,3.0055811230096604e-143,0.000999000999000999,778,24,0.0016082724770970086,True
71,Project,0.19271205627096152,9.074807537544023,1.2836212408097787e-27,0.000999000999000999,778,24,0.0016082724770970086,True
72,Project,0.9195999727320474,387.89624493757265,0.0,0.000999000999000999,778,24,0.0016082724770970086,True
73,Project,0.4607428234460678,29.901102271971954,3.5744157886588585e-90,0.000999000999000999,778,24,0.0016082724770970086,True
74,Project,0.478258371945132,32.00693601431255,2.004230971918862e-95,0.000999000999000999,778,24,0.0016082724770970086,True
75,Project,0.6768499523356227,71.85001382392257,2.0871529526358548e-172,0.000999000999000999,778,24,0.0016082724770970086,True
76,Project,0.3730765568145718,21.12960304710895,2.2089250870220877e-66,0.000999000999000999,778,24,0.0016082724770970086,True
77,Project,0.5274697723674712,38.758935500130846,3.086067080745318e-111,0.000999000999000999,778,24,0.0016082724770970086,True
78,Project,0.3719504176299037,21.032856518722458,4.222914125965771e-66,0.000999000999000999,778,24,0.0016082724770970086,True
79,Project,0.496860905235092,34.40400370524048,3.284695190368791e-101,0.000999000999000999,778,24,0.0016082724770970086,True
80,Project,0.6477172554619212,63.19362300933332,1.8513032314149018e-158,0.000999000999000999,778,24,0.0016082724770970086,True
81,Project,0.3163292687326101,16.651074211128197,7.212304231860544e-53,0.000999000999000999,778,24,0.0016082724770970086,True
82,Project,0.8339767268477436,170.91695649920243,1.430354253122698e-280,0.000999000999000999,778,24,0.0016082724770970086,True
83,Project,0.49854908271766524,34.630339566428354,9.557543413163006e-102,0.000999000999000999,778,24,0.0016082724770970086,True
84,Project,0.6490058491508179,63.54613712380603,4.740535527889578e-159,0.000999000999000999,778,24,0.0016082724770970086,True
85,Project,0.682330294433089,73.6558543924525,3.572005761149708e-175,0.000999000999000999,778,24,0.0016082724770970086,True
86,Project,0.9844531326894396,2142.9232959139845,0.0,0.000999000999000999,778,24,0.0016082724770970086,True
87,Project,0.3150837113447297,16.56109731228015,1.3806769068126647e-52,0.000999000999000999,778,24,0.0016082724770970086,True
88,Project,0.823691629076565,159.03143392778904,8.799430451740653e-271,0.000999000999000999,778,24,0.0016082724770970086,True
89,Project,0.3037887407716691,15.7598652356534,4.680570722530142e-50,0.000999000999000999,778,24,0.0016082724770970086,True
90,Project,0.9447888093799603,579.8411382317737,0.0,0.000999000999000999,778,24,0.0016082724770970086,True
91,Project,0.8686697333745921,224.73896507374317,8.8441e-319,0.000999000999000999,778,24,0.0016082724770970086,True
92,Project,0.5181901189138586,37.380208689112955,3.97647048225497e-108,0.000999000999000999,778,24,0.0016082724770970086,True
93,Project,0.6274258144036088,57.96411876418666,2.009470679196922e-149,0.000999000999000999,778,24,0.0016082724770970086,True
94,Project,0.3544076768501657,19.56934239351269,8.673658643205785e-62,0.000999000999000999,778,24,0.0016082724770970086,True
95,Project,0.9646529566443923,924.1446734042701,0.0,0.000999000999000999,778,24,0.0016082724770970086,True
96,Project,0.4239689242081548,25.89659030532992,1.0220318344641157e-79,0.000999000999000999,778,24,0.0016082724770970086,True
97,Project,0.2989482067056451,15.42439507643552,5.4930674578144224e-49,0.000999000999000999,778,24,0.0016082724770970086,True
98,Project,0.6704531316456238,69.8181503425172,3.083612340006792e-169,0.000999000999000999,778,24,0.0016082724770970086,True
99,Project,0.5767927663740655,47.10186386489553,6.512355285904374e-129,0.000999000999000999,778,24,0.0016082724770970086,True
100,Project,0.25510895459188443,12.584697835486185,1.0848019217354367e-39,0.000999000999000999,778,24,0.0016082724770970086,True
101,Project,0.4623079574438788,30.083690907619086,1.2342255480534112e-90,0.000999000999000999,778,24,0.0016082724770970086,True
102,Project,0.2626630472084358,13.04993597770918,3.0387805591917186e-41,0.000999000999000999,778,24,0.0016082724770970086,True
103,Project,0.21282317445769555,10.145308870861976,2.301917243732052e-31,0.000999000999000999,778,24,0.0016082724770970086,True
104,Project,0.12437786181997795,5.804830972105738,6.126708715106412e-16,0.005994005994005994,778,24,0.008850524475524476,True
