iModulon,Chromosome,n_iModulon,K_chromosome,N_background,observed,expected,log2_fold,p_value,status,p_adj_BH,positive_enrichment_FDR05
0,1,43,491.0,2478.0,9.0,8.520177562550444,0.07904150456612301,0.48789552682075926,tested,1.0,False
0,2,43,440.0,2478.0,7.0,7.635189669087974,-0.12530907402855193,0.663435177791482,tested,1.0,False
0,3,43,364.0,2478.0,5.0,6.31638418079096,-0.33717082787283026,0.7793139283985969,tested,1.0,False
0,4,43,258.0,2478.0,2.0,4.476997578692494,-1.1625315379847505,0.9483485572966516,tested,1.0,False
0,5,43,178.0,2478.0,5.0,3.0887812752219532,0.6948903813594681,0.19228685552040636,tested,1.0,False
0,6,43,169.0,2478.0,6.0,2.9326069410815174,1.0327787818774754,0.06849430778731179,tested,0.9935380387737778,False
0,7,43,215.0,2478.0,4.0,3.7308313155770785,0.10050286784904314,0.5203827095883299,tested,1.0,False
0,8,43,129.0,2478.0,3.0,2.238498789346247,0.42243096273640574,0.38970312005315527,tested,1.0,False
0,9,43,45.0,2478.0,0.0,0.7808716707021792,,1.0,tested,1.0,False
0,10,43,31.0,2478.0,2.0,0.5379338175948345,1.8944994070516286,0.09967230043531508,tested,1.0,False
0,X,43,97.0,2478.0,0.0,1.6832122679580306,,1.0,tested,1.0,False
0,U,43,61.0,2478.0,0.0,1.0585149313962874,,1.0,tested,1.0,False
1,1,53,491.0,2478.0,6.0,10.501614205004035,-0.8075766960161345,0.9667959563133477,tested,1.0,False
1,2,53,440.0,2478.0,5.0,9.410815173527038,-0.9123916010598948,0.9712321809341864,tested,1.0,False
1,3,53,364.0,2478.0,7.0,7.785310734463277,-0.15339970056368987,0.6805353552257787,tested,1.0,False
1,4,53,258.0,2478.0,6.0,5.518159806295399,0.12077526287530455,0.4798453600384713,tested,1.0,False
1,5,53,178.0,2478.0,13.0,3.8071025020177562,1.7717463047520967,5.77137520073924e-05,tested,0.007202676250522571,True
1,6,53,169.0,2478.0,3.0,3.6146085552865213,-0.26887691798362573,0.7128583511691338,tested,1.0,False
1,7,53,215.0,2478.0,5.0,4.598466505246166,0.12077526287530455,0.4926517333119012,tested,1.0,False
1,8,53,129.0,2478.0,1.0,2.7590799031476996,-1.4641872378458516,0.9429872097177029,tested,1.0,False
1,9,53,45.0,2478.0,6.0,0.9624697336561744,2.640149421968884,0.00030826998409268555,tested,0.02564806267651144,True
1,10,53,31.0,2478.0,0.0,0.6630347054075868,,1.0,tested,1.0,False
1,X,53,97.0,2478.0,1.0,2.0746569814366422,-1.0528728246097252,0.882267611193531,tested,1.0,False
1,U,53,61.0,2478.0,0.0,1.304681194511703,,1.0,tested,1.0,False
2,1,50,491.0,2478.0,11.0,9.907183212267958,0.15095668668848106,0.4030619689934354,tested,1.0,False
2,2,50,440.0,2478.0,7.0,8.878127522195319,-0.34290050910117875,0.810946829604958,tested,1.0,False
2,3,50,364.0,2478.0,10.0,7.344632768361582,0.445237737054543,0.18875284325987007,tested,1.0,False
2,4,50,258.0,2478.0,3.0,5.2058111380145276,-0.7951604723362209,0.9065660507257017,tested,1.0,False
2,5,50,178.0,2478.0,3.0,3.5916061339790155,-0.25966664787936483,0.7091156105926903,tested,1.0,False
2,6,50,169.0,2478.0,6.0,3.41000807102502,0.8151873468048487,0.12133558222734911,tested,1.0,False
2,7,50,215.0,2478.0,6.0,4.33817594834544,0.46787393349757267,0.2631072644153884,tested,1.0,False
2,8,50,129.0,2478.0,3.0,2.6029055690072638,0.20483952766377905,0.48778948916892445,tested,1.0,False
2,9,50,45.0,2478.0,0.0,0.9079903147699758,,1.0,tested,1.0,False
2,10,50,31.0,2478.0,0.0,0.6255044390637611,,1.0,tested,1.0,False
2,X,50,97.0,2478.0,1.0,1.957223567393059,-0.9688085598212509,0.8669430610033309,tested,1.0,False
2,U,50,61.0,2478.0,0.0,1.2308313155770783,,1.0,tested,1.0,False
3,1,30,491.0,2478.0,4.0,5.9443099273607745,-0.57150933778261,0.8738108664922151,tested,1.0,False
3,2,30,440.0,2478.0,5.0,5.326876513317191,-0.09136174210521412,0.6374886438659895,tested,1.0,False
3,3,30,364.0,2478.0,5.0,4.406779661016949,0.18220333122074905,0.4565078997618129,tested,1.0,False
3,4,30,258.0,2478.0,2.0,3.123486682808717,-0.6431573788911711,0.8359540344656837,tested,1.0,False
3,5,30,178.0,2478.0,2.0,2.154963680387409,-0.10766355443431459,0.6467588061289247,tested,1.0,False
3,6,30,169.0,2478.0,1.0,2.046004842615012,-1.0328095597501012,0.8814087682536195,tested,1.0,False
3,7,30,215.0,2478.0,1.0,2.6029055690072638,-1.3801229730573772,0.9354057820913175,tested,1.0,False
3,8,30,129.0,2478.0,2.0,1.5617433414043584,0.3568426211088289,0.46858613580766917,tested,1.0,False
3,9,30,45.0,2478.0,0.0,0.5447941888619855,,1.0,tested,1.0,False
3,10,30,31.0,2478.0,0.0,0.37530266343825663,,1.0,tested,1.0,False
3,X,30,97.0,2478.0,3.0,1.1743341404358354,1.3531195350661114,0.11029063016026802,tested,1.0,False
3,U,30,61.0,2478.0,5.0,0.738498789346247,2.759260633856559,0.0006798970989729233,tested,0.04991244585401225,True
4,1,43,491.0,2478.0,9.0,8.520177562550444,0.07904150456612301,0.48789552682075926,tested,1.0,False
4,2,43,440.0,2478.0,6.0,7.635189669087974,-0.3477014953649997,0.801957083513322,tested,1.0,False
4,3,43,364.0,2478.0,6.0,6.31638418079096,-0.07413642203903648,0.6213736091510023,tested,1.0,False
4,4,43,258.0,2478.0,6.0,4.476997578692494,0.42243096273640574,0.2869347598707304,tested,1.0,False
4,5,43,178.0,2478.0,5.0,3.0887812752219532,0.6948903813594681,0.19228685552040636,tested,1.0,False
4,6,43,169.0,2478.0,4.0,2.9326069410815174,0.4478162811563193,0.33675400570682423,tested,1.0,False
4,7,43,215.0,2478.0,2.0,3.7308313155770785,-0.8994971321509568,0.8993705895599043,tested,1.0,False
4,8,43,129.0,2478.0,3.0,2.238498789346247,0.42243096273640574,0.38970312005315527,tested,1.0,False
4,9,43,45.0,2478.0,1.0,0.7808716707021792,0.3568426211088289,0.5483590114934286,tested,1.0,False
4,10,43,31.0,2478.0,0.0,0.5379338175948345,,1.0,tested,1.0,False
4,X,43,97.0,2478.0,1.0,1.6832122679580306,-0.7512171247486239,0.8230810247193089,tested,1.0,False
4,U,43,61.0,2478.0,0.0,1.0585149313962874,,1.0,tested,1.0,False
5,1,47,491.0,2478.0,10.0,9.31275221953188,0.10272050103563342,0.45815047786998314,tested,1.0,False
5,2,47,440.0,2478.0,13.0,8.345439870863599,0.6394516250793969,0.06017859502345605,tested,0.9334561104153225,False
5,3,47,364.0,2478.0,6.0,6.903954802259887,-0.20246051901457593,0.7091347742051799,tested,1.0,False
5,4,47,258.0,2478.0,7.0,4.893462469733656,0.5164992870973143,0.21162774235212517,tested,1.0,False
5,5,47,178.0,2478.0,2.0,3.3761097659402743,-0.7553618105034337,0.8629869010450149,tested,1.0,False
5,6,47,169.0,2478.0,3.0,3.205407586763519,-0.09554531509806394,0.6324463256629232,tested,1.0,False
5,7,47,215.0,2478.0,4.0,4.077885391444713,-0.027821229126495994,0.5929019763415921,tested,1.0,False
5,8,47,129.0,2478.0,1.0,2.446731234866828,-1.2908556349602898,0.9208956194176805,tested,1.0,False
5,9,47,45.0,2478.0,0.0,0.8535108958837773,,1.0,tested,1.0,False
5,10,47,31.0,2478.0,0.0,0.5879741727199355,,1.0,tested,1.0,False
5,X,47,97.0,2478.0,1.0,1.8397901533494754,-0.8795412217241634,0.8496469858665645,tested,1.0,False
5,U,47,61.0,2478.0,0.0,1.1569814366424536,,1.0,tested,1.0,False
6,1,26,491.0,2478.0,2.0,5.151735270379338,-1.3650584603151836,0.9766777219243535,tested,1.0,False
6,2,26,440.0,2478.0,6.0,4.616626311541566,0.37812354119600583,0.3091527458058894,tested,1.0,False
6,3,26,364.0,2478.0,2.0,3.8192090395480225,-0.9332738861991868,0.913109811095278,tested,1.0,False
6,4,26,258.0,2478.0,2.0,2.7070217917675543,-0.4367065014237446,0.7709252280976584,tested,1.0,False
6,5,26,178.0,2478.0,4.0,1.867635189669088,1.0987873230331116,0.11149248427028047,tested,1.0,False
6,6,26,169.0,2478.0,2.0,1.7732041969330106,0.173641317717325,0.5385338413877719,tested,1.0,False
6,7,26,215.0,2478.0,2.0,2.2558514931396285,-0.17367209558995073,0.6737845348777933,tested,1.0,False
6,8,26,129.0,2478.0,2.0,1.3535108958837772,0.5632934985762554,0.3958655840877084,tested,1.0,False
6,9,26,45.0,2478.0,0.0,0.4721549636803874,,1.0,tested,1.0,False
6,10,26,31.0,2478.0,1.0,0.3252623083131558,1.6203244436126343,0.2803476740884789,tested,1.0,False
6,X,26,97.0,2478.0,2.0,1.0177562550443906,0.9746079118123818,0.27081104797206385,tested,1.0,False
6,U,26,61.0,2478.0,1.0,0.6400322841000807,0.643783416436623,0.47867151674308056,tested,1.0,False
7,1,14,491.0,2478.0,0.0,2.774011299435028,,1.0,tested,1.0,False
7,2,14,440.0,2478.0,1.0,2.4858757062146895,-1.3137541634416623,0.9357337316137568,tested,1.0,False
7,3,14,364.0,2478.0,1.0,2.056497175141243,-1.040189090115699,0.8925281996831574,tested,1.0,False
7,4,14,258.0,2478.0,0.0,1.4576271186440677,,1.0,tested,1.0,False
7,5,14,178.0,2478.0,0.0,1.0056497175141244,,1.0,tested,1.0,False
7,6,14,169.0,2478.0,0.0,0.9548022598870056,,1.0,tested,1.0,False
7,7,14,215.0,2478.0,2.0,1.2146892655367232,0.7194127004935371,0.34619575762373034,tested,1.0,False
7,8,14,129.0,2478.0,0.0,0.7288135593220338,,1.0,tested,1.0,False
7,9,14,45.0,2478.0,0.0,0.2542372881355932,,1.0,tested,1.0,False
7,10,14,31.0,2478.0,1.0,0.1751412429378531,2.5134092396961223,0.16197967110821093,tested,1.0,False
7,X,14,97.0,2478.0,0.0,0.5480225988700564,,1.0,tested,1.0,False
7,U,14,61.0,2478.0,9.0,0.3446327683615819,4.706793213962423,3.297276575838787e-12,tested,1.3716670555489353e-09,True
8,1,37,491.0,2478.0,1.0,7.331315577078289,-2.8740721078030416,0.9997355109877212,tested,1.0,False
8,2,37,440.0,2478.0,1.0,6.569814366424536,-2.715852607013008,0.9993187153772894,tested,1.0,False
8,3,37,364.0,2478.0,0.0,5.435028248587571,,1.0,tested,1.0,False
8,4,37,258.0,2478.0,0.0,3.8523002421307506,,1.0,tested,1.0,False
8,5,37,178.0,2478.0,1.0,2.6577885391444713,-1.410226324454746,0.9379052065404181,tested,1.0,False
8,6,37,169.0,2478.0,0.0,2.523405972558515,,1.0,tested,1.0,False
8,7,37,215.0,2478.0,0.0,3.2102502017756254,,1.0,tested,1.0,False
8,8,37,129.0,2478.0,0.0,1.9261501210653753,,1.0,tested,1.0,False
8,9,37,45.0,2478.0,0.0,0.6719128329297821,,1.0,tested,1.0,False
8,10,37,31.0,2478.0,0.0,0.4628732849071832,,1.0,tested,1.0,False
8,X,37,97.0,2478.0,0.0,1.4483454398708635,,1.0,tested,1.0,False
8,U,37,61.0,2478.0,34.0,0.9108151735270379,5.222232610199105,1.754697480447896e-56,tested,2.1898624555989745e-53,True
9,1,40,491.0,2478.0,9.0,7.9257465698143665,0.18337816438085858,0.39495759345975817,tested,1.0,False
9,2,40,440.0,2478.0,12.0,7.1025020177562554,0.7566351644497357,0.03937933717716644,tested,0.7794555971890096,False
9,3,40,364.0,2478.0,3.0,5.875706214689266,-0.969799762224301,0.9474348450919955,tested,1.0,False
9,4,40,258.0,2478.0,5.0,4.164648910411622,0.26373321671734734,0.40501569453580594,tested,1.0,False
9,5,40,178.0,2478.0,0.0,2.873284907183212,,1.0,tested,1.0,False
9,6,40,169.0,2478.0,3.0,2.728006456820016,0.13711544169221104,0.5208256452483767,tested,1.0,False
9,7,40,215.0,2478.0,3.0,3.4705407586763517,-0.21019797161506484,0.6883451220700302,tested,1.0,False
9,8,40,129.0,2478.0,1.0,2.082324455205811,-1.0581948781700148,0.8842080706561006,tested,1.0,False
9,9,40,45.0,2478.0,1.0,0.7263922518159807,0.4611792809235645,0.5223866981794677,tested,1.0,False
9,10,40,31.0,2478.0,1.0,0.5004035512510089,0.998836066866364,0.39805596381324343,tested,1.0,False
9,X,40,97.0,2478.0,2.0,1.565778853914447,0.35311953506611166,0.4690708714942603,tested,1.0,False
9,U,40,61.0,2478.0,0.0,0.9846650524616626,,1.0,tested,1.0,False
10,1,31,491.0,2478.0,6.0,6.142453591606134,-0.03385255183981048,0.5980094954104455,tested,1.0,False
10,2,31,440.0,2478.0,6.0,5.504439063761097,0.12436694895022299,0.4805805247853149,tested,1.0,False
10,3,31,364.0,2478.0,7.0,4.553672316384181,0.6203244436126342,0.1588455585644884,tested,1.0,False
10,4,31,258.0,2478.0,5.0,3.2276029055690074,0.6314650012178346,0.21526845198116273,tested,1.0,False
10,5,31,178.0,2478.0,0.0,2.2267958030669894,,1.0,tested,1.0,False
10,6,31,169.0,2478.0,2.0,2.1142050040355125,-0.080115274528458,0.6357970260337875,tested,1.0,False
10,7,31,215.0,2478.0,1.0,2.6896690879741727,-1.4274286878357338,0.9410788853798662,tested,1.0,False
10,8,31,129.0,2478.0,2.0,1.6138014527845037,0.3095369063304721,0.48595821309381976,tested,1.0,False
10,9,31,45.0,2478.0,0.0,0.562953995157385,,1.0,tested,1.0,False
10,10,31,31.0,2478.0,0.0,0.3878127522195319,,1.0,tested,1.0,False
10,X,31,97.0,2478.0,1.0,1.2134786117836964,-0.2791486804334013,0.7122252046305138,tested,1.0,False
10,U,31,61.0,2478.0,1.0,0.7631154156577885,0.39002682419084006,0.5404193216111194,tested,1.0,False
11,1,47,491.0,2478.0,5.0,9.31275221953188,-0.8972794989643665,0.970419077482782,tested,1.0,False
11,2,47,440.0,2478.0,27.0,8.345439870863599,1.6938994091017732,7.728179313888258e-10,tested,2.4111919459331367e-07,True
11,3,47,364.0,2478.0,2.0,6.903954802259887,-1.787423019735732,0.9950874298260228,tested,1.0,False
11,4,47,258.0,2478.0,2.0,4.893462469733656,-1.2908556349602898,0.9643884104816598,tested,1.0,False
11,5,47,178.0,2478.0,1.0,3.3761097659402743,-1.7553618105034337,0.9709201953818704,tested,1.0,False
11,6,47,169.0,2478.0,0.0,3.205407586763519,,1.0,tested,1.0,False
11,7,47,215.0,2478.0,3.0,4.077885391444713,-0.44285872840533974,0.7889841418567488,tested,1.0,False
11,8,47,129.0,2478.0,5.0,2.446731234866828,1.0310724599270724,0.09443036392397985,tested,1.0,False
11,9,47,45.0,2478.0,1.0,0.8535108958837773,0.22851852413328935,0.5808505289251922,tested,1.0,False
11,10,47,31.0,2478.0,0.0,0.5879741727199355,,1.0,tested,1.0,False
11,X,47,97.0,2478.0,1.0,1.8397901533494754,-0.8795412217241634,0.8496469858665645,tested,1.0,False
11,U,47,61.0,2478.0,0.0,1.1569814366424536,,1.0,tested,1.0,False
12,1,19,491.0,2478.0,4.0,3.764729620661824,0.08745374438232296,0.5372868762666049,tested,1.0,False
12,2,19,440.0,2478.0,4.0,3.3736884584342213,0.24567324517235645,0.4438317796568561,tested,1.0,False
12,3,19,364.0,2478.0,3.0,2.790960451977401,0.10420081921947609,0.5441059445826666,tested,1.0,False
12,4,19,258.0,2478.0,2.0,1.9782082324455206,0.01580570327376208,0.603752967019896,tested,1.0,False
12,5,19,178.0,2478.0,2.0,1.3648103309120259,0.5512995277306183,0.401064144843646,tested,1.0,False
12,6,19,169.0,2478.0,2.0,1.2958030669895078,0.6261535224148316,0.37566083532239003,tested,1.0,False
12,7,19,215.0,2478.0,0.0,1.6485068603712671,,1.0,tested,1.0,False
12,8,19,129.0,2478.0,0.0,0.9891041162227603,,1.0,tested,1.0,False
12,9,19,45.0,2478.0,1.0,0.3450363196125908,1.5351798623673414,0.2949527470417422,tested,1.0,False
12,10,19,31.0,2478.0,0.0,0.23769168684422923,,1.0,tested,1.0,False
12,X,19,97.0,2478.0,1.0,0.7437449556093624,0.42712011650988835,0.5330433056956643,tested,1.0,False
12,U,19,61.0,2478.0,0.0,0.46771589991928975,,1.0,tested,1.0,False
13,1,24,491.0,2478.0,6.0,4.75544794188862,0.3353812578259086,0.3350687298093473,tested,1.0,False
13,2,24,440.0,2478.0,3.0,4.261501210653753,-0.506399241384058,0.8266360183203111,tested,1.0,False
13,3,24,364.0,2478.0,5.0,3.5254237288135593,0.5041314261081116,0.2708677993344559,tested,1.0,False
13,4,24,258.0,2478.0,4.0,2.4987893462469732,0.6787707159961914,0.23520123840485851,tested,1.0,False
13,5,24,178.0,2478.0,1.0,1.7239709443099274,-0.7857354595469523,0.8343206075503449,tested,1.0,False
13,6,24,169.0,2478.0,1.0,1.6368038740920097,-0.7108814648627391,0.8179547526786082,tested,1.0,False
13,7,24,215.0,2478.0,3.0,2.082324455205811,0.5267676225511413,0.346440733664681,tested,1.0,False
13,8,24,129.0,2478.0,0.0,1.2493946731234866,,1.0,tested,1.0,False
13,9,24,45.0,2478.0,0.0,0.4358353510895884,,1.0,tested,1.0,False
13,10,24,31.0,2478.0,1.0,0.30024213075060535,1.7358016610325702,0.26181147987218567,tested,1.0,False
13,X,24,97.0,2478.0,0.0,0.9394673123486683,,1.0,tested,1.0,False
13,U,24,61.0,2478.0,0.0,0.5907990314769975,,1.0,tested,1.0,False
14,1,67,491.0,2478.0,13.0,13.275625504439065,-0.0302682144907718,0.5840731717351193,tested,1.0,False
14,2,67,440.0,2478.0,19.0,11.896690879741728,0.6754390816017548,0.020257274058261093,tested,0.5266891255147884,False
14,3,67,364.0,2478.0,8.0,9.841807909604519,-0.298923358515867,0.7900023092621968,tested,1.0,False
14,4,67,258.0,2478.0,8.0,6.9757869249394675,0.19764402625957506,0.3970373925627136,tested,1.0,False
14,5,67,178.0,2478.0,3.0,4.81275221953188,-0.6818996485624125,0.8718555626074374,tested,1.0,False
14,6,67,169.0,2478.0,0.0,4.569410815173527,,1.0,tested,1.0,False
14,7,67,215.0,2478.0,3.0,5.813155770782889,-0.9543590671854749,0.9399837383788265,tested,1.0,False
14,8,67,129.0,2478.0,9.0,3.4878934624697338,1.3675690277018873,0.006933287516885363,tested,0.3327978008104974,False
14,9,67,45.0,2478.0,1.0,1.2167070217917675,-0.2829818146468456,0.7119718825014836,tested,1.0,False
14,10,67,31.0,2478.0,0.0,0.8381759483454398,,1.0,tested,1.0,False
14,X,67,97.0,2478.0,3.0,2.622679580306699,0.1939209402168577,0.49239292411596325,tested,1.0,False
14,U,67,61.0,2478.0,0.0,1.649313962873285,,1.0,tested,1.0,False
15,1,36,491.0,2478.0,7.0,7.13317191283293,-0.027188821558799908,0.5896183197061433,tested,1.0,False
15,2,36,440.0,2478.0,6.0,6.39225181598063,-0.09136174210521429,0.6370693881976055,tested,1.0,False
15,3,36,364.0,2478.0,4.0,5.288135593220339,-0.40275916950040713,0.7974607749510672,tested,1.0,False
15,4,36,258.0,2478.0,1.0,3.74818401937046,-1.906191784724965,0.9814605366734234,tested,1.0,False
15,5,36,178.0,2478.0,5.0,2.585956416464891,0.9512301346192538,0.11153919551317813,tested,1.0,False
15,6,36,169.0,2478.0,3.0,2.4552058111380144,0.2891185351372612,0.44954286367365687,tested,1.0,False
15,7,36,215.0,2478.0,7.0,3.123486682808717,1.164197543166433,0.03180930990775745,tested,0.7217821593614783,False
15,8,36,129.0,2478.0,0.0,1.87409200968523,,1.0,tested,1.0,False
15,9,36,45.0,2478.0,0.0,0.6537530266343826,,1.0,tested,1.0,False
15,10,36,31.0,2478.0,2.0,0.45036319612590797,2.1508391603114143,0.07335173029841575,tested,0.9970389216061799,False
15,X,36,97.0,2478.0,1.0,1.4092009685230025,-0.49487737148883865,0.7649561627153387,tested,1.0,False
15,U,36,61.0,2478.0,0.0,0.8861985472154964,,1.0,tested,1.0,False
16,1,36,491.0,2478.0,8.0,7.13317191283293,0.16545625638359598,0.4227594495694103,tested,1.0,False
16,2,36,440.0,2478.0,5.0,6.39225181598063,-0.35439614793900803,0.7929277819651512,tested,1.0,False
16,3,36,364.0,2478.0,8.0,5.288135593220339,0.5972408304995929,0.1471498239953889,tested,1.0,False
16,4,36,258.0,2478.0,5.0,3.74818401937046,0.4157363101623974,0.318598511025674,tested,1.0,False
16,5,36,178.0,2478.0,2.0,2.585956416464891,-0.3706979602681086,0.743536500508148,tested,1.0,False
16,6,36,169.0,2478.0,3.0,2.4552058111380144,0.2891185351372612,0.44954286367365687,tested,1.0,False
16,7,36,215.0,2478.0,5.0,3.123486682808717,0.6787707159961912,0.19740420549840934,tested,1.0,False
16,8,36,129.0,2478.0,0.0,1.87409200968523,,1.0,tested,1.0,False
16,9,36,45.0,2478.0,0.0,0.6537530266343826,,1.0,tested,1.0,False
16,10,36,31.0,2478.0,0.0,0.45036319612590797,,1.0,tested,1.0,False
16,X,36,97.0,2478.0,0.0,1.4092009685230025,,1.0,tested,1.0,False
16,U,36,61.0,2478.0,0.0,0.8861985472154964,,1.0,tested,1.0,False
17,1,56,491.0,2478.0,12.0,11.096045197740112,0.11298883648946051,0.4328943634674797,tested,1.0,False
17,2,56,440.0,2478.0,12.0,9.943502824858758,0.271208337279494,0.282472068075001,tested,1.0,False
17,3,56,364.0,2478.0,7.0,8.225988700564972,-0.23283416805809476,0.7367431004731837,tested,1.0,False
17,4,56,258.0,2478.0,8.0,5.830508474576271,0.45637829465974333,0.2220793647251561,tested,1.0,False
17,5,56,178.0,2478.0,3.0,4.022598870056497,-0.4231653801622443,0.7793175264539008,tested,1.0,False
17,6,56,169.0,2478.0,4.0,3.8192090395480225,0.06672611380081314,0.5381608933165616,tested,1.0,False
17,7,56,215.0,2478.0,2.0,4.858757062146893,-1.2805872995064629,0.9622978301808027,tested,1.0,False
17,8,56,129.0,2478.0,3.0,2.9152542372881354,0.041340795380899575,0.565536747745339,tested,1.0,False
17,9,56,45.0,2478.0,0.0,1.0169491525423728,,1.0,tested,1.0,False
17,10,56,31.0,2478.0,0.0,0.7005649717514124,,1.0,tested,1.0,False
17,X,56,97.0,2478.0,3.0,2.1920903954802258,0.4526552086170262,0.37664281558913887,tested,1.0,False
17,U,56,61.0,2478.0,2.0,1.3785310734463276,0.5368682125201111,0.40378807993633675,tested,1.0,False
18,1,39,491.0,2478.0,9.0,7.727602905569007,0.21990404040597253,0.3639043312465451,tested,1.0,False
18,2,39,440.0,2478.0,5.0,6.924939467312349,-0.46987336535894414,0.8483212235118172,tested,1.0,False
18,3,39,364.0,2478.0,3.0,5.728813559322034,-0.9332738861991868,0.9409157610521738,tested,1.0,False
18,4,39,258.0,2478.0,7.0,4.060532687651332,0.7856859199127032,0.10372168379501351,tested,1.0,False
18,5,39,178.0,2478.0,0.0,2.801452784503632,,1.0,tested,1.0,False
18,6,39,169.0,2478.0,2.0,2.6598062953995156,-0.4113211830038311,0.7571776543516309,tested,1.0,False
18,7,39,215.0,2478.0,4.0,3.383777239709443,0.241365403688893,0.44239562909172225,tested,1.0,False
18,8,39,129.0,2478.0,7.0,2.030266343825666,1.785685919912703,0.003346716109042365,tested,0.18159572626455964,False
18,9,39,45.0,2478.0,0.0,0.7082324455205811,,1.0,tested,1.0,False
18,10,39,31.0,2478.0,1.0,0.48789346246973364,1.035361942891478,0.3903066842776165,tested,1.0,False
18,X,39,97.0,2478.0,1.0,1.526634382566586,-0.6103545889087745,0.7918778295683868,tested,1.0,False
18,U,39,61.0,2478.0,0.0,0.9600484261501211,,1.0,tested,1.0,False
19,1,25,491.0,2478.0,5.0,4.953591606133979,0.01345316293854619,0.5709455130932429,tested,1.0,False
19,2,25,440.0,2478.0,3.0,4.4390637610976595,-0.5652929304376267,0.8476066837302778,tested,1.0,False
19,3,25,364.0,2478.0,3.0,3.672316384180791,-0.2917278571116633,0.7338816234409304,tested,1.0,False
19,4,25,258.0,2478.0,0.0,2.6029055690072638,,1.0,tested,1.0,False
19,5,25,178.0,2478.0,2.0,1.7958030669895078,0.155370851399479,0.5459007360976438,tested,1.0,False
19,6,25,169.0,2478.0,3.0,1.70500403551251,0.8151873468048487,0.24066329065709904,tested,1.0,False
19,7,25,215.0,2478.0,2.0,2.16908797417272,-0.11708856722358346,0.6523757569406203,tested,1.0,False
19,8,25,129.0,2478.0,4.0,1.3014527845036319,1.6198770269426228,0.03787341541355467,tested,0.7623552005825198,False
19,9,25,45.0,2478.0,2.0,0.4539951573849879,2.1392511860362022,0.0742985734850759,tested,0.9970389216061799,False
19,10,25,31.0,2478.0,0.0,0.31275221953188054,,1.0,tested,1.0,False
19,X,25,97.0,2478.0,1.0,0.9786117836965295,0.031191440178749124,0.6333127307657798,tested,1.0,False
19,U,25,61.0,2478.0,0.0,0.6154156577885391,,1.0,tested,1.0,False
20,1,29,491.0,2478.0,4.0,5.746166263115415,-0.5225997373016635,0.8557356983287966,tested,1.0,False
20,2,29,440.0,2478.0,6.0,5.1493139628732845,0.22058226420952615,0.4123285570844134,tested,1.0,False
20,3,29,364.0,2478.0,6.0,4.259887005649717,0.4941473375354894,0.2452967142640972,tested,1.0,False
20,4,29,258.0,2478.0,5.0,3.0193704600484264,0.7276803164771376,0.17735885793494824,tested,1.0,False
20,5,29,178.0,2478.0,2.0,2.083131557707829,-0.05875395395336846,0.628094469382666,tested,1.0,False
20,6,29,169.0,2478.0,1.0,1.9778046811945118,-0.9838999592691551,0.8726184532689097,tested,1.0,False
20,7,29,215.0,2478.0,4.0,2.5161420500403553,0.668786627423569,0.24014194031004105,tested,1.0,False
20,8,29,129.0,2478.0,0.0,1.5096852300242132,,1.0,tested,1.0,False
20,9,29,45.0,2478.0,0.0,0.5266343825665859,,1.0,tested,1.0,False
20,10,29,31.0,2478.0,1.0,0.36279257465698145,1.4627831666261542,0.30731003558860476,tested,1.0,False
20,X,29,97.0,2478.0,0.0,1.1351896690879741,,1.0,tested,1.0,False
20,U,29,61.0,2478.0,0.0,0.7138821630347054,,1.0,tested,1.0,False
21,1,33,491.0,2478.0,9.0,6.538740920096853,0.4609121399097672,0.19092814557641047,tested,1.0,False
21,2,33,440.0,2478.0,3.0,5.85956416464891,-0.9658308600213554,0.9493967732113091,tested,1.0,False
21,3,33,364.0,2478.0,1.0,4.8474576271186445,-2.2772282874165484,0.9949062814753654,tested,1.0,False
21,4,33,258.0,2478.0,3.0,3.4358353510895885,-0.1956984019199498,0.6838890516488096,tested,1.0,False
21,5,33,178.0,2478.0,1.0,2.37046004842615,-1.2451670781842497,0.9159672988082834,tested,1.0,False
21,6,33,169.0,2478.0,3.0,2.250605326876513,0.4146494172211201,0.39346143549633444,tested,1.0,False
21,7,33,215.0,2478.0,6.0,2.86319612590799,1.067336003913844,0.060584891781763725,tested,0.9334561104153225,False
21,8,33,129.0,2478.0,4.0,1.7179176755447942,1.219339097358894,0.08927776442632637,tested,1.0,False
21,9,33,45.0,2478.0,0.0,0.5992736077481841,,1.0,tested,1.0,False
21,10,33,31.0,2478.0,0.0,0.4128329297820823,,1.0,tested,1.0,False
21,X,33,97.0,2478.0,3.0,1.291767554479419,1.2156160113161765,0.13652416263338557,tested,1.0,False
21,U,33,61.0,2478.0,0.0,0.8123486682808717,,1.0,tested,1.0,False
22,1,59,491.0,2478.0,11.0,11.69047619047619,-0.08783017289863543,0.6426585616466707,tested,1.0,False
22,2,59,440.0,2478.0,11.0,10.476190476190476,0.070389327891398,0.4824725014475461,tested,1.0,False
22,3,59,364.0,2478.0,2.0,8.666666666666666,-2.115477217419936,0.9991383721986284,tested,1.0,False
22,4,59,258.0,2478.0,6.0,6.142857142857143,-0.03394733192333771,0.5889666784863494,tested,1.0,False
22,5,59,178.0,2478.0,5.0,4.238095238095238,0.23851208669972487,0.4196397660622742,tested,1.0,False
22,6,59,169.0,2478.0,3.0,4.023809523809524,-0.42359951278226776,0.7791088399597872,tested,1.0,False
22,7,59,215.0,2478.0,6.0,5.119047619047619,0.22908707391045624,0.4058340337736218,tested,1.0,False
22,8,59,129.0,2478.0,0.0,3.0714285714285716,,1.0,tested,1.0,False
22,9,59,45.0,2478.0,1.0,1.0714285714285714,-0.0995356735509144,0.6652106738821799,tested,1.0,False
22,10,59,31.0,2478.0,2.0,0.7380952380952381,1.438121112391885,0.1673593473813812,tested,1.0,False
22,X,59,97.0,2478.0,7.0,2.3095238095238093,1.5997595026492368,0.00727932092319218,tested,0.3364663893386608,False
22,U,59,61.0,2478.0,5.0,1.4523809523809523,1.7835081801032364,0.013826267103722359,tested,0.43159436466816864,False
23,1,99,491.0,2478.0,13.0,19.616222760290558,-0.593535644112609,0.971380533121095,tested,1.0,False
23,2,99,440.0,2478.0,18.0,17.578692493946733,0.034169139978644604,0.4977421331549264,tested,1.0,False
23,3,99,364.0,2478.0,13.0,14.542372881355933,-0.1617510699966122,0.7158656618113564,tested,1.0,False
23,4,99,258.0,2478.0,12.0,10.307506053268765,0.219339097358894,0.3319694851924632,tested,1.0,False
23,5,99,178.0,2478.0,3.0,7.11138014527845,-1.2451670781842497,0.9783773532719903,tested,1.0,False
23,6,99,169.0,2478.0,14.0,6.75181598062954,1.0520793378364117,0.0062052807773791295,tested,0.30976761640676614,False
23,7,99,215.0,2478.0,13.0,8.58958837772397,0.5978507206126238,0.08245067999391013,tested,1.0,False
23,8,99,129.0,2478.0,6.0,5.153753026634383,0.219339097358894,0.412040783929489,tested,1.0,False
23,9,99,45.0,2478.0,0.0,1.797820823244552,,1.0,tested,1.0,False
23,10,99,31.0,2478.0,2.0,1.238498789346247,0.6914075416741168,0.353418515085655,tested,1.0,False
23,X,99,97.0,2478.0,4.0,3.875302663438257,0.04569100987386417,0.5488262077645596,tested,1.0,False
23,U,99,61.0,2478.0,1.0,2.437046004842615,-1.285133485501894,0.9194048660096311,tested,1.0,False
24,1,18,491.0,2478.0,2.0,3.566585956416465,-0.834543743616404,0.8985257340077014,tested,1.0,False
24,2,18,440.0,2478.0,3.0,3.196125907990315,-0.09136174210521429,0.6446629206151666,tested,1.0,False
24,3,18,364.0,2478.0,2.0,2.6440677966101696,-0.40275916950040713,0.7662278017566956,tested,1.0,False
24,4,18,258.0,2478.0,4.0,1.87409200968523,1.093808215275035,0.10932222784686028,tested,1.0,False
24,5,18,178.0,2478.0,0.0,1.2929782082324455,,1.0,tested,1.0,False
24,6,18,169.0,2478.0,1.0,1.2276029055690072,-0.29584396558389503,0.7208516275705346,tested,1.0,False
24,7,18,215.0,2478.0,3.0,1.5617433414043584,0.941805121829985,0.2008714683027011,tested,1.0,False
24,8,18,129.0,2478.0,2.0,0.937046004842615,1.093808215275035,0.24021809156202195,tested,1.0,False
24,9,18,45.0,2478.0,0.0,0.3268765133171913,,1.0,tested,1.0,False
24,10,18,31.0,2478.0,0.0,0.22518159806295399,,1.0,tested,1.0,False
24,X,18,97.0,2478.0,1.0,0.7046004842615012,0.5051226285111613,0.513874960648046,tested,1.0,False
24,U,18,61.0,2478.0,0.0,0.4430992736077482,,1.0,tested,1.0,False
25,1,63,491.0,2478.0,9.0,12.483050847457626,-0.4719736642316956,0.9031588949452539,tested,1.0,False
25,2,63,440.0,2478.0,5.0,11.186440677966102,-1.1617510699966123,0.9925135736456269,tested,1.0,False
25,3,63,364.0,2478.0,29.0,9.254237288135593,1.647866903569561,1.568882160962861e-09,tested,3.915929873763301e-07,True
25,4,63,258.0,2478.0,4.0,6.559322033898305,-0.713546706782569,0.9076408032822274,tested,1.0,False
25,5,63,178.0,2478.0,2.0,4.52542372881356,-1.1780528823257128,0.9484252947986109,tested,1.0,False
25,6,63,169.0,2478.0,0.0,4.296610169491525,,1.0,tested,1.0,False
25,7,63,215.0,2478.0,10.0,5.466101694915254,0.871415793938587,0.041926039681629626,tested,0.7794555971890096,False
25,8,63,129.0,2478.0,3.0,3.2796610169491527,-0.12858420606141294,0.6466801094567467,tested,1.0,False
25,9,63,45.0,2478.0,0.0,1.1440677966101696,,1.0,tested,1.0,False
25,10,63,31.0,2478.0,0.0,0.788135593220339,,1.0,tested,1.0,False
25,X,63,97.0,2478.0,1.0,2.4661016949152543,-1.3022322935464425,0.9217883237741455,tested,1.0,False
25,U,63,61.0,2478.0,0.0,1.5508474576271187,,1.0,tested,1.0,False
26,1,22,491.0,2478.0,4.0,4.3591606133979015,-0.12405036081138872,0.6610830487997271,tested,1.0,False
26,2,22,440.0,2478.0,2.0,3.90637610976594,-0.9658308600213554,0.9229389662243849,tested,1.0,False
26,3,22,364.0,2478.0,2.0,3.231638418079096,-0.6922657866953921,0.8559009634113945,tested,1.0,False
26,4,22,258.0,2478.0,2.0,2.290556900726392,-0.1956984019199498,0.6846243872986839,tested,1.0,False
26,5,22,178.0,2478.0,3.0,1.5803066989507668,0.9247579232580626,0.20673799858681843,tested,1.0,False
26,6,22,169.0,2478.0,1.0,1.5004035512510088,-0.5853505827788799,0.7900495482244951,tested,1.0,False
26,7,22,215.0,2478.0,5.0,1.9087974172719935,1.3892640988012064,0.03637909288440121,tested,0.7566851319955451,False
26,8,22,129.0,2478.0,1.0,1.145278450363196,-0.1956984019199498,0.6931252868918099,tested,1.0,False
26,9,22,45.0,2478.0,1.0,0.39951573849878935,1.3236757571736295,0.33297125142068584,tested,1.0,False
26,10,22,31.0,2478.0,0.0,0.27522195318805487,,1.0,tested,1.0,False
26,X,22,97.0,2478.0,0.0,0.8611783696529459,,1.0,tested,1.0,False
26,U,22,61.0,2478.0,1.0,0.5415657788539144,0.8847915159404179,0.42345941899487605,tested,1.0,False
27,1,25,491.0,2478.0,5.0,4.953591606133979,0.01345316293854619,0.5709455130932429,tested,1.0,False
27,2,25,440.0,2478.0,2.0,4.4390637610976595,-1.1502554311587827,0.9525224606473242,tested,1.0,False
27,3,25,364.0,2478.0,3.0,3.672316384180791,-0.2917278571116633,0.7338816234409304,tested,1.0,False
27,4,25,258.0,2478.0,2.0,2.6029055690072638,-0.38012297305737724,0.751502895290543,tested,1.0,False
27,5,25,178.0,2478.0,1.0,1.7958030669895078,-0.844629148600521,0.8463381021942074,tested,1.0,False
27,6,25,169.0,2478.0,5.0,1.70500403551251,1.5521529409710548,0.024176030685103378,tested,0.5692770999058304,False
27,7,25,215.0,2478.0,3.0,2.16908797417272,0.46787393349757267,0.3710414768698024,tested,1.0,False
27,8,25,129.0,2478.0,0.0,1.3014527845036319,,1.0,tested,1.0,False
27,9,25,45.0,2478.0,0.0,0.4539951573849879,,1.0,tested,1.0,False
27,10,25,31.0,2478.0,1.0,0.31275221953188054,1.6769079719790019,0.2711365997271009,tested,1.0,False
27,X,25,97.0,2478.0,2.0,0.9786117836965295,1.0311914401787492,0.2560464482486032,tested,1.0,False
27,U,25,61.0,2478.0,1.0,0.6154156577885391,0.7003669448029907,0.46537676863326743,tested,1.0,False
28,1,24,491.0,2478.0,1.0,4.75544794188862,-2.2495812428952475,0.9951439963923361,tested,1.0,False
28,2,24,440.0,2478.0,5.0,4.261501210653753,0.23056635278214815,0.42681551061237183,tested,1.0,False
28,3,24,364.0,2478.0,4.0,3.5254237288135593,0.18220333122074905,0.47818424885714333,tested,1.0,False
28,4,24,258.0,2478.0,5.0,2.4987893462469732,1.0006988108835537,0.09634103673350901,tested,1.0,False
28,5,24,178.0,2478.0,1.0,1.7239709443099274,-0.7857354595469523,0.8343206075503449,tested,1.0,False
28,6,24,169.0,2478.0,2.0,1.6368038740920097,0.28911853513726093,0.4949558361713615,tested,1.0,False
28,7,24,215.0,2478.0,3.0,2.082324455205811,0.5267676225511413,0.346440733664681,tested,1.0,False
28,8,24,129.0,2478.0,1.0,1.2493946731234866,-0.32122928400380857,0.7245217355528477,tested,1.0,False
28,9,24,45.0,2478.0,0.0,0.4358353510895884,,1.0,tested,1.0,False
28,10,24,31.0,2478.0,2.0,0.30024213075060535,2.73580166103257,0.03523876577354984,tested,0.7453894861930542,False
28,X,24,97.0,2478.0,0.0,0.9394673123486683,,1.0,tested,1.0,False
28,U,24,61.0,2478.0,0.0,0.5907990314769975,,1.0,tested,1.0,False
29,1,36,491.0,2478.0,7.0,7.13317191283293,-0.027188821558799908,0.5896183197061433,tested,1.0,False
29,2,36,440.0,2478.0,3.0,6.39225181598063,-1.0913617421052142,0.9674036382180099,tested,1.0,False
29,3,36,364.0,2478.0,4.0,5.288135593220339,-0.40275916950040713,0.7974607749510672,tested,1.0,False
29,4,36,258.0,2478.0,5.0,3.74818401937046,0.4157363101623974,0.318598511025674,tested,1.0,False
29,5,36,178.0,2478.0,2.0,2.585956416464891,-0.3706979602681086,0.743536500508148,tested,1.0,False
29,6,36,169.0,2478.0,1.0,2.4552058111380144,-1.2958439655838951,0.9228293058120575,tested,1.0,False
29,7,36,215.0,2478.0,5.0,3.123486682808717,0.6787707159961912,0.19740420549840934,tested,1.0,False
29,8,36,129.0,2478.0,0.0,1.87409200968523,,1.0,tested,1.0,False
29,9,36,45.0,2478.0,0.0,0.6537530266343826,,1.0,tested,1.0,False
29,10,36,31.0,2478.0,2.0,0.45036319612590797,2.1508391603114143,0.07335173029841575,tested,0.9970389216061799,False
29,X,36,97.0,2478.0,7.0,1.4092009685230025,2.3124775505687656,0.0003723792378200551,tested,0.029045580549964298,True
29,U,36,61.0,2478.0,0.0,0.8861985472154964,,1.0,tested,1.0,False
30,1,22,491.0,2478.0,6.0,4.3591606133979015,0.4609121399097675,0.2592303759035854,tested,1.0,False
30,2,22,440.0,2478.0,2.0,3.90637610976594,-0.9658308600213554,0.9229389662243849,tested,1.0,False
30,3,22,364.0,2478.0,3.0,3.231638418079096,-0.10730328597423577,0.647960016474813,tested,1.0,False
30,4,22,258.0,2478.0,2.0,2.290556900726392,-0.1956984019199498,0.6846243872986839,tested,1.0,False
30,5,22,178.0,2478.0,0.0,1.5803066989507668,,1.0,tested,1.0,False
30,6,22,169.0,2478.0,1.0,1.5004035512510088,-0.5853505827788799,0.7900495482244951,tested,1.0,False
30,7,22,215.0,2478.0,0.0,1.9087974172719935,,1.0,tested,1.0,False
30,8,22,129.0,2478.0,3.0,1.145278450363196,1.3892640988012064,0.10313894430689972,tested,1.0,False
30,9,22,45.0,2478.0,1.0,0.39951573849878935,1.3236757571736295,0.33297125142068584,tested,1.0,False
30,10,22,31.0,2478.0,0.0,0.27522195318805487,,1.0,tested,1.0,False
30,X,22,97.0,2478.0,1.0,0.8611783696529459,0.2156160113161765,0.5861729020924654,tested,1.0,False
30,U,22,61.0,2478.0,3.0,0.5415657788539144,2.4697540166615743,0.01566622756492952,tested,0.45416868307758523,False
31,1,34,491.0,2478.0,5.0,6.736884584342212,-0.43015348853706864,0.8334735692736787,tested,1.0,False
31,2,34,440.0,2478.0,6.0,6.037126715092817,-0.008899581913241222,0.5776898907076635,tested,1.0,False
31,3,34,364.0,2478.0,4.0,4.994350282485875,-0.3202970093084341,0.7582110467413942,tested,1.0,False
31,4,34,258.0,2478.0,6.0,3.539951573849879,0.7612328761881643,0.1351310958201392,tested,1.0,False
31,5,34,178.0,2478.0,2.0,2.4422921711057306,-0.2882358000761357,0.7140826007305154,tested,1.0,False
31,6,34,169.0,2478.0,3.0,2.3188054882970137,0.371580695329234,0.41234841835202296,tested,1.0,False
31,7,34,215.0,2478.0,1.0,2.949959644874899,-1.560695218699198,0.9552904506979434,tested,1.0,False
31,8,34,129.0,2478.0,4.0,1.7699757869249395,1.1762703754670079,0.09729265920470155,tested,1.0,False
31,9,34,45.0,2478.0,1.0,0.6174334140435835,0.6956445345605875,0.465986532793634,tested,1.0,False
31,10,34,31.0,2478.0,0.0,0.42534301856335754,,1.0,tested,1.0,False
31,X,34,97.0,2478.0,2.0,1.33091202582728,0.5875847887031347,0.3871203220524503,tested,1.0,False
31,U,34,61.0,2478.0,0.0,0.8369652945924132,,1.0,tested,1.0,False
32,1,39,491.0,2478.0,4.0,7.727602905569007,-0.9500209610363397,0.965783849957014,tested,1.0,False
32,2,39,440.0,2478.0,11.0,6.924939467312349,0.6676301583909908,0.07106948338327604,tested,0.9970389216061799,False
32,3,39,364.0,2478.0,5.0,5.728813559322034,-0.1963082920329807,0.6990674643943144,tested,1.0,False
32,4,39,258.0,2478.0,5.0,4.060532687651332,0.3002590927424615,0.3833865904977667,tested,1.0,False
32,5,39,178.0,2478.0,3.0,2.801452784503632,0.09878732303311161,0.5394569984469442,tested,1.0,False
32,6,39,169.0,2478.0,0.0,2.6598062953995156,,1.0,tested,1.0,False
32,7,39,215.0,2478.0,8.0,3.383777239709443,1.241365403688893,0.01637627463020139,tested,0.45416868307758523,False
32,8,39,129.0,2478.0,1.0,2.030266343825666,-1.0216690021449009,0.8777417681083243,tested,1.0,False
32,9,39,45.0,2478.0,0.0,0.7082324455205811,,1.0,tested,1.0,False
32,10,39,31.0,2478.0,0.0,0.48789346246973364,,1.0,tested,1.0,False
32,X,39,97.0,2478.0,1.0,1.526634382566586,-0.6103545889087745,0.7918778295683868,tested,1.0,False
32,U,39,61.0,2478.0,1.0,0.9600484261501211,0.05882091571546702,0.6245723886842004,tested,1.0,False
33,1,38,491.0,2478.0,9.0,7.529459241323648,0.25737874582463544,0.333141571623904,tested,1.0,False
33,2,38,440.0,2478.0,4.0,6.7473769168684425,-0.7543267548276436,0.9261684826918372,tested,1.0,False
33,3,38,364.0,2478.0,1.0,5.581920903954802,-2.48076168150168,0.9977265263986996,tested,1.0,False
33,4,38,258.0,2478.0,5.0,3.956416464891041,0.33773379816112437,0.36172932554589027,tested,1.0,False
33,5,38,178.0,2478.0,2.0,2.7296206618240517,-0.4487004722693817,0.7703688240230866,tested,1.0,False
33,6,38,169.0,2478.0,2.0,2.5916061339790155,-0.3738464775851684,0.7441661305568756,tested,1.0,False
33,7,38,215.0,2478.0,6.0,3.2970137207425343,0.863802609828712,0.10567560401233354,tested,1.0,False
33,8,38,129.0,2478.0,3.0,1.9782082324455206,0.6007682039949181,0.31703630260287513,tested,1.0,False
33,9,38,45.0,2478.0,0.0,0.6900726392251816,,1.0,tested,1.0,False
33,10,38,31.0,2478.0,2.0,0.47538337368845845,2.072836648310141,0.08060983879244987,tested,1.0,False
33,X,38,97.0,2478.0,4.0,1.4874899112187248,1.4271201165098883,0.058875079086225864,tested,0.9334561104153225,False
33,U,38,61.0,2478.0,0.0,0.9354317998385795,,1.0,tested,1.0,False
34,1,57,491.0,2478.0,10.0,11.294188861985472,-0.1755806614514708,0.7195439945947232,tested,1.0,False
34,2,57,440.0,2478.0,8.0,10.121065375302663,-0.33928925554879974,0.8196951965079082,tested,1.0,False
34,3,57,364.0,2478.0,8.0,8.372881355932204,-0.06572418222283653,0.6144141338291276,tested,1.0,False
34,4,57,258.0,2478.0,7.0,5.934624697336562,0.23819812461020978,0.38209848335701496,tested,1.0,False
34,5,57,178.0,2478.0,4.0,4.094430992736077,-0.03366297299053779,0.594914876171884,tested,1.0,False
34,6,57,169.0,2478.0,6.0,3.887409200968523,0.6261535224148318,0.18928054327722035,tested,1.0,False
34,7,57,215.0,2478.0,7.0,4.945520581113802,0.5012325304440036,0.22073895721210957,tested,1.0,False
34,8,57,129.0,2478.0,2.0,2.967312348668281,-0.5691567974473942,0.8072938256154473,tested,1.0,False
34,9,57,45.0,2478.0,1.0,1.0351089588377724,-0.049782638353814884,0.6524064505324105,tested,1.0,False
34,10,57,31.0,2478.0,1.0,0.7130750605326877,0.48787414758898456,0.5160914561844916,tested,1.0,False
34,X,57,97.0,2478.0,1.0,2.2312348668280872,-1.157842384211268,0.9000147189956849,tested,1.0,False
34,U,57,61.0,2478.0,2.0,1.4031476997578693,0.5113331204129735,0.41252016767369004,tested,1.0,False
35,1,59,491.0,2478.0,10.0,11.69047619047619,-0.22533369664857036,0.7606178202482712,tested,1.0,False
35,2,59,440.0,2478.0,12.0,10.476190476190476,0.19592020997525691,0.3506371229296374,tested,1.0,False
35,3,59,364.0,2478.0,6.0,8.666666666666666,-0.5305147166987796,0.885190935276343,tested,1.0,False
35,4,59,258.0,2478.0,12.0,6.142857142857143,0.9660526680766622,0.016015774151917676,tested,0.45416868307758523,False
35,5,59,178.0,2478.0,1.0,4.238095238095238,-2.0834160081876374,0.9883487727658088,tested,1.0,False
35,6,59,169.0,2478.0,5.0,4.023809523809524,0.31336608138393846,0.37578371704189484,tested,1.0,False
35,7,59,215.0,2478.0,7.0,5.119047619047619,0.4514794952469042,0.24738979824194973,tested,1.0,False
35,8,59,129.0,2478.0,0.0,3.0714285714285716,,1.0,tested,1.0,False
35,9,59,45.0,2478.0,2.0,1.0714285714285714,0.9004643264490856,0.290951448264153,tested,1.0,False
35,10,59,31.0,2478.0,1.0,0.7380952380952381,0.438121112391885,0.5284071789696818,tested,1.0,False
35,X,59,97.0,2478.0,2.0,2.3095238095238093,-0.20759541940836734,0.6808887846165756,tested,1.0,False
35,U,59,61.0,2478.0,1.0,1.4523809523809523,-0.538419914784126,0.7742360228911631,tested,1.0,False
36,1,13,491.0,2478.0,3.0,2.575867635189669,0.21990404040597253,0.491774291710178,tested,1.0,False
36,2,13,440.0,2478.0,3.0,2.308313155770783,0.37812354119600583,0.4138946022188624,tested,1.0,False
36,3,13,364.0,2478.0,2.0,1.9096045197740112,0.06672611380081314,0.5900530515133544,tested,1.0,False
36,4,13,258.0,2478.0,0.0,1.3535108958837772,,1.0,tested,1.0,False
36,5,13,178.0,2478.0,1.0,0.933817594834544,0.09878732303311161,0.6214848468727425,tested,1.0,False
36,6,13,169.0,2478.0,1.0,0.8866020984665053,0.173641317717325,0.6017184889872409,tested,1.0,False
36,7,13,215.0,2478.0,2.0,1.1279257465698143,0.8263279044100492,0.31316777247032007,tested,1.0,False
36,8,13,129.0,2478.0,1.0,0.6767554479418886,0.5632934985762554,0.5017939965073781,tested,1.0,False
36,9,13,45.0,2478.0,0.0,0.2360774818401937,,1.0,tested,1.0,False
36,10,13,31.0,2478.0,0.0,0.1626311541565779,,1.0,tested,1.0,False
36,X,13,97.0,2478.0,0.0,0.5088781275221953,,1.0,tested,1.0,False
36,U,13,61.0,2478.0,0.0,0.32001614205004036,,1.0,tested,1.0,False
37,1,14,491.0,2478.0,2.0,2.774011299435028,-0.4719736642316956,0.7982132220890814,tested,1.0,False
37,2,14,440.0,2478.0,2.0,2.4858757062146895,-0.31375416344166235,0.7402373300042469,tested,1.0,False
37,3,14,364.0,2478.0,2.0,2.056497175141243,-0.04018909011569885,0.6318540947737669,tested,1.0,False
37,4,14,258.0,2478.0,5.0,1.4576271186440677,1.7783063895471058,0.010694223652819787,tested,0.4047624627552552,False
37,5,14,178.0,2478.0,1.0,1.0056497175141244,-0.008127880883400334,0.6488177869362929,tested,1.0,False
37,6,14,169.0,2478.0,0.0,0.9548022598870056,,1.0,tested,1.0,False
37,7,14,215.0,2478.0,1.0,1.2146892655367232,-0.2805872995064629,0.720330884915094,tested,1.0,False
37,8,14,129.0,2478.0,1.0,0.7288135593220338,0.45637829465974333,0.5278664405035434,tested,1.0,False
37,9,14,45.0,2478.0,0.0,0.2542372881355932,,1.0,tested,1.0,False
37,10,14,31.0,2478.0,0.0,0.1751412429378531,,1.0,tested,1.0,False
37,X,14,97.0,2478.0,0.0,0.5480225988700564,,1.0,tested,1.0,False
37,U,14,61.0,2478.0,0.0,0.3446327683615819,,1.0,tested,1.0,False
38,1,36,491.0,2478.0,4.0,7.13317191283293,-0.834543743616404,0.9461774751735931,tested,1.0,False
38,2,36,440.0,2478.0,5.0,6.39225181598063,-0.35439614793900803,0.7929277819651512,tested,1.0,False
38,3,36,364.0,2478.0,4.0,5.288135593220339,-0.40275916950040713,0.7974607749510672,tested,1.0,False
38,4,36,258.0,2478.0,7.0,3.74818401937046,0.9011631373326391,0.07333963232095356,tested,0.9970389216061799,False
38,5,36,178.0,2478.0,4.0,2.585956416464891,0.6293020397318915,0.25661596864697633,tested,1.0,False
38,6,36,169.0,2478.0,2.0,2.4552058111380144,-0.29584396558389503,0.7163620659530237,tested,1.0,False
38,7,36,215.0,2478.0,4.0,3.123486682808717,0.3568426211088289,0.3816048086947569,tested,1.0,False
38,8,36,129.0,2478.0,1.0,1.87409200968523,-0.9061917847249649,0.8561141893103719,tested,1.0,False
38,9,36,45.0,2478.0,0.0,0.6537530266343826,,1.0,tested,1.0,False
38,10,36,31.0,2478.0,0.0,0.45036319612590797,,1.0,tested,1.0,False
38,X,36,97.0,2478.0,5.0,1.4092009685230025,1.8270507233985238,0.011915920514231357,tested,0.4219825564241272,False
38,U,36,61.0,2478.0,0.0,0.8861985472154964,,1.0,tested,1.0,False
39,1,28,491.0,2478.0,9.0,5.548022598870056,0.6979513372106169,0.08464632947444788,tested,1.0,False
39,2,28,440.0,2478.0,6.0,4.971751412429379,0.271208337279494,0.37778328814189377,tested,1.0,False
39,3,28,364.0,2478.0,5.0,4.112994350282486,0.2817390047716634,0.3946075238188848,tested,1.0,False
39,4,28,258.0,2478.0,1.0,2.9152542372881354,-1.5436217053402568,0.9547845464221296,tested,1.0,False
39,5,28,178.0,2478.0,2.0,2.0112994350282487,-0.008127880883400334,0.6086783718757339,tested,1.0,False
39,6,28,169.0,2478.0,1.0,1.9096045197740112,-0.9332738861991868,0.8631807148219329,tested,1.0,False
39,7,28,215.0,2478.0,2.0,2.4293785310734464,-0.2805872995064629,0.7133937197824658,tested,1.0,False
39,8,28,129.0,2478.0,0.0,1.4576271186440677,,1.0,tested,1.0,False
39,9,28,45.0,2478.0,0.0,0.5084745762711864,,1.0,tested,1.0,False
39,10,28,31.0,2478.0,0.0,0.3502824858757062,,1.0,tested,1.0,False
39,X,28,97.0,2478.0,2.0,1.0960451977401129,0.8676927078958699,0.3003051717622954,tested,1.0,False
39,U,28,61.0,2478.0,0.0,0.6892655367231638,,1.0,tested,1.0,False
40,1,27,491.0,2478.0,8.0,5.349878934624697,0.58049375566244,0.148337236795994,tested,1.0,False
40,2,27,440.0,2478.0,7.0,4.7941888619854724,0.5460681785100775,0.18964437844032606,tested,1.0,False
40,3,27,364.0,2478.0,4.0,3.9661016949152543,0.012278329778436693,0.576061632652829,tested,1.0,False
40,4,27,258.0,2478.0,5.0,2.811138014527845,0.8307738094412412,0.14232365874100833,tested,1.0,False
40,5,27,178.0,2478.0,0.0,1.9394673123486683,,1.0,tested,1.0,False
40,6,27,169.0,2478.0,0.0,1.841404358353511,,1.0,tested,1.0,False
40,7,27,215.0,2478.0,2.0,2.3426150121065374,-0.22811987961232716,0.6941155397527464,tested,1.0,False
40,8,27,129.0,2478.0,0.0,1.4055690072639224,,1.0,tested,1.0,False
40,9,27,45.0,2478.0,0.0,0.49031476997578693,,1.0,tested,1.0,False
40,10,27,31.0,2478.0,0.0,0.33777239709443097,,1.0,tested,1.0,False
40,X,27,97.0,2478.0,1.0,1.0569007263922519,-0.07983987220999472,0.661745162917039,tested,1.0,False
40,U,27,61.0,2478.0,0.0,0.6646489104116223,,1.0,tested,1.0,False
41,1,29,491.0,2478.0,6.0,5.746166263115415,0.06236276341949261,0.5271713703217139,tested,1.0,False
41,2,29,440.0,2478.0,2.0,5.1493139628732845,-1.36438023651163,0.9755277571477968,tested,1.0,False
41,3,29,364.0,2478.0,2.0,4.259887005649717,-1.0908151631856666,0.9412167929939835,tested,1.0,False
41,4,29,258.0,2478.0,3.0,3.0193704600484264,-0.009285277689068673,0.5949151313576535,tested,1.0,False
41,5,29,178.0,2478.0,1.0,2.083131557707829,-1.0587539539533684,0.8863371851543472,tested,1.0,False
41,6,29,169.0,2478.0,2.0,1.9778046811945118,0.01610004073084497,0.5989240383065805,tested,1.0,False
41,7,29,215.0,2478.0,1.0,2.5161420500403553,-1.331213372576431,0.9291892391860505,tested,1.0,False
41,8,29,129.0,2478.0,8.0,1.5096852300242132,2.405752221589775,7.384136959457635e-05,tested,0.008377639023093754,True
41,9,29,45.0,2478.0,0.0,0.5266343825665859,,1.0,tested,1.0,False
41,10,29,31.0,2478.0,2.0,0.36279257465698145,2.462783166626154,0.04987792396981861,tested,0.8527075221141593,False
41,X,29,97.0,2478.0,1.0,1.1351896690879741,-0.18293336517409825,0.6879939568324946,tested,1.0,False
41,U,29,61.0,2478.0,1.0,0.7138821630347054,0.48624213945014316,0.5166349792524184,tested,1.0,False
42,1,20,491.0,2478.0,4.0,3.9628732849071833,0.01345316293854619,0.581095574939281,tested,1.0,False
42,2,20,440.0,2478.0,6.0,3.5512510088781277,0.7566351644497357,0.128151603058187,tested,1.0,False
42,3,20,364.0,2478.0,2.0,2.937853107344633,-0.554762262945457,0.8158828206618289,tested,1.0,False
42,4,20,258.0,2478.0,3.0,2.082324455205811,0.5267676225511413,0.3465633205302373,tested,1.0,False
42,5,20,178.0,2478.0,1.0,1.436642453591606,-0.5227010537131584,0.776159088962533,tested,1.0,False
42,6,20,169.0,2478.0,1.0,1.364003228410008,-0.4478470590289451,0.7578959604786426,tested,1.0,False
42,7,20,215.0,2478.0,0.0,1.7352703793381759,,1.0,tested,1.0,False
42,8,20,129.0,2478.0,2.0,1.0411622276029056,0.9418051218299852,0.27968701293753967,tested,1.0,False
42,9,20,45.0,2478.0,0.0,0.36319612590799033,,1.0,tested,1.0,False
42,10,20,31.0,2478.0,0.0,0.25020177562550444,,1.0,tested,1.0,False
42,X,20,97.0,2478.0,1.0,0.7828894269572235,0.35311953506611166,0.5514633135637081,tested,1.0,False
42,U,20,61.0,2478.0,0.0,0.4923325262308313,,1.0,tested,1.0,False
43,1,32,491.0,2478.0,6.0,6.340597255851493,-0.0796562414529353,0.6312184456178026,tested,1.0,False
43,2,32,440.0,2478.0,10.0,5.682001614205004,0.8155288535033043,0.044436026512257185,tested,0.7922308726756709,False
43,3,32,364.0,2478.0,3.0,4.700564971751413,-0.6478716673369386,0.8702052052593884,tested,1.0,False
43,4,32,258.0,2478.0,3.0,3.331719128329298,-0.15130428256149642,0.6630926792708027,tested,1.0,False
43,5,32,178.0,2478.0,6.0,2.29862792574657,1.38418954189536,0.02379467043278773,tested,0.5692770999058304,False
43,6,32,169.0,2478.0,0.0,2.182405165456013,,1.0,tested,1.0,False
43,7,32,215.0,2478.0,0.0,2.7764326069410816,,1.0,tested,1.0,False
43,8,32,129.0,2478.0,1.0,1.665859564164649,-0.7362667832826527,0.8212693585758809,tested,1.0,False
43,9,32,45.0,2478.0,0.0,0.5811138014527845,,1.0,tested,1.0,False
43,10,32,31.0,2478.0,2.0,0.4003228410008071,2.3207641617537265,0.05954664355934701,tested,0.9334561104153225,False
43,X,32,97.0,2478.0,1.0,1.2526230831315577,-0.32495237004652605,0.7236327057138159,tested,1.0,False
43,U,32,61.0,2478.0,0.0,0.7877320419693301,,1.0,tested,1.0,False
44,1,30,491.0,2478.0,7.0,5.9443099273607745,0.23584558427499425,0.3827698962462599,tested,1.0,False
44,2,30,440.0,2478.0,4.0,5.326876513317191,-0.4132898369925765,0.806909548730796,tested,1.0,False
44,3,30,364.0,2478.0,3.0,4.406779661016949,-0.554762262945457,0.8393617005882191,tested,1.0,False
44,4,30,258.0,2478.0,5.0,3.123486682808717,0.6787707159961912,0.19599134524636191,tested,1.0,False
44,5,30,178.0,2478.0,2.0,2.154963680387409,-0.10766355443431459,0.6467588061289247,tested,1.0,False
44,6,30,169.0,2478.0,6.0,2.046004842615012,1.552152940971055,0.013833152713723354,tested,0.43159436466816864,False
44,7,30,215.0,2478.0,1.0,2.6029055690072638,-1.3801229730573772,0.9354057820913175,tested,1.0,False
44,8,30,129.0,2478.0,0.0,1.5617433414043584,,1.0,tested,1.0,False
44,9,30,45.0,2478.0,1.0,0.5447941888619855,0.8762167802024081,0.4248213820757386,tested,1.0,False
44,10,30,31.0,2478.0,0.0,0.37530266343825663,,1.0,tested,1.0,False
44,X,30,97.0,2478.0,1.0,1.1743341404358354,-0.2318429656550447,0.7003518932094842,tested,1.0,False
44,U,30,61.0,2478.0,0.0,0.738498789346247,,1.0,tested,1.0,False
45,1,66,491.0,2478.0,26.0,13.077481840193705,0.9914268566085471,0.000159019123817511,tested,0.015265835886481057,True
45,2,66,440.0,2478.0,7.0,11.71912832929782,-0.7434384386849072,0.9631313140042719,tested,1.0,False
45,3,66,364.0,2478.0,1.0,9.694915254237289,-3.2772282874165484,0.9999759980483134,tested,1.0,False
45,4,66,258.0,2478.0,6.0,6.871670702179177,-0.1956984019199498,0.6995668925830764,tested,1.0,False
45,5,66,178.0,2478.0,7.0,4.7409200968523,0.5621878438733545,0.1918373458651555,tested,1.0,False
45,6,66,169.0,2478.0,2.0,4.501210653753026,-1.1703130835000362,0.9471211065213703,tested,1.0,False
45,7,66,215.0,2478.0,2.0,5.72639225181598,-1.517626496807312,0.9828365934132235,tested,1.0,False
45,8,66,129.0,2478.0,7.0,3.4358353510895885,1.026694019416498,0.05296059363316442,tested,0.8931732547863404,False
45,9,66,45.0,2478.0,0.0,1.1985472154963681,,1.0,tested,1.0,False
45,10,66,31.0,2478.0,2.0,0.8256658595641646,1.2763700423952729,0.19910941719298045,tested,1.0,False
45,X,66,97.0,2478.0,6.0,2.583535108958838,1.2156160113161765,0.04207605795142835,tested,0.7794555971890096,False
45,U,66,61.0,2478.0,0.0,1.6246973365617434,,1.0,tested,1.0,False
46,,2,,,,,,,skipped_fewer_than_5_genes,,False
47,1,37,491.0,2478.0,12.0,7.331315577078289,0.7108903929181148,0.0473151491339563,tested,0.8201292516552424,False
47,2,37,440.0,2478.0,3.0,6.569814366424536,-1.1308901062918517,0.9719223818606312,tested,1.0,False
47,3,37,364.0,2478.0,6.0,5.435028248587571,0.14267496703411153,0.46617048955111684,tested,1.0,False
47,4,37,258.0,2478.0,3.0,3.8523002421307506,-0.36075764819044626,0.7575108577610299,tested,1.0,False
47,5,37,178.0,2478.0,0.0,2.6577885391444713,,1.0,tested,1.0,False
47,6,37,169.0,2478.0,3.0,2.523405972558515,0.24959017095062366,0.46778971329718405,tested,1.0,False
47,7,37,215.0,2478.0,4.0,3.2102502017756254,0.31731425692219145,0.4020029694537499,tested,1.0,False
47,8,37,129.0,2478.0,0.0,1.9261501210653753,,1.0,tested,1.0,False
47,9,37,45.0,2478.0,1.0,0.6719128329297821,0.5736540101819769,0.4949558532449586,tested,1.0,False
47,10,37,31.0,2478.0,3.0,0.4628732849071832,2.696273296845933,0.01033379338908548,tested,0.4047624627552552,False
47,X,37,97.0,2478.0,2.0,1.4483454398708635,0.46559426432452405,0.42884925043113054,tested,1.0,False
47,U,37,61.0,2478.0,0.0,0.9108151735270379,,1.0,tested,1.0,False
48,1,64,491.0,2478.0,14.0,12.681194511702985,0.14273617988351275,0.38658607029741954,tested,1.0,False
48,2,64,440.0,2478.0,10.0,11.364003228410008,-0.18447114649669566,0.7243366004274097,tested,1.0,False
48,3,64,364.0,2478.0,6.0,9.401129943502825,-0.6478716673369386,0.9259733547445979,tested,1.0,False
48,4,64,258.0,2478.0,9.0,6.663438256658596,0.43365821815965977,0.21640739694726072,tested,1.0,False
48,5,64,178.0,2478.0,4.0,4.59725585149314,-0.2007729588257963,0.6869282620547493,tested,1.0,False
48,6,64,169.0,2478.0,10.0,4.364810330912026,1.1960091307457796,0.01006321205330955,tested,0.4047624627552552,False
48,7,64,215.0,2478.0,7.0,5.552865213882163,0.33412254460874535,0.3177336400555106,tested,1.0,False
48,8,64,129.0,2478.0,2.0,3.331719128329298,-0.7362667832826527,0.856078536910904,tested,1.0,False
48,9,64,45.0,2478.0,0.0,1.162227602905569,,1.0,tested,1.0,False
48,10,64,31.0,2478.0,1.0,0.8006456820016142,0.32076416175372635,0.5578841139473328,tested,1.0,False
48,X,64,97.0,2478.0,1.0,2.5052461662631154,-1.324952370046526,0.9249297451380825,tested,1.0,False
48,U,64,61.0,2478.0,0.0,1.5754640839386602,,1.0,tested,1.0,False
49,1,28,491.0,2478.0,3.0,5.548022598870056,-0.8870111635105395,0.9370611828989995,tested,1.0,False
49,2,28,440.0,2478.0,6.0,4.971751412429379,0.271208337279494,0.37778328814189377,tested,1.0,False
49,3,28,364.0,2478.0,4.0,4.112994350282486,-0.04018909011569885,0.6063039841251529,tested,1.0,False
49,4,28,258.0,2478.0,3.0,2.9152542372881354,0.041340795380899575,0.5703040811172049,tested,1.0,False
49,5,28,178.0,2478.0,0.0,2.0112994350282487,,1.0,tested,1.0,False
49,6,28,169.0,2478.0,1.0,1.9096045197740112,-0.9332738861991868,0.8631807148219329,tested,1.0,False
49,7,28,215.0,2478.0,5.0,2.4293785310734464,1.0413407953808995,0.08913545369681637,tested,1.0,False
49,8,28,129.0,2478.0,2.0,1.4576271186440677,0.45637829465974333,0.43283778853480187,tested,1.0,False
49,9,28,45.0,2478.0,1.0,0.5084745762711864,0.9757524537533229,0.4030910944551073,tested,1.0,False
49,10,28,31.0,2478.0,0.0,0.3502824858757062,,1.0,tested,1.0,False
49,X,28,97.0,2478.0,2.0,1.0960451977401129,0.8676927078958699,0.3003051717622954,tested,1.0,False
49,U,28,61.0,2478.0,1.0,0.6892655367231638,0.5368682125201111,0.5042928837038195,tested,1.0,False
50,1,15,491.0,2478.0,2.0,2.9721549636803872,-0.57150933778261,0.8293886552234234,tested,1.0,False
50,2,15,440.0,2478.0,2.0,2.6634382566585955,-0.4132898369925765,0.775068060648149,tested,1.0,False
50,3,15,364.0,2478.0,2.0,2.2033898305084745,-0.13972476366661327,0.6702569763005967,tested,1.0,False
50,4,15,258.0,2478.0,5.0,1.5617433414043584,1.678770715996191,0.014705046128171632,tested,0.447607257755078,False
50,5,15,178.0,2478.0,1.0,1.0774818401937045,-0.10766355443431459,0.6741872812241745,tested,1.0,False
50,6,15,169.0,2478.0,0.0,1.023002421307506,,1.0,tested,1.0,False
50,7,15,215.0,2478.0,1.0,1.3014527845036319,-0.38012297305737724,0.7447338312394668,tested,1.0,False
50,8,15,129.0,2478.0,1.0,0.7808716707021792,0.3568426211088289,0.5525844718245833,tested,1.0,False
50,9,15,45.0,2478.0,0.0,0.27239709443099275,,1.0,tested,1.0,False
50,10,15,31.0,2478.0,0.0,0.18765133171912832,,1.0,tested,1.0,False
50,X,15,97.0,2478.0,1.0,0.5871670702179177,0.7681570343449553,0.4515731513219804,tested,1.0,False
50,U,15,61.0,2478.0,0.0,0.3692493946731235,,1.0,tested,1.0,False
51,1,24,491.0,2478.0,2.0,4.75544794188862,-1.2495812428952477,0.9660079747463527,tested,1.0,False
51,2,24,440.0,2478.0,3.0,4.261501210653753,-0.506399241384058,0.8266360183203111,tested,1.0,False
51,3,24,364.0,2478.0,4.0,3.5254237288135593,0.18220333122074905,0.47818424885714333,tested,1.0,False
51,4,24,258.0,2478.0,2.0,2.4987893462469732,-0.32122928400380857,0.7306848419993187,tested,1.0,False
51,5,24,178.0,2478.0,3.0,1.7239709443099274,0.7992270411742037,0.24573072940782015,tested,1.0,False
51,6,24,169.0,2478.0,7.0,1.6368038740920097,2.096473457194865,0.0007779690925436723,tested,0.05393919041636127,False
51,7,24,215.0,2478.0,2.0,2.082324455205811,-0.05819487817001483,0.629869014534955,tested,1.0,False
51,8,24,129.0,2478.0,0.0,1.2493946731234866,,1.0,tested,1.0,False
51,9,24,45.0,2478.0,0.0,0.4358353510895884,,1.0,tested,1.0,False
51,10,24,31.0,2478.0,0.0,0.30024213075060535,,1.0,tested,1.0,False
51,X,24,97.0,2478.0,0.0,0.9394673123486683,,1.0,tested,1.0,False
51,U,24,61.0,2478.0,1.0,0.5907990314769975,0.7592606338565592,0.4517486795762804,tested,1.0,False
52,1,38,491.0,2478.0,11.0,7.529459241323648,0.5468853630196202,0.11417782949736566,tested,1.0,False
52,2,38,440.0,2478.0,6.0,6.7473769168684425,-0.16936425410648748,0.6912268564277104,tested,1.0,False
52,3,38,364.0,2478.0,4.0,5.581920903954802,-0.48076168150168,0.8314199084462917,tested,1.0,False
52,4,38,258.0,2478.0,5.0,3.956416464891041,0.33773379816112437,0.36172932554589027,tested,1.0,False
52,5,38,178.0,2478.0,0.0,2.7296206618240517,,1.0,tested,1.0,False
52,6,38,169.0,2478.0,4.0,2.5916061339790155,0.6261535224148316,0.25804936548065693,tested,1.0,False
52,7,38,215.0,2478.0,2.0,3.2970137207425343,-0.7211598908924441,0.8555645073023753,tested,1.0,False
52,8,38,129.0,2478.0,1.0,1.9782082324455206,-0.9841942967262379,0.8709173146621858,tested,1.0,False
52,9,38,45.0,2478.0,0.0,0.6900726392251816,,1.0,tested,1.0,False
52,10,38,31.0,2478.0,2.0,0.47538337368845845,2.072836648310141,0.08060983879244987,tested,1.0,False
52,X,38,97.0,2478.0,3.0,1.4874899112187248,1.0120826172310444,0.18430771982205466,tested,1.0,False
52,U,38,61.0,2478.0,0.0,0.9354317998385795,,1.0,tested,1.0,False
53,1,12,491.0,2478.0,1.0,2.37772397094431,-1.2495812428952477,0.9298075360508091,tested,1.0,False
53,2,12,440.0,2478.0,5.0,2.1307506053268765,1.2305663527821482,0.04603233764911299,tested,0.8091317941703242,False
53,3,12,364.0,2478.0,1.0,1.7627118644067796,-0.817796668779251,0.8520735769727732,tested,1.0,False
53,4,12,258.0,2478.0,1.0,1.2493946731234866,-0.32122928400380857,0.7335158643389348,tested,1.0,False
53,5,12,178.0,2478.0,1.0,0.8619854721549637,0.2142645404530476,0.5920374267430868,tested,1.0,False
53,6,12,169.0,2478.0,0.0,0.8184019370460048,,1.0,tested,1.0,False
53,7,12,215.0,2478.0,0.0,1.0411622276029056,,1.0,tested,1.0,False
53,8,12,129.0,2478.0,3.0,0.6246973365617433,2.2637332167173474,0.02145696223358497,tested,0.5355657773502809,False
53,9,12,45.0,2478.0,0.0,0.2179176755447942,,1.0,tested,1.0,False
53,10,12,31.0,2478.0,0.0,0.15012106537530268,,1.0,tested,1.0,False
53,X,12,97.0,2478.0,0.0,0.46973365617433416,,1.0,tested,1.0,False
53,U,12,61.0,2478.0,0.0,0.29539951573849876,,1.0,tested,1.0,False
54,1,63,491.0,2478.0,11.0,12.483050847457626,-0.1824670470367106,0.730956664767578,tested,1.0,False
54,2,63,440.0,2478.0,13.0,11.186440677966102,0.21676055325711763,0.3206677825266152,tested,1.0,False
54,3,63,364.0,2478.0,14.0,9.254237288135593,0.5972408304995929,0.06828898136173461,tested,0.9935380387737778,False
54,4,63,258.0,2478.0,6.0,6.559322033898305,-0.12858420606141294,0.6547089986227723,tested,1.0,False
54,5,63,178.0,2478.0,3.0,4.52542372881356,-0.5930903816045566,0.8430615218032671,tested,1.0,False
54,6,63,169.0,2478.0,7.0,4.296610169491525,0.704156034416105,0.13380944688985777,tested,1.0,False
54,7,63,215.0,2478.0,2.0,5.466101694915254,-1.4505123009487753,0.978213295020662,tested,1.0,False
54,8,63,129.0,2478.0,3.0,3.2796610169491527,-0.12858420606141294,0.6466801094567467,tested,1.0,False
54,9,63,45.0,2478.0,2.0,1.1440677966101696,0.8058274523110103,0.3181275257381953,tested,1.0,False
54,10,63,31.0,2478.0,0.0,0.788135593220339,,1.0,tested,1.0,False
54,X,63,97.0,2478.0,1.0,2.4661016949152543,-1.3022322935464425,0.9217883237741455,tested,1.0,False
54,U,63,61.0,2478.0,1.0,1.5508474576271187,-0.6330567889222013,0.7961745157830964,tested,1.0,False
55,1,55,491.0,2478.0,11.0,10.897901533494753,0.01345316293854619,0.5410320446420696,tested,1.0,False
55,2,55,440.0,2478.0,5.0,9.76594027441485,-0.9658308600213554,0.9778253327997191,tested,1.0,False
55,3,55,364.0,2478.0,6.0,8.07909604519774,-0.42923138086159823,0.8401930855332062,tested,1.0,False
55,4,55,258.0,2478.0,5.0,5.72639225181598,-0.19569840191994964,0.6933245631065194,tested,1.0,False
55,5,55,178.0,2478.0,5.0,3.950766747376917,0.33979542253690637,0.36080455867316774,tested,1.0,False
55,6,55,169.0,2478.0,9.0,3.7510088781275224,1.2626463237760701,0.01070285358247069,tested,0.4047624627552552,False
55,7,55,215.0,2478.0,7.0,4.771993543179984,0.5527628310840857,0.19520480455170208,tested,1.0,False
55,8,55,129.0,2478.0,1.0,2.86319612590799,-1.517626496807312,0.9488927501462499,tested,1.0,False
55,9,55,45.0,2478.0,0.0,0.9987893462469734,,1.0,tested,1.0,False
55,10,55,31.0,2478.0,0.0,0.6880548829701372,,1.0,tested,1.0,False
55,X,55,97.0,2478.0,3.0,2.1529459241323647,0.4786504171499706,0.3657837811700624,tested,1.0,False
55,U,55,61.0,2478.0,3.0,1.3539144471347861,1.1478259217742117,0.15173657284538836,tested,1.0,False
56,1,44,491.0,2478.0,11.0,8.718321226795803,0.3353812578259086,0.24205251078141504,tested,1.0,False
56,2,44,440.0,2478.0,8.0,7.81275221953188,0.034169139978644604,0.5329344583968614,tested,1.0,False
56,3,44,364.0,2478.0,6.0,6.463276836158192,-0.10730328597423577,0.6446592660749806,tested,1.0,False
56,4,44,258.0,2478.0,4.0,4.581113801452784,-0.1956984019199498,0.6877610372627923,tested,1.0,False
56,5,44,178.0,2478.0,1.0,3.1606133979015336,-1.6602045774630936,0.9634760125869015,tested,1.0,False
56,6,44,169.0,2478.0,4.0,3.0008071025020175,0.4146494172211201,0.3527162338340132,tested,1.0,False
56,7,44,215.0,2478.0,4.0,3.817594834543987,0.06733600391384402,0.5390916226959063,tested,1.0,False
56,8,44,129.0,2478.0,2.0,2.290556900726392,-0.1956984019199498,0.6775726560820966,tested,1.0,False
56,9,44,45.0,2478.0,0.0,0.7990314769975787,,1.0,tested,1.0,False
56,10,44,31.0,2478.0,2.0,0.5504439063761097,1.8613325431164292,0.10362791305201617,tested,1.0,False
56,X,44,97.0,2478.0,0.0,1.7223567393058918,,1.0,tested,1.0,False
56,U,44,61.0,2478.0,2.0,1.0831315577078289,0.8847915159404179,0.2953412692664018,tested,1.0,False
57,1,57,491.0,2478.0,15.0,11.294188861985472,0.4093818392696855,0.14123645500417786,tested,1.0,False
57,2,57,440.0,2478.0,13.0,10.121065375302663,0.3611504625922925,0.19883383313915182,tested,1.0,False
57,3,57,364.0,2478.0,8.0,8.372881355932204,-0.06572418222283653,0.6144141338291276,tested,1.0,False
57,4,57,258.0,2478.0,7.0,5.934624697336562,0.23819812461020978,0.38209848335701496,tested,1.0,False
57,5,57,178.0,2478.0,3.0,4.094430992736077,-0.4487004722693817,0.789562118136235,tested,1.0,False
57,6,57,169.0,2478.0,5.0,3.887409200968523,0.36311911658103785,0.3478701852356544,tested,1.0,False
57,7,57,215.0,2478.0,4.0,4.945520581113802,-0.3061223916136005,0.7430616239239913,tested,1.0,False
57,8,57,129.0,2478.0,0.0,2.967312348668281,,1.0,tested,1.0,False
57,9,57,45.0,2478.0,0.0,1.0351089588377724,,1.0,tested,1.0,False
57,10,57,31.0,2478.0,0.0,0.7130750605326877,,1.0,tested,1.0,False
57,X,57,97.0,2478.0,2.0,2.2312348668280872,-0.15784238421126787,0.662243270104133,tested,1.0,False
57,U,57,61.0,2478.0,0.0,1.4031476997578693,,1.0,tested,1.0,False
58,1,47,491.0,2478.0,10.0,9.31275221953188,0.10272050103563342,0.45815047786998314,tested,1.0,False
58,2,47,440.0,2478.0,7.0,8.345439870863599,-0.25363317100409116,0.7549891929394409,tested,1.0,False
58,3,47,364.0,2478.0,8.0,6.903954802259887,0.21257698026426808,0.38509808906551285,tested,1.0,False
58,4,47,258.0,2478.0,0.0,4.893462469733656,,1.0,tested,1.0,False
58,5,47,178.0,2478.0,0.0,3.3761097659402743,,1.0,tested,1.0,False
58,6,47,169.0,2478.0,7.0,3.205407586763519,1.126847106238384,0.03748005225486043,tested,0.7623552005825198,False
58,7,47,215.0,2478.0,6.0,4.077885391444713,0.5571412715946602,0.21864214199201334,tested,1.0,False
58,8,47,129.0,2478.0,6.0,2.446731234866828,1.294106865760866,0.03283637328180571,tested,0.7301375093929129,False
58,9,47,45.0,2478.0,0.0,0.8535108958837773,,1.0,tested,1.0,False
58,10,47,31.0,2478.0,2.0,0.5879741727199355,1.7661753100760889,0.1157508783412339,tested,1.0,False
58,X,47,97.0,2478.0,1.0,1.8397901533494754,-0.8795412217241634,0.8496469858665645,tested,1.0,False
58,U,47,61.0,2478.0,0.0,1.1569814366424536,,1.0,tested,1.0,False
59,1,20,491.0,2478.0,2.0,3.9628732849071833,-0.9865468370614539,0.9290309460079385,tested,1.0,False
59,2,20,440.0,2478.0,2.0,3.5512510088781277,-0.8283273362714205,0.8943481719531344,tested,1.0,False
59,3,20,364.0,2478.0,4.0,2.937853107344633,0.445237737054543,0.3370090035981245,tested,1.0,False
59,4,20,258.0,2478.0,3.0,2.082324455205811,0.5267676225511413,0.3465633205302373,tested,1.0,False
59,5,20,178.0,2478.0,2.0,1.436642453591606,0.4772989462868416,0.4268063299562273,tested,1.0,False
59,6,20,169.0,2478.0,3.0,1.364003228410008,1.1371154416922111,0.15161670989415174,tested,1.0,False
59,7,20,215.0,2478.0,3.0,1.7352703793381759,0.7898020283849352,0.24824571894007574,tested,1.0,False
59,8,20,129.0,2478.0,1.0,1.0411622276029056,-0.05819487817001483,0.6581814134713784,tested,1.0,False
59,9,20,45.0,2478.0,0.0,0.36319612590799033,,1.0,tested,1.0,False
59,10,20,31.0,2478.0,0.0,0.25020177562550444,,1.0,tested,1.0,False
59,X,20,97.0,2478.0,0.0,0.7828894269572235,,1.0,tested,1.0,False
59,U,20,61.0,2478.0,0.0,0.4923325262308313,,1.0,tested,1.0,False
60,1,30,491.0,2478.0,5.0,5.9443099273607745,-0.24958124289524763,0.7382471052665762,tested,1.0,False
60,2,30,440.0,2478.0,5.0,5.326876513317191,-0.09136174210521412,0.6374886438659895,tested,1.0,False
60,3,30,364.0,2478.0,4.0,4.406779661016949,-0.13972476366661327,0.6626892355624088,tested,1.0,False
60,4,30,258.0,2478.0,5.0,3.123486682808717,0.6787707159961912,0.19599134524636191,tested,1.0,False
60,5,30,178.0,2478.0,3.0,2.154963680387409,0.4772989462868416,0.36679375493504374,tested,1.0,False
60,6,30,169.0,2478.0,3.0,2.046004842615012,0.552152940971055,0.33607011262613934,tested,1.0,False
60,7,30,215.0,2478.0,5.0,2.6029055690072638,0.9418051218299852,0.11251429344617203,tested,1.0,False
60,8,30,129.0,2478.0,0.0,1.5617433414043584,,1.0,tested,1.0,False
60,9,30,45.0,2478.0,0.0,0.5447941888619855,,1.0,tested,1.0,False
60,10,30,31.0,2478.0,0.0,0.37530266343825663,,1.0,tested,1.0,False
60,X,30,97.0,2478.0,0.0,1.1743341404358354,,1.0,tested,1.0,False
60,U,30,61.0,2478.0,0.0,0.738498789346247,,1.0,tested,1.0,False
61,1,14,491.0,2478.0,4.0,2.774011299435028,0.5280263357683044,0.2951459955741746,tested,1.0,False
61,2,14,440.0,2478.0,2.0,2.4858757062146895,-0.31375416344166235,0.7402373300042469,tested,1.0,False
61,3,14,364.0,2478.0,2.0,2.056497175141243,-0.04018909011569885,0.6318540947737669,tested,1.0,False
61,4,14,258.0,2478.0,1.0,1.4576271186440677,-0.5436217053402567,0.7863697414758825,tested,1.0,False
61,5,14,178.0,2478.0,1.0,1.0056497175141244,-0.008127880883400334,0.6488177869362929,tested,1.0,False
61,6,14,169.0,2478.0,1.0,0.9548022598870056,0.06672611380081314,0.6290246047524161,tested,1.0,False
61,7,14,215.0,2478.0,3.0,1.2146892655367232,1.3043752012146934,0.11499986154985826,tested,1.0,False
61,8,14,129.0,2478.0,0.0,0.7288135593220338,,1.0,tested,1.0,False
61,9,14,45.0,2478.0,0.0,0.2542372881355932,,1.0,tested,1.0,False
61,10,14,31.0,2478.0,0.0,0.1751412429378531,,1.0,tested,1.0,False
61,X,14,97.0,2478.0,0.0,0.5480225988700564,,1.0,tested,1.0,False
61,U,14,61.0,2478.0,0.0,0.3446327683615819,,1.0,tested,1.0,False
62,1,28,491.0,2478.0,7.0,5.548022598870056,0.3353812578259086,0.3118632027014516,tested,1.0,False
62,2,28,440.0,2478.0,6.0,4.971751412429379,0.271208337279494,0.37778328814189377,tested,1.0,False
62,3,28,364.0,2478.0,2.0,4.112994350282486,-1.040189090115699,0.93297387306927,tested,1.0,False
62,4,28,258.0,2478.0,3.0,2.9152542372881354,0.041340795380899575,0.5703040811172049,tested,1.0,False
62,5,28,178.0,2478.0,2.0,2.0112994350282487,-0.008127880883400334,0.6086783718757339,tested,1.0,False
62,6,28,169.0,2478.0,1.0,1.9096045197740112,-0.9332738861991868,0.8631807148219329,tested,1.0,False
62,7,28,215.0,2478.0,2.0,2.4293785310734464,-0.2805872995064629,0.7133937197824658,tested,1.0,False
62,8,28,129.0,2478.0,1.0,1.4576271186440677,-0.5436217053402567,0.7780669607310098,tested,1.0,False
62,9,28,45.0,2478.0,1.0,0.5084745762711864,0.9757524537533229,0.4030910944551073,tested,1.0,False
62,10,28,31.0,2478.0,1.0,0.3502824858757062,1.5134092396961223,0.2984330662224397,tested,1.0,False
62,X,28,97.0,2478.0,2.0,1.0960451977401129,0.8676927078958699,0.3003051717622954,tested,1.0,False
62,U,28,61.0,2478.0,0.0,0.6892655367231638,,1.0,tested,1.0,False
63,1,32,491.0,2478.0,6.0,6.340597255851493,-0.0796562414529353,0.6312184456178026,tested,1.0,False
63,2,32,440.0,2478.0,1.0,5.682001614205004,-2.506399241384058,0.9981619971281861,tested,1.0,False
63,3,32,364.0,2478.0,4.0,4.700564971751413,-0.23283416805809476,0.7133438792939328,tested,1.0,False
63,4,32,258.0,2478.0,1.0,3.331719128329298,-1.7362667832826526,0.9710359396787553,tested,1.0,False
63,5,32,178.0,2478.0,8.0,2.29862792574657,1.7992270411742037,0.0014263986293516179,tested,0.09369186786477995,False
63,6,32,169.0,2478.0,3.0,2.182405165456013,0.4590435365795734,0.3744267862542841,tested,1.0,False
63,7,32,215.0,2478.0,4.0,2.7764326069410816,0.5267676225511413,0.29988224023325233,tested,1.0,False
63,8,32,129.0,2478.0,0.0,1.665859564164649,,1.0,tested,1.0,False
63,9,32,45.0,2478.0,2.0,0.5811138014527845,1.7831073758109268,0.11352093985528822,tested,1.0,False
63,10,32,31.0,2478.0,0.0,0.4003228410008071,,1.0,tested,1.0,False
63,X,32,97.0,2478.0,1.0,1.2526230831315577,-0.32495237004652605,0.7236327057138159,tested,1.0,False
63,U,32,61.0,2478.0,2.0,0.7877320419693301,1.3442231345777154,0.1852631864115395,tested,1.0,False
64,1,97,491.0,2478.0,22.0,19.21993543179984,0.19490003427607797,0.27161673133000186,tested,1.0,False
64,2,97,440.0,2478.0,13.0,17.223567393058918,-0.4058723654300935,0.9034603554822425,tested,1.0,False
64,3,97,364.0,2478.0,9.0,14.248587570621469,-0.6628220088029101,0.9605371146819998,tested,1.0,False
64,4,97,258.0,2478.0,8.0,10.099273607748184,-0.33617962546978036,0.8086968620652617,tested,1.0,False
64,5,97,178.0,2478.0,6.0,6.967715899919289,-0.21572330029176756,0.7096373379526455,tested,1.0,False
64,6,97,169.0,2478.0,7.0,6.615415657788539,0.08152311572889372,0.49671891678281405,tested,1.0,False
64,7,97,215.0,2478.0,9.0,8.416061339790152,0.096779781806326,0.46884730918712053,tested,1.0,False
64,8,97,129.0,2478.0,3.0,5.049636803874092,-0.7512171247486242,0.8908309680300288,tested,1.0,False
64,9,97,45.0,2478.0,2.0,1.761501210653753,0.18319453362379912,0.5322607594818896,tested,1.0,False
64,10,97,31.0,2478.0,1.0,1.2134786117836964,-0.2791486804334013,0.7122252046305138,tested,1.0,False
64,X,97,97.0,2478.0,9.0,3.7970137207425343,1.2450597892086586,0.01217257374300367,tested,0.4219825564241272,False
64,U,97,61.0,2478.0,8.0,2.387812752219532,1.7443102923905875,0.002184454851690659,tested,0.13630998274549713,False
65,1,79,491.0,2478.0,24.0,15.653349475383374,0.6165630103699618,0.01523560932180482,tested,0.45271524841934324,False
65,2,79,440.0,2478.0,18.0,14.027441485068604,0.3597450118811514,0.14956272559934305,tested,1.0,False
65,3,79,364.0,2478.0,14.0,11.6045197740113,0.27074000582240637,0.2629158942692591,tested,1.0,False
65,4,79,258.0,2478.0,5.0,8.225181598062955,-0.7181194365723932,0.9271865385214838,tested,1.0,False
65,5,79,178.0,2478.0,8.0,5.674737691686844,0.4954462929971009,0.2030481380835748,tested,1.0,False
65,6,79,169.0,2478.0,0.0,5.387812752219532,,1.0,tested,1.0,False
65,7,79,215.0,2478.0,4.0,6.854317998385795,-0.7770131256259617,0.9232090394745974,tested,1.0,False
65,8,79,129.0,2478.0,2.0,4.112590799031477,-1.0400475314597557,0.9250429282815638,tested,1.0,False
65,9,79,45.0,2478.0,1.0,1.4346246973365617,-0.5206733723661761,0.7703754058422241,tested,1.0,False
65,10,79,31.0,2478.0,0.0,0.9882970137207425,,1.0,tested,1.0,False
65,X,79,97.0,2478.0,3.0,3.092413236481033,-0.043770617502472846,0.6057102146365847,tested,1.0,False
65,U,79,61.0,2478.0,0.0,1.9447134786117837,,1.0,tested,1.0,False
66,1,28,491.0,2478.0,5.0,5.548022598870056,-0.15004556934433322,0.677720203872497,tested,1.0,False
66,2,28,440.0,2478.0,7.0,4.971751412429379,0.49360075861594194,0.21685191372795745,tested,1.0,False
66,3,28,364.0,2478.0,3.0,4.112994350282486,-0.45522658939454275,0.8024017578825373,tested,1.0,False
66,4,28,258.0,2478.0,2.0,2.9152542372881354,-0.5436217053402567,0.8058395228714975,tested,1.0,False
66,5,28,178.0,2478.0,3.0,2.0112994350282487,0.5768346198377556,0.3262740512768841,tested,1.0,False
66,6,28,169.0,2478.0,1.0,1.9096045197740112,-0.9332738861991868,0.8631807148219329,tested,1.0,False
66,7,28,215.0,2478.0,1.0,2.4293785310734464,-1.2805872995064629,0.9223774657744178,tested,1.0,False
66,8,28,129.0,2478.0,2.0,1.4576271186440677,0.45637829465974333,0.43283778853480187,tested,1.0,False
66,9,28,45.0,2478.0,0.0,0.5084745762711864,,1.0,tested,1.0,False
66,10,28,31.0,2478.0,0.0,0.3502824858757062,,1.0,tested,1.0,False
66,X,28,97.0,2478.0,4.0,1.0960451977401129,1.8676927078958698,0.021946127002562977,tested,0.5370346372391881,False
66,U,28,61.0,2478.0,0.0,0.6892655367231638,,1.0,tested,1.0,False
67,1,49,491.0,2478.0,12.0,9.709039548022599,0.30563391443185656,0.25194325420792596,tested,1.0,False
67,2,49,440.0,2478.0,7.0,8.700564971751412,-0.3137541634416621,0.7934871373407403,tested,1.0,False
67,3,49,364.0,2478.0,6.0,7.19774011299435,-0.2625815114521467,0.7474467353681276,tested,1.0,False
67,4,49,258.0,2478.0,8.0,5.101694915254237,0.6490233726021393,0.130441376166892,tested,1.0,False
67,5,49,178.0,2478.0,5.0,3.519774011299435,0.5064452919463579,0.27365633123666816,tested,1.0,False
67,6,49,169.0,2478.0,3.0,3.34180790960452,-0.15566630753563487,0.6608553730173837,tested,1.0,False
67,7,49,215.0,2478.0,4.0,4.251412429378531,-0.0879422215640669,0.6266576209519912,tested,1.0,False
67,8,49,129.0,2478.0,2.0,2.5508474576271185,-0.35097662739786073,0.7342197904104721,tested,1.0,False
67,9,49,45.0,2478.0,1.0,0.8898305084745762,0.16839753169571864,0.5962277083567341,tested,1.0,False
67,10,49,31.0,2478.0,1.0,0.6129943502824858,0.7060543176385181,0.4636419155331151,tested,1.0,False
67,X,49,97.0,2478.0,0.0,1.9180790960451977,,1.0,tested,1.0,False
67,U,49,61.0,2478.0,0.0,1.2062146892655368,,1.0,tested,1.0,False
68,1,75,491.0,2478.0,7.0,14.860774818401937,-1.0860825106123682,0.9961010728791143,tested,1.0,False
68,2,75,440.0,2478.0,21.0,13.317191283292978,0.6570994908988215,0.01741586606718661,tested,0.466747854673436,False
68,3,75,364.0,2478.0,6.0,11.016949152542374,-0.8766903578328195,0.9741230811992352,tested,1.0,False
68,4,75,258.0,2478.0,6.0,7.808716707021792,-0.38012297305737724,0.8097996491649019,tested,1.0,False
68,5,75,178.0,2478.0,8.0,5.387409200968523,0.570408350678323,0.166357981216162,tested,1.0,False
68,6,75,169.0,2478.0,1.0,5.11501210653753,-2.3547376546374634,0.9953990937416469,tested,1.0,False
68,7,75,215.0,2478.0,6.0,6.50726392251816,-0.11708856722358346,0.6452969744217258,tested,1.0,False
68,8,75,129.0,2478.0,13.0,3.904358353510896,1.7353542443625587,8.948892626676291e-05,tested,0.009306848331743342,True
68,9,75,45.0,2478.0,1.0,1.3619854721549636,-0.44571131468495384,0.752326810760211,tested,1.0,False
68,10,75,31.0,2478.0,1.0,0.9382566585956417,0.0919454712578453,0.6165916513640467,tested,1.0,False
68,X,75,97.0,2478.0,4.0,2.9358353510895885,0.44622893945759295,0.3376936490354646,tested,1.0,False
68,U,75,61.0,2478.0,1.0,1.8462469733656175,-0.8845955559181655,0.8501620550980028,tested,1.0,False
69,1,28,491.0,2478.0,3.0,5.548022598870056,-0.8870111635105395,0.9370611828989995,tested,1.0,False
69,2,28,440.0,2478.0,10.0,4.971751412429379,1.0081739314457001,0.017577843885938697,tested,0.466747854673436,False
69,3,28,364.0,2478.0,0.0,4.112994350282486,,1.0,tested,1.0,False
69,4,28,258.0,2478.0,4.0,2.9152542372881354,0.45637829465974333,0.3322290772726227,tested,1.0,False
69,5,28,178.0,2478.0,2.0,2.0112994350282487,-0.008127880883400334,0.6086783718757339,tested,1.0,False
69,6,28,169.0,2478.0,1.0,1.9096045197740112,-0.9332738861991868,0.8631807148219329,tested,1.0,False
69,7,28,215.0,2478.0,1.0,2.4293785310734464,-1.2805872995064629,0.9223774657744178,tested,1.0,False
69,8,28,129.0,2478.0,6.0,1.4576271186440677,2.0413407953808997,0.0025870027553171995,tested,0.1537418780302793,False
69,9,28,45.0,2478.0,0.0,0.5084745762711864,,1.0,tested,1.0,False
69,10,28,31.0,2478.0,1.0,0.3502824858757062,1.5134092396961223,0.2984330662224397,tested,1.0,False
69,X,28,97.0,2478.0,0.0,1.0960451977401129,,1.0,tested,1.0,False
69,U,28,61.0,2478.0,0.0,0.6892655367231638,,1.0,tested,1.0,False
70,1,18,491.0,2478.0,5.0,3.566585956416465,0.48738435127095836,0.27619597914925664,tested,1.0,False
70,2,18,440.0,2478.0,1.0,3.196125907990315,-1.6763242428263705,0.9707563106749577,tested,1.0,False
70,3,18,364.0,2478.0,2.0,2.6440677966101696,-0.40275916950040713,0.7662278017566956,tested,1.0,False
70,4,18,258.0,2478.0,1.0,1.87409200968523,-0.9061917847249649,0.8627860781065518,tested,1.0,False
70,5,18,178.0,2478.0,2.0,1.2929782082324455,0.6293020397318915,0.37479675434976534,tested,1.0,False
70,6,18,169.0,2478.0,3.0,1.2276029055690072,1.2891185351372612,0.11962900766692221,tested,1.0,False
70,7,18,215.0,2478.0,1.0,1.5617433414043584,-0.6431573788911711,0.8059389766249896,tested,1.0,False
70,8,18,129.0,2478.0,2.0,0.937046004842615,1.093808215275035,0.24021809156202195,tested,1.0,False
70,9,18,45.0,2478.0,0.0,0.3268765133171913,,1.0,tested,1.0,False
70,10,18,31.0,2478.0,0.0,0.22518159806295399,,1.0,tested,1.0,False
70,X,18,97.0,2478.0,0.0,0.7046004842615012,,1.0,tested,1.0,False
70,U,18,61.0,2478.0,1.0,0.4430992736077482,1.174298133135403,0.3625057413490533,tested,1.0,False
71,1,26,491.0,2478.0,6.0,5.151735270379338,0.21990404040597253,0.4130046987655828,tested,1.0,False
71,2,26,440.0,2478.0,4.0,4.616626311541566,-0.20683895952515027,0.7039837000827271,tested,1.0,False
71,3,26,364.0,2478.0,1.0,3.8192090395480225,-1.933273886199187,0.9842886172749966,tested,1.0,False
71,4,26,258.0,2478.0,1.0,2.7070217917675543,-1.4367065014237446,0.9435225065342424,tested,1.0,False
71,5,26,178.0,2478.0,10.0,1.867635189669088,2.420715417920474,5.512530026366317e-06,tested,0.000982805353272166,True
71,6,26,169.0,2478.0,1.0,1.7732041969330106,-0.826358682282675,0.8421700050508644,tested,1.0,False
71,7,26,215.0,2478.0,1.0,2.2558514931396285,-1.1736720955899507,0.9067360486786538,tested,1.0,False
71,8,26,129.0,2478.0,0.0,1.3535108958837772,,1.0,tested,1.0,False
71,9,26,45.0,2478.0,0.0,0.4721549636803874,,1.0,tested,1.0,False
71,10,26,31.0,2478.0,0.0,0.3252623083131558,,1.0,tested,1.0,False
71,X,26,97.0,2478.0,0.0,1.0177562550443906,,1.0,tested,1.0,False
71,U,26,61.0,2478.0,2.0,0.6400322841000807,1.643783416436623,0.13300806588794933,tested,1.0,False
72,1,154,491.0,2478.0,28.0,30.51412429378531,-0.12405036081138872,0.7316389577525495,tested,1.0,False
72,2,154,440.0,2478.0,30.0,27.34463276836158,0.13370481352955904,0.3138015236154282,tested,1.0,False
72,3,154,364.0,2478.0,19.0,22.62146892655367,-0.2516931953094105,0.8334612138539367,tested,1.0,False
72,4,154,258.0,2478.0,14.0,16.033898305084747,-0.19569840191995,0.7496673648726353,tested,1.0,False
72,5,154,178.0,2478.0,13.0,11.062146892655367,0.2328802186203946,0.31038633046055397,tested,1.0,False
72,6,154,169.0,2478.0,16.0,10.502824858757062,0.6072944951635159,0.05556445854964399,tested,0.9124268982888908,False
72,7,154,215.0,2478.0,19.0,13.361581920903955,0.5079085952998255,0.0692610652029797,tested,0.9935380387737778,False
72,8,154,129.0,2478.0,8.0,8.016949152542374,-0.0030533239775541315,0.5576513966008516,tested,1.0,False
72,9,154,45.0,2478.0,0.0,2.7966101694915255,,1.0,tested,1.0,False
72,10,154,31.0,2478.0,2.0,1.926553672316384,0.05397762105882493,0.5836715936638901,tested,1.0,False
72,X,154,97.0,2478.0,5.0,6.028248587570621,-0.26981081585406513,0.7326446576136072,tested,1.0,False
72,U,154,61.0,2478.0,0.0,3.790960451977401,,1.0,tested,1.0,False
73,1,31,491.0,2478.0,6.0,6.142453591606134,-0.03385255183981048,0.5980094954104455,tested,1.0,False
73,2,31,440.0,2478.0,4.0,5.504439063761097,-0.46059555177093325,0.8275386252611756,tested,1.0,False
73,3,31,364.0,2478.0,3.0,4.553672316384181,-0.6020679777238138,0.855499455950127,tested,1.0,False
73,4,31,258.0,2478.0,4.0,3.2276029055690074,0.3095369063304721,0.40644855368147464,tested,1.0,False
73,5,31,178.0,2478.0,2.0,2.2267958030669894,-0.15496926921267137,0.6646785885357455,tested,1.0,False
73,6,31,169.0,2478.0,3.0,2.1142050040355125,0.5048472261926983,0.35528256255113616,tested,1.0,False
73,7,31,215.0,2478.0,1.0,2.6896690879741727,-1.4274286878357338,0.9410788853798662,tested,1.0,False
73,8,31,129.0,2478.0,4.0,1.6138014527845037,1.309536906330472,0.07426518003054947,tested,0.9970389216061799,False
73,9,31,45.0,2478.0,0.0,0.562953995157385,,1.0,tested,1.0,False
73,10,31,31.0,2478.0,1.0,0.3878127522195319,1.366567851366851,0.3247390366167025,tested,1.0,False
73,X,31,97.0,2478.0,3.0,1.2134786117836964,1.3058138202877552,0.11880194605702239,tested,1.0,False
73,U,31,61.0,2478.0,0.0,0.7631154156577885,,1.0,tested,1.0,False
74,1,49,491.0,2478.0,12.0,9.709039548022599,0.30563391443185656,0.25194325420792596,tested,1.0,False
74,2,49,440.0,2478.0,8.0,8.700564971751412,-0.12110908549926613,0.6629680650589805,tested,1.0,False
74,3,49,364.0,2478.0,7.0,7.19774011299435,-0.04018909011569885,0.5948676490236338,tested,1.0,False
74,4,49,258.0,2478.0,3.0,5.101694915254237,-0.7660141266767044,0.8990342949326302,tested,1.0,False
74,5,49,178.0,2478.0,4.0,3.519774011299435,0.18451719705899555,0.4727812191594504,tested,1.0,False
74,6,49,169.0,2478.0,2.0,3.34180790960452,-0.7406288082567911,0.8587010623429416,tested,1.0,False
74,7,49,215.0,2478.0,5.0,4.251412429378531,0.23398587332329532,0.42262254331164734,tested,1.0,False
74,8,49,129.0,2478.0,5.0,2.5508474576271185,0.9709514674895017,0.10826342946097722,tested,1.0,False
74,9,49,45.0,2478.0,1.0,0.8898305084745762,0.16839753169571864,0.5962277083567341,tested,1.0,False
74,10,49,31.0,2478.0,0.0,0.6129943502824858,,1.0,tested,1.0,False
74,X,49,97.0,2478.0,2.0,1.9180790960451977,0.06033778583826575,0.5790573739200305,tested,1.0,False
74,U,49,61.0,2478.0,0.0,1.2062146892655368,,1.0,tested,1.0,False
75,1,26,491.0,2478.0,10.0,5.151735270379338,0.9568696345721787,0.021236625623998962,tested,0.5355657773502809,False
75,2,26,440.0,2478.0,4.0,4.616626311541566,-0.20683895952515027,0.7039837000827271,tested,1.0,False
75,3,26,364.0,2478.0,6.0,3.8192090395480225,0.6516886145219695,0.1714701668267805,tested,1.0,False
75,4,26,258.0,2478.0,1.0,2.7070217917675543,-1.4367065014237446,0.9435225065342424,tested,1.0,False
75,5,26,178.0,2478.0,0.0,1.867635189669088,,1.0,tested,1.0,False
75,6,26,169.0,2478.0,1.0,1.7732041969330106,-0.826358682282675,0.8421700050508644,tested,1.0,False
75,7,26,215.0,2478.0,1.0,2.2558514931396285,-1.1736720955899507,0.9067360486786538,tested,1.0,False
75,8,26,129.0,2478.0,2.0,1.3535108958837772,0.5632934985762554,0.3958655840877084,tested,1.0,False
75,9,26,45.0,2478.0,0.0,0.4721549636803874,,1.0,tested,1.0,False
75,10,26,31.0,2478.0,0.0,0.3252623083131558,,1.0,tested,1.0,False
75,X,26,97.0,2478.0,1.0,1.0177562550443906,-0.025392088187618202,0.6478127980775283,tested,1.0,False
75,U,26,61.0,2478.0,0.0,0.6400322841000807,,1.0,tested,1.0,False
76,1,43,491.0,2478.0,10.0,8.520177562550444,0.23104459801117297,0.3409497405632592,tested,1.0,False
76,2,43,440.0,2478.0,10.0,7.635189669087974,0.38926409880120644,0.22085910477696463,tested,1.0,False
76,3,43,364.0,2478.0,2.0,6.31638418079096,-1.6590989227601927,0.9913356293935223,tested,1.0,False
76,4,43,258.0,2478.0,2.0,4.476997578692494,-1.1625315379847505,0.9483485572966516,tested,1.0,False
76,5,43,178.0,2478.0,2.0,3.0887812752219532,-0.6270377135278942,0.827025156361084,tested,1.0,False
76,6,43,169.0,2478.0,2.0,2.9326069410815174,-0.5521837188436808,0.8036756018648841,tested,1.0,False
76,7,43,215.0,2478.0,1.0,3.7308313155770785,-1.8994971321509568,0.9805077690051062,tested,1.0,False
76,8,43,129.0,2478.0,11.0,2.238498789346247,2.296900080652547,6.871823969304611e-06,tested,0.0010720045392115193,True
76,9,43,45.0,2478.0,0.0,0.7808716707021792,,1.0,tested,1.0,False
76,10,43,31.0,2478.0,1.0,0.5379338175948345,0.8944994070516286,0.42073619115755256,tested,1.0,False
76,X,43,97.0,2478.0,2.0,1.6832122679580306,0.24878287525137607,0.5075919071922615,tested,1.0,False
76,U,43,61.0,2478.0,0.0,1.0585149313962874,,1.0,tested,1.0,False
77,1,42,491.0,2478.0,8.0,8.322033898305085,-0.056936164952851726,0.6122571275260451,tested,1.0,False
77,2,42,440.0,2478.0,6.0,7.4576271186440675,-0.3137541634416621,0.7826284455056234,tested,1.0,False
77,3,42,364.0,2478.0,6.0,6.169491525423729,-0.04018909011569885,0.5972486767778828,tested,1.0,False
77,4,42,258.0,2478.0,14.0,4.372881355932203,1.678770715996191,4.4809697216714014e-05,tested,0.006213611347384343,True
77,5,42,178.0,2478.0,2.0,3.016949152542373,-0.5930903816045564,0.8168028714448399,tested,1.0,False
77,6,42,169.0,2478.0,0.0,2.864406779661017,,1.0,tested,1.0,False
77,7,42,215.0,2478.0,3.0,3.6440677966101696,-0.2805872995064629,0.7202782928132062,tested,1.0,False
77,8,42,129.0,2478.0,2.0,2.1864406779661016,-0.12858420606141274,0.6523296165806168,tested,1.0,False
77,9,42,45.0,2478.0,1.0,0.7627118644067796,0.39078995303216657,0.5398588674186492,tested,1.0,False
77,10,42,31.0,2478.0,0.0,0.5254237288135594,,1.0,tested,1.0,False
77,X,42,97.0,2478.0,0.0,1.6440677966101696,,1.0,tested,1.0,False
77,U,42,61.0,2478.0,0.0,1.0338983050847457,,1.0,tested,1.0,False
78,1,11,491.0,2478.0,1.0,2.1795803066989508,-1.1240503608113888,0.9123659875695072,tested,1.0,False
78,2,11,440.0,2478.0,3.0,1.95318805488297,0.6191316406998009,0.30832162520934786,tested,1.0,False
78,3,11,364.0,2478.0,1.0,1.615819209039548,-0.6922657866953921,0.8264695741283079,tested,1.0,False
78,4,11,258.0,2478.0,1.0,1.145278450363196,-0.1956984019199498,0.7023918684129253,tested,1.0,False
78,5,11,178.0,2478.0,0.0,0.7901533494753834,,1.0,tested,1.0,False
78,6,11,169.0,2478.0,1.0,0.7502017756255044,0.4146494172211201,0.5409697057102023,tested,1.0,False
78,7,11,215.0,2478.0,1.0,0.9543987086359967,0.06733600391384402,0.6322969313128661,tested,1.0,False
78,8,11,129.0,2478.0,1.0,0.572639225181598,0.8043015980800502,0.44528749151618047,tested,1.0,False
78,9,11,45.0,2478.0,1.0,0.19975786924939468,2.3236757571736297,0.18290965203234333,tested,1.0,False
78,10,11,31.0,2478.0,0.0,0.13761097659402743,,1.0,tested,1.0,False
78,X,11,97.0,2478.0,1.0,0.43058918482647296,1.2156160113161765,0.35606031024524737,tested,1.0,False
78,U,11,61.0,2478.0,0.0,0.2707828894269572,,1.0,tested,1.0,False
79,1,36,491.0,2478.0,9.0,7.13317191283293,0.33538125782590833,0.2733189760344963,tested,1.0,False
79,2,36,440.0,2478.0,9.0,6.39225181598063,0.49360075861594194,0.17498701257460922,tested,1.0,False
79,3,36,364.0,2478.0,4.0,5.288135593220339,-0.40275916950040713,0.7974607749510672,tested,1.0,False
79,4,36,258.0,2478.0,2.0,3.74818401937046,-0.9061917847249649,0.902652968995051,tested,1.0,False
79,5,36,178.0,2478.0,6.0,2.585956416464891,1.2142645404530477,0.04033712651282653,tested,0.7794555971890096,False
79,6,36,169.0,2478.0,1.0,2.4552058111380144,-1.2958439655838951,0.9228293058120575,tested,1.0,False
79,7,36,215.0,2478.0,2.0,3.123486682808717,-0.6431573788911711,0.8336228344704057,tested,1.0,False
79,8,36,129.0,2478.0,1.0,1.87409200968523,-0.9061917847249649,0.8561141893103719,tested,1.0,False
79,9,36,45.0,2478.0,2.0,0.6537530266343826,1.6131823743686142,0.13787999768650036,tested,1.0,False
79,10,36,31.0,2478.0,0.0,0.45036319612590797,,1.0,tested,1.0,False
79,X,36,97.0,2478.0,0.0,1.4092009685230025,,1.0,tested,1.0,False
79,U,36,61.0,2478.0,0.0,0.8861985472154964,,1.0,tested,1.0,False
80,1,34,491.0,2478.0,5.0,6.736884584342212,-0.43015348853706864,0.8334735692736787,tested,1.0,False
80,2,34,440.0,2478.0,11.0,6.037126715092817,0.8655695360028998,0.027904185058068097,tested,0.6448967213420183,False
80,3,34,364.0,2478.0,5.0,4.994350282485875,0.0016310855789282137,0.5736222079535082,tested,1.0,False
80,4,34,258.0,2478.0,3.0,3.539951573849879,-0.23876712381183576,0.7037182466057137,tested,1.0,False
80,5,34,178.0,2478.0,0.0,2.4422921711057306,,1.0,tested,1.0,False
80,6,34,169.0,2478.0,4.0,2.3188054882970137,0.7866181946080779,0.1982959459875566,tested,1.0,False
80,7,34,215.0,2478.0,2.0,2.949959644874899,-0.5606952186991981,0.8087313451382871,tested,1.0,False
80,8,34,129.0,2478.0,3.0,1.7699757869249395,0.7612328761881643,0.25908026639767956,tested,1.0,False
80,9,34,45.0,2478.0,1.0,0.6174334140435835,0.6956445345605875,0.465986532793634,tested,1.0,False
80,10,34,31.0,2478.0,0.0,0.42534301856335754,,1.0,tested,1.0,False
80,X,34,97.0,2478.0,0.0,1.33091202582728,,1.0,tested,1.0,False
80,U,34,61.0,2478.0,0.0,0.8369652945924132,,1.0,tested,1.0,False
81,1,46,491.0,2478.0,13.0,9.114608555286521,0.5122590199099878,0.10604127704101193,tested,1.0,False
81,2,46,440.0,2478.0,10.0,8.167877320419693,0.29196689744629134,0.2918899430092112,tested,1.0,False
81,3,46,364.0,2478.0,5.0,6.757062146892656,-0.43446802922774524,0.8279127346838006,tested,1.0,False
81,4,46,258.0,2478.0,6.0,4.789346246973365,0.32513376138149086,0.344319203174801,tested,1.0,False
81,5,46,178.0,2478.0,2.0,3.304277643260694,-0.7243349148828091,0.8546952288037479,tested,1.0,False
81,6,46,169.0,2478.0,2.0,3.1372074253430187,-0.6494809201985956,0.8332121915851276,tested,1.0,False
81,7,46,215.0,2478.0,4.0,3.991121872477805,0.0032056664941284,0.5753722232274905,tested,1.0,False
81,8,46,129.0,2478.0,3.0,2.3946731234866827,0.32513376138149086,0.43250066658548125,tested,1.0,False
81,9,46,45.0,2478.0,1.0,0.8353510895883777,0.2595454197539141,0.5729486746317836,tested,1.0,False
81,10,46,31.0,2478.0,0.0,0.5754640839386602,,1.0,tested,1.0,False
81,X,46,97.0,2478.0,0.0,1.8006456820016141,,1.0,tested,1.0,False
81,U,46,61.0,2478.0,0.0,1.132364810330912,,1.0,tested,1.0,False
82,1,57,491.0,2478.0,11.0,11.294188861985472,-0.03807713770153593,0.5932682427813774,tested,1.0,False
82,2,57,440.0,2478.0,5.0,10.121065375302663,-1.0173611606614374,0.9829877841604688,tested,1.0,False
82,3,57,364.0,2478.0,6.0,8.372881355932204,-0.48076168150168047,0.8642233105565331,tested,1.0,False
82,4,57,258.0,2478.0,6.0,5.934624697336562,0.01580570327376176,0.5538131192658664,tested,1.0,False
82,5,57,178.0,2478.0,3.0,4.094430992736077,-0.4487004722693817,0.789562118136235,tested,1.0,False
82,6,57,169.0,2478.0,9.0,3.887409200968523,1.2111160231359879,0.013462925572508704,tested,0.43159436466816864,False
82,7,57,215.0,2478.0,3.0,4.945520581113802,-0.7211598908924441,0.8848853014689586,tested,1.0,False
82,8,57,129.0,2478.0,4.0,2.967312348668281,0.4308432025526057,0.3449553442576124,tested,1.0,False
82,9,57,45.0,2478.0,5.0,1.0351089588377724,2.2721454565335475,0.0032615407739229178,tested,0.18159572626455964,False
82,10,57,31.0,2478.0,1.0,0.7130750605326877,0.48787414758898456,0.5160914561844916,tested,1.0,False
82,X,57,97.0,2478.0,4.0,2.2312348668280872,0.8421576157887322,0.18180788589657843,tested,1.0,False
82,U,57,61.0,2478.0,0.0,1.4031476997578693,,1.0,tested,1.0,False
83,1,47,491.0,2478.0,9.0,9.31275221953188,-0.04928259240941656,0.6049994359449395,tested,1.0,False
83,2,47,440.0,2478.0,8.0,8.345439870863599,-0.06098809306169521,0.6135116555902734,tested,1.0,False
83,3,47,364.0,2478.0,8.0,6.903954802259887,0.21257698026426808,0.38509808906551285,tested,1.0,False
83,4,47,258.0,2478.0,6.0,4.893462469733656,0.2941068657608662,0.363737465734217,tested,1.0,False
83,5,47,178.0,2478.0,3.0,3.3761097659402743,-0.17039930978227738,0.6681326033752413,tested,1.0,False
83,6,47,169.0,2478.0,3.0,3.205407586763519,-0.09554531509806394,0.6324463256629232,tested,1.0,False
83,7,47,215.0,2478.0,4.0,4.077885391444713,-0.027821229126495994,0.5929019763415921,tested,1.0,False
83,8,47,129.0,2478.0,5.0,2.446731234866828,1.0310724599270724,0.09443036392397985,tested,1.0,False
83,9,47,45.0,2478.0,1.0,0.8535108958837773,0.22851852413328935,0.5808505289251922,tested,1.0,False
83,10,47,31.0,2478.0,0.0,0.5879741727199355,,1.0,tested,1.0,False
83,X,47,97.0,2478.0,0.0,1.8397901533494754,,1.0,tested,1.0,False
83,U,47,61.0,2478.0,0.0,1.1569814366424536,,1.0,tested,1.0,False
84,1,39,491.0,2478.0,9.0,7.727602905569007,0.21990404040597253,0.3639043312465451,tested,1.0,False
84,2,39,440.0,2478.0,8.0,6.924939467312349,0.20819853975369343,0.38814302372417403,tested,1.0,False
84,3,39,364.0,2478.0,4.0,5.728813559322034,-0.518236386920343,0.8465459020522321,tested,1.0,False
84,4,39,258.0,2478.0,5.0,4.060532687651332,0.3002590927424615,0.3833865904977667,tested,1.0,False
84,5,39,178.0,2478.0,4.0,2.801452784503632,0.5138248223119553,0.306097344331126,tested,1.0,False
84,6,39,169.0,2478.0,2.0,2.6598062953995156,-0.4113211830038311,0.7571776543516309,tested,1.0,False
84,7,39,215.0,2478.0,3.0,3.383777239709443,-0.17367209558995092,0.6713917507421023,tested,1.0,False
84,8,39,129.0,2478.0,1.0,2.030266343825666,-1.0216690021449009,0.8777417681083243,tested,1.0,False
84,9,39,45.0,2478.0,0.0,0.7082324455205811,,1.0,tested,1.0,False
84,10,39,31.0,2478.0,1.0,0.48789346246973364,1.035361942891478,0.3903066842776165,tested,1.0,False
84,X,39,97.0,2478.0,2.0,1.526634382566586,0.3896454110912255,0.45584446604179996,tested,1.0,False
84,U,39,61.0,2478.0,0.0,0.9600484261501211,,1.0,tested,1.0,False
85,1,28,491.0,2478.0,9.0,5.548022598870056,0.6979513372106169,0.08464632947444788,tested,1.0,False
85,2,28,440.0,2478.0,3.0,4.971751412429379,-0.728791662720506,0.8978181530497945,tested,1.0,False
85,3,28,364.0,2478.0,4.0,4.112994350282486,-0.04018909011569885,0.6063039841251529,tested,1.0,False
85,4,28,258.0,2478.0,4.0,2.9152542372881354,0.45637829465974333,0.3322290772726227,tested,1.0,False
85,5,28,178.0,2478.0,1.0,2.0112994350282487,-1.0081278808834004,0.8774322639208411,tested,1.0,False
85,6,28,169.0,2478.0,3.0,1.9096045197740112,0.6516886145219695,0.2976224713264253,tested,1.0,False
85,7,28,215.0,2478.0,2.0,2.4293785310734464,-0.2805872995064629,0.7133937197824658,tested,1.0,False
85,8,28,129.0,2478.0,1.0,1.4576271186440677,-0.5436217053402567,0.7780669607310098,tested,1.0,False
85,9,28,45.0,2478.0,0.0,0.5084745762711864,,1.0,tested,1.0,False
85,10,28,31.0,2478.0,0.0,0.3502824858757062,,1.0,tested,1.0,False
85,X,28,97.0,2478.0,1.0,1.0960451977401129,-0.1323072921041301,0.6751318292561035,tested,1.0,False
85,U,28,61.0,2478.0,0.0,0.6892655367231638,,1.0,tested,1.0,False
86,1,31,491.0,2478.0,8.0,6.142453591606134,0.38118494743903325,0.2601601012067023,tested,1.0,False
86,2,31,440.0,2478.0,3.0,5.504439063761097,-0.8756330510497771,0.9326413761585595,tested,1.0,False
86,3,31,364.0,2478.0,2.0,4.553672316384181,-1.18703047844497,0.9549054464467093,tested,1.0,False
86,4,31,258.0,2478.0,8.0,3.2276029055690074,1.309536906330472,0.011589513319700713,tested,0.4219825564241272,False
86,5,31,178.0,2478.0,5.0,2.2267958030669894,1.166958825674691,0.06683654779469066,tested,0.9935380387737778,False
86,6,31,169.0,2478.0,2.0,2.1142050040355125,-0.080115274528458,0.6357970260337875,tested,1.0,False
86,7,31,215.0,2478.0,3.0,2.6896690879741727,0.15753381288542234,0.5125132616607079,tested,1.0,False
86,8,31,129.0,2478.0,0.0,1.6138014527845037,,1.0,tested,1.0,False
86,9,31,45.0,2478.0,0.0,0.562953995157385,,1.0,tested,1.0,False
86,10,31,31.0,2478.0,0.0,0.3878127522195319,,1.0,tested,1.0,False
86,X,31,97.0,2478.0,0.0,1.2134786117836964,,1.0,tested,1.0,False
86,U,31,61.0,2478.0,0.0,0.7631154156577885,,1.0,tested,1.0,False
87,1,55,491.0,2478.0,9.0,10.897901533494753,-0.2760534542564387,0.7908194266848978,tested,1.0,False
87,2,55,440.0,2478.0,6.0,9.76594027441485,-0.7027964541875614,0.9437510532009186,tested,1.0,False
87,3,55,364.0,2478.0,10.0,8.07909604519774,0.30773421330460793,0.2818270941817433,tested,1.0,False
87,4,55,258.0,2478.0,12.0,5.72639225181598,1.067336003913844,0.009159437105840527,tested,0.39417163820996476,False
87,5,55,178.0,2478.0,4.0,3.950766747376917,0.017867327649544157,0.5659090262872187,tested,1.0,False
87,6,55,169.0,2478.0,2.0,3.7510088781275224,-0.9072786776662424,0.8993447191641007,tested,1.0,False
87,7,55,215.0,2478.0,9.0,4.771993543179984,0.9153329104687941,0.04418410252494125,tested,0.7922308726756709,False
87,8,55,129.0,2478.0,2.0,2.86319612590799,-0.5176264968073122,0.790894520206225,tested,1.0,False
87,9,55,45.0,2478.0,0.0,0.9987893462469734,,1.0,tested,1.0,False
87,10,55,31.0,2478.0,0.0,0.6880548829701372,,1.0,tested,1.0,False
87,X,55,97.0,2478.0,0.0,2.1529459241323647,,1.0,tested,1.0,False
87,U,55,61.0,2478.0,1.0,1.3539144471347861,-0.43713657894694435,0.7499789750234935,tested,1.0,False
88,1,73,491.0,2478.0,7.0,14.46448748991122,-1.0470883789965046,0.994762183967987,tested,1.0,False
88,2,73,440.0,2478.0,2.0,12.962066182405165,-2.6962238002640753,0.9999912931547864,tested,1.0,False
88,3,73,364.0,2478.0,36.0,10.72316384180791,1.7472662745042002,1.057131992263281e-12,tested,6.596503631722874e-10,True
88,4,73,258.0,2478.0,1.0,7.600484261501211,-2.9260913421626698,0.9997117868638827,tested,1.0,False
88,5,73,178.0,2478.0,10.0,5.243744955609363,0.9313305771815489,0.03334762663092631,tested,0.7301375093929129,False
88,6,73,169.0,2478.0,1.0,4.97861178369653,-2.3157435230216,0.9946771576678114,tested,1.0,False
88,7,73,215.0,2478.0,10.0,6.333736884584342,0.6588711585584863,0.0958164448636853,tested,1.0,False
88,8,73,129.0,2478.0,0.0,3.8002421307506054,,1.0,tested,1.0,False
88,9,73,45.0,2478.0,1.0,1.3256658595641646,-0.4067171830690903,0.7427895574157843,tested,1.0,False
88,10,73,31.0,2478.0,1.0,0.9132364810330912,0.13093960287370907,0.606510945298218,tested,1.0,False
88,X,73,97.0,2478.0,0.0,2.857546408393866,,1.0,tested,1.0,False
88,U,73,61.0,2478.0,4.0,1.7970137207425343,1.154398575697698,0.10285447507034971,tested,1.0,False
89,1,28,491.0,2478.0,7.0,5.548022598870056,0.3353812578259086,0.3118632027014516,tested,1.0,False
89,2,28,440.0,2478.0,4.0,4.971751412429379,-0.31375416344166235,0.7596809236223812,tested,1.0,False
89,3,28,364.0,2478.0,0.0,4.112994350282486,,1.0,tested,1.0,False
89,4,28,258.0,2478.0,8.0,2.9152542372881354,1.4563782946597432,0.006016783542624788,tested,0.30976761640676614,False
89,5,28,178.0,2478.0,3.0,2.0112994350282487,0.5768346198377556,0.3262740512768841,tested,1.0,False
89,6,28,169.0,2478.0,1.0,1.9096045197740112,-0.9332738861991868,0.8631807148219329,tested,1.0,False
89,7,28,215.0,2478.0,4.0,2.4293785310734464,0.7194127004935371,0.22087842872829544,tested,1.0,False
89,8,28,129.0,2478.0,1.0,1.4576271186440677,-0.5436217053402567,0.7780669607310098,tested,1.0,False
89,9,28,45.0,2478.0,0.0,0.5084745762711864,,1.0,tested,1.0,False
89,10,28,31.0,2478.0,0.0,0.3502824858757062,,1.0,tested,1.0,False
89,X,28,97.0,2478.0,0.0,1.0960451977401129,,1.0,tested,1.0,False
89,U,28,61.0,2478.0,0.0,0.6892655367231638,,1.0,tested,1.0,False
90,1,51,491.0,2478.0,8.0,10.105326876513317,-0.3370440841455871,0.8213297721964725,tested,1.0,False
90,2,51,440.0,2478.0,3.0,9.055690072639225,-1.5938620826343974,0.9968822726464405,tested,1.0,False
90,3,51,364.0,2478.0,7.0,7.491525423728813,-0.09790458797198619,0.6391527605110969,tested,1.0,False
90,4,51,258.0,2478.0,2.0,5.309927360774818,-1.408692125254148,0.9755931184286921,tested,1.0,False
90,5,51,178.0,2478.0,4.0,3.6634382566585955,0.12680169920270823,0.5047314413187501,tested,1.0,False
90,6,51,169.0,2478.0,5.0,3.4782082324455206,0.5235837887742839,0.26562945546126454,tested,1.0,False
90,7,51,215.0,2478.0,4.0,4.424939467312349,-0.14565771942035435,0.658595889652876,tested,1.0,False
90,8,51,129.0,2478.0,2.0,2.654963680387409,-0.40869212525414805,0.7544171589639798,tested,1.0,False
90,9,51,45.0,2478.0,6.0,0.9261501210653753,2.6956445345605875,0.00024851765637997356,tested,0.022153573940157642,True
90,10,51,31.0,2478.0,0.0,0.6380145278450363,,1.0,tested,1.0,False
90,X,51,97.0,2478.0,0.0,1.9963680387409202,,1.0,tested,1.0,False
90,U,51,61.0,2478.0,10.0,1.2554479418886197,2.993725887493582,2.2341672300003623e-07,tested,4.647067838400754e-05,True
91,1,19,491.0,2478.0,5.0,3.764729620661824,0.40938183926968524,0.31877655164975294,tested,1.0,False
91,2,19,440.0,2478.0,5.0,3.3736884584342213,0.5676013400597187,0.2377639393977302,tested,1.0,False
91,3,19,364.0,2478.0,2.0,2.790960451977401,-0.48076168150168,0.7923597849536399,tested,1.0,False
91,4,19,258.0,2478.0,1.0,1.9782082324455206,-0.9841942967262379,0.8771768065002549,tested,1.0,False
91,5,19,178.0,2478.0,0.0,1.3648103309120259,,1.0,tested,1.0,False
91,6,19,169.0,2478.0,1.0,1.2958030669895078,-0.3738464775851684,0.7400288938065425,tested,1.0,False
91,7,19,215.0,2478.0,2.0,1.6485068603712671,0.2788401091075558,0.5006478544862529,tested,1.0,False
91,8,19,129.0,2478.0,0.0,0.9891041162227603,,1.0,tested,1.0,False
91,9,19,45.0,2478.0,1.0,0.3450363196125908,1.5351798623673414,0.2949527470417422,tested,1.0,False
91,10,19,31.0,2478.0,0.0,0.23769168684422923,,1.0,tested,1.0,False
91,X,19,97.0,2478.0,2.0,0.7437449556093624,1.4271201165098883,0.16884474979092826,tested,1.0,False
91,U,19,61.0,2478.0,0.0,0.46771589991928975,,1.0,tested,1.0,False
92,1,15,491.0,2478.0,4.0,2.9721549636803872,0.42849066221739,0.34470932641837365,tested,1.0,False
92,2,15,440.0,2478.0,1.0,2.6634382566585955,-1.4132898369925764,0.9472098509684432,tested,1.0,False
92,3,15,364.0,2478.0,1.0,2.2033898305084745,-1.1397247636666132,0.9084047156390547,tested,1.0,False
92,4,15,258.0,2478.0,1.0,1.5617433414043584,-0.6431573788911711,0.8087384941947227,tested,1.0,False
92,5,15,178.0,2478.0,1.0,1.0774818401937045,-0.10766355443431459,0.6741872812241745,tested,1.0,False
92,6,15,169.0,2478.0,3.0,1.023002421307506,1.552152940971055,0.07731694758785852,tested,1.0,False
92,7,15,215.0,2478.0,2.0,1.3014527845036319,0.6198770269426227,0.37868963637387304,tested,1.0,False
92,8,15,129.0,2478.0,1.0,0.7808716707021792,0.3568426211088289,0.5525844718245833,tested,1.0,False
92,9,15,45.0,2478.0,1.0,0.27239709443099275,1.8762167802024081,0.24094998343529328,tested,1.0,False
92,10,15,31.0,2478.0,0.0,0.18765133171912832,,1.0,tested,1.0,False
92,X,15,97.0,2478.0,0.0,0.5871670702179177,,1.0,tested,1.0,False
92,U,15,61.0,2478.0,0.0,0.3692493946731235,,1.0,tested,1.0,False
93,1,13,491.0,2478.0,1.0,2.575867635189669,-1.3650584603151836,0.9437834078265807,tested,1.0,False
93,2,13,440.0,2478.0,3.0,2.308313155770783,0.37812354119600583,0.4138946022188624,tested,1.0,False
93,3,13,364.0,2478.0,3.0,1.9096045197740112,0.6516886145219695,0.2960742451312818,tested,1.0,False
93,4,13,258.0,2478.0,3.0,1.3535108958837772,1.1482559992974115,0.1459463159449997,tested,1.0,False
93,5,13,178.0,2478.0,1.0,0.933817594834544,0.09878732303311161,0.6214848468727425,tested,1.0,False
93,6,13,169.0,2478.0,1.0,0.8866020984665053,0.173641317717325,0.6017184889872409,tested,1.0,False
93,7,13,215.0,2478.0,1.0,1.1279257465698143,-0.17367209558995073,0.693606947251425,tested,1.0,False
93,8,13,129.0,2478.0,0.0,0.6767554479418886,,1.0,tested,1.0,False
93,9,13,45.0,2478.0,0.0,0.2360774818401937,,1.0,tested,1.0,False
93,10,13,31.0,2478.0,0.0,0.1626311541565779,,1.0,tested,1.0,False
93,X,13,97.0,2478.0,0.0,0.5088781275221953,,1.0,tested,1.0,False
93,U,13,61.0,2478.0,0.0,0.32001614205004036,,1.0,tested,1.0,False
94,1,38,491.0,2478.0,8.0,7.529459241323648,0.08745374438232296,0.48854764507989623,tested,1.0,False
94,2,38,440.0,2478.0,3.0,6.7473769168684425,-1.1693642541064875,0.9758441446465278,tested,1.0,False
94,3,38,364.0,2478.0,10.0,5.581920903954802,0.8411664133856822,0.042470337026324245,tested,0.7794555971890096,False
94,4,38,258.0,2478.0,6.0,3.956416464891041,0.6007682039949181,0.19742327155342282,tested,1.0,False
94,5,38,178.0,2478.0,1.0,2.7296206618240517,-1.4487004722693817,0.9424332168787244,tested,1.0,False
94,6,38,169.0,2478.0,1.0,2.5916061339790155,-1.3738464775851684,0.9331430237664161,tested,1.0,False
94,7,38,215.0,2478.0,2.0,3.2970137207425343,-0.7211598908924441,0.8555645073023753,tested,1.0,False
94,8,38,129.0,2478.0,3.0,1.9782082324455206,0.6007682039949181,0.31703630260287513,tested,1.0,False
94,9,38,45.0,2478.0,0.0,0.6900726392251816,,1.0,tested,1.0,False
94,10,38,31.0,2478.0,2.0,0.47538337368845845,2.072836648310141,0.08060983879244987,tested,1.0,False
94,X,38,97.0,2478.0,2.0,1.4874899112187248,0.42712011650988835,0.44243489102052347,tested,1.0,False
94,U,38,61.0,2478.0,0.0,0.9354317998385795,,1.0,tested,1.0,False
95,1,19,491.0,2478.0,7.0,3.764729620661824,0.8948086664399271,0.06401789234891082,tested,0.9743210933102525,False
95,2,19,440.0,2478.0,2.0,3.3736884584342213,-0.7543267548276436,0.8766058962626266,tested,1.0,False
95,3,19,364.0,2478.0,3.0,2.790960451977401,0.10420081921947609,0.5441059445826666,tested,1.0,False
95,4,19,258.0,2478.0,0.0,1.9782082324455206,,1.0,tested,1.0,False
95,5,19,178.0,2478.0,1.0,1.3648103309120259,-0.4487004722693817,0.7586914510122178,tested,1.0,False
95,6,19,169.0,2478.0,3.0,1.2958030669895078,1.2111160231359879,0.13529237789305404,tested,1.0,False
95,7,19,215.0,2478.0,3.0,1.6485068603712671,0.863802609828712,0.2243090961122326,tested,1.0,False
95,8,19,129.0,2478.0,0.0,0.9891041162227603,,1.0,tested,1.0,False
95,9,19,45.0,2478.0,0.0,0.3450363196125908,,1.0,tested,1.0,False
95,10,19,31.0,2478.0,0.0,0.23769168684422923,,1.0,tested,1.0,False
95,X,19,97.0,2478.0,0.0,0.7437449556093624,,1.0,tested,1.0,False
95,U,19,61.0,2478.0,0.0,0.46771589991928975,,1.0,tested,1.0,False
96,1,13,491.0,2478.0,3.0,2.575867635189669,0.21990404040597253,0.491774291710178,tested,1.0,False
96,2,13,440.0,2478.0,0.0,2.308313155770783,,1.0,tested,1.0,False
96,3,13,364.0,2478.0,0.0,1.9096045197740112,,1.0,tested,1.0,False
96,4,13,258.0,2478.0,2.0,1.3535108958837772,0.5632934985762554,0.39895184000533424,tested,1.0,False
96,5,13,178.0,2478.0,2.0,0.933817594834544,1.0987873230331116,0.23866838518722056,tested,1.0,False
96,6,13,169.0,2478.0,1.0,0.8866020984665053,0.173641317717325,0.6017184889872409,tested,1.0,False
96,7,13,215.0,2478.0,3.0,1.1279257465698143,1.4112904051312054,0.09625662663597798,tested,1.0,False
96,8,13,129.0,2478.0,0.0,0.6767554479418886,,1.0,tested,1.0,False
96,9,13,45.0,2478.0,0.0,0.2360774818401937,,1.0,tested,1.0,False
96,10,13,31.0,2478.0,0.0,0.1626311541565779,,1.0,tested,1.0,False
96,X,13,97.0,2478.0,1.0,0.5088781275221953,0.9746079118123818,0.40571279637052526,tested,1.0,False
96,U,13,61.0,2478.0,1.0,0.32001614205004036,1.643783416436623,0.27734112590695953,tested,1.0,False
97,1,28,491.0,2478.0,11.0,5.548022598870056,0.9874579544056017,0.013396309971533177,tested,0.43159436466816864,False
97,2,28,440.0,2478.0,5.0,4.971751412429379,0.008173931445700097,0.5723485959790731,tested,1.0,False
97,3,28,364.0,2478.0,1.0,4.112994350282486,-2.0401890901156987,0.988607905618989,tested,1.0,False
97,4,28,258.0,2478.0,4.0,2.9152542372881354,0.45637829465974333,0.3322290772726227,tested,1.0,False
97,5,28,178.0,2478.0,1.0,2.0112994350282487,-1.0081278808834004,0.8774322639208411,tested,1.0,False
97,6,28,169.0,2478.0,3.0,1.9096045197740112,0.6516886145219695,0.2976224713264253,tested,1.0,False
97,7,28,215.0,2478.0,0.0,2.4293785310734464,,1.0,tested,1.0,False
97,8,28,129.0,2478.0,1.0,1.4576271186440677,-0.5436217053402567,0.7780669607310098,tested,1.0,False
97,9,28,45.0,2478.0,2.0,0.5084745762711864,1.9757524537533229,0.0904954082595277,tested,1.0,False
97,10,28,31.0,2478.0,0.0,0.3502824858757062,,1.0,tested,1.0,False
97,X,28,97.0,2478.0,0.0,1.0960451977401129,,1.0,tested,1.0,False
97,U,28,61.0,2478.0,0.0,0.6892655367231638,,1.0,tested,1.0,False
98,1,63,491.0,2478.0,13.0,12.483050847457626,0.058541052467084215,0.4855052283047389,tested,1.0,False
98,2,63,440.0,2478.0,7.0,11.186440677966102,-0.6763242428263705,0.9484768827579733,tested,1.0,False
98,3,63,364.0,2478.0,14.0,9.254237288135593,0.5972408304995929,0.06828898136173461,tested,0.9935380387737778,False
98,4,63,258.0,2478.0,4.0,6.559322033898305,-0.713546706782569,0.9076408032822274,tested,1.0,False
98,5,63,178.0,2478.0,1.0,4.52542372881356,-2.1780528823257126,0.9914195517216244,tested,1.0,False
98,6,63,169.0,2478.0,4.0,4.296610169491525,-0.1031988876414991,0.6334430537457747,tested,1.0,False
98,7,63,215.0,2478.0,10.0,5.466101694915254,0.871415793938587,0.041926039681629626,tested,0.7794555971890096,False
98,8,63,129.0,2478.0,6.0,3.2796610169491527,0.871415793938587,0.10646226359405785,tested,1.0,False
98,9,63,45.0,2478.0,1.0,1.1440677966101696,-0.19417254768898976,0.6894507037121134,tested,1.0,False
98,10,63,31.0,2478.0,1.0,0.788135593220339,0.34348423825380986,0.5521351238182924,tested,1.0,False
98,X,63,97.0,2478.0,2.0,2.4661016949152543,-0.3022322935464426,0.7156858859060142,tested,1.0,False
98,U,63,61.0,2478.0,0.0,1.5508474576271187,,1.0,tested,1.0,False
99,1,40,491.0,2478.0,6.0,7.9257465698143665,-0.4015843363402977,0.8337589187216607,tested,1.0,False
99,2,40,440.0,2478.0,10.0,7.1025020177562554,0.49360075861594194,0.15797045474654675,tested,1.0,False
99,3,40,364.0,2478.0,3.0,5.875706214689266,-0.969799762224301,0.9474348450919955,tested,1.0,False
99,4,40,258.0,2478.0,6.0,4.164648910411622,0.5267676225511413,0.23198286223149045,tested,1.0,False
99,5,40,178.0,2478.0,1.0,2.873284907183212,-1.5227010537131584,0.9505275409511161,tested,1.0,False
99,6,40,169.0,2478.0,3.0,2.728006456820016,0.13711544169221104,0.5208256452483767,tested,1.0,False
99,7,40,215.0,2478.0,4.0,3.4705407586763517,0.20483952766377905,0.4623001710309927,tested,1.0,False
99,8,40,129.0,2478.0,5.0,2.082324455205811,1.2637332167173474,0.053880472011337624,tested,0.8965710542686581,False
99,9,40,45.0,2478.0,0.0,0.7263922518159807,,1.0,tested,1.0,False
99,10,40,31.0,2478.0,0.0,0.5004035512510089,,1.0,tested,1.0,False
99,X,40,97.0,2478.0,2.0,1.565778853914447,0.35311953506611166,0.4690708714942603,tested,1.0,False
99,U,40,61.0,2478.0,0.0,0.9846650524616626,,1.0,tested,1.0,False
100,1,29,491.0,2478.0,2.0,5.746166263115415,-1.5225997373016635,0.9868631453446259,tested,1.0,False
100,2,29,440.0,2478.0,9.0,5.1493139628732845,0.8055447649306823,0.057532360665099376,tested,0.9324725468836885,False
100,3,29,364.0,2478.0,3.0,4.259887005649717,-0.5058526624645105,0.8216944540856382,tested,1.0,False
100,4,29,258.0,2478.0,4.0,3.0193704600484264,0.40575222158977525,0.35700831236665054,tested,1.0,False
100,5,29,178.0,2478.0,1.0,2.083131557707829,-1.0587539539533684,0.8863371851543472,tested,1.0,False
100,6,29,169.0,2478.0,1.0,1.9778046811945118,-0.9838999592691551,0.8726184532689097,tested,1.0,False
100,7,29,215.0,2478.0,4.0,2.5161420500403553,0.668786627423569,0.24014194031004105,tested,1.0,False
100,8,29,129.0,2478.0,2.0,1.5096852300242132,0.40575222158977525,0.45087425140872656,tested,1.0,False
100,9,29,45.0,2478.0,0.0,0.5266343825665859,,1.0,tested,1.0,False
100,10,29,31.0,2478.0,0.0,0.36279257465698145,,1.0,tested,1.0,False
100,X,29,97.0,2478.0,3.0,1.1351896690879741,1.4020291355470578,0.10202951947169354,tested,1.0,False
100,U,29,61.0,2478.0,0.0,0.7138821630347054,,1.0,tested,1.0,False
101,1,48,491.0,2478.0,4.0,9.51089588377724,-1.2495812428952477,0.9919173415491598,tested,1.0,False
101,2,48,440.0,2478.0,14.0,8.523002421307506,0.7159931799523899,0.0343490506014587,tested,0.739096812941732,False
101,3,48,364.0,2478.0,7.0,7.0508474576271185,-0.010441746721646756,0.5717331200741111,tested,1.0,False
101,4,48,258.0,2478.0,2.0,4.9975786924939465,-1.3212292840038087,0.9675808380292845,tested,1.0,False
101,5,48,178.0,2478.0,3.0,3.4479418886198547,-0.2007729588257963,0.6822397018490711,tested,1.0,False
101,6,48,169.0,2478.0,5.0,3.2736077481840193,0.6110466300246234,0.2263459084755118,tested,1.0,False
101,7,48,215.0,2478.0,4.0,4.164648910411622,-0.05819487817001483,0.6100016962466572,tested,1.0,False
101,8,48,129.0,2478.0,5.0,2.4987893462469732,1.0006988108835537,0.10122713319356444,tested,1.0,False
101,9,48,45.0,2478.0,0.0,0.8716707021791767,,1.0,tested,1.0,False
101,10,48,31.0,2478.0,0.0,0.6004842615012107,,1.0,tested,1.0,False
101,X,48,97.0,2478.0,4.0,1.8789346246973366,1.0900851292323177,0.11596629376996036,tested,1.0,False
101,U,48,61.0,2478.0,0.0,1.181598062953995,,1.0,tested,1.0,False
102,1,22,491.0,2478.0,3.0,4.3591606133979015,-0.5390878600902326,0.841696048684811,tested,1.0,False
102,2,22,440.0,2478.0,9.0,3.90637610976594,1.204094141420957,0.009066432953267877,tested,0.39417163820996476,False
102,3,22,364.0,2478.0,3.0,3.231638418079096,-0.10730328597423577,0.647960016474813,tested,1.0,False
102,4,22,258.0,2478.0,4.0,2.290556900726392,0.8043015980800502,0.18961077592972533,tested,1.0,False
102,5,22,178.0,2478.0,0.0,1.5803066989507668,,1.0,tested,1.0,False
102,6,22,169.0,2478.0,1.0,1.5004035512510088,-0.5853505827788799,0.7900495482244951,tested,1.0,False
102,7,22,215.0,2478.0,1.0,1.9087974172719935,-0.932663996086156,0.8654258249670285,tested,1.0,False
102,8,22,129.0,2478.0,0.0,1.145278450363196,,1.0,tested,1.0,False
102,9,22,45.0,2478.0,1.0,0.39951573849878935,1.3236757571736295,0.33297125142068584,tested,1.0,False
102,10,22,31.0,2478.0,0.0,0.27522195318805487,,1.0,tested,1.0,False
102,X,22,97.0,2478.0,0.0,0.8611783696529459,,1.0,tested,1.0,False
102,U,22,61.0,2478.0,0.0,0.5415657788539144,,1.0,tested,1.0,False
103,1,44,491.0,2478.0,9.0,8.718321226795803,0.045874640630923565,0.5182019637236405,tested,1.0,False
103,2,44,440.0,2478.0,7.0,7.81275221953188,-0.15847593796375115,0.6881245030823562,tested,1.0,False
103,3,44,364.0,2478.0,8.0,6.463276836158192,0.30773421330460793,0.3141179326074495,tested,1.0,False
103,4,44,258.0,2478.0,8.0,4.581113801452784,0.8043015980800502,0.08004958020765252,tested,1.0,False
103,5,44,178.0,2478.0,2.0,3.1606133979015336,-0.6602045774630936,0.8367343779305492,tested,1.0,False
103,6,44,169.0,2478.0,4.0,3.0008071025020175,0.4146494172211201,0.3527162338340132,tested,1.0,False
103,7,44,215.0,2478.0,3.0,3.817594834543987,-0.3477014953649997,0.749625010739889,tested,1.0,False
103,8,44,129.0,2478.0,1.0,2.290556900726392,-1.19569840191995,0.9068507322632566,tested,1.0,False
103,9,44,45.0,2478.0,1.0,0.7990314769975787,0.3236757571736295,0.5567055595356443,tested,1.0,False
103,10,44,31.0,2478.0,0.0,0.5504439063761097,,1.0,tested,1.0,False
103,X,44,97.0,2478.0,1.0,1.7223567393058918,-0.7843839886838235,0.8301287210651926,tested,1.0,False
103,U,44,61.0,2478.0,0.0,1.0831315577078289,,1.0,tested,1.0,False
104,1,23,491.0,2478.0,2.0,4.557304277643261,-1.1881806982311045,0.9590452316600457,tested,1.0,False
104,2,23,440.0,2478.0,6.0,4.083938660209847,0.5550013032800852,0.21174690139293809,tested,1.0,False
104,3,23,364.0,2478.0,4.0,3.378531073446328,0.24360387588489227,0.4436315072700284,tested,1.0,False
104,4,23,258.0,2478.0,2.0,2.3946731234866827,-0.25982873933966544,0.7084105668275096,tested,1.0,False
104,5,23,178.0,2478.0,1.0,1.652138821630347,-0.7243349148828091,0.8213689466561689,tested,1.0,False
104,6,23,169.0,2478.0,3.0,1.5686037126715093,0.9354815805225606,0.20383813818763571,tested,1.0,False
104,7,23,215.0,2478.0,4.0,1.9955609362389024,1.0032056664941285,0.1326457858965658,tested,1.0,False
104,8,23,129.0,2478.0,0.0,1.1973365617433414,,1.0,tested,1.0,False
104,9,23,45.0,2478.0,0.0,0.41767554479418884,,1.0,tested,1.0,False
104,10,23,31.0,2478.0,0.0,0.2877320419693301,,1.0,tested,1.0,False
104,X,23,97.0,2478.0,1.0,0.9003228410008071,0.15148567389646092,0.6025170505033085,tested,1.0,False
104,U,23,61.0,2478.0,0.0,0.566182405165456,,1.0,tested,1.0,False
