iModulon,Gene,stringId,mapping_method,confidence,review_required,String_name
0,LOC113836458,,,,False,
0,LOC113835117,,,,False,
0,Mir674,,,,False,
0,LOC113834529,,,,False,
0,LOC113833406,,,,False,
0,LOC113833012,,,,False,
0,LOC118239189,,,,False,
0,LOC113832033,,,,False,
0,LOC113833926,,,,False,
0,LOC113833635,,,,False,
0,Trnan-guu_9,,,,False,
0,Mir350,,,,False,
0,Trnal-caa_1,,,,False,
0,LOC113836326,,,,False,
0,LOC113831414,,,,False,
0,Trnak-cuu_37,,,,False,
0,LOC113836507,,,,False,
0,LOC113833915,,,,False,
0,LOC103160316,,,,False,
0,LOC118238231,,,,False,
0,LOC113836669,,,,False,
0,LOC113834947,,,,False,
0,Trnap-agg_1,,,,False,
0,P2ry11,,,,False,
0,LOC113837556,,,,False,
0,LOC113834712,,,,False,
0,LOC113831374,,,,False,
0,Mirlet7g,,,,False,
0,LOC103161682,,,,False,
0,LOC113834219,,,,False,
0,Mirlet7a-2,,,,False,
0,LOC113836437,,,,False,
0,LOC113835216,,,,False,
0,Mir92a,,,,False,
0,Trnag-ccc_3,,,,False,
0,LOC118238560,,,,False,
0,LOC118238367,10029.G3HGR8,description_like_normalized,moderate,True,10029.G3HGR8
0,Trnae-uuc,,,,False,
0,LOC113834724,,,,False,
0,LOC113837101,,,,False,
0,LOC118239227,,,,False,
0,LOC113835100,,,,False,
0,LOC113834984,,,,False,
0,LOC113836616,,,,False,
0,LOC113832308,,,,False,
0,LOC113835926,,,,False,
0,LOC103163611,,,,False,
0,LOC107977815,,,,False,
0,LOC113836319,,,,False,
0,LOC103161397,,,,False,
0,LOC113831655,,,,False,
0,LOC113834513,,,,False,
0,LOC113838991,,,,False,
0,LOC113834003,,,,False,
0,LOC113836176,,,,False,
0,Ly96,,,,False,
1,Zfand2a,10029.G3HUP1,preferred_symbol,high,False,10029.G3HUP1
1,LOC103163726,,,,False,
1,LOC113836832,,,,False,
1,Csf2,10029.G3H567,preferred_symbol,high,False,10029.G3H567
1,LOC113833814,,,,False,
1,LOC103160417,,,,False,
1,Ppp1r15a,10029.G3HZX4,description_exact_normalized,moderate,False,10029.G3HZX4
1,LOC103159462,,,,False,
1,LOC100766606,,,,False,
1,LOC113831372,,,,False,
1,Ddit3,10029.G3HW45,preferred_symbol,high,False,10029.G3HW45
1,LOC113836326,,,,False,
1,LOC103164270,,,,False,
1,Plk2,10029.G3GV10,preferred_symbol,high,False,10029.G3GV10
1,Rpl26l1,10029.G3HKR0,description_exact_normalized,moderate,False,10029.G3HKR0
1,LOC100755231,,,,False,
1,LOC103160181,,,,False,
1,Gadd45b,10029.G3HSM7,preferred_symbol,high,False,10029.G3HSM7
1,Taf1a,,,,False,
1,LOC107978991,,,,False,
1,Ifrd1,10029.G3HDZ2,preferred_symbol,high,False,10029.G3HDZ2
1,LOC113832752,10029.G3HRM8,description_like_normalized,moderate,True,10029.G3HRM8
1,LOC113833009,,,,False,
1,LOC107979568,,,,False,
1,Fosl1,10029.G3I2G1,preferred_symbol,high,False,10029.G3I2G1
1,Pclaf,10029.G3IFS3,preferred_symbol,high,False,10029.G3IFS3
1,Tuba1a,10029.G3I6I6,preferred_symbol,high,False,10029.G3I6I6
1,Adapt15,,,,False,
1,B3gnt4,10029.G3H264,preferred_symbol,high,False,10029.G3H264
1,LOC113834529,,,,False,
1,Rnd3,10029.G3IB44,preferred_symbol,high,False,10029.G3IB44
1,Lrig3,,,,False,
1,Zbtb2,10029.G3GU14,preferred_symbol,high,False,10029.G3GU14
1,Nepro,10029.G3H096,preferred_symbol,high,False,10029.G3H096
1,Stc2,10029.G3H9Q6,preferred_symbol,high,False,10029.G3H9Q6
1,LOC113831753,,,,False,
1,Atf3,10029.G3I9A1,preferred_symbol,high,False,10029.G3I9A1
1,LOC113834530,,,,False,
1,Polr1g,10029.G3HPE4,description_exact_normalized,moderate,False,10029.G3HPE4
2,LOC100768921,10029.G3HH76,LOC_numeric_gene_id,high,False,10029.G3HH76
2,LOC113833012,,,,False,
2,Gad1,10029.G3GUA4,description_exact_normalized,moderate,False,10029.G3GUA4
2,Anp32b,10029.G3GUD8,official_alias,high,False,10029.G3GUD8
2,Hmgn5,10029.G3I1P6,preferred_symbol,high,False,10029.G3I1P6
2,LOC113832500,,,,False,
2,LOC100768273,10029.G3I100,LOC_numeric_gene_id,high,False,10029.G3I100
2,LOC113835248,,,,False,
2,Upf3b,10029.G3IHN1,preferred_symbol,high,False,10029.G3IHN1
2,LOC113830966,,,,False,
2,Arl9,10029.G3IFL4,preferred_symbol,high,False,10029.G3IFL4
2,Prodh,,,,False,
2,Lsm4,10029.G3H4A5,preferred_symbol,high,False,10029.G3H4A5
2,LOC113831373,,,,False,
2,LOC113833691,,,,False,
3,LOC113834403,,,,False,
3,Mir632,,,,False,
3,LOC118238818,,,,False,
3,LOC100774468,10029.G3HDS7,description_exact_normalized,moderate,False,10029.G3HDS7
3,LOC100755951,10029.G3H7J9,LOC_numeric_gene_id,high,False,10029.G3H7J9
3,LOC118238553,,,,False,
3,LOC100752142,,,,False,
3,Vcam1,10029.G3ID63,preferred_symbol,high,False,10029.G3ID63
3,LOC113835571,,,,False,
3,S100a4,10029.G3HC29,preferred_symbol,high,False,10029.G3HC29
3,LOC113839000,,,,False,
3,Mir374,,,,False,
3,Mir25,,,,False,
3,LOC118239682,,,,False,
3,LOC118238268,,,,False,
3,LOC113835822,,,,False,
3,Sbsn,10029.G3HPT8,preferred_symbol,high,False,10029.G3HPT8
3,LOC100751053,10029.G3H2I4,LOC_numeric_gene_id,high,False,10029.G3H2I4
3,LOC113838060,,,,False,
3,Inhbb,,,,False,
3,LOC113830993,,,,False,
3,LOC100769236,,,,False,
3,LOC113833681,,,,False,
3,LOC118239586,,,,False,
3,Fgf7,10029.G3IAS3,preferred_symbol,high,False,10029.G3IAS3
4,LOC118239033,,,,False,
4,LOC118239665,,,,False,
4,Gpc6,10029.G3GS91,preferred_symbol,high,False,10029.G3GS91
4,Armcx3,10029.G3ID11,preferred_symbol,high,False,10029.G3ID11
4,LOC113832687,,,,False,
4,Tbc1d4,10029.G3HNA3,preferred_symbol,high,False,10029.G3HNA3
4,LOC100768165,10029.G3HXD5,LOC_numeric_gene_id,high,False,10029.G3HXD5
4,Marcks,,,,False,
4,Minar1,10029.G3GTB0,preferred_symbol,high,False,10029.G3GTB0
4,Enpp1,10029.G3IAP2,preferred_symbol,high,False,10029.G3IAP2
4,Ctsd,10029.G3I4W7,preferred_symbol,high,False,10029.G3I4W7
4,Lrrc8b,10029.G3HSC3,preferred_symbol,high,False,10029.G3HSC3
4,LOC118238268,,,,False,
4,LOC103160386,,,,False,
4,Hdgfl3,10029.G3I2Z5,preferred_symbol,high,False,10029.G3I2Z5
4,Gpnmb,10029.G3HVX3,preferred_symbol,high,False,10029.G3HVX3
4,LOC100766031,10029.G3HWE4,LOC_numeric_gene_id,high,False,10029.G3HWE4
4,Smyd3,10029.G3H7N2,preferred_symbol,high,False,10029.G3H7N2
4,Strc,10029.G3H0U8,preferred_symbol,high,False,10029.G3H0U8
4,Syn2,10029.G3HVG3,preferred_symbol,high,False,10029.G3HVG3
4,LOC113835460,,,,False,
4,LOC100761274,10029.G3HI23,LOC_numeric_gene_id,high,False,10029.G3HI23
4,Rab3gap2,10029.G3GRD7,preferred_symbol,high,False,10029.G3GRD7
5,Hmgcs1,10029.G3HMY0,preferred_symbol,high,False,10029.G3HMY0
5,Mvd,10029.G3GRT8,preferred_symbol,high,False,10029.G3GRT8
5,Idi1,10029.G3GR90,preferred_symbol,high,False,10029.G3GR90
5,Msmo1,10029.G3H6P9,preferred_symbol,high,False,10029.G3H6P9
5,Lss,10029.G3H8Y0,preferred_symbol,high,False,10029.G3H8Y0
5,LOC100760000,10029.G3HGP4,LOC_numeric_gene_id,high,False,10029.G3HGP4
5,Insig1,,,,False,
5,Hmgcr,10029.G3HXP6,description_exact_normalized,moderate,False,10029.G3HXP6
5,LOC100761946,,,,False,
5,Ebp,10029.G3HNE2,preferred_symbol,high,False,10029.G3HNE2
5,Hsd17b7,10029.G3HQK2,preferred_symbol,high,False,10029.G3HQK2
5,Sc5d,10029.G3I8K2,preferred_symbol,high,False,10029.G3I8K2
5,Fdps,10029.G3HC39,reviewed_description_variant,moderate,False,10029.G3HC39
5,Fdft1,10029.G3H0L7,preferred_symbol,high,False,10029.G3H0L7
5,Acss2,10029.G3HAP6,preferred_symbol,high,False,10029.G3HAP6
5,Nsdhl,10029.G3IGX9,preferred_symbol,high,False,10029.G3IGX9
5,Sqle,10029.G3IPA5,preferred_symbol,high,False,10029.G3IPA5
5,Rdh11,,description_fuzzy,,False,
5,Shisa4,10029.G3H3I2,preferred_symbol,high,False,10029.G3H3I2
5,LOC100768776,10029.G3II81,LOC_numeric_gene_id,high,False,10029.G3II81
5,LOC103163371,10029.G3HGP4,description_exact_normalized,moderate,True,10029.G3HGP4
5,Mmp12,10029.G3GUV3,preferred_symbol,high,False,10029.G3GUV3
5,LOC100762189,10029.G3GXG4,LOC_numeric_gene_id,high,False,10029.G3GXG4
5,Ldlr,10029.P35950,preferred_symbol,high,False,10029.P35950
5,LOC113833814,,,,False,
5,LOC118238648,,,,False,
5,LOC107979858,,,,False,
5,Dhcr24,,,,False,
5,Lpin1,10029.G3HB16,description_exact_normalized,moderate,False,10029.G3HB16
5,Pcyt2,10029.G3GXB5,preferred_symbol,high,False,10029.G3GXB5
5,Aacs,10029.G3I132,description_exact_normalized,moderate,False,10029.G3I132
5,LOC100766833,10029.G3GRT9,LOC_numeric_gene_id,high,False,10029.G3GRT9
5,Pmvk,10029.G3HBY5,preferred_symbol,high,False,10029.G3HBY5
5,LOC118238818,,,,False,
5,Dhcr7,10029.G3HQ64,preferred_symbol,high,False,10029.G3HQ64
5,LOC103161572,,,,False,
5,LOC100750890,10029.G3HZ97,LOC_numeric_gene_id,high,False,10029.G3HZ97
5,LOC100771838,10029.G3II08,LOC_numeric_gene_id,high,False,10029.G3II08
5,LOC100750593,10029.G3HZ95,LOC_numeric_gene_id,high,False,10029.G3HZ95
5,Tuba1a,10029.G3I6I6,preferred_symbol,high,False,10029.G3I6I6
5,Mvk,10029.G3HI79,preferred_symbol,high,False,10029.G3HI79
5,Ckmt1b,10029.G3H0U9,preferred_symbol,high,False,10029.G3H0U9
5,C3,10029.G3HCL6,preferred_symbol,high,False,10029.G3HCL6
5,LOC113836938,,,,False,
5,LOC103163310,,,,False,
5,Acly,10029.G3IPP8,preferred_symbol,high,False,10029.G3IPP8
5,LOC118239081,,,,False,
5,LOC100762336,,,,False,
6,Myom1,10029.G3I8U8,preferred_symbol,high,False,10029.G3I8U8
6,Cd9,10029.G3GUL4,preferred_symbol,high,False,10029.G3GUL4
6,LOC103162414,,,,False,
6,LOC118238412,,,,False,
6,Cd36,10029.G3HMH7,description_exact_normalized,moderate,False,10029.G3HMH7
6,LOC100751053,10029.G3H2I4,LOC_numeric_gene_id,high,False,10029.G3H2I4
6,LOC107979030,,,,False,
6,LOC100767391,10029.G3HSU3,description_exact_normalized,moderate,False,10029.G3HSU3
6,LOC103159353,,,,False,
6,Spn,10029.G3I4J7,preferred_symbol,high,False,10029.G3I4J7
6,LOC100767818,,,,False,
6,Fgf7,10029.G3IAS3,preferred_symbol,high,False,10029.G3IAS3
6,Rarres2,10029.G3HB86,description_like_normalized,moderate,True,10029.G3HB86
6,LOC100760951,10029.G3IIK9,LOC_numeric_gene_id,high,False,10029.G3IIK9
6,Arhgef16,10029.G3IFA3,preferred_symbol,high,False,10029.G3IFA3
6,Lum,10029.G3HJG5,preferred_symbol,high,False,10029.G3HJG5
6,Aqp1,10029.G3HJL7,preferred_symbol,high,False,10029.G3HJL7
6,Papln,10029.G3HNF5,description_exact_normalized,moderate,False,10029.G3HNF5
6,Ldha,10029.G3H0C9,description_exact_normalized,moderate,True,10029.G3H0C9
6,LOC103163910,,,,False,
6,LOC113834615,,,,False,
6,LOC113830878,,,,False,
6,Pstpip1,10029.G3H0D3,description_exact_normalized,moderate,False,10029.G3H0D3
6,Lmo7,10029.G3HNA6,description_exact_normalized,moderate,False,10029.G3HNA6
6,Calcr,10029.G3GXI2,preferred_symbol,high,False,10029.G3GXI2
6,Agt,10029.G3GX14,preferred_symbol,high,False,10029.G3GX14
6,LOC100768826,10029.G3HK06,LOC_numeric_gene_id,high,False,10029.G3HK06
6,LOC100768211,10029.G3GYU0,LOC_numeric_gene_id,high,False,10029.G3GYU0
6,Ptprg,10029.G3H7L5,description_exact_normalized,moderate,False,10029.G3H7L5
6,Igf2bp3,10029.G3HVX5,description_exact_normalized,moderate,False,10029.G3HVX5
6,Fes,10029.G3IG17,preferred_symbol,high,False,10029.G3IG17
6,LOC100753467,10029.G3IFJ5,LOC_numeric_gene_id,high,False,10029.G3IFJ5
6,LOC113836601,,,,False,
6,Ccbe1,10029.G3HUJ0,preferred_symbol,high,False,10029.G3HUJ0
6,Il1rap,10029.G3GT78,preferred_symbol,high,False,10029.G3GT78
6,LOC103161500,,,,False,
6,LOC100756214,10029.G3I6V9,description_like_normalized,moderate,True,10029.G3I6V9
6,Mroh2b,10029.G3HHG2,preferred_symbol,high,False,10029.G3HHG2
6,Kctd15,10029.G3HUM9,preferred_symbol,high,False,10029.G3HUM9
6,Skap2,10029.G3H2J2,preferred_symbol,high,False,10029.G3H2J2
6,LOC103162356,,,,False,
6,Ncald,10029.G3HKZ6,preferred_symbol,high,False,10029.G3HKZ6
6,Col4a1,10029.G3I7K9,preferred_symbol,high,False,10029.G3I7K9
6,LOC103161223,,,,False,
6,St14,10029.G3GTX3,preferred_symbol,high,False,10029.G3GTX3
6,Fabp4,10029.G3I4E8,preferred_symbol,high,False,10029.G3I4E8
6,Marcks,,,,False,
6,Mab21l3,,,,False,
6,LOC113837121,,,,False,
6,Adgrl2,10029.G3H5Y4,preferred_symbol,high,False,10029.G3H5Y4
6,Lat2,,,,False,
6,Eya1,,,,False,
6,Pde1c,10029.G3HJL0,preferred_symbol,high,False,10029.G3HJL0
6,Pde2a,10029.G3HZQ7,preferred_symbol,high,False,10029.G3HZQ7
6,Ntm,,,,False,
6,LOC103163237,,,,False,
6,Prnp,10029.G3H416,preferred_symbol,high,False,10029.G3H416
6,LOC113835640,,,,False,
6,LOC100768367,10029.G3I5L5,description_exact_normalized,moderate,True,10029.G3I5L5
6,LOC118238522,,,,False,
6,Il11,,,,False,
6,Hdac9,10029.G3HD66,preferred_symbol,high,False,10029.G3HD66
7,LOC113831025_1,,,,False,
7,LOC113838088,,,,False,
7,Rn28s1,,,,False,
7,Mir2424,,,,False,
7,LOC113838061,,,,False,
7,LOC113833169,,,,False,
7,LOC100752605,10029.G3HPV6,description_exact_normalized,moderate,True,10029.G3HPV6
7,LOC113836853,,,,False,
7,LOC113838089,,,,False,
7,LOC100762101,10029.G3INC8,description_like_normalized,moderate,True,10029.G3INC8
7,LOC113834273,,,,False,
8,Pclaf,10029.G3IFS3,preferred_symbol,high,False,10029.G3IFS3
8,Cdca5,10029.G3IJ22,preferred_symbol,high,False,10029.G3IJ22
8,Ccna2,,,,False,
8,Kif15,10029.G3HP44,description_exact_normalized,tentative,True,10029.G3HP44
8,Top2a,10029.G3I5N5,preferred_symbol,high,False,10029.G3I5N5
8,Aurkb,10029.G3GY54,preferred_symbol,high,False,10029.G3GY54
8,Cdkn3,,description_fuzzy,,False,
8,Pbk,10029.G3HNI7,preferred_symbol,high,False,10029.G3HNI7
8,Ube2c,10029.G3HLU1,preferred_symbol,high,False,10029.G3HLU1
8,Ccnb2,10029.G3GRM6,preferred_symbol,high,False,10029.G3GRM6
8,Kif2c,10029.G3GYS0,preferred_symbol,high,False,10029.G3GYS0
8,Nusap1,10029.G3H104,preferred_symbol,high,False,10029.G3H104
8,Mki67,10029.G3IFZ0,preferred_symbol,high,False,10029.G3IFZ0
8,Nuf2,10029.G3HQJ6,preferred_symbol,high,False,10029.G3HQJ6
8,Knstrn,10029.G3ICJ7,preferred_symbol,high,False,10029.G3ICJ7
8,Prc1,10029.G3IHS9,preferred_symbol,high,False,10029.G3IHS9
8,Parpbp,10029.G3H673,preferred_symbol,high,False,10029.G3H673
8,Ckap2l,10029.G3GZZ1,preferred_symbol,high,False,10029.G3GZZ1
8,Ccnb1,10029.G3HRW5,preferred_symbol,high,False,10029.G3HRW5
8,Esco2,10029.G3HNI8,description_exact_normalized,moderate,False,10029.G3HNI8
8,Tacc3,10029.G3HK78,description_exact_normalized,moderate,False,10029.G3HK78
8,Gins4,10029.G3HHI5,preferred_symbol,high,False,10029.G3HHI5
8,Cdt1,10029.G3GRT1,preferred_symbol,high,False,10029.G3GRT1
8,Ube2t,10029.G3H3M9,preferred_symbol,high,False,10029.G3H3M9
8,Clspn,10029.G3H9V2,preferred_symbol,high,False,10029.G3H9V2
8,Cenpa,10029.G3GXR6,preferred_symbol,high,False,10029.G3GXR6
8,Spag5,10029.G3IK43,preferred_symbol,high,False,10029.G3IK43
8,Mxd3,,,,False,
8,Plk1,10029.G3IN30,preferred_symbol,high,False,10029.G3IN30
8,Dlgap5,10029.G3H7B2,preferred_symbol,high,False,10029.G3H7B2
8,Fam83d,10029.G3GY01,preferred_symbol,high,False,10029.G3GY01
8,Cenpk,10029.G3HXI4,preferred_symbol,high,False,10029.G3HXI4
8,Rrm2,10029.G3I2K8,preferred_symbol,high,False,10029.G3I2K8
8,LOC100754771,10029.G3IN79,description_exact_normalized,moderate,False,10029.G3IN79
8,Traip,10029.G3H8D9,preferred_symbol,high,False,10029.G3H8D9
8,Rad54l,10029.G3GYN3,preferred_symbol,high,False,10029.G3GYN3
8,LOC113839111,,,,False,
8,Cdca8,10029.G3HE13,preferred_symbol,high,False,10029.G3HE13
9,LOC118237644,,,,False,
9,Selenbp1,10029.G3H302,preferred_symbol,high,False,10029.G3H302
9,Myl9,10029.G3GXV8,preferred_symbol,high,False,10029.G3GXV8
9,Vil1,10029.G3HWH4,preferred_symbol,high,False,10029.G3HWH4
9,LOC118237616,,,,False,
9,Gpd1,10029.G3HX67,preferred_symbol,high,False,10029.G3HX67
9,Ip6k3,10029.G3I6U9,preferred_symbol,high,False,10029.G3I6U9
9,LOC100754646,,,,False,
9,LOC100766081,,,,False,
9,Cd74,10029.G3HS40,preferred_symbol,high,False,10029.G3HS40
9,LOC100757534,10029.G3I3Y7,LOC_numeric_gene_id,high,False,10029.G3I3Y7
9,LOC100756791,,,,False,
9,Cd68,10029.G3GY73,preferred_symbol,high,False,10029.G3GY73
9,Tagln,10029.G3IAK1,preferred_symbol,high,False,10029.G3IAK1
9,Mcemp1,,,,False,
9,LOC103161595,,,,False,
9,LOC100757077,10029.G3IGW1,LOC_numeric_gene_id,high,False,10029.G3IGW1
9,LOC100767397,10029.G3HZD3,LOC_numeric_gene_id,high,False,10029.G3HZD3
9,LOC113834978,,,,False,
9,Rims3,10029.G3HCM9,preferred_symbol,high,False,10029.G3HCM9
9,Cdsn,10029.G3HQN8,preferred_symbol,high,False,10029.G3HQN8
9,Mb,10029.G3ILQ5,preferred_symbol,high,False,10029.G3ILQ5
9,Gjb4,10029.G3H9T3,preferred_symbol,high,False,10029.G3H9T3
9,Mir322,,,,False,
9,Mir338,,,,False,
9,Napsa,10029.G3I730,preferred_symbol,high,False,10029.G3I730
9,Cd36,10029.G3HMH7,description_exact_normalized,moderate,False,10029.G3HMH7
9,Plekhb1,10029.G3I9W9,reviewed_description_variant,moderate,False,10029.G3I9W9
9,C3,10029.G3HCL6,preferred_symbol,high,False,10029.G3HCL6
9,Aqp1,10029.G3HJL7,preferred_symbol,high,False,10029.G3HJL7
9,Gjb5,10029.G3H9T2,preferred_symbol,high,False,10029.G3H9T2
9,Tcn2,10029.G3I151,preferred_symbol,high,False,10029.G3I151
9,LOC100769145,10029.G3I7X5,LOC_numeric_gene_id,high,False,10029.G3I7X5
10,Mir21,,,,False,
10,Mgst3,10029.G3HPP3,preferred_symbol,high,False,10029.G3HPP3
10,LOC113833676,,,,False,
10,Acd,10029.G3HZM8,preferred_symbol,high,False,10029.G3HZM8
10,LOC113832494,,,,False,
10,Mir671,,,,False,
10,LOC113838061,,,,False,
10,LOC113836832,,,,False,
10,Ndufs5,,,,False,
10,Tmem184c,10029.G3H9A7,preferred_symbol,high,False,10029.G3H9A7
10,Chchd1,10029.G3GWP3,preferred_symbol,high,False,10029.G3GWP3
10,LOC113836576,,,,False,
10,LOC113839001,,,,False,
10,LOC100759247,10029.G3HWS6,LOC_numeric_gene_id,high,False,10029.G3HWS6
10,LOC113832320,,,,False,
10,LOC113836176,,,,False,
10,LOC113836458,,,,False,
10,Scamp2,10029.G3IIB5,preferred_symbol,high,False,10029.G3IIB5
10,Mirlet7b,,,,False,
10,LOC113836735,,,,False,
10,Impdh1,10029.G3GZ89,official_alias,high,False,10029.G3GZ89
10,Tnfsf9,10029.G3HCL3,preferred_symbol,high,False,10029.G3HCL3
10,Isg20l2,10029.G3HG73,preferred_symbol,high,False,10029.G3HG73
10,LOC100755733,10029.G3GYY0,LOC_numeric_gene_id,high,False,10029.G3GYY0
10,Mmp10,10029.G3GUV4,preferred_symbol,high,False,10029.G3GUV4
10,LOC100762938,10029.G3HUM2,LOC_numeric_gene_id,high,False,10029.G3HUM2
10,LOC100763697,10029.G3HHA3,description_like_normalized,moderate,True,10029.G3HHA3
10,Cdk2ap2,10029.G3I3Y9,preferred_symbol,high,False,10029.G3I3Y9
10,Nubp1,10029.G3GWK1,preferred_symbol,high,False,10029.G3GWK1
10,LOC100689269,,,,False,
10,Znf35,10029.G3H963,preferred_symbol,high,False,10029.G3H963
10,Jagn1,10029.G3GXA5,preferred_symbol,high,False,10029.G3GXA5
10,Mir301a,,,,False,
10,Trnap-agg_1,,,,False,
10,LOC100773531,10029.G3I0D8,LOC_numeric_gene_id,high,False,10029.G3I0D8
10,LOC113830756,10029.G3IJL4,description_exact_normalized,moderate,True,10029.G3IJL4
10,Gyg1,10029.G3I0U4,preferred_symbol,high,False,10029.G3I0U4
10,CUNH20orf202,,,,False,
10,C1qbp,10029.G3GYD5,preferred_symbol,high,False,10029.G3GYD5
10,LOC107977859,10029.G3H602,description_like_normalized,moderate,True,10029.G3H602
10,Cers2,10029.G3H2X8,preferred_symbol,high,False,10029.G3H2X8
11,LOC118238268,,,,False,
11,LOC118237995,,,,False,
11,Fabp4,10029.G3I4E8,preferred_symbol,high,False,10029.G3I4E8
11,LOC103161891,,,,False,
11,Ctsd,10029.G3I4W7,preferred_symbol,high,False,10029.G3I4W7
11,LOC118237929,,,,False,
11,Maged2,10029.G3H7S8,preferred_symbol,high,False,10029.G3H7S8
11,LOC118238016,,,,False,
11,Tinagl1,10029.G3H1W4,preferred_symbol,high,False,10029.G3H1W4
11,Tmem88b,,,,False,
11,Stxbp6,10029.G3H0N5,preferred_symbol,high,False,10029.G3H0N5
11,Aga,10029.G3HGM6,preferred_symbol,high,False,10029.G3HGM6
11,Csrp2,10029.G3HT11,description_exact_normalized,moderate,False,10029.G3HT11
11,Erp29,10029.G3H284,preferred_symbol,high,False,10029.G3H284
11,LOC107980024,,,,False,
11,Nrg4,,,,False,
11,Tmem63a,,,,False,
11,Mcc,10029.G3HVE2,preferred_symbol,high,False,10029.G3HVE2
11,Lgmn,10029.G3I1H5,preferred_symbol,high,False,10029.G3I1H5
11,Syn2,10029.G3HVG3,preferred_symbol,high,False,10029.G3HVG3
11,Zdhhc4,10029.G3GVC0,preferred_symbol,high,False,10029.G3GVC0
11,LOC113832687,,,,False,
11,Smyd3,10029.G3H7N2,preferred_symbol,high,False,10029.G3H7N2
11,LOC113837481,,,,False,
11,LOC100767530,10029.G3ILF2,description_exact_normalized,moderate,True,10029.G3ILF2
11,Ehd3,10029.G3I4G0,preferred_symbol,high,False,10029.G3I4G0
11,LOC113834284,,,,False,
11,LOC113834615,,,,False,
11,LOC100766031,10029.G3HWE4,LOC_numeric_gene_id,high,False,10029.G3HWE4
11,LOC118238445,10029.G3IGW4,description_exact_normalized,moderate,True,10029.G3IGW4
12,LOC113834936,,,,False,
12,LOC113833688,,,,False,
12,LOC113836438,,,,False,
12,Col7a1,10029.G3HKP4,preferred_symbol,high,False,10029.G3HKP4
12,LOC113833697,,,,False,
12,Plekhn1,10029.G3IJ39,preferred_symbol,high,False,10029.G3IJ39
12,LOC113837712,,,,False,
12,LOC113835170,,,,False,
12,LOC113830966,,,,False,
12,LOC118239233,,,,False,
12,LOC113833156,,,,False,
12,Atg9b,,,,False,
12,Slc9a5,,,,False,
12,Ccnl2,10029.G3I426,preferred_symbol,high,False,10029.G3I426
12,LOC113835117,,,,False,
12,LOC113830843,,,,False,
12,LOC103159353,,,,False,
12,LOC100762940,,,,False,
12,Amt,10029.G3H8F6,preferred_symbol,high,False,10029.G3H8F6
12,LOC113833272,,,,False,
12,LOC118238393,,,,False,
12,Rhof,10029.G3H253,preferred_symbol,high,False,10029.G3H253
12,LOC113837124,,,,False,
12,Apbb3,10029.G3I586,preferred_symbol,high,False,10029.G3I586
12,LOC113835171,,,,False,
13,Ppp1r36,,,,False,
13,Mgat2,10029.G3IH20,preferred_symbol,high,False,10029.G3IH20
13,Slc2a12,10029.G3IAV1,preferred_symbol,high,False,10029.G3IAV1
13,Olfml2b,10029.G3HU02,preferred_symbol,high,False,10029.G3HU02
13,Egr1,10029.G3HEZ3,preferred_symbol,high,False,10029.G3HEZ3
13,Cdkl1,10029.G3I9C0,description_exact_normalized,moderate,False,10029.G3I9C0
13,LOC113832461,,,,False,
13,Pcnx4,,,,False,
13,Prkch,10029.G3HZ02,preferred_symbol,high,False,10029.G3HZ02
13,Pygl,10029.G3IN99,preferred_symbol,high,False,10029.G3IN99
13,Hspa2,10029.G3H4Z8,preferred_symbol,high,False,10029.G3H4Z8
13,LOC113838060,,,,False,
13,Trnap-agg,,,,False,
13,LOC118239681,,,,False,
13,Dennd2a,10029.G3HGJ8,preferred_symbol,high,False,10029.G3HGJ8
13,Fmo2,10029.G3HPM0,preferred_symbol,high,False,10029.G3HPM0
13,LOC103160316,,,,False,
13,Kdelr3,10029.G3IJD0,preferred_symbol,high,False,10029.G3IJD0
13,Slc9a9,10029.G3GSZ6,preferred_symbol,high,False,10029.G3GSZ6
13,Serpinf1,10029.G3IKX2,preferred_symbol,high,False,10029.G3IKX2
13,Dcn,10029.G3HJG6,preferred_symbol,high,False,10029.G3HJG6
14,LOC118239130,,,,False,
14,LOC118238399,,,,False,
14,Col3a1,10029.G3IM20,preferred_symbol,high,False,10029.G3IM20
14,Plac8,10029.G3IA31,preferred_symbol,high,False,10029.G3IA31
14,Col6a1,10029.G3H8Y5,description_exact_normalized,moderate,False,10029.G3H8Y5
14,LOC118239129,,,,False,
14,Resf1,,,,False,
14,Fgfbp1,10029.G3ILX1,preferred_symbol,high,False,10029.G3ILX1
14,LOC103158736,,,,False,
14,LOC100751053,10029.G3H2I4,LOC_numeric_gene_id,high,False,10029.G3H2I4
14,Ipo8,10029.G3HPH5,preferred_symbol,high,False,10029.G3HPH5
14,Sinhcaf,10029.G3HPH1,preferred_symbol,high,False,10029.G3HPH1
14,Atp10a,10029.G3HYZ6,preferred_symbol,high,False,10029.G3HYZ6
14,Farp1,10029.G3GS69,preferred_symbol,high,False,10029.G3GS69
14,Lum,10029.G3HJG5,preferred_symbol,high,False,10029.G3HJG5
14,Slpi,10029.G3HLT0,description_exact_normalized,moderate,False,10029.G3HLT0
14,Spn,10029.G3I4J7,preferred_symbol,high,False,10029.G3I4J7
14,LOC100769145,10029.G3I7X5,LOC_numeric_gene_id,high,False,10029.G3I7X5
14,LOC100773795,,,,False,
14,Sbsn,10029.G3HPT8,preferred_symbol,high,False,10029.G3HPT8
14,LOC100769715,10029.G3I7X9,LOC_numeric_gene_id,high,False,10029.G3I7X9
14,Lat2,,,,False,
14,Fam234b,10029.G3HB43,preferred_symbol,high,False,10029.G3HB43
14,Amn1,10029.G3HPG4,preferred_symbol,high,False,10029.G3HPG4
14,LOC113831658,,,,False,
14,Col4a1,10029.G3I7K9,preferred_symbol,high,False,10029.G3I7K9
14,C1H12orf75,,,,False,
14,Dennd5b,10029.G3HPG7,description_exact_normalized,moderate,False,10029.G3HPG7
14,Dpt,10029.G3HE53,preferred_symbol,high,False,10029.G3HE53
14,LOC103158756,,,,False,
14,Ptprm,10029.G3HIV1,preferred_symbol,high,False,10029.G3HIV1
14,Glul,10029.G3HG36,preferred_symbol,moderate,True,10029.G3HG36
14,Syne4,10029.G3HPS0,preferred_symbol,high,False,10029.G3HPS0
14,LOC118239514,,,,False,
14,Hmgcs2,10029.G3HP76,preferred_symbol,high,False,10029.G3HP76
14,Frk,10029.G3HJX3,preferred_symbol,high,False,10029.G3HJX3
14,Ccnd1,10029.A5A422,preferred_symbol,high,False,10029.A5A422
14,Flnc,10029.G3GZ94,preferred_symbol,high,False,10029.G3GZ94
14,Hsd3b7,10029.G3I7C5,preferred_symbol,high,False,10029.G3I7C5
14,LOC113836674,,,,False,
14,Pla2g2a,10029.G3HU37,preferred_symbol,high,False,10029.G3HU37
14,Etfbkmt,10029.G3HPG5,preferred_symbol,high,False,10029.G3HPG5
14,Rgs10,,,,False,
14,Pdpn,10029.G3IK06,preferred_symbol,high,False,10029.G3IK06
15,Cd36,10029.G3HMH7,description_exact_normalized,moderate,False,10029.G3HMH7
15,Col3a1,10029.G3IM20,preferred_symbol,high,False,10029.G3IM20
15,Edn1,10029.G3H0G9,preferred_symbol,high,False,10029.G3H0G9
15,Thbs2,10029.G3HK37,preferred_symbol,high,False,10029.G3HK37
15,Papln,10029.G3HNF5,description_exact_normalized,moderate,False,10029.G3HNF5
15,LOC103159564,,,,False,
15,LOC103162302,,,,False,
15,LOC100760951,10029.G3IIK9,LOC_numeric_gene_id,high,False,10029.G3IIK9
15,LOC100768899,10029.G3INI9,LOC_numeric_gene_id,high,False,10029.G3INI9
15,Tbxa2r,10029.G3HSK3,preferred_symbol,high,False,10029.G3HSK3
15,Trim54,10029.G3GXT4,preferred_symbol,high,False,10029.G3GXT4
15,Slpi,10029.G3HLT0,description_exact_normalized,moderate,False,10029.G3HLT0
15,Arhgef10l,10029.G3IF57,preferred_symbol,high,False,10029.G3IF57
15,Slc22a3,,,,False,
15,Eif2ak2,,,,False,
15,Glul,10029.G3HG36,preferred_symbol,moderate,True,10029.G3HG36
15,LOC118238412,,,,False,
15,LOC103162414,,,,False,
15,Gas7,10029.G3GZ34,description_exact_normalized,moderate,False,10029.G3GZ34
15,LOC107979026,,,,False,
15,LOC118239130,,,,False,
15,Gap43,10029.G3HJM9,preferred_symbol,high,False,10029.G3HJM9
15,LOC100753467,10029.G3IFJ5,LOC_numeric_gene_id,high,False,10029.G3IFJ5
15,Rcc2,10029.G3IJB6,preferred_symbol,high,False,10029.G3IJB6
15,Ccn1,10029.G3IDP5,preferred_symbol,high,False,10029.G3IDP5
15,Cited1,,,,False,
15,LOC118238246,,,,False,
15,LOC103161308,,,,False,
15,Tcn2,10029.G3I151,preferred_symbol,high,False,10029.G3I151
15,Deup1,,,,False,
15,Wdfy4,,,,False,
15,Apba2,10029.G3HQ35,description_fuzzy,tentative,True,10029.G3HQ35
15,Nmnat2,10029.G3HG21,preferred_symbol,high,False,10029.G3HG21
15,LOC100757534,10029.G3I3Y7,LOC_numeric_gene_id,high,False,10029.G3I3Y7
15,Ankrd1,10029.G3H3V2,preferred_symbol,high,False,10029.G3H3V2
15,LOC100773795,,,,False,
15,Acta2,10029.G3HQY2,preferred_symbol,high,False,10029.G3HQY2
15,Angpt2,10029.G3HBB9,preferred_symbol,high,False,10029.G3HBB9
15,Il34,10029.G3HAF6,preferred_symbol,high,False,10029.G3HAF6
15,Stmn4,,,,False,
15,Plcxd1,10029.G3HBH1,description_exact_normalized,moderate,False,10029.G3HBH1
15,LOC103160946,,,,False,
15,Creb5,10029.G3HD88,preferred_symbol,high,False,10029.G3HD88
15,Fn1,10029.G3I1V3,preferred_symbol,high,False,10029.G3I1V3
15,Zfyve21,10029.G3H385,description_exact_normalized,moderate,False,10029.G3H385
15,LOC113839374,,,,False,
15,LOC100757077,10029.G3IGW1,LOC_numeric_gene_id,high,False,10029.G3IGW1
15,Adgrd1,10029.G3IEZ4,preferred_symbol,high,False,10029.G3IEZ4
15,Hvcn1,10029.G3H298,preferred_symbol,high,False,10029.G3H298
15,LOC100766081,,,,False,
15,LOC113833592,,,,False,
15,LOC103161904,,,,False,
15,Fabp4,10029.G3I4E8,preferred_symbol,high,False,10029.G3I4E8
15,Ptx3,10029.G3H217,preferred_symbol,high,False,10029.G3H217
15,Izumo1,,,,False,
15,LOC118239514,,,,False,
15,St8sia6,10029.G3HHR2,preferred_symbol,high,False,10029.G3HHR2
15,Krt80,10029.G3II07,preferred_symbol,high,False,10029.G3II07
15,Dtx4,10029.G3IJM3,preferred_symbol,high,False,10029.G3IJM3
15,Slc44a3,10029.G3I3W1,description_exact_normalized,moderate,False,10029.G3I3W1
15,Hmox1,10029.G3IAI6,preferred_symbol,high,False,10029.G3IAI6
15,Il1rl1,10029.G3H6I5,preferred_symbol,high,False,10029.G3H6I5
15,LOC113834403,,,,False,
15,LOC100767530,10029.G3ILF2,description_exact_normalized,moderate,True,10029.G3ILF2
15,Muc13,10029.G3GSN7,description_exact_normalized,moderate,False,10029.G3GSN7
15,Cxcl12,10029.G3I6P7,preferred_symbol,high,False,10029.G3I6P7
15,LOC103163910,,,,False,
15,Acy3,10029.G3I3Y2,preferred_symbol,high,False,10029.G3I3Y2
15,Gnat3,10029.G3HMH6,preferred_symbol,high,False,10029.G3HMH6
15,Susd1,10029.G3HPJ6,description_exact_normalized,moderate,False,10029.G3HPJ6
15,Ebi3,10029.G3HCF0,preferred_symbol,high,False,10029.G3HCF0
15,Dusp8,10029.G3I553,preferred_symbol,high,False,10029.G3I553
15,Angptl4,10029.G3I5R0,preferred_symbol,high,False,10029.G3I5R0
15,Prnd,10029.G3H415,preferred_symbol,high,False,10029.G3H415
15,Fam163a,10029.G3H7J4,preferred_symbol,high,False,10029.G3H7J4
15,LOC100752904,10029.G3HDU1,LOC_numeric_gene_id,high,False,10029.G3HDU1
15,Id3,10029.G3HMV1,preferred_symbol,high,False,10029.G3HMV1
15,LOC118238443,,,,False,
15,Ranbp3l,10029.G3HJU7,preferred_symbol,high,False,10029.G3HJU7
15,LOC103159353,,,,False,
15,Cnn1,10029.G3H693,preferred_symbol,high,False,10029.G3H693
15,Akr1b8,10029.G3IE21,preferred_symbol,high,False,10029.G3IE21
15,LOC107979269,,,,False,
15,LOC118239598,,,,False,
15,Cited2,,,,False,
15,LOC103160224,,,,False,
15,B3gnt3,,description_fuzzy,,False,
15,LOC103161500,,,,False,
15,Calhm5,10029.G3HJW1,preferred_symbol,high,False,10029.G3HJW1
15,Mir6092,,,,False,
15,LOC118239187,,,,False,
15,Dok5,10029.G3HLQ4,preferred_symbol,high,False,10029.G3HLQ4
15,Mir1956,,,,False,
16,LOC113832477,10029.G3HGR8,description_like_normalized,moderate,True,10029.G3HGR8
16,Scand1,,,,False,
16,LOC113833009,,,,False,
16,Fkbpl,10029.G3HZC8,preferred_symbol,high,False,10029.G3HZC8
16,LOC100757684,,,,False,
16,LOC113835857,,,,False,
16,LOC113835059,,,,False,
16,Cebpd,10029.G3I2I3,preferred_symbol,high,False,10029.G3I2I3
16,LOC113834557,10029.G3IQ43,LOC_numeric_gene_id,high,False,10029.G3IQ43
16,LOC113838089,,,,False,
16,LOC113835615,,,,False,
16,Tpgs1,10029.G3HF35,preferred_symbol,high,False,10029.G3HF35
16,Bola1,10029.G3H2U4,preferred_symbol,high,False,10029.G3H2U4
16,LOC113836998,,,,False,
16,LOC113838539,,,,False,
16,LOC118238159,10029.G3HGR8,description_like_normalized,moderate,True,10029.G3HGR8
16,LOC113837240,,,,False,
16,Socs1,10029.G3GWK7,preferred_symbol,high,False,10029.G3GWK7
16,LOC113833392,,,,False,
16,LOC113838541,,,,False,
16,LOC113837845,10029.G3GY86,LOC_numeric_gene_id,high,False,10029.G3GY86
16,LOC113836270,,,,False,
16,LOC113837250,,,,False,
16,LOC113836680,,description_fuzzy,,False,
16,Rn45s,,,,False,
16,LOC113832527,,,,False,
16,LOC113836920,,,,False,
16,LOC113835924,,,,False,
16,Junb,,,,False,
16,LOC113838852,,,,False,
16,LOC113832491,,,,False,
16,LOC113838537,,,,False,
16,Ier2,10029.G3HCY9,preferred_symbol,high,False,10029.G3HCY9
16,LOC118239828,,,,False,
16,LOC113837275,,,,False,
16,Ccdc85b,10029.G3I2G2,preferred_symbol,high,False,10029.G3I2G2
16,Ier5l,10029.G3II03,preferred_symbol,high,False,10029.G3II03
16,LOC118239111,,,,False,
16,LOC100752159,10029.G3HXV8,description_exact_normalized,moderate,False,10029.G3HXV8
17,Rn45s,,,,False,
17,LOC113830871,,,,False,
17,Mir2424,,,,False,
17,Cxcl3,10029.A4URF0,preferred_symbol,high,False,10029.A4URF0
17,LOC113836439,,,,False,
17,LOC107977836,,,,False,
17,Ccr7,10029.G3I5N8,preferred_symbol,high,False,10029.G3I5N8
17,Trnak-uuu_1,,,,False,
17,LOC113836829,,,,False,
17,LOC107979030,,,,False,
17,LOC113836664,,,,False,
17,LOC118238625,,,,False,
17,Angptl8,,,,False,
17,LOC113833551,,,,False,
17,Il10,10029.G3HB01,preferred_symbol,high,False,10029.G3HB01
17,Dpt,10029.G3HE53,preferred_symbol,high,False,10029.G3HE53
17,LOC113835413,,,,False,
17,LOC113832603,,,,False,
17,Cxcl1,10029.G3I473,preferred_symbol,high,False,10029.G3I473
17,LOC100774108,10029.G3HT10,description_exact_normalized,moderate,False,10029.G3HT10
17,LOC113832634,,,,False,
17,LOC113832477,10029.G3HGR8,description_like_normalized,moderate,True,10029.G3HGR8
17,LOC100772004,10029.G3I3E3,LOC_numeric_gene_id,high,False,10029.G3I3E3
17,LOC118239081,,,,False,
17,LOC118238642,,,,False,
17,LOC103160317,10029.G3HT35,LOC_numeric_gene_id,high,False,10029.G3HT35
17,LOC113837475,,,,False,
17,Isg20,10029.G3ICD6,preferred_symbol,high,False,10029.G3ICD6
17,LOC113838100,,,,False,
17,Ccn2,10029.G3IAP3,preferred_symbol,high,False,10029.G3IAP3
17,LOC113830891,,,,False,
17,LOC103161536,,,,False,
17,Sdr42e2,10029.G3IN92,description_exact_normalized,moderate,False,10029.G3IN92
17,LOC113833012,,,,False,
17,CUNH1orf100,,,,False,
17,LOC113838095,,,,False,
17,LOC118238401,,,,False,
17,Stk32b,10029.G3GWD9,preferred_symbol,high,False,10029.G3GWD9
17,Trnal-caa_1,,,,False,
17,LOC113835905,,,,False,
17,Mir374,,,,False,
17,LOC100755207,10029.G3I872,LOC_numeric_gene_id,high,False,10029.G3I872
17,Mmp2,10029.G3H0R8,preferred_symbol,high,False,10029.G3H0R8
17,LOC113833183,,,,False,
17,Pecam1,10029.G3HCT8,description_exact_normalized,moderate,False,10029.G3HCT8
17,Slc43a2,10029.G3IJR0,preferred_symbol,high,False,10029.G3IJR0
17,LOC113834117,,,,False,
17,LOC113831226,,,,False,
17,LOC113832863,,,,False,
18,LOC113833231,,,,False,
18,LOC113833675,,,,False,
18,LOC113836830,,,,False,
18,LOC113832498,,,,False,
18,Trnav-cac_2,,,,False,
18,Trnah-gug_7,,,,False,
18,Trnav-uac,,,,False,
18,LOC118238917,,,,False,
18,LOC113835248,,,,False,
18,Mir872,,,,False,
18,Mir326,,,,False,
18,Mir151,,,,False,
18,LOC113832543,,,,False,
18,LOC113833111,,,,False,
18,Mir147,,,,False,
18,Mir100,,,,False,
18,LOC113837330,,,,False,
18,LOC113834222,,,,False,
18,LOC103164270,,,,False,
18,Mirlet7b,,,,False,
18,LOC113832500,,,,False,
18,LOC113832735,,,,False,
18,LOC113830953,,,,False,
18,LOC113834933,,,,False,
18,LOC113836871,,,,False,
18,LOC113835447,,,,False,
18,LOC113836219,,,,False,
18,LOC113832632,,,,False,
18,Mirlet7d,,,,False,
18,LOC113837101,,,,False,
18,Trnap-ugg_3,,,,False,
18,Mir148b,,,,False,
18,LOC113836039,,,,False,
18,LOC113833020,,,,False,
18,LOC113831608,,,,False,
18,LOC113834530,,,,False,
18,Trnak-cuu_59,,,,False,
18,LOC113833114,,,,False,
18,LOC118239065,,,,False,
18,LOC118239102,,,,False,
18,Mir196a,,,,False,
18,LOC113836832,,,,False,
18,LOC113832571,,,,False,
18,LOC113830809,,,,False,
18,LOC113835507,,,,False,
18,Trnah-gug_10,,,,False,
18,LOC113836616,,,,False,
18,LOC113831373,,,,False,
18,LOC113835702,,,,False,
19,Trnak-cuu_67,,,,False,
19,Rn45s_1,,,,False,
19,LOC100759921,10029.G3HY78,LOC_numeric_gene_id,high,False,10029.G3HY78
19,LOC100756750,10029.G3HC03,LOC_numeric_gene_id,high,False,10029.G3HC03
19,LOC113832801,,,,False,
19,LOC107980311,10029.G3I044,LOC_numeric_gene_id,high,False,10029.G3I044
19,LOC100755951,10029.G3H7J9,LOC_numeric_gene_id,high,False,10029.G3H7J9
19,Snrpd2,10029.G3HPF1,preferred_symbol,high,False,10029.G3HPF1
19,LOC100758276,,,,False,
19,Rn28s1,,,,False,
19,LOC113839000,,,,False,
19,LOC100763702,10029.G3I0Q1,LOC_numeric_gene_id,high,False,10029.G3I0Q1
19,LOC113836576,,,,False,
19,LOC100755196,10029.G3HXX5,LOC_numeric_gene_id,high,False,10029.G3HXX5
19,LOC100762856,10029.G3GRH2,LOC_numeric_gene_id,high,False,10029.G3GRH2
19,LOC113836883,,,,False,
19,LOC118239081,,,,False,
19,LOC113836198,,,,False,
19,LOC100755978,10029.G3H354,description_like_normalized,moderate,True,10029.G3H354
19,LOC113837438,,,,False,
19,LOC100765587,10029.G3IDG5,LOC_numeric_gene_id,high,False,10029.G3IDG5
19,LOC100765911,10029.G3HSB8,description_like_normalized,moderate,True,10029.G3HSB8
19,LOC107977859,10029.G3H602,description_like_normalized,moderate,True,10029.G3H602
19,LOC100769680,10029.G3HHW5,LOC_numeric_gene_id,high,False,10029.G3HHW5
19,LOC100760757,10029.G3IBF1,description_like_normalized,moderate,True,10029.G3IBF1
19,LOC113833701,,,,False,
19,LOC100762200,,,,False,
19,LOC113837769,,,,False,
19,LOC113838089,,,,False,
19,Trnak-uuu_1,,,,False,
19,LOC113831892,,,,False,
19,LOC113837667,,,,False,
19,LOC113835268,,,,False,
19,LOC100769604,10029.G3I364,LOC_numeric_gene_id,high,False,10029.G3I364
19,LOC100774172,10029.G3HC84,description_like_normalized,moderate,True,10029.G3HC84
19,LOC107977836,,,,False,
19,LOC113832994,,,,False,
19,LOC107980155,10029.G3IBF1,description_like_normalized,moderate,True,10029.G3IBF1
19,LOC100757781,10029.G3HAA6,LOC_numeric_gene_id,high,False,10029.G3HAA6
19,LOC100765930,10029.G3HPQ9,LOC_numeric_gene_id,high,False,10029.G3HPQ9
19,LOC113834006,10029.G3I5S2,description_like_normalized,moderate,True,10029.G3I5S2
19,LOC113837793,10029.G3H2J7,description_like_normalized,moderate,True,10029.G3H2J7
19,LOC100755284,10029.G3H5C9,description_like_normalized,moderate,True,10029.G3H5C9
19,LOC100759156,10029.G3H1V1,description_exact_normalized,moderate,True,10029.G3H1V1
19,Mir191,,,,False,
19,LOC118239159,,,,False,
19,LOC113833013,,,,False,
19,LOC100759247,10029.G3HWS6,LOC_numeric_gene_id,high,False,10029.G3HWS6
19,LOC113839001,,,,False,
19,LOC113833802,,,,False,
19,LOC113833686,,,,False,
19,LOC100755019,10029.G3I460,LOC_numeric_gene_id,high,False,10029.G3I460
19,LOC100766582,,,,False,
19,LOC100756490,10029.G3IHW0,description_like_normalized,moderate,True,10029.G3IHW0
19,LOC100757758,10029.G3IH30,LOC_numeric_gene_id,high,False,10029.G3IH30
19,LOC113837022,10029.G3H0Q0,description_like_normalized,moderate,True,10029.G3H0Q0
19,LOC100774945,10029.G3H210,LOC_numeric_gene_id,high,False,10029.G3H210
19,LOC100764541,10029.G3GY75,description_like_normalized,moderate,True,10029.G3GY75
19,LOC113833685,,,,False,
19,Mir23a,,,,False,
19,LOC113831372,,,,False,
19,LOC100760082,10029.G3H151,LOC_numeric_gene_id,high,False,10029.G3H151
19,LOC113834529,,,,False,
19,LOC113833918,,,,False,
19,LOC100766073,10029.G3IHW0,description_like_normalized,moderate,True,10029.G3IHW0
19,LOC100773119,10029.G3IDD9,description_exact_normalized,moderate,True,10029.G3IDD9
19,LOC100752901,10029.G3H5C9,LOC_numeric_gene_id,high,False,10029.G3H5C9
19,LOC113833142,,,,False,
19,LOC100770435,10029.G3INU6,description_like_normalized,moderate,True,10029.G3INU6
19,LOC113831474,,,,False,
19,LOC100768273,10029.G3I100,LOC_numeric_gene_id,high,False,10029.G3I100
19,LOC100771998,10029.G3HZ82,LOC_numeric_gene_id,high,False,10029.G3HZ82
20,LOC100750890,10029.G3HZ97,LOC_numeric_gene_id,high,False,10029.G3HZ97
20,LOC118239682,,,,False,
20,Gpr160,,,,False,
20,LOC113834403,,,,False,
20,LOC100772326,10029.G3ILL1,description_exact_normalized,moderate,False,10029.G3ILL1
20,LOC113838990,10029.G3IJL4,description_like_normalized,moderate,True,10029.G3IJL4
20,LOC103162230,,,,False,
20,LOC118238251,,,,False,
20,LOC103159449,,,,False,
20,LOC103163886,,,,False,
20,LOC118239130,,,,False,
20,Ranbp3l,10029.G3HJU7,preferred_symbol,high,False,10029.G3HJU7
20,LOC107977581,,,,False,
20,Ggt1,10029.G3HY25,preferred_symbol,high,False,10029.G3HY25
20,Xpnpep2,10029.G3H3X7,preferred_symbol,high,False,10029.G3H3X7
20,LOC103160316,,,,False,
20,LOC107980044,,,,False,
20,Ddit4l,10029.G3INL0,preferred_symbol,high,False,10029.G3INL0
20,Tmem176b,10029.G3HB77,preferred_symbol,high,False,10029.G3HB77
20,CUNH1orf87,10029.G3HPJ1,preferred_symbol,high,False,10029.G3HPJ1
20,LOC113835715,,,,False,
20,Fam83c,10029.G3HAQ3,preferred_symbol,high,False,10029.G3HAQ3
20,LOC100751987,10029.G3GXE1,description_like_normalized,moderate,True,10029.G3GXE1
20,Izumo1,,,,False,
20,Hid1,10029.G3GTG2,preferred_symbol,high,False,10029.G3GTG2
20,CUNH16orf54,10029.G3I4J4,preferred_symbol,high,False,10029.G3I4J4
20,LOC103159579,,,,False,
20,Lxn,10029.G3I519,preferred_symbol,high,False,10029.G3I519
20,Tmem176a,10029.G3HB76,preferred_symbol,high,False,10029.G3HB76
20,LOC118239162,,,,False,
20,LOC113832263,,,,False,
20,LOC103163237,,,,False,
20,Tinag,,,,False,
20,LOC118239129,,,,False,
20,Thbs1,10029.G3HHV4,preferred_symbol,high,False,10029.G3HHV4
20,C1qtnf6,10029.G3IM10,preferred_symbol,high,False,10029.G3IM10
20,Trim21,10029.G3ILU9,preferred_symbol,high,False,10029.G3ILU9
20,LOC118239332,10029.G3H3B7,description_like_normalized,moderate,True,10029.G3H3B7
20,Arhgap9,10029.G3HW43,description_exact_normalized,moderate,False,10029.G3HW43
20,LOC107979861,,,,False,
20,Synm,10029.G3HKI6,description_exact_normalized,moderate,False,10029.G3HKI6
20,Agt,10029.G3GX14,preferred_symbol,high,False,10029.G3GX14
20,Ttc39b,10029.G3HSZ3,description_exact_normalized,moderate,True,10029.G3HSZ3
20,LOC100763252,,,,False,
20,LOC107977383,,,,False,
20,LOC113832262,,,,False,
20,Cxcl3,10029.A4URF0,preferred_symbol,high,False,10029.A4URF0
20,Lmx1b,10029.G3IP57,preferred_symbol,high,False,10029.G3IP57
20,Flnc,10029.G3GZ94,preferred_symbol,high,False,10029.G3GZ94
20,LOC113834754,,,,False,
20,LOC100756860,10029.G3I1Y3,LOC_numeric_gene_id,high,False,10029.G3I1Y3
20,LOC107978485,,,,False,
20,LOC113833723,10029.G3HGR8,description_like_normalized,moderate,True,10029.G3HGR8
20,Adgrd1,10029.G3IEZ4,preferred_symbol,high,False,10029.G3IEZ4
20,LOC113833193,10029.G3ILU1,description_like_normalized,moderate,True,10029.G3ILU1
20,LOC113831259,,,,False,
20,LOC118238913,,,,False,
20,LOC113830932,,,,False,
20,Clcn4,10029.G3I099,preferred_symbol,high,False,10029.G3I099
20,Hsd11b1,10029.G3H2M5,preferred_symbol,high,False,10029.G3H2M5
21,LOC100773073,,,,False,
21,Inka2,10029.G3IBI2,preferred_symbol,high,False,10029.G3IBI2
21,LOC100751672,10029.G3I256,description_exact_normalized,moderate,False,10029.G3I256
21,LOC118239039,,,,False,
21,Btg2,10029.G3HQC8,preferred_symbol,high,False,10029.G3HQC8
21,Eda2r,10029.G3HTK6,preferred_symbol,high,False,10029.G3HTK6
21,Tbc1d8,,,,False,
21,Tp53inp1,10029.G3HI20,preferred_symbol,high,False,10029.G3HI20
21,Ccdc122,10029.G3H847,preferred_symbol,high,False,10029.G3H847
21,Dzip1,10029.G3GS79,description_exact_normalized,moderate,False,10029.G3GS79
21,Cdkn1a,10029.G3HKC6,preferred_symbol,high,False,10029.G3HKC6
21,Rasl11a,10029.G3GWI8,preferred_symbol,high,False,10029.G3GWI8
21,Ccng1,10029.G3H9Y6,preferred_symbol,high,False,10029.G3H9Y6
21,LOC100755639,10029.G3IMG3,LOC_numeric_gene_id,high,False,10029.G3IMG3
21,Rbm3,10029.G3HND9,preferred_symbol,high,False,10029.G3HND9
21,Aen,10029.G3ICD7,preferred_symbol,high,False,10029.G3ICD7
21,Mro,10029.G3HTS0,preferred_symbol,high,False,10029.G3HTS0
21,Psrc1,10029.G3I7B0,preferred_symbol,high,False,10029.G3I7B0
21,Tmem63b,10029.G3HC88,preferred_symbol,high,False,10029.G3HC88
21,Mdm2,10029.G3GY28,preferred_symbol,high,False,10029.G3GY28
21,Zmat3,10029.G3I1C4,preferred_symbol,high,False,10029.G3I1C4
21,Rhbdl2,10029.G3HN71,preferred_symbol,high,False,10029.G3HN71
22,LOC100761692,10029.G3ICZ5,LOC_numeric_gene_id,high,False,10029.G3ICZ5
22,Ddit3,10029.G3HW45,preferred_symbol,high,False,10029.G3HW45
22,LOC103161269,,,,False,
22,LOC100764983,,,,False,
22,Tubb,10029.G3HQP8,preferred_symbol,high,False,10029.G3HQP8
22,LOC100773172,10029.G3I6V1,LOC_numeric_gene_id,high,False,10029.G3I6V1
22,Adapt15,,,,False,
22,Ppm1g,10029.G3GXU1,preferred_symbol,high,False,10029.G3GXU1
22,Mcm3,10029.G3I1H0,preferred_symbol,high,False,10029.G3I1H0
22,Ddit4,10029.G3I1Z3,preferred_symbol,high,False,10029.G3I1Z3
22,LOC100774994,10029.G3I7I6,LOC_numeric_gene_id,high,False,10029.G3I7I6
22,Thbs1,10029.G3HHV4,preferred_symbol,high,False,10029.G3HHV4
22,Rnf10,10029.G3HI54,preferred_symbol,high,False,10029.G3HI54
22,Sae1,,,,False,
22,Lasp1,10029.G3H5W5,preferred_symbol,high,False,10029.G3H5W5
22,Commd8,10029.G3HWZ6,preferred_symbol,high,False,10029.G3HWZ6
22,LOC103158861,,,,False,
22,Trim28,10029.G3I2Q7,preferred_symbol,high,False,10029.G3I2Q7
22,Dpm3,10029.G3HC54,preferred_symbol,high,False,10029.G3HC54
22,Uba1,10029.G3IBG3,preferred_symbol,high,False,10029.G3IBG3
22,Atp6v1f,10029.G3GZ95,preferred_symbol,high,False,10029.G3GZ95
22,Elob,10029.G3IFA9,preferred_symbol,high,False,10029.G3IFA9
22,LOC100751590,10029.G3I061,LOC_numeric_gene_id,high,False,10029.G3I061
22,Ppp2r5d,10029.G3HR69,preferred_symbol,moderate,True,10029.G3HR69
22,Ssrp1,10029.G3HRJ1,preferred_symbol,high,False,10029.G3HRJ1
22,LOC113834297,,,,False,
22,Fmc1,,,,False,
22,Parva,10029.G3HUV2,preferred_symbol,high,False,10029.G3HUV2
22,Surf4,10029.G3I9S0,preferred_symbol,high,False,10029.G3I9S0
22,LOC113836832,,,,False,
22,LOC113831473,,,,False,
22,Ncl,10029.G3IF80,description_exact_normalized,moderate,True,10029.G3IF80
22,Cks2,10029.G3HIB0,preferred_symbol,high,False,10029.G3HIB0
23,LOC118237616,,,,False,
23,Mir1973,,,,False,
23,Tspan11,10029.G3GUJ4,preferred_symbol,high,False,10029.G3GUJ4
23,LOC113832724,,,,False,
23,LOC113836915,,,,False,
23,LOC113831086,,,,False,
23,LOC113835905,,,,False,
23,Gas7,10029.G3GZ34,description_exact_normalized,moderate,False,10029.G3GZ34
23,LOC113834714,,,,False,
23,LOC113834725,,,,False,
23,LOC100763833,10029.G3GTT2,LOC_numeric_gene_id,high,False,10029.G3GTT2
23,Slc25a18,10029.G3HQ90,preferred_symbol,high,False,10029.G3HQ90
23,Mir10b,,,,False,
23,LOC113838812,,,,False,
23,LOC113834788,,,,False,
23,Hr,,,,False,
23,LOC113832642,,,,False,
23,LOC113836733,,,,False,
23,LOC113836920,,,,False,
23,LOC100769330,,,,False,
23,LOC113830803,,,,False,
23,LOC118238347,,,,False,
23,LOC113836442,,,,False,
23,LOC113835571,,,,False,
23,LOC113836322,,,,False,
23,LOC113835538,,,,False,
23,Tp63,10029.G3GT84,preferred_symbol,high,False,10029.G3GT84
23,Txnip,10029.G3H2T0,preferred_symbol,high,False,10029.G3H2T0
23,LOC113834933,,,,False,
24,Prxl2a,10029.G3HQ17,preferred_symbol,high,False,10029.G3HQ17
24,Ddit4,10029.G3I1Z3,preferred_symbol,high,False,10029.G3I1Z3
24,LOC118239683,,,,False,
24,LOC118239149,10029.G3HJR4,description_like_normalized,moderate,True,10029.G3HJR4
24,Trnap-agg,,,,False,
24,Nrg4,,,,False,
24,LOC107978125,,,,False,
24,Col7a1,10029.G3HKP4,preferred_symbol,high,False,10029.G3HKP4
24,Olfm2,10029.G3H6F0,preferred_symbol,high,False,10029.G3H6F0
24,LOC118239039,,,,False,
24,Trnap-agg_1,,,,False,
24,Zbtb32,,,,False,
24,Ranbp3l,10029.G3HJU7,preferred_symbol,high,False,10029.G3HJU7
24,Nppb,,,,False,
24,Slc39a2,10029.G3IJ52,description_exact_normalized,moderate,False,10029.G3IJ52
24,LOC113836710,,,,False,
24,Srpx2,10029.G3H5Z0,preferred_symbol,high,False,10029.G3H5Z0
24,Ccn2,10029.G3IAP3,preferred_symbol,high,False,10029.G3IAP3
24,Il11,,,,False,
24,Slc16a4,10029.G3IKP8,preferred_symbol,high,False,10029.G3IKP8
24,Gjb3,10029.G3H9T5,preferred_symbol,high,False,10029.G3H9T5
24,She,,,,False,
24,Fam71e2,10029.G3HYH4,preferred_symbol,high,False,10029.G3HYH4
24,LOC113830844,,,,False,
24,LOC100758417,10029.G3GYS6,description_like_normalized,moderate,True,10029.G3GYS6
24,Olfm4,10029.G3HWZ8,preferred_symbol,high,False,10029.G3HWZ8
25,LOC113838089,,,,False,
25,LOC103158800,,description_fuzzy,,False,
25,Rn28s1,,,,False,
25,LOC113839001,,,,False,
25,Arg2,10029.G3H1L8,preferred_symbol,high,False,10029.G3H1L8
25,LOC100773314_1,10029.G3H2T7,description_exact_normalized,moderate,True,10029.G3H2T7
25,LOC100769145,10029.G3I7X5,LOC_numeric_gene_id,high,False,10029.G3I7X5
25,LOC113834297,,,,False,
25,LOC113837481,,,,False,
25,LOC118238582,,,,False,
25,Rcn2,10029.G3H0D2,preferred_symbol,high,False,10029.G3H0D2
25,Ankfy1,10029.G3HS99,preferred_symbol,high,False,10029.G3HS99
25,LOC103158561,10029.G3IIA4,LOC_numeric_gene_id,high,False,10029.G3IIA4
25,LOC100750890,10029.G3HZ97,LOC_numeric_gene_id,high,False,10029.G3HZ97
25,Slc39a4,10029.G3HWL6,preferred_symbol,high,False,10029.G3HWL6
25,LOC100769715,10029.G3I7X9,LOC_numeric_gene_id,high,False,10029.G3I7X9
25,LOC103158756,,,,False,
25,Il33,10029.G3I4V3,preferred_symbol,high,False,10029.G3I4V3
25,LOC100774468,10029.G3HDS7,description_exact_normalized,moderate,False,10029.G3HDS7
25,Cxcl3,10029.A4URF0,preferred_symbol,high,False,10029.A4URF0
25,LOC100772574,,,,False,
25,LOC113832577,,,,False,
25,Col4a1,10029.G3I7K9,preferred_symbol,high,False,10029.G3I7K9
25,Rn45s,,,,False,
25,LOC100768921,10029.G3HH76,LOC_numeric_gene_id,high,False,10029.G3HH76
25,LOC113833620,10029.G3GYP9,description_like_normalized,moderate,True,10029.G3GYP9
25,LOC103159033,,,,False,
25,LOC113830878,,,,False,
25,LOC113838061,,,,False,
25,Cgnl1,10029.G3GRL6,preferred_symbol,high,False,10029.G3GRL6
25,Acadm,10029.G3GVU5,preferred_symbol,high,False,10029.G3GVU5
25,Dpt,10029.G3HE53,preferred_symbol,high,False,10029.G3HE53
25,Cda,,,,False,
25,LOC100750669,10029.G3H812,description_exact_normalized,moderate,False,10029.G3H812
25,LOC113835822,,,,False,
25,Slpi,10029.G3HLT0,description_exact_normalized,moderate,False,10029.G3HLT0
25,LOC107978394,,,,False,
25,Sort1,10029.G3I8K3,description_exact_normalized,moderate,True,10029.G3I8K3
25,LOC100767106,10029.G3HRU8,LOC_numeric_gene_id,high,False,10029.G3HRU8
25,Fn1,10029.G3I1V3,preferred_symbol,high,False,10029.G3I1V3
25,Mirlet7f,,,,False,
26,Mir632,,,,False,
26,Gja1,10029.Q80Z93,preferred_symbol,high,False,10029.Q80Z93
26,Chtf8,10029.G3HKU5,preferred_symbol,high,False,10029.G3HKU5
26,Elovl5,10029.G3I5G5,preferred_symbol,high,False,10029.G3I5G5
26,Ccnd1,10029.A5A422,preferred_symbol,high,False,10029.A5A422
26,Mir1306,,,,False,
26,B4galt5,10029.G3HET2,preferred_symbol,high,False,10029.G3HET2
26,LOC113830746,,,,False,
26,LOC113836194,,,,False,
26,Ldlr,10029.P35950,preferred_symbol,high,False,10029.P35950
26,LOC113833702,,,,False,
26,Cdc25a,10029.G3HKQ6,preferred_symbol,high,False,10029.G3HKQ6
26,Gnai3,10029.Q3HR12,preferred_symbol,high,False,10029.Q3HR12
26,LOC113834278,,,,False,
26,Slc31a1,10029.G3HI05,preferred_symbol,high,False,10029.G3HI05
27,LOC113838319,,,,False,
27,LOC113838496,,,,False,
27,Skap2,10029.G3H2J2,preferred_symbol,high,False,10029.G3H2J2
27,LOC107977165,10029.G3IPJ7,LOC_numeric_gene_id,high,False,10029.G3IPJ7
27,Adgrl2,10029.G3H5Y4,preferred_symbol,high,False,10029.G3H5Y4
27,Prkag2,10029.G3HB54,preferred_symbol,high,False,10029.G3HB54
27,Psma8,,,,False,
27,Dok5,10029.G3HLQ4,preferred_symbol,high,False,10029.G3HLQ4
27,Ndrg1,10029.G3IMP5,description_exact_normalized,moderate,True,10029.G3IMP5
27,Ldha,10029.G3H0C9,description_exact_normalized,moderate,True,10029.G3H0C9
27,Spn,10029.G3I4J7,preferred_symbol,high,False,10029.G3I4J7
27,Trnay-gua_6,,,,False,
27,Vamp5,10029.G3HPY9,preferred_symbol,high,False,10029.G3HPY9
27,LOC113831598,,,,False,
27,Il6,10029.G3HVW6,description_exact_normalized,moderate,False,10029.G3HVW6
27,LOC100767818,,,,False,
27,Trim54,10029.G3GXT4,preferred_symbol,high,False,10029.G3GXT4
27,Nppb,,,,False,
27,Znf783,,,,False,
27,Unc5b,10029.G3H6R3,preferred_symbol,high,False,10029.G3H6R3
27,LOC103159033,,,,False,
27,Mmp12,10029.G3GUV3,preferred_symbol,high,False,10029.G3GUV3
27,Id2,10029.G3HM41,description_exact_normalized,moderate,False,10029.G3HM41
27,LOC100751053,10029.G3H2I4,LOC_numeric_gene_id,high,False,10029.G3H2I4
27,LOC118239297,,,,False,
27,LOC103163376,,,,False,
27,Trnak-uuu_1,,,,False,
27,Hoxa3,10029.G3HD72,preferred_symbol,high,False,10029.G3HD72
27,LOC100766854,10029.G3GYT7,LOC_numeric_gene_id,high,False,10029.G3GYT7
27,Ptprg,10029.G3H7L5,description_exact_normalized,moderate,False,10029.G3H7L5
27,LOC113830878,,,,False,
27,Bmp5,10029.G3GRH3,description_exact_normalized,moderate,False,10029.G3GRH3
27,Cask,10029.G3GSH8,description_exact_normalized,moderate,False,10029.G3GSH8
27,Ptx3,10029.G3H217,preferred_symbol,high,False,10029.G3H217
27,Cited1,,,,False,
27,Rarres2,10029.G3HB86,description_like_normalized,moderate,True,10029.G3HB86
27,LOC118238326,,,,False,
27,Adgrd1,10029.G3IEZ4,preferred_symbol,high,False,10029.G3IEZ4
27,LOC103161473,,,,False,
27,LOC100756214,10029.G3I6V9,description_like_normalized,moderate,True,10029.G3I6V9
27,Nfe2,10029.G3IGL1,preferred_symbol,high,False,10029.G3IGL1
27,Pdk2,10029.G3HJQ9,preferred_symbol,high,False,10029.G3HJQ9
27,Dpt,10029.G3HE53,preferred_symbol,high,False,10029.G3HE53
27,Sbsn,10029.G3HPT8,preferred_symbol,high,False,10029.G3HPT8
27,C1ql1,10029.G3HLL9,preferred_symbol,high,False,10029.G3HLL9
27,LOC103160119,,,,False,
27,Mir147,,,,False,
27,LOC100773005,10029.G3IMT4,description_exact_normalized,moderate,True,10029.G3IMT4
27,Pthlh,10029.G3IAB1,preferred_symbol,high,False,10029.G3IAB1
27,Prlr,10029.G3HKF9,preferred_symbol,high,False,10029.G3HKF9
28,Fabp4,10029.G3I4E8,preferred_symbol,high,False,10029.G3I4E8
28,S100a4,10029.G3HC29,preferred_symbol,high,False,10029.G3HC29
28,LOC118237690,10029.G3HC30,LOC_numeric_gene_id,high,False,10029.G3HC30
28,Cd36,10029.G3HMH7,description_exact_normalized,moderate,False,10029.G3HMH7
28,Dpt,10029.G3HE53,preferred_symbol,high,False,10029.G3HE53
28,Aqp1,10029.G3HJL7,preferred_symbol,high,False,10029.G3HJL7
28,Agt,10029.G3GX14,preferred_symbol,high,False,10029.G3GX14
28,Sinhcaf,10029.G3HPH1,preferred_symbol,high,False,10029.G3HPH1
28,Ranbp3l,10029.G3HJU7,preferred_symbol,high,False,10029.G3HJU7
28,Pde1b,10029.G3I6C3,preferred_symbol,high,False,10029.G3I6C3
28,LOC103158703,10029.G3IMN1,description_exact_normalized,moderate,False,10029.G3IMN1
28,Iyd,10029.G3GU08,preferred_symbol,high,False,10029.G3GU08
28,Srpx2,10029.G3H5Z0,preferred_symbol,high,False,10029.G3H5Z0
28,LOC100757534,10029.G3I3Y7,LOC_numeric_gene_id,high,False,10029.G3I3Y7
28,Col4a1,10029.G3I7K9,preferred_symbol,high,False,10029.G3I7K9
28,Ephx1,10029.G3I0X5,preferred_symbol,high,False,10029.G3I0X5
28,LOC100769145,10029.G3I7X5,LOC_numeric_gene_id,high,False,10029.G3I7X5
28,Ipo8,10029.G3HPH5,preferred_symbol,high,False,10029.G3HPH5
28,Gpd1,10029.G3HX67,preferred_symbol,high,False,10029.G3HX67
28,LOC118239130,,,,False,
28,LOC103162784,,,,False,
28,Col6a1,10029.G3H8Y5,description_exact_normalized,moderate,False,10029.G3H8Y5
28,Pde2a,10029.G3HZQ7,preferred_symbol,high,False,10029.G3HZQ7
29,Rps21,10029.G3HGW7,preferred_symbol,high,False,10029.G3HGW7
29,Rps24,10029.G3HHA3,preferred_symbol,high,False,10029.G3HHA3
29,Rps25,10029.G3I979,preferred_symbol,high,False,10029.G3I979
29,Rpl9,10029.G3ILP4,preferred_symbol,high,False,10029.G3ILP4
29,Rpl32,10029.G3HVL6,preferred_symbol,moderate,True,10029.G3HVL6
29,Rpl39,,,,False,
29,Rps12,10029.G3I737,preferred_symbol,high,False,10029.G3I737
29,Rpl13a,10029.G3I003,preferred_symbol,high,False,10029.G3I003
29,Rps14,,,,False,
29,Rps23,10029.G3HIY3,preferred_symbol,moderate,True,10029.G3HIY3
29,Rpl14,10029.G3I196,preferred_symbol,high,False,10029.G3I196
29,Rpl27,10029.G3HM00,preferred_symbol,moderate,True,10029.G3HM00
29,Rpl37,10029.G3HAF5,preferred_symbol,moderate,True,10029.G3HAF5
29,Rpl34,10029.G3IH79,preferred_symbol,high,False,10029.G3IH79
29,Rps27a,,,,False,
29,Rpl17,10029.G3HMS8,preferred_symbol,high,False,10029.G3HMS8
29,Rpl23,10029.G3H5W4,preferred_symbol,high,False,10029.G3H5W4
29,Rps26,10029.G3II95,description_exact_normalized,moderate,True,10029.G3II95
29,Rpl30,10029.G3H3C0,preferred_symbol,high,False,10029.G3H3C0
29,S100a5,10029.G3HC31,preferred_symbol,high,False,10029.G3HC31
29,Rpl26,10029.G3GY47,preferred_symbol,high,False,10029.G3GY47
29,S100a4,10029.G3HC29,preferred_symbol,high,False,10029.G3HC29
29,Rpl22,,,,False,
29,Prdx1,10029.G3GYP9,preferred_symbol,high,False,10029.G3GYP9
29,Rpl24,10029.G3HSH4,preferred_symbol,high,False,10029.G3HSH4
29,Rpl11,10029.G3HMV2,preferred_symbol,high,False,10029.G3HMV2
29,Rps3a,10029.G3HKG8,preferred_symbol,high,False,10029.G3HKG8
29,Rpl18a,10029.G3H4C1,preferred_symbol,moderate,True,10029.G3H4C1
29,Rplp0,10029.G3GU76,preferred_symbol,high,False,10029.G3GU76
29,Rpl13,10029.G3GRR8,preferred_symbol,high,False,10029.G3GRR8
29,Rps16,10029.G3HJD8,preferred_symbol,high,False,10029.G3HJD8
29,Rps8,10029.G3GYR9,preferred_symbol,high,False,10029.G3GYR9
29,Rps6,10029.G3HAB4,official_alias,moderate,True,10029.G3HAB4
29,Rps27,10029.G3H5C9,description_exact_normalized,moderate,True,10029.G3H5C9
29,Rpl37a,10029.G3H3Z5,preferred_symbol,high,False,10029.G3H3Z5
29,Rpl35a,,,,False,
29,Txn,10029.G3IAA6,description_like_normalized,moderate,True,10029.G3IAA6
29,Rps11,10029.G3I004,preferred_symbol,high,False,10029.G3I004
29,Rps17,10029.G3ICY6,preferred_symbol,high,False,10029.G3ICY6
29,S100a10,10029.G3HUU7,preferred_symbol,high,False,10029.G3HUU7
29,Rps3,10029.G3IDD9,preferred_symbol,moderate,True,10029.G3IDD9
29,Rps4x,10029.G3I0H2,preferred_symbol,high,False,10029.G3I0H2
29,Rpl38,,,,False,
29,Rps15,10029.G3HF77,preferred_symbol,high,False,10029.G3HF77
29,Sec61g,10029.G3HEF5,preferred_symbol,high,False,10029.G3HEF5
29,Rps15a,10029.G3IKE2,preferred_symbol,moderate,True,10029.G3IKE2
29,Rpl31,10029.G3HHK3,preferred_symbol,high,False,10029.G3HHK3
29,Rps20,10029.G3I2D3,preferred_symbol,high,False,10029.G3I2D3
30,LOC118239130,,,,False,
30,Hnrnpab,10029.G3H2E2,official_alias,high,False,10029.G3H2E2
30,LOC118239129,,,,False,
30,Col6a1,10029.G3H8Y5,description_exact_normalized,moderate,False,10029.G3H8Y5
30,LOC103163886,,,,False,
30,LOC100765265,10029.G3HXC2,LOC_numeric_gene_id,high,False,10029.G3HXC2
30,Procr,10029.G3HAQ0,preferred_symbol,high,False,10029.G3HAQ0
30,LOC100765833,10029.G3HT19,LOC_numeric_gene_id,high,False,10029.G3HT19
30,LOC113836674,,,,False,
30,Emilin1,10029.G3GXS2,preferred_symbol,high,False,10029.G3GXS2
30,LOC103159449,,,,False,
30,LOC103162302,,,,False,
30,Ngf,10029.G3HJF3,preferred_symbol,high,False,10029.G3HJF3
30,Il13ra2,,,,False,
30,Acadm,10029.G3GVU5,preferred_symbol,high,False,10029.G3GVU5
30,LOC103163310,,,,False,
30,Igf2bp3,10029.G3HVX5,description_exact_normalized,moderate,False,10029.G3HVX5
30,LOC103160946,,,,False,
30,Tpm2,,,,False,
30,Sdhaf4,,,,False,
30,Phykpl,,,,False,
30,LOC118237777,,,,False,
30,Add2,10029.G3I6E9,preferred_symbol,high,False,10029.G3I6E9
30,Col4a1,10029.G3I7K9,preferred_symbol,high,False,10029.G3I7K9
30,Srpx,10029.G3GSF3,preferred_symbol,high,False,10029.G3GSF3
30,LOC107978394,,,,False,
30,Adcy7,10029.G3H5M5,preferred_symbol,high,False,10029.G3H5M5
30,LOC103162314,,,,False,
30,Zmat4,,,,False,
30,LOC100751845,,,,False,
30,Fn1,10029.G3I1V3,preferred_symbol,high,False,10029.G3I1V3
30,LOC113830878,,,,False,
30,Tle1,10029.G3H7P0,preferred_symbol,high,False,10029.G3H7P0
30,Rarres2,10029.G3HB86,description_like_normalized,moderate,True,10029.G3HB86
30,LOC113834403,,,,False,
30,Naprt,10029.G3I5H4,preferred_symbol,high,False,10029.G3I5H4
31,Il36g,10029.G3IKA6,preferred_symbol,high,False,10029.G3IKA6
31,LOC100754462,,,,False,
31,LOC113835046,,,,False,
31,LOC103159189,,,,False,
31,LOC103161069,,,,False,
31,LOC118238556,,,,False,
31,LOC103162635,,,,False,
31,Tspan11,10029.G3GUJ4,preferred_symbol,high,False,10029.G3GUJ4
31,Agt,10029.G3GX14,preferred_symbol,high,False,10029.G3GX14
31,LOC100760951,10029.G3IIK9,LOC_numeric_gene_id,high,False,10029.G3IIK9
31,LOC118238235,,,,False,
31,LOC100762336,,,,False,
31,LOC100769250,10029.G3IIG1,LOC_numeric_gene_id,high,False,10029.G3IIG1
31,LOC103162784,,,,False,
31,LOC107977433,,,,False,
31,LOC113837438,,,,False,
31,Cd36,10029.G3HMH7,description_exact_normalized,moderate,False,10029.G3HMH7
31,LOC103162637,,,,False,
31,LOC107977237,,,,False,
31,Fos,10029.G3HFR4,preferred_symbol,high,False,10029.G3HFR4
31,LOC107978675,,,,False,
31,LOC103163611,,,,False,
31,Hmox1,10029.G3IAI6,preferred_symbol,high,False,10029.G3IAI6
31,Slc22a12,10029.G3I6G8,preferred_symbol,high,False,10029.G3I6G8
31,LOC103161706,,,,False,
31,Mb,10029.G3ILQ5,preferred_symbol,high,False,10029.G3ILQ5
31,LOC100760423,10029.G3I0X6,LOC_numeric_gene_id,high,False,10029.G3I0X6
31,Gabrr3,,,,False,
31,LOC107979389,,,,False,
31,LOC103160985,,,,False,
31,LOC107978708,,,,False,
31,LOC113832860,,,,False,
31,LOC118238335,,,,False,
31,Myl9,10029.G3GXV8,preferred_symbol,high,False,10029.G3GXV8
31,Ly6g6c,10029.G3HZF7,preferred_symbol,high,False,10029.G3HZF7
31,Nmnat2,10029.G3HG21,preferred_symbol,high,False,10029.G3HG21
31,LOC107978312,,,,False,
31,Tnfsf18,,,,False,
31,LOC118239359,,,,False,
31,Unc5a,10029.G3H185,description_exact_normalized,moderate,False,10029.G3H185
31,LOC100753836,10029.G3HU93,LOC_numeric_gene_id,high,False,10029.G3HU93
31,Cgnl1,10029.G3GRL6,preferred_symbol,high,False,10029.G3GRL6
31,LOC118239718,,,,False,
31,LOC118239187,,,,False,
31,Scnn1b,10029.G3IGG1,description_exact_normalized,moderate,False,10029.G3IGG1
31,LOC113833145,,,,False,
31,LOC118238520,,,,False,
31,LOC103161182,,,,False,
31,LOC100763833,10029.G3GTT2,LOC_numeric_gene_id,high,False,10029.G3GTT2
31,Pcbd2,,,,False,
31,LOC118237888,,,,False,
31,LOC113835571,,,,False,
31,Sema4f,10029.G3I7U4,preferred_symbol,high,False,10029.G3I7U4
31,LOC100752137,10029.G3HH44,LOC_numeric_gene_id,high,False,10029.G3HH44
31,Thbd,,,,False,
31,LOC118237616,,,,False,
31,LOC118237644,,,,False,
31,LOC103160411,,,,False,
31,LOC113837466,,,,False,
31,Spef1,,,,False,
31,Mir322,,,,False,
31,LOC107979936,,,,False,
31,Eda2r,10029.G3HTK6,preferred_symbol,high,False,10029.G3HTK6
31,Olfm1,10029.G3IJL3,preferred_symbol,high,False,10029.G3IJL3
31,LOC113831598,,,,False,
31,LOC100758980,10029.G3I9W2,description_exact_normalized,moderate,False,10029.G3I9W2
31,LOC107979380,,,,False,
31,LOC103160964,,,,False,
31,LOC113839122,,,,False,
31,LOC113837454,,,,False,
31,LOC113835176,,,,False,
31,LOC113833640,,,,False,
31,Gap43,10029.G3HJM9,preferred_symbol,high,False,10029.G3HJM9
31,LOC100754646,,,,False,
31,Mirlet7c-1,,,,False,
31,Cdnf,10029.G3GVR5,preferred_symbol,high,False,10029.G3GVR5
31,LOC113832687,,,,False,
31,Lgi4,10029.G3IBD4,preferred_symbol,high,False,10029.G3IBD4
31,Itga9,10029.G3GVA1,preferred_symbol,high,False,10029.G3GVA1
32,LOC100767286,10029.G3HQ39,LOC_numeric_gene_id,high,False,10029.G3HQ39
32,LOC100774337,,,,False,
32,LOC113837666,10029.G3GSU4,LOC_numeric_gene_id,high,False,10029.G3GSU4
32,LOC107977812,10029.G3GY37,description_like_normalized,moderate,True,10029.G3GY37
32,LOC113838061,,,,False,
32,LOC100757828,10029.G3GUM6,LOC_numeric_gene_id,high,False,10029.G3GUM6
32,LOC100759693,10029.G3GS29,description_like_normalized,moderate,True,10029.G3GS29
32,LOC107980311,10029.G3I044,LOC_numeric_gene_id,high,False,10029.G3I044
32,LOC100766073,10029.G3IHW0,description_like_normalized,moderate,True,10029.G3IHW0
32,LOC113834954,10029.G3GYP9,description_like_normalized,moderate,True,10029.G3GYP9
32,LOC100761941,10029.G3HBD5,description_exact_normalized,moderate,True,10029.G3HBD5
32,LOC100752312,10029.G3HGD7,LOC_numeric_gene_id,high,False,10029.G3HGD7
32,LOC107978571,10029.G3I8J8,description_like_normalized,moderate,True,10029.G3I8J8
32,LOC100762856,10029.G3GRH2,LOC_numeric_gene_id,high,False,10029.G3GRH2
32,LOC118239081,,,,False,
32,LOC113836333,10029.G3GWG3,description_like_normalized,moderate,True,10029.G3GWG3
32,LOC100762631,10029.G3HKG9,LOC_numeric_gene_id,high,False,10029.G3HKG9
32,LOC107980146,10029.G3GY37,description_like_normalized,moderate,True,10029.G3GY37
32,LOC100756946,10029.G3HVH8,LOC_numeric_gene_id,high,False,10029.G3HVH8
32,Rn45s_1,,,,False,
32,LOC100752901,10029.G3H5C9,LOC_numeric_gene_id,high,False,10029.G3H5C9
32,LOC100758511,10029.G3GRE4,LOC_numeric_gene_id,high,False,10029.G3GRE4
32,LOC100752071,10029.G3IBI6,LOC_numeric_gene_id,high,False,10029.G3IBI6
32,LOC107978793,10029.G3HK42,LOC_numeric_gene_id,high,False,10029.G3HK42
32,LOC103159011,10029.G3H0Q0,description_like_normalized,moderate,True,10029.G3H0Q0
32,LOC113833490,10029.G3GY37,description_exact_normalized,moderate,True,10029.G3GY37
33,Zfyve21,10029.G3H385,description_exact_normalized,moderate,False,10029.G3H385
33,LOC113836326,,,,False,
33,Bgn,10029.G3HSX8,preferred_symbol,high,False,10029.G3HSX8
33,LOC113833802,,,,False,
33,Gpd1,10029.G3HX67,preferred_symbol,high,False,10029.G3HX67
33,LOC107979452,,,,False,
33,LOC118239149,10029.G3HJR4,description_like_normalized,moderate,True,10029.G3HJR4
33,LOC113835564,,,,False,
33,LOC113832500,,,,False,
33,Mir3068,,,,False,
33,LOC113836458,,,,False,
33,LOC107977878,,,,False,
33,LOC113833114,,,,False,
33,LOC113836198,,,,False,
33,C3,10029.G3HCL6,preferred_symbol,high,False,10029.G3HCL6
33,Ca3,10029.G3H2Q4,preferred_symbol,high,False,10029.G3H2Q4
33,LOC113836324,,,,False,
33,CUNH20orf202,,,,False,
33,Il11,,,,False,
33,LOC113834076,,,,False,
33,Mir3535,,,,False,
33,Trem1,10029.G3INB4,preferred_symbol,high,False,10029.G3INB4
33,LOC113830870,,,,False,
33,LOC107978099,,,,False,
33,LOC113835168,,,,False,
33,Cd82,10029.G3GYG8,preferred_symbol,high,False,10029.G3GYG8
33,Cpxm1,,,,False,
34,LOC100750854,,,,False,
34,Cd9,10029.G3GUL4,preferred_symbol,high,False,10029.G3GUL4
34,LOC100750560,10029.G3HPV6,description_exact_normalized,moderate,True,10029.G3HPV6
34,LOC100755357,10029.G3HPV6,description_exact_normalized,moderate,True,10029.G3HPV6
34,LOC113831661,,,,False,
34,LOC100751440,,,,False,
34,CUNH19orf81,10029.G3I4S9,preferred_symbol,high,False,10029.G3I4S9
34,LOC100773314_1,10029.G3H2T7,description_exact_normalized,moderate,True,10029.G3H2T7
34,Tfpi2,10029.G3GXI3,preferred_symbol,high,False,10029.G3GXI3
34,LOC100769039,,,,False,
34,LOC100751148,,,,False,
34,Trnai-uau_2,,,,False,
34,Adi1,10029.G3H542,preferred_symbol,high,False,10029.G3H542
34,Spn,10029.G3I4J7,preferred_symbol,high,False,10029.G3I4J7
34,LOC100773886,,,,False,
34,Lnx1,10029.G3I7T5,description_exact_normalized,moderate,False,10029.G3I7T5
34,Cd82,10029.G3GYG8,preferred_symbol,high,False,10029.G3GYG8
34,LOC107978394,,,,False,
34,Nrip2,10029.G3GUI5,description_exact_normalized,moderate,False,10029.G3GUI5
34,Trnal-uag_3,,,,False,
34,LOC113834074,,,,False,
34,LOC113831052,,,,False,
34,LOC113836914,,,,False,
34,Fscn1,10029.G3GVC9,preferred_symbol,high,False,10029.G3GVC9
34,C2,10029.G3HZE1,preferred_symbol,high,False,10029.G3HZE1
34,Ggt1,10029.G3HY25,preferred_symbol,high,False,10029.G3HY25
34,Trnae-cuc_5,,,,False,
34,LOC113832306,,,,False,
34,LOC103159564,,,,False,
34,LOC100763656,10029.G3H2W7,LOC_numeric_gene_id,high,False,10029.G3H2W7
34,LOC103163630,,,,False,
34,Trnai-aau_9,,,,False,
34,LOC107978793,10029.G3HK42,LOC_numeric_gene_id,high,False,10029.G3HK42
34,Ndrg2,10029.G3IJ53,description_exact_normalized,moderate,False,10029.G3IJ53
34,LOC100767575,,,,False,
34,Trnak-cuu_51,,,,False,
34,Trnan-guu_8,,,,False,
34,LOC118238321,,,,False,
34,LOC103162414,,,,False,
34,LOC100755284,10029.G3H5C9,description_like_normalized,moderate,True,10029.G3H5C9
34,LOC113833391,10029.G3H4A0,LOC_numeric_gene_id,high,False,10029.G3H4A0
34,Gadd45g,10029.G3HIA7,preferred_symbol,high,False,10029.G3HIA7
34,Map4k1,10029.G3HJA8,preferred_symbol,high,False,10029.G3HJA8
34,LOC113833017,,,,False,
34,Bcat1,10029.G3H3D3,reviewed_description_variant,moderate,False,10029.G3H3D3
34,LOC100759921,10029.G3HY78,LOC_numeric_gene_id,high,False,10029.G3HY78
34,LOC118239159,,,,False,
34,Unc119,10029.G3IK46,preferred_symbol,high,False,10029.G3IK46
35,LOC113837626,,,,False,
35,Enah,10029.G3GRA4,preferred_symbol,high,False,10029.G3GRA4
35,Tarbp1,10029.G3GWY9,preferred_symbol,high,False,10029.G3GWY9
35,LOC107977237,,,,False,
35,LOC118239129,,,,False,
35,Fgf7,10029.G3IAS3,preferred_symbol,high,False,10029.G3IAS3
35,LOC103162230,,,,False,
35,LOC113832856,,,,False,
35,Gpd1,10029.G3HX67,preferred_symbol,high,False,10029.G3HX67
35,Themis,10029.G3IFD2,preferred_symbol,high,False,10029.G3IFD2
35,LOC100750571,10029.G3HLW7,LOC_numeric_gene_id,high,False,10029.G3HLW7
35,Pirt,10029.G3GZ44,preferred_symbol,high,False,10029.G3GZ44
35,LOC107979342,,,,False,
35,Ldhd,10029.G3I4P5,preferred_symbol,high,False,10029.G3I4P5
35,LOC103163846,,,,False,
35,Slc66a2,10029.G3HCQ3,preferred_symbol,high,False,10029.G3HCQ3
35,Id2,10029.G3HM41,description_exact_normalized,moderate,False,10029.G3HM41
35,LOC113830809,,,,False,
35,Cd109,10029.G3HH37,preferred_symbol,high,False,10029.G3HH37
35,Pros1,10029.G3GYG0,preferred_symbol,high,False,10029.G3GYG0
35,Trnap-ugg_2,,,,False,
35,Nrg4,,,,False,
35,LOC103163238,,,,False,
36,Plekhm1,10029.G3ICE1,preferred_symbol,high,False,10029.G3ICE1
36,Nrg4,,,,False,
36,Cd36,10029.G3HMH7,description_exact_normalized,moderate,False,10029.G3HMH7
36,Dlx4,10029.G3HJQ6,description_exact_normalized,moderate,False,10029.G3HJQ6
36,Serpinf1,10029.G3IKX2,preferred_symbol,high,False,10029.G3IKX2
36,Ncam1,10029.G3H2I6,description_exact_normalized,moderate,False,10029.G3H2I6
36,LOC100763833,10029.G3GTT2,LOC_numeric_gene_id,high,False,10029.G3GTT2
36,Id3,10029.G3HMV1,preferred_symbol,high,False,10029.G3HMV1
36,Lat,10029.G3I7M9,preferred_symbol,high,False,10029.G3I7M9
36,Epb41,10029.G3H1Y0,description_exact_normalized,moderate,False,10029.G3H1Y0
36,LOC118239586,,,,False,
36,Tnfrsf9,10029.G3IL44,preferred_symbol,high,False,10029.G3IL44
36,She,,,,False,
36,Dok5,10029.G3HLQ4,preferred_symbol,high,False,10029.G3HLQ4
36,Cxcl3,10029.A4URF0,preferred_symbol,high,False,10029.A4URF0
36,Vangl2,10029.G3H7X7,preferred_symbol,high,False,10029.G3H7X7
36,Sulf2,10029.G3H8T0,preferred_symbol,high,False,10029.G3H8T0
36,Tdgf1,10029.G3HT98,preferred_symbol,high,False,10029.G3HT98
36,LOC118238393,,,,False,
36,LOC100752010,10029.G3HDT7,LOC_numeric_gene_id,high,False,10029.G3HDT7
36,Rhou,10029.G3GX28,preferred_symbol,high,False,10029.G3GX28
36,LOC103163127,,,,False,
36,Ctsh,,,,False,
37,Trnal-cag_4,,,,False,
37,Trnaq-uug,,,,False,
37,Trnag-ucc_7,,,,False,
37,Trnal-cag_5,,,,False,
37,Trnap-ugg_1,,,,False,
37,Trnas-gcu_3,,,,False,
37,Trnaq-cug_6,,,,False,
37,Trnai-uau_1,,,,False,
37,Trnae-uuc,,,,False,
37,Trnae-cuc_10,,,,False,
37,Trnal-uaa_1,,,,False,
37,Trnav-cac_5,,,,False,
37,Trnar-acg_5,,,,False,
37,Trnan-guu_7,,,,False,
37,Trnar-ccu_5,,,,False,
37,Trnai-aau_5,,,,False,
37,Trnap-ugg_4,,,,False,
37,Trnas-gcu_7,,,,False,
37,Trnai-uau_2,,,,False,
37,Trnap-cgg_1,,,,False,
37,Trnan-guu_6,,,,False,
37,Trnai-uau_4,,,,False,
37,Trnag-ccc_1,,,,False,
37,Trnaq-cug_9,,,,False,
37,Trnar-ccu_2,,,,False,
37,Trnas-aga_1,,,,False,
37,Trnal-caa_2,,,,False,
37,Trnay-gua_1,,,,False,
37,Trnak-uuu_4,,,,False,
37,Trnar-ucu,,,,False,
37,Trnap-agg,,,,False,
37,Trnav-cac_3,,,,False,
37,Trnah-gug_7,,,,False,
37,Trnal-aag_3,,,,False,
37,Trnan-guu,,,,False,
37,Trnay-gua_2,,,,False,
37,Trnas-uga,,,,False,
37,Trnav-aac_9,,,,False,
37,Trnat-agu,,,,False,
37,Trnas-gcu_4,,,,False,
37,Trnas-gcu_2,,,,False,
37,Trnam-cau_3,,,,False,
37,Trnar-ucu_1,,,,False,
37,Trnak-cuu_42,,,,False,
37,Trnaf-gaa_2,,,,False,
37,Trnai-aau_4,,,,False,
37,Trnai-aau_11,,,,False,
37,Trnak-uuu_6,,,,False,
37,Trnav-uac,,,,False,
37,Trnas-gcu_5,,,,False,
37,Trnas-aga_4,,,,False,
37,Trnan-guu_11,,,,False,
37,Trnav-cac,,,,False,
37,Trnae-cuc_4,,,,False,
37,Trnae-uuc_3,,,,False,
38,Ergic2,10029.G3IP49,preferred_symbol,high,False,10029.G3IP49
38,Ccnd2,10029.G3GUJ9,preferred_symbol,high,False,10029.G3GUJ9
38,Rarres2,10029.G3HB86,description_like_normalized,moderate,True,10029.G3HB86
38,Amn1,10029.G3HPG4,preferred_symbol,high,False,10029.G3HPG4
38,Fabp4,10029.G3I4E8,preferred_symbol,high,False,10029.G3I4E8
38,LOC100773771,,,,False,
38,Resf1,,,,False,
38,LOC100754666,10029.G3IBD3,description_exact_normalized,moderate,True,10029.G3IBD3
38,Sinhcaf,10029.G3HPH1,preferred_symbol,high,False,10029.G3HPH1
38,LOC113833667,,,,False,
38,LOC100755926,10029.G3IKA1,LOC_numeric_gene_id,high,False,10029.G3IKA1
38,Ipo8,10029.G3HPH5,preferred_symbol,high,False,10029.G3HPH5
38,Caprin2,10029.G3HPH2,preferred_symbol,high,False,10029.G3HPH2
38,LOC100764131,,,,False,
38,Dera,10029.G3H9Z3,preferred_symbol,moderate,True,10029.G3H9Z3
38,LOC100757831,10029.G3I7I6,description_like_normalized,moderate,True,10029.G3I7I6
38,LOC103159564,,,,False,
38,LOC118237706,10029.G3IFK6,LOC_numeric_gene_id,high,False,10029.G3IFK6
38,Slc22a14,,,,False,
38,LOC118239366,,,,False,
38,LOC107979438,,,,False,
38,LOC113838319,,,,False,
38,Slc44a5,10029.G3GVU6,description_exact_normalized,moderate,False,10029.G3GVU6
38,Bicd1,10029.G3IDF7,preferred_symbol,high,False,10029.G3IDF7
38,LOC107977215,,,,False,
38,Trem1,10029.G3INB4,preferred_symbol,high,False,10029.G3INB4
38,Bpifa3,,,,False,
38,LOC103164262,10029.G3I4N0,description_exact_normalized,moderate,False,10029.G3I4N0
38,LOC113837124,,,,False,
38,LOC100768366,,,,False,
38,S100a4,10029.G3HC29,preferred_symbol,high,False,10029.G3HC29
38,Cd82,10029.G3GYG8,preferred_symbol,high,False,10029.G3GYG8
38,Sspn,10029.G3HXQ2,preferred_symbol,high,False,10029.G3HXQ2
38,Pthlh,10029.G3IAB1,preferred_symbol,high,False,10029.G3IAB1
38,Tp63,10029.G3GT84,preferred_symbol,high,False,10029.G3GT84
38,Col25a1,10029.G3I599,preferred_symbol,high,False,10029.G3I599
38,LOC113837864,,,,False,
38,LOC103160386,,,,False,
38,LOC107978394,,,,False,
38,Cd99,10029.G3IMF5,description_exact_normalized,moderate,False,10029.G3IMF5
38,Cenpb,10029.G3H425,preferred_symbol,high,False,10029.G3H425
38,LOC100772695,10029.G3IF36,LOC_numeric_gene_id,high,False,10029.G3IF36
38,LOC107979629,,,,False,
38,LOC107978133,,,,False,
39,Id3,10029.G3HMV1,preferred_symbol,high,False,10029.G3HMV1
39,Nrg4,,,,False,
39,LOC118238412,,,,False,
39,LOC113834403,,,,False,
39,Nt5c3b,10029.G3HLV2,preferred_symbol,high,False,10029.G3HLV2
39,Igfbp4,10029.G3I5N6,preferred_symbol,high,False,10029.G3I5N6
39,LOC113832577,,,,False,
39,LOC113834942,,,,False,
39,Ankrd1,10029.G3H3V2,preferred_symbol,high,False,10029.G3H3V2
39,Ccr7,10029.G3I5N8,preferred_symbol,high,False,10029.G3I5N8
39,Fabp4,10029.G3I4E8,preferred_symbol,high,False,10029.G3I4E8
39,LOC100750890,10029.G3HZ97,LOC_numeric_gene_id,high,False,10029.G3HZ97
39,LOC113835176,,,,False,
39,C3,10029.G3HCL6,preferred_symbol,high,False,10029.G3HCL6
39,LOC100769145,10029.G3I7X5,LOC_numeric_gene_id,high,False,10029.G3I7X5
39,Testin-2,10029.G3IEV8,preferred_symbol,high,False,10029.G3IEV8
39,Col18a1,10029.G3H8Y8,description_exact_normalized,moderate,False,10029.G3H8Y8
39,LOC100759171,10029.G3I2E4,LOC_numeric_gene_id,high,False,10029.G3I2E4
39,F3,10029.G3IJA0,preferred_symbol,high,False,10029.G3IJA0
39,Thbs1,10029.G3HHV4,preferred_symbol,high,False,10029.G3HHV4
39,Serpine1,10029.G3HA54,preferred_symbol,high,False,10029.G3HA54
39,LOC103163515,10029.G3HHN1,LOC_numeric_gene_id,high,False,10029.G3HHN1
39,Olfml2b,10029.G3HU02,preferred_symbol,high,False,10029.G3HU02
39,Areg,10029.G3IBU4,preferred_symbol,high,False,10029.G3IBU4
39,LOC100750669,10029.G3H812,description_exact_normalized,moderate,False,10029.G3H812
39,Fcer2,,,,False,
39,Fam228a,,,,False,
39,Sdc2,10029.G3I992,preferred_symbol,high,False,10029.G3I992
39,LOC103162302,,,,False,
39,Arhgef16,10029.G3IFA3,preferred_symbol,high,False,10029.G3IFA3
39,Adgrd1,10029.G3IEZ4,preferred_symbol,high,False,10029.G3IEZ4
39,LOC103160030,,,,False,
39,Gjb5,10029.G3H9T2,preferred_symbol,high,False,10029.G3H9T2
39,Hvcn1,10029.G3H298,preferred_symbol,high,False,10029.G3H298
39,LOC100754734,10029.G3I806,LOC_numeric_gene_id,high,False,10029.G3I806
39,LOC113834379,,,,False,
39,Adam19,10029.G3HFT4,preferred_symbol,high,False,10029.G3HFT4
39,LOC103163237,,,,False,
39,LOC103159353,,,,False,
39,LOC100769497,10029.G3I3E7,description_exact_normalized,moderate,False,10029.G3I3E7
39,LOC100762719,10029.G3HD81,LOC_numeric_gene_id,high,False,10029.G3HD81
40,LOC113834477,,,,False,
40,Mir219b,,,,False,
40,LOC113836945,,,,False,
40,LOC113831892,,,,False,
40,LOC113835624,,,,False,
40,LOC113833926,,,,False,
40,Mir1285,,,,False,
40,Mir103,,,,False,
40,LOC113834933,,,,False,
40,LOC113831000,,,,False,
40,LOC113835414,,,,False,
40,LOC113834045,,,,False,
40,Trnaq-cug_2,,,,False,
40,LOC113832433,,,,False,
40,LOC118238654,,,,False,
40,LOC113835267,,,,False,
40,Mir19a,,,,False,
40,LOC113836842,,,,False,
40,LOC113835607,,,,False,
40,LOC113831654,,,,False,
40,LOC113833674,,,,False,
40,LOC113836505,,,,False,
40,LOC113834711,,,,False,
40,LOC113832412,,,,False,
40,Mir125b-2,,,,False,
40,LOC103161399,,,,False,
40,Mir181b,,,,False,
40,LOC113832290,,,,False,
40,LOC113835077,,,,False,
40,LOC118238553,,,,False,
40,LOC113832034,,,,False,
40,Trnas-gcu_3,,,,False,
40,LOC113833404,,,,False,
40,LOC113832596,,,,False,
40,LOC113830811,,,,False,
40,LOC113834853,,,,False,
40,LOC113832632,,,,False,
40,LOC113833919,,,,False,
40,LOC103158741,,,,False,
40,LOC113836321,,,,False,
40,LOC113835268,,,,False,
40,LOC118239471,,,,False,
40,LOC103159539,,,,False,
40,LOC118238837,,,,False,
40,Trnae-cuc_10,,,,False,
40,Mir106b,,,,False,
40,LOC113836832,,,,False,
40,LOC113835926,,,,False,
40,Mir92a,,,,False,
40,Mir425,,,,False,
40,Mir374,,,,False,
40,LOC113834896,,,,False,
40,LOC103162064,,,,False,
40,LOC100689270,,,,False,
40,LOC113837437,,,,False,
40,LOC113833031,,,,False,
40,Mirlet7c-2,,,,False,
40,LOC113835076,,,,False,
40,Mir32,,,,False,
40,LOC113832314,,,,False,
40,Trnas-gcu_2,,,,False,
40,LOC113835316,,,,False,
40,LOC113832107,,,,False,
40,Trnam-cau_12,,,,False,
40,LOC118238158,,,,False,
40,LOC113834524,,,,False,
40,Mir628,,,,False,
40,LOC113830993,,,,False,
40,LOC118238367,10029.G3HGR8,description_like_normalized,moderate,True,10029.G3HGR8
40,LOC113833007,,,,False,
40,LOC118239559,,,,False,
40,Trnak-cuu_30,,,,False,
40,LOC100761941,10029.G3HBD5,description_exact_normalized,moderate,True,10029.G3HBD5
40,LOC113833920,,,,False,
40,Trnak-uuu,,,,False,
40,LOC113836665,,,,False,
40,Trnak-cuu_49,,,,False,
40,LOC107977780,,,,False,
40,Mir27a,,,,False,
40,LOC118237690,10029.G3HC30,LOC_numeric_gene_id,high,False,10029.G3HC30
40,LOC113831474,,,,False,
40,LOC107978312,,,,False,
40,LOC113832497,,,,False,
41,LOC113834042,,,,False,
41,LOC118239149,10029.G3HJR4,description_like_normalized,moderate,True,10029.G3HJR4
41,LOC113830993,,,,False,
41,LOC107977836,,,,False,
41,LOC113831477,,,,False,
41,Trnak-cuu_37,,,,False,
41,LOC113833698,,,,False,
41,Trnae-cuc_10,,,,False,
41,LOC118238307,,,,False,
41,LOC113830809,,,,False,
41,Trnap-agg_1,,,,False,
41,LOC118238998,,,,False,
41,LOC113833676,,,,False,
41,LOC118238158,,,,False,
41,LOC113832597,,,,False,
41,Mir23a,,,,False,
41,LOC113833009,,,,False,
41,Mir23b,,,,False,
41,LOC113834476,,,,False,
41,LOC113833012,,,,False,
41,LOC113833747,,,,False,
41,LOC113834215,,,,False,
41,LOC113836617,,,,False,
41,Trnan-guu_9,,,,False,
41,Mir374,,,,False,
41,Trnak-cuu_30,,,,False,
41,LOC113832596,,,,False,
41,LOC118238326,,,,False,
41,LOC113835627,,,,False,
41,LOC113835445,,,,False,
41,Trnam-cau_9,,,,False,
41,LOC113836290,,,,False,
41,Trnay-gua_8,,,,False,
41,LOC113833912,,,,False,
41,Trnaq-uug,,,,False,
41,LOC113833686,,,,False,
41,LOC113832683,,,,False,
41,LOC113834712,,,,False,
41,LOC113833685,,,,False,
41,Mir423,,,,False,
41,LOC118238646,,,,False,
41,LOC113832801,,,,False,
41,Trnaa-agc_6,,,,False,
41,LOC113832318,,,,False,
41,LOC113837071,,,,False,
41,LOC118238818,,,,False,
41,LOC118239138,,,,False,
41,LOC113831473,,,,False,
41,LOC118239111,,,,False,
41,LOC113834273,,,,False,
41,LOC113832844,,,,False,
41,Mirlet7c-2,,,,False,
41,LOC113834709,,,,False,
41,Trnar-ccg_2,,,,False,
41,Mirlet7a-2,,,,False,
41,LOC113835453,,,,False,
41,LOC113832495,,,,False,
41,LOC113833814,,,,False,
41,LOC113832600,,,,False,
41,LOC113836734,,,,False,
41,LOC118238392,,,,False,
41,Trnak-uuu_5,,,,False,
41,LOC113833920,,,,False,
41,LOC113836320,,,,False,
41,Trnas-cga_1,,,,False,
41,LOC113833717,,,,False,
42,Slpi,10029.G3HLT0,description_exact_normalized,moderate,False,10029.G3HLT0
42,Cxcl1,10029.G3I473,preferred_symbol,high,False,10029.G3I473
42,Mir2424,,,,False,
42,Csf3,10029.G3INY3,preferred_symbol,high,False,10029.G3INY3
42,Clu,10029.G3HNJ3,preferred_symbol,high,False,10029.G3HNJ3
42,LOC118239477,,,,False,
42,LOC113832912,,,,False,
42,LOC100766081,,,,False,
42,Sod2,10029.G3HWB8,preferred_symbol,high,False,10029.G3HWB8
42,Mir1973,,,,False,
42,LOC100772378,,,,False,
42,LOC113834379,,,,False,
42,LOC107977505,,,,False,
42,LOC100761692,10029.G3ICZ5,LOC_numeric_gene_id,high,False,10029.G3ICZ5
42,LOC103161640,10029.G3IGT8,LOC_numeric_gene_id,high,False,10029.G3IGT8
42,LOC103162918,,,,False,
42,LOC113831153,,,,False,
42,LOC107978153,,,,False,
42,LOC107978123,,,,False,
42,Fank1,10029.G3IEN1,preferred_symbol,high,False,10029.G3IEN1
42,C3,10029.G3HCL6,preferred_symbol,high,False,10029.G3HCL6
42,LOC103160317,10029.G3HT35,LOC_numeric_gene_id,high,False,10029.G3HT35
42,LOC118237775,10029.G3IAR4,description_like_normalized,moderate,True,10029.G3IAR4
42,Plac1,10029.G3HGI5,preferred_symbol,high,False,10029.G3HGI5
42,Spink8,,,,False,
42,LOC113837772,,,,False,
42,Ier3,10029.G3HQP6,preferred_symbol,high,False,10029.G3HQP6
42,LOC100689270,,,,False,
42,Zc3h12a,10029.G3HE23,preferred_symbol,high,False,10029.G3HE23
42,LOC118239313,,,,False,
42,Pclaf,10029.G3IFS3,preferred_symbol,high,False,10029.G3IFS3
42,Mettl15,10029.G3I795,preferred_symbol,high,False,10029.G3I795
42,Ccl17,10029.G3HIL3,preferred_symbol,high,False,10029.G3HIL3
42,LOC113836490,,,,False,
42,LOC118238355,,,,False,
42,LOC100775082,,,,False,
42,Cpxm1,,,,False,
42,LOC103158703,10029.G3IMN1,description_exact_normalized,moderate,False,10029.G3IMN1
42,LOC113835102,,,,False,
42,LOC100756921,,,,False,
42,LOC113836532,,,,False,
43,LOC113836320,,,,False,
43,Trnaq-cug_8,,,,False,
43,LOC113835169,,,,False,
43,LOC113834847,,,,False,
43,LOC113835928,,,,False,
43,LOC113835164,,,,False,
43,LOC113836319,,,,False,
43,LOC113836505,,,,False,
43,Mir191,,,,False,
43,LOC113832033,,,,False,
43,LOC113837553,,,,False,
43,LOC118239227,,,,False,
43,Trnan-guu_6,,,,False,
43,LOC113830803,,,,False,
43,B3gnt4,10029.G3H264,preferred_symbol,high,False,10029.G3H264
43,LOC113831227,,,,False,
43,Trnar-ucg_5,,,,False,
43,LOC113832543,,,,False,
43,LOC113836926,,,,False,
43,Mirlet7b,,,,False,
43,LOC113836326,,,,False,
43,LOC113831098,,,,False,
43,LOC113833237,,,,False,
43,Trnay-gua,,,,False,
43,Trnak-uuu_10,,,,False,
43,LOC118238544,,,,False,
43,LOC103164270,,,,False,
43,Ankrd61,,,,False,
43,Trnas-cga_1,,,,False,
43,LOC113832600,,,,False,
43,LOC113833404,,,,False,
43,LOC113835565,,,,False,
43,Trnak-uuu_1,,,,False,
43,Mirlet7a-2,,,,False,
43,Trnav-uac,,,,False,
43,LOC113831455,,,,False,
43,LOC113833455,,,,False,
43,LOC113835538,,,,False,
43,LOC113831475,,,,False,
43,LOC113833011,,,,False,
43,Mir92a,,,,False,
43,Trnac-gca_1,,,,False,
43,LOC118239559,,,,False,
43,LOC113831473,,,,False,
43,LOC113834700,,,,False,
43,LOC113837330,,,,False,
43,LOC113837220,,,,False,
43,Trnak-cuu_30,,,,False,
43,LOC113836317,,,,False,
43,Mt1,10029.G3HIK0,preferred_symbol,high,False,10029.G3HIK0
43,LOC113832531,,,,False,
43,LOC100763261,10029.G3GTT3,LOC_numeric_gene_id,high,False,10029.G3GTT3
44,Pla2g2a,10029.G3HU37,preferred_symbol,high,False,10029.G3HU37
44,LOC118239149,10029.G3HJR4,description_like_normalized,moderate,True,10029.G3HJR4
44,Mmp10,10029.G3GUV4,preferred_symbol,high,False,10029.G3GUV4
44,Trnak-cuu_67,,,,False,
44,LOC107980199,,,,False,
44,LOC113836829,,,,False,
44,LOC100773005,10029.G3IMT4,description_exact_normalized,moderate,True,10029.G3IMT4
44,Slpi,10029.G3HLT0,description_exact_normalized,moderate,False,10029.G3HLT0
44,Mir1956,,,,False,
44,LOC118239683,,,,False,
44,Mir31,,,,False,
44,LOC113835169,,,,False,
44,Mir22,,,,False,
44,Hcar2,10029.G3IC01,preferred_symbol,high,False,10029.G3IC01
44,Mmp13,10029.G3GUV2,description_exact_normalized,moderate,False,10029.G3GUV2
44,LOC103163310,,,,False,
44,LOC118238417,,,,False,
44,LOC100750381,10029.G3H811,LOC_numeric_gene_id,high,False,10029.G3H811
44,Adm,10029.G3HYL8,preferred_symbol,high,False,10029.G3HYL8
44,Epyc,10029.G3HJG3,description_exact_normalized,moderate,False,10029.G3HJG3
44,Cited1,,,,False,
44,Ccl1,10029.G3GTT6,preferred_symbol,high,False,10029.G3GTT6
44,LOC118239159,,,,False,
44,Cdkn3,,description_fuzzy,,False,
45,Ccn2,10029.G3IAP3,preferred_symbol,high,False,10029.G3IAP3
45,Slpi,10029.G3HLT0,description_exact_normalized,moderate,False,10029.G3HLT0
45,Dcn,10029.G3HJG6,preferred_symbol,high,False,10029.G3HJG6
45,LOC100763833,10029.G3GTT2,LOC_numeric_gene_id,high,False,10029.G3GTT2
45,Xdh,10029.G3I4G1,preferred_symbol,high,False,10029.G3I4G1
45,Fn1,10029.G3I1V3,preferred_symbol,high,False,10029.G3I1V3
45,Lipn,,,,False,
45,LOC113835123,,,,False,
45,Hsd11b1,10029.G3H2M5,preferred_symbol,high,False,10029.G3H2M5
45,Prxl2a,10029.G3HQ17,preferred_symbol,high,False,10029.G3HQ17
45,Spp1,10029.G3IKQ9,preferred_symbol,high,False,10029.G3IKQ9
45,LOC113839136,,,,False,
45,Hmgcs2,10029.G3HP76,preferred_symbol,high,False,10029.G3HP76
45,Thbs2,10029.G3HK37,preferred_symbol,high,False,10029.G3HK37
45,Acta2,10029.G3HQY2,preferred_symbol,high,False,10029.G3HQY2
45,LOC113836328,10029.G3IKZ4,LOC_numeric_gene_id,high,False,10029.G3IKZ4
45,Hmox1,10029.G3IAI6,preferred_symbol,high,False,10029.G3IAI6
46,LOC113837553,,,,False,
46,Tfrc,10029.G3GSM5,preferred_symbol,high,False,10029.G3GSM5
46,Arhgap5,10029.G3ICT9,preferred_symbol,high,False,10029.G3ICT9
46,LOC113835267,,,,False,
46,Rock1,10029.G3HUX3,description_exact_normalized,moderate,False,10029.G3HUX3
46,Lin7c,10029.G3I6E3,preferred_symbol,high,False,10029.G3I6E3
46,LOC113834219,,,,False,
46,Trpm7,10029.G3H045,description_exact_normalized,tentative,True,10029.G3H045
46,Lypla1,10029.G3GTC2,description_exact_normalized,moderate,True,10029.G3GTC2
46,LOC118237931,,,,False,
46,Spopl,10029.G3IE83,preferred_symbol,high,False,10029.G3IE83
47,Ldha,10029.G3H0C9,description_exact_normalized,moderate,True,10029.G3H0C9
47,Serpinf1,10029.G3IKX2,preferred_symbol,high,False,10029.G3IKX2
47,Nppa,10029.G3IHM2,preferred_symbol,high,False,10029.G3IHM2
47,LOC118239052,,,,False,
47,Nppb,,,,False,
47,LOC100761692,10029.G3ICZ5,LOC_numeric_gene_id,high,False,10029.G3ICZ5
47,LOC113834615,,,,False,
47,Filip1l,,,,False,
47,Id2,10029.G3HM41,description_exact_normalized,moderate,False,10029.G3HM41
47,LOC107978467,,,,False,
47,Mir1973,,,,False,
47,Spp1,10029.G3IKQ9,preferred_symbol,high,False,10029.G3IKQ9
47,Ccbe1,10029.G3HUJ0,preferred_symbol,high,False,10029.G3HUJ0
47,LOC100761946,,,,False,
47,LOC107979337,,,,False,
47,Fmo2,10029.G3HPM0,preferred_symbol,high,False,10029.G3HPM0
47,LOC103160386,,,,False,
47,Pthlh,10029.G3IAB1,preferred_symbol,high,False,10029.G3IAB1
47,LOC113830878,,,,False,
47,Spon2,10029.G3HK87,preferred_symbol,high,False,10029.G3HK87
47,LOC107978991,,,,False,
47,LOC103163365,,,,False,
47,LOC118239716,,,,False,
47,LOC113833551,,,,False,
47,LOC113834403,,,,False,
47,LOC113832984,,,,False,
47,Olr1,,description_fuzzy,,False,
47,LOC107979869,,,,False,
47,LOC100771813,10029.G3I855,LOC_numeric_gene_id,high,False,10029.G3I855
47,Isg15,10029.G3I436,preferred_symbol,high,False,10029.G3I436
47,Mmp10,10029.G3GUV4,preferred_symbol,high,False,10029.G3GUV4
47,LOC100769250,10029.G3IIG1,LOC_numeric_gene_id,high,False,10029.G3IIG1
47,LOC113832498,,,,False,
47,Amotl2,10029.G3HD30,preferred_symbol,high,False,10029.G3HD30
47,LOC103159356,,,,False,
47,Cd53,10029.G3IBU5,preferred_symbol,high,False,10029.G3IBU5
47,Jup,10029.G3HLU9,preferred_symbol,high,False,10029.G3HLU9
47,LOC113837382,10029.G3I5U0,description_exact_normalized,moderate,False,10029.G3I5U0
47,LOC118238355,,,,False,
47,Mlc1,,,,False,
47,Pdk2,10029.G3HJQ9,preferred_symbol,high,False,10029.G3HJQ9
47,Map3k7cl,10029.G3GT08,preferred_symbol,high,False,10029.G3GT08
47,Pirt,10029.G3GZ44,preferred_symbol,high,False,10029.G3GZ44
47,Trnay-gua_6,,,,False,
47,LOC100753012,,,,False,
47,LOC103159236,,,,False,
47,LOC118238231,,,,False,
47,LOC103162716,,,,False,
47,LOC118238543,,,,False,
47,Sh3gl2,10029.G3HLB8,preferred_symbol,high,False,10029.G3HLB8
47,Upb1,10029.G3HY21,preferred_symbol,high,False,10029.G3HY21
47,LOC113834386,,,,False,
47,Cd9,10029.G3GUL4,preferred_symbol,high,False,10029.G3GUL4
47,Tspan7,10029.G3GSF9,preferred_symbol,high,False,10029.G3GSF9
47,Il19,10029.G3GZS9,preferred_symbol,high,False,10029.G3GZS9
48,LOC100750890,10029.G3HZ97,LOC_numeric_gene_id,high,False,10029.G3HZ97
48,Msn,10029.G3HYJ9,preferred_symbol,high,False,10029.G3HYJ9
48,LOC100773886,,,,False,
48,LOC100773314,,,,False,
48,Ackr3,10029.G3IN06,preferred_symbol,high,False,10029.G3IN06
48,LOC103162162,,,,False,
48,Pcgf6,10029.G3I6K6,description_exact_normalized,moderate,False,10029.G3I6K6
48,Itih5,10029.G3GR64,preferred_symbol,high,False,10029.G3GR64
48,Hpse,10029.G3IA26,description_exact_normalized,moderate,False,10029.G3IA26
48,Cxcl3,10029.A4URF0,preferred_symbol,high,False,10029.A4URF0
48,LOC100760951,10029.G3IIK9,LOC_numeric_gene_id,high,False,10029.G3IIK9
48,Ngf,10029.G3HJF3,preferred_symbol,high,False,10029.G3HJF3
48,Tctn3,10029.G3HXX7,preferred_symbol,high,False,10029.G3HXX7
48,LOC103162488,,,,False,
48,LOC103163127,,,,False,
48,Trim54,10029.G3GXT4,preferred_symbol,high,False,10029.G3GXT4
48,LOC118238597,,,,False,
49,Ccn2,10029.G3IAP3,preferred_symbol,high,False,10029.G3IAP3
49,Lum,10029.G3HJG5,preferred_symbol,high,False,10029.G3HJG5
49,LOC118239683,,,,False,
49,Angpt4,10029.G3H6X9,preferred_symbol,high,False,10029.G3H6X9
49,Sphk1,10029.G3HTX9,preferred_symbol,high,False,10029.G3HTX9
49,LOC103158756,,,,False,
49,Fabp4,10029.G3I4E8,preferred_symbol,high,False,10029.G3I4E8
49,Trnap-ugg_2,,,,False,
49,LOC118239149,10029.G3HJR4,description_like_normalized,moderate,True,10029.G3HJR4
49,Adm,10029.G3HYL8,preferred_symbol,high,False,10029.G3HYL8
49,Cavin4,10029.G3HJZ2,preferred_symbol,high,False,10029.G3HJZ2
49,LOC103160587,,,,False,
49,LOC103158561,10029.G3IIA4,LOC_numeric_gene_id,high,False,10029.G3IIA4
49,Ehd3,10029.G3I4G0,preferred_symbol,high,False,10029.G3I4G0
49,LOC103159471,10029.G3H3V9,LOC_numeric_gene_id,high,False,10029.G3H3V9
49,LOC103163846,,,,False,
49,Sbsn,10029.G3HPT8,preferred_symbol,high,False,10029.G3HPT8
49,Prlr,10029.G3HKF9,preferred_symbol,high,False,10029.G3HKF9
49,LOC103159589,,,,False,
49,LOC118238646,,,,False,
49,LOC100763261,10029.G3GTT3,LOC_numeric_gene_id,high,False,10029.G3GTT3
49,LOC107979337,,,,False,
49,Sardh,10029.G3IG06,description_exact_normalized,moderate,False,10029.G3IG06
49,Dok5,10029.G3HLQ4,preferred_symbol,high,False,10029.G3HLQ4
49,Col8a1,10029.G3HMN0,preferred_symbol,high,False,10029.G3HMN0
49,St14,10029.G3GTX3,preferred_symbol,high,False,10029.G3GTX3
49,Cidec,10029.G3GXA3,preferred_symbol,high,False,10029.G3GXA3
49,Rpp30,10029.G3H3V1,preferred_symbol,high,False,10029.G3H3V1
49,Actn3,10029.G3I4K1,preferred_symbol,high,False,10029.G3I4K1
49,Mir1956,,,,False,
49,Efemp1,10029.G3I9L7,description_exact_normalized,moderate,False,10029.G3I9L7
49,Myl9,10029.G3GXV8,preferred_symbol,high,False,10029.G3GXV8
49,LOC107979406,,,,False,
49,Mpp7,,,,False,
49,LOC113836833,,,,False,
49,Olfm1,10029.G3IJL3,preferred_symbol,high,False,10029.G3IJL3
49,Aqp1,10029.G3HJL7,preferred_symbol,high,False,10029.G3HJL7
49,LOC100750381,10029.G3H811,LOC_numeric_gene_id,high,False,10029.G3H811
49,LOC100769715,10029.G3I7X9,LOC_numeric_gene_id,high,False,10029.G3I7X9
50,LOC103161182,,,,False,
50,LOC103160685,,,,False,
50,LOC113837561,,,,False,
50,Fn3k,10029.G3I452,preferred_symbol,high,False,10029.G3I452
50,LOC118239256,,,,False,
50,LOC100756757,10029.G3HXY3,description_exact_normalized,moderate,True,10029.G3HXY3
50,LOC103158925,,,,False,
50,Pecam1,10029.G3HCT8,description_exact_normalized,moderate,False,10029.G3HCT8
50,LOC113833204,,,,False,
50,LOC113836220,,,,False,
50,LOC113834278,,,,False,
50,LOC100759078,10029.G3IMS6,description_exact_normalized,moderate,False,10029.G3IMS6
50,LOC103161678,,,,False,
50,LOC113835640,,,,False,
50,LOC113835045,,,,False,
50,Sv2b,10029.G3ID15,preferred_symbol,high,False,10029.G3ID15
50,LOC100772413,10029.G3GXE2,LOC_numeric_gene_id,high,False,10029.G3GXE2
50,LOC100752107,,,,False,
50,LOC113835046,,,,False,
50,Noxa1,10029.G3I5X9,preferred_symbol,high,False,10029.G3I5X9
50,Spn,10029.G3I4J7,preferred_symbol,high,False,10029.G3I4J7
50,LOC103163357,,,,False,
50,LOC100773795,,,,False,
50,Osr1,10029.G3HDJ8,preferred_symbol,high,False,10029.G3HDJ8
50,Septin14,,,,False,
50,St8sia6,10029.G3HHR2,preferred_symbol,high,False,10029.G3HHR2
50,Cd82,10029.G3GYG8,preferred_symbol,high,False,10029.G3GYG8
50,LOC103160858,,,,False,
50,LOC113839175,10029.G3H8J0,LOC_numeric_gene_id,high,False,10029.G3H8J0
50,Gsr,10029.G3H609,preferred_symbol,high,False,10029.G3H609
50,Dtx4,10029.G3IJM3,preferred_symbol,high,False,10029.G3IJM3
50,LOC107977816,,,,False,
50,LOC103159933,,,,False,
50,Homer2,10029.G3IA03,description_like_normalized,moderate,True,10029.G3IA03
50,Angptl4,10029.G3I5R0,preferred_symbol,high,False,10029.G3I5R0
50,LOC107978639,,,,False,
50,Mpeg1,10029.G3IJM4,preferred_symbol,high,False,10029.G3IJM4
50,LOC118238559,,,,False,
50,LOC100769145,10029.G3I7X5,LOC_numeric_gene_id,high,False,10029.G3I7X5
50,LOC103162162,,,,False,
50,LOC103158895,,,,False,
50,LOC100767729,10029.G3IJI1,LOC_numeric_gene_id,high,False,10029.G3IJI1
50,Napsa,10029.G3I730,preferred_symbol,high,False,10029.G3I730
50,LOC118239129,,,,False,
50,LOC113834403,,,,False,
50,Grhl2,10029.G3HKZ4,description_like_normalized,moderate,True,10029.G3HKZ4
50,Col4a1,10029.G3I7K9,preferred_symbol,high,False,10029.G3I7K9
50,LOC118238439,,,,False,
50,LOC103160811,,,,False,
50,LOC103161493,,,,False,
50,Nckap5,10029.G3GZF1,preferred_symbol,high,False,10029.G3GZF1
50,LOC100763261,10029.G3GTT3,LOC_numeric_gene_id,high,False,10029.G3GTT3
50,Arsg,10029.G3H855,preferred_symbol,high,False,10029.G3H855
50,LOC103163260,10029.G3H2F7,description_exact_normalized,moderate,True,10029.G3H2F7
50,LOC103162856,,,,False,
50,Tp63,10029.G3GT84,preferred_symbol,high,False,10029.G3GT84
50,LOC118238754,,,,False,
50,LOC107978278,,,,False,
50,Peg10,10029.G3HT83,preferred_symbol,high,False,10029.G3HT83
50,C3,10029.G3HCL6,preferred_symbol,high,False,10029.G3HCL6
51,LOC113835640,,,,False,
51,Spn,10029.G3I4J7,preferred_symbol,high,False,10029.G3I4J7
51,LOC118239493,,,,False,
51,LOC118239129,,,,False,
51,LOC103161182,,,,False,
51,LOC113833723,10029.G3HGR8,description_like_normalized,moderate,True,10029.G3HGR8
51,Mir23a,,,,False,
51,Ptprt,10029.G3HDB1,preferred_symbol,high,False,10029.G3HDB1
51,Trnak-uuu_4,,,,False,
51,LOC113834003,,,,False,
51,LOC113833913,,,,False,
51,LOC118238536,,,,False,
51,Phactr1,10029.G3H0G7,preferred_symbol,high,False,10029.G3H0G7
51,LOC100771813,10029.G3I855,LOC_numeric_gene_id,high,False,10029.G3I855
51,LOC113834737,,,,False,
51,Serpinf1,10029.G3IKX2,preferred_symbol,high,False,10029.G3IKX2
51,LOC113831476,,,,False,
51,LOC113836270,,,,False,
51,LOC113836572,,,,False,
51,LOC113833456,,,,False,
51,Mmp3,,,,False,
51,Mirlet7c-2,,,,False,
51,Fn3k,10029.G3I452,preferred_symbol,high,False,10029.G3I452
51,Mir664,,,,False,
51,LOC100751053,10029.G3H2I4,LOC_numeric_gene_id,high,False,10029.G3H2I4
51,Cd109,10029.G3HH37,preferred_symbol,high,False,10029.G3HH37
51,LOC118238754,,,,False,
51,LOC113835508,,,,False,
51,Trnad-guc_5,,,,False,
51,LOC113836194,,,,False,
51,LOC113831477,,,,False,
51,LOC100763051,10029.G3HUS6,description_exact_normalized,moderate,True,10029.G3HUS6
51,Gpnmb,10029.G3HVX3,preferred_symbol,high,False,10029.G3HVX3
51,LOC118239024,,,,False,
51,LOC113831478,,,,False,
51,Ldha,10029.G3H0C9,description_exact_normalized,moderate,True,10029.G3H0C9
51,LOC118239474,,,,False,
51,LOC113833631,,,,False,
51,LOC118238818,,,,False,
51,LOC107979493,,,,False,
51,Sardh,10029.G3IG06,description_exact_normalized,moderate,False,10029.G3IG06
51,LOC103162356,,,,False,
51,Rarres2,10029.G3HB86,description_like_normalized,moderate,True,10029.G3HB86
51,Tdgf1,10029.G3HT98,preferred_symbol,high,False,10029.G3HT98
51,Efemp1,10029.G3I9L7,description_exact_normalized,moderate,False,10029.G3I9L7
51,Mir27a,,,,False,
51,Sumo3,10029.G3H8Z7,preferred_symbol,high,False,10029.G3H8Z7
51,Mtss2,10029.G3HAF8,preferred_symbol,high,False,10029.G3HAF8
52,Isg15,10029.G3I436,preferred_symbol,high,False,10029.G3I436
52,LOC100763130,,,,False,
52,LOC100764653,10029.G3HFD4,LOC_numeric_gene_id,high,False,10029.G3HFD4
52,LOC100773381_1,10029.G3IJK4,LOC_numeric_gene_id,high,False,10029.G3IJK4
52,LOC100772509,10029.G3IJK1,LOC_numeric_gene_id,high,False,10029.G3IJK1
52,Ifit2,10029.G3HQY7,preferred_symbol,high,False,10029.G3HQY7
52,LOC100773381,10029.G3IJK4,LOC_numeric_gene_id,high,False,10029.G3IJK4
52,LOC100767734,10029.G3IL64,description_exact_normalized,moderate,True,10029.G3IL64
52,LOC113834739,10029.G3HQY7,description_exact_normalized,moderate,True,10029.G3HQY7
52,LOC100761048,10029.G3H272,LOC_numeric_gene_id,high,False,10029.G3H272
52,Cxcl10,,,,False,
52,Irf7,10029.G3I3F9,description_exact_normalized,moderate,False,10029.G3I3F9
52,Usp18,10029.G3HQ78,preferred_symbol,high,False,10029.G3HQ78
52,Rtp4,10029.G3GT94,description_exact_normalized,moderate,False,10029.G3GT94
52,LOC100774966,10029.G3HI68,LOC_numeric_gene_id,high,False,10029.G3HI68
52,LOC100762377,10029.G3IAC0,LOC_numeric_gene_id,high,False,10029.G3IAC0
52,LOC100762031,10029.G3HFD2,LOC_numeric_gene_id,high,False,10029.G3HFD2
52,LOC100767905,10029.G3IE60,LOC_numeric_gene_id,high,False,10029.G3IE60
52,Gbp5,10029.G3IHK9,preferred_symbol,high,False,10029.G3IHK9
52,LOC100762389,,,,False,
52,Herc6,10029.G3HMR3,preferred_symbol,high,False,10029.G3HMR3
52,LOC100768312,,,,False,
52,LOC100771979,10029.G3HK07,LOC_numeric_gene_id,high,False,10029.G3HK07
52,Oas2,10029.G3I6U7,preferred_symbol,high,False,10029.G3I6U7
52,Ifi35,10029.G3HM02,preferred_symbol,high,False,10029.G3HM02
52,Ube2l6,10029.G3HRI1,preferred_symbol,high,False,10029.G3HRI1
52,LOC100758111,10029.G3IL64,description_exact_normalized,moderate,True,10029.G3IL64
52,LOC100769624,10029.G3IE59,LOC_numeric_gene_id,high,False,10029.G3IE59
52,LOC100754939,10029.G3IGM5,LOC_numeric_gene_id,high,False,10029.G3IGM5
52,LOC100770794,10029.G3H272,reviewed_description_variant,moderate,True,10029.G3H272
52,LOC118238892,,,,False,
52,LOC100768530,,,,False,
52,Pla2g5,10029.G3HU39,preferred_symbol,high,False,10029.G3HU39
52,Cxcl11,,,,False,
52,LOC100753152,10029.G3I8C6,description_exact_normalized,moderate,True,10029.G3I8C6
52,LOC100762860,10029.G3IF86,LOC_numeric_gene_id,high,False,10029.G3IF86
52,Tnfsf10,10029.G3H6H2,description_exact_normalized,moderate,False,10029.G3H6H2
52,Ddx60,10029.G3H3B4,description_exact_normalized,moderate,False,10029.G3H3B4
52,Ifi44l_1,10029.G3GVS9,suffix_stripped_alias,moderate,False,10029.G3GVS9
52,LOC100758550,10029.G3H813,LOC_numeric_gene_id,high,False,10029.G3H813
52,LOC100750637,,,,False,
52,LOC100774003,10029.G3HFL5,LOC_numeric_gene_id,high,False,10029.G3HFL5
52,LOC100765968,10029.G3IHK6,LOC_numeric_gene_id,high,False,10029.G3IHK6
52,Uba7,10029.G3H8E0,preferred_symbol,high,False,10029.G3H8E0
52,LOC103164543,10029.G3ICA8,LOC_numeric_gene_id,high,False,10029.G3ICA8
52,Ccl5,10029.G3I8B1,preferred_symbol,high,False,10029.G3I8B1
52,Rsad2,10029.G3HBA4,preferred_symbol,high,False,10029.G3HBA4
52,LOC100750669,10029.G3H812,description_exact_normalized,moderate,False,10029.G3H812
52,LOC100755228,10029.G3IGM6,LOC_numeric_gene_id,high,False,10029.G3IGM6
52,LOC100767358,10029.G3IJK2,description_like_normalized,moderate,True,10029.G3IJK2
52,Parp14,10029.G3GSQ5,preferred_symbol,high,False,10029.G3GSQ5
52,Samhd1,10029.G3GXW9,preferred_symbol,high,False,10029.G3GXW9
52,Cxcl9,,,,False,
52,Xaf1,,,,False,
52,LOC113830641,10029.G3IM18,LOC_numeric_gene_id,high,False,10029.G3IM18
52,LOC100772719,,,,False,
52,LOC118239651,,,,False,
52,Irf9,10029.G3HDE1,preferred_symbol,high,False,10029.G3HDE1
53,Nppb,,,,False,
53,Sirt5,10029.G3H0G1,preferred_symbol,high,False,10029.G3H0G1
53,Rxra,10029.G3IDY0,preferred_symbol,high,False,10029.G3IDY0
53,She,,,,False,
53,Ca3,10029.G3H2Q4,preferred_symbol,high,False,10029.G3H2Q4
53,Itga6,10029.G3GUB8,description_exact_normalized,moderate,False,10029.G3GUB8
53,Pros1,10029.G3GYG0,preferred_symbol,high,False,10029.G3GYG0
53,Gpr27,,,,False,
53,Fgfr1,,,,False,
53,Ccbe1,10029.G3HUJ0,preferred_symbol,high,False,10029.G3HUJ0
53,LOC103158703,10029.G3IMN1,description_exact_normalized,moderate,False,10029.G3IMN1
53,Sulf2,10029.G3H8T0,preferred_symbol,high,False,10029.G3H8T0
53,Nppa,10029.G3IHM2,preferred_symbol,high,False,10029.G3IHM2
53,LOC113835048,,,,False,
53,Adam8,10029.G3IAM7,preferred_symbol,high,False,10029.G3IAM7
53,Parvg,10029.G3IJE0,description_exact_normalized,moderate,False,10029.G3IJE0
53,LOC107977529,,,,False,
53,Nod2,10029.G3H5L9,preferred_symbol,high,False,10029.G3H5L9
53,LOC100763954,10029.G3HB74,LOC_numeric_gene_id,high,False,10029.G3HB74
53,LOC100762270,,,,False,
53,Vopp1,10029.G3HMQ9,description_exact_normalized,moderate,False,10029.G3HMQ9
53,Lmo2,10029.G3GYY1,preferred_symbol,high,False,10029.G3GYY1
53,Tspan7,10029.G3GSF9,preferred_symbol,high,False,10029.G3GSF9
53,Id3,10029.G3HMV1,preferred_symbol,high,False,10029.G3HMV1
53,Optc,10029.G3HQC4,preferred_symbol,high,False,10029.G3HQC4
53,Ccn2,10029.G3IAP3,preferred_symbol,high,False,10029.G3IAP3
53,Dsp,10029.G3HD94,preferred_symbol,high,False,10029.G3HD94
53,Cdsn,10029.G3HQN8,preferred_symbol,high,False,10029.G3HQN8
53,Hoxc8,10029.G3HV26,preferred_symbol,high,False,10029.G3HV26
53,Hoxc10,10029.G3HV28,preferred_symbol,high,False,10029.G3HV28
53,Sirpa,10029.G3I1A6,preferred_symbol,high,False,10029.G3I1A6
53,Jup,10029.G3HLU9,preferred_symbol,high,False,10029.G3HLU9
53,LOC100751053,10029.G3H2I4,LOC_numeric_gene_id,high,False,10029.G3H2I4
53,Was,10029.G3HND7,description_like_normalized,moderate,True,10029.G3HND7
53,Ngf,10029.G3HJF3,preferred_symbol,high,False,10029.G3HJF3
53,Fabp4,10029.G3I4E8,preferred_symbol,high,False,10029.G3I4E8
53,Nrg2,,,,False,
53,Trabd2b,10029.G3GYS8,preferred_symbol,high,False,10029.G3GYS8
53,Cited1,,,,False,
53,Igf2bp2,10029.G3HKN0,preferred_symbol,high,False,10029.G3HKN0
53,LOC103162686,,,,False,
53,Csrp2,10029.G3HT11,description_exact_normalized,moderate,False,10029.G3HT11
53,Mt1,10029.G3HIK0,preferred_symbol,high,False,10029.G3HIK0
53,Isg15,10029.G3I436,preferred_symbol,high,False,10029.G3I436
53,Eya1,,,,False,
53,LOC107978642,,,,False,
53,Vegfd,10029.G3HH94,description_exact_normalized,moderate,False,10029.G3HH94
53,Npas2,,,,False,
53,Hoxc9,10029.G3HV27,preferred_symbol,high,False,10029.G3HV27
53,LOC118237762,,,,False,
53,LOC113837481,,,,False,
53,LOC107979891,,,,False,
53,LOC103161312,,,,False,
53,LOC100773073,,,,False,
53,Cnksr1,10029.G3I3D9,description_exact_normalized,moderate,False,10029.G3I3D9
53,Creg1,10029.G3HE67,preferred_symbol,high,False,10029.G3HE67
53,LOC103159982,,,,False,
53,Slitrk5,10029.G3HW74,preferred_symbol,high,False,10029.G3HW74
53,Rarres2,10029.G3HB86,description_like_normalized,moderate,True,10029.G3HB86
53,LOC103159647,,,,False,
53,Pltp,10029.G3H8V4,preferred_symbol,high,False,10029.G3H8V4
53,Mrgprf,10029.G3IEZ9,preferred_symbol,high,False,10029.G3IEZ9
53,Mmp28,10029.G3I8B5,preferred_symbol,high,False,10029.G3I8B5
53,LOC100750533,10029.G3GVJ5,LOC_numeric_gene_id,high,False,10029.G3GVJ5
53,LOC103161741,,,,False,
53,Star,10029.G3H1I4,preferred_symbol,high,False,10029.G3H1I4
53,C3,10029.G3HCL6,preferred_symbol,high,False,10029.G3HCL6
53,LOC118239069,,,,False,
53,Vax1,,,,False,
54,LOC113834948,,,,False,
54,Ankrd37,10029.G3I3L6,preferred_symbol,high,False,10029.G3I3L6
54,Adm,10029.G3HYL8,preferred_symbol,high,False,10029.G3HYL8
54,Tnfsf18,,,,False,
54,Apln,,,,False,
54,LOC107978991,,,,False,
54,Bnip3,10029.G3IFW8,preferred_symbol,high,False,10029.G3IFW8
54,LOC100770984,,,,False,
54,Slc2a1,10029.G3HFF0,preferred_symbol,high,False,10029.G3HFF0
54,LOC113832469,,,,False,
54,Bhlhe40,10029.G3H345,preferred_symbol,high,False,10029.G3H345
54,Gbe1,10029.G3HY28,preferred_symbol,high,False,10029.G3HY28
54,Ak4,10029.G3HY54,preferred_symbol,high,False,10029.G3HY54
54,Pfkl,10029.G3H8W5,preferred_symbol,high,False,10029.G3H8W5
54,Corin,10029.G3HWZ6,description_exact_normalized,tentative,True,10029.G3HWZ6
54,Egln1,10029.G3GX03,description_like_normalized,moderate,True,10029.G3GX03
54,LOC118239499,,,,False,
54,Neu2,10029.G3I9L2,preferred_symbol,high,False,10029.G3I9L2
54,Pgm1,10029.G3GZD2,description_exact_normalized,tentative,True,10029.G3GZD2
54,Pgk1,10029.G3HNY5,preferred_symbol,high,False,10029.G3HNY5
54,Aldoa,10029.G3I4H6,preferred_symbol,high,False,10029.G3I4H6
54,Mif,10029.G3HY08,preferred_symbol,high,False,10029.G3HY08
54,Pdk1,10029.G3GUB9,preferred_symbol,high,False,10029.G3GUB9
54,LOC113836728,,,,False,
54,Pik3r5,10029.G3GY39,preferred_symbol,high,False,10029.G3GY39
54,LOC100766081,,,,False,
54,Trnap-ugg_2,,,,False,
54,LOC118239159,,,,False,
54,Nppb,,,,False,
54,Pgam1,10029.G3GZW8,preferred_symbol,high,False,10029.G3GZW8
54,Rassf4,10029.G3IEA0,preferred_symbol,high,False,10029.G3IEA0
54,LOC113836176,,,,False,
55,Bgn,10029.G3HSX8,preferred_symbol,high,False,10029.G3HSX8
55,LOC100750890,10029.G3HZ97,LOC_numeric_gene_id,high,False,10029.G3HZ97
55,LOC100755834,10029.G3IPS0,LOC_numeric_gene_id,high,False,10029.G3IPS0
55,LOC100766583,10029.G3H705,description_exact_normalized,moderate,False,10029.G3H705
55,Cnrip1,10029.G3HEF9,preferred_symbol,high,False,10029.G3HEF9
55,Mpp6,10029.G3H2L0,preferred_symbol,high,False,10029.G3H2L0
55,Aebp1,10029.G3HMA1,preferred_symbol,high,False,10029.G3HMA1
55,Cadm1,10029.G3I8N7,description_exact_normalized,moderate,False,10029.G3I8N7
55,Kdelr3,10029.G3IJD0,preferred_symbol,high,False,10029.G3IJD0
55,Btg3,10029.G3H737,preferred_symbol,high,False,10029.G3H737
55,Rcn2,10029.G3H0D2,preferred_symbol,high,False,10029.G3H0D2
55,LOC113833950,,,,False,
55,LOC113836802,,,,False,
55,LOC103160641,,,,False,
55,Col6a2,10029.G3H8Y3,preferred_symbol,high,False,10029.G3H8Y3
55,LOC113834278,,,,False,
55,Them6,10029.G3I916,preferred_symbol,high,False,10029.G3I916
55,Pon2,10029.G3HT86,description_exact_normalized,moderate,False,10029.G3HT86
55,Tes,10029.G3H9I6,preferred_symbol,high,False,10029.G3H9I6
55,Nrn1,10029.G3GZ28,description_exact_normalized,moderate,False,10029.G3GZ28
55,Uck1,10029.G3IBJ1,preferred_symbol,high,False,10029.G3IBJ1
55,Col3a1,10029.G3IM20,preferred_symbol,high,False,10029.G3IM20
55,Ckmt1b,10029.G3H0U9,preferred_symbol,high,False,10029.G3H0U9
55,Noxa1,10029.G3I5X9,preferred_symbol,high,False,10029.G3I5X9
55,Ctps2,10029.G3I1W2,preferred_symbol,high,False,10029.G3I1W2
55,Dcn,10029.G3HJG6,preferred_symbol,high,False,10029.G3HJG6
55,LOC100769497,10029.G3I3E7,description_exact_normalized,moderate,False,10029.G3I3E7
55,LOC113836427,10029.G3GYL5,LOC_numeric_gene_id,high,False,10029.G3GYL5
55,LOC100757158,10029.G3I7D8,LOC_numeric_gene_id,high,False,10029.G3I7D8
55,LOC103160599,,,,False,
55,Mtss1,10029.G3IMH8,preferred_symbol,high,False,10029.G3IMH8
55,Lgalsl,10029.G3H130,preferred_symbol,high,False,10029.G3H130
55,LOC107980024,,,,False,
55,Crlf1,10029.G3H491,preferred_symbol,high,False,10029.G3H491
55,Prss35,10029.G3GTC6,preferred_symbol,high,False,10029.G3GTC6
55,Col4a2,10029.G3I1T5,preferred_symbol,high,False,10029.G3I1T5
55,Nipal3,10029.G3HMU0,preferred_symbol,high,False,10029.G3HMU0
55,Slco4a1,,,,False,
55,Dhx40,10029.G3HJ88,preferred_symbol,high,False,10029.G3HJ88
55,Kitlg,10029.G3HII0,preferred_symbol,high,False,10029.G3HII0
55,LOC103159228,,,,False,
55,LOC118237777,,,,False,
55,Emp2,10029.G3GWJ9,preferred_symbol,high,False,10029.G3GWJ9
55,Tuba4a,10029.G3HWE9,preferred_symbol,high,False,10029.G3HWE9
55,Ptp4a3,10029.G3IJT0,description_exact_normalized,moderate,False,10029.G3IJT0
55,LOC113832687,,,,False,
55,LOC100757534,10029.G3I3Y7,LOC_numeric_gene_id,high,False,10029.G3I3Y7
55,Slco3a1,10029.G3GSE6,preferred_symbol,high,False,10029.G3GSE6
55,Sumo3,10029.G3H8Z7,preferred_symbol,high,False,10029.G3H8Z7
55,Chcr1,10029.G3IF41,preferred_symbol,high,False,10029.G3IF41
55,LOC107980378,,,,False,
56,LOC100774845,10029.G3H2T4,LOC_numeric_gene_id,high,False,10029.G3H2T4
56,LOC100775043,,,,False,
56,LOC100761268,,,,False,
56,LOC100773020,,,,False,
56,LOC100754396,10029.G3HPV6,description_exact_normalized,moderate,True,10029.G3HPV6
56,LOC100772735,,,,False,
56,LOC100760690,10029.G3HPV6,description_exact_normalized,moderate,True,10029.G3HPV6
56,LOC100768462,10029.G3IB92,LOC_numeric_gene_id,high,False,10029.G3IB92
56,LOC100752605,10029.G3HPV6,description_exact_normalized,moderate,True,10029.G3HPV6
56,LOC100762720,10029.G3HPV6,description_exact_normalized,moderate,True,10029.G3HPV6
56,LOC100754104,10029.G3H2T7,LOC_numeric_gene_id,high,False,10029.G3H2T7
56,LOC100750854,,,,False,
56,LOC100751440,,,,False,
56,LOC100773314,,,,False,
56,LOC100757772,,,,False,
56,LOC100751726,,,,False,
56,LOC100757491,10029.G3HDS5,LOC_numeric_gene_id,high,False,10029.G3HDS5
56,LOC100753804,10029.G3HDU4,LOC_numeric_gene_id,high,False,10029.G3HDU4
56,LOC100768185,10029.G3HDT6,LOC_numeric_gene_id,high,False,10029.G3HDT6
56,LOC100773886,,,,False,
56,LOC100753502,10029.G3HDU3,LOC_numeric_gene_id,high,False,10029.G3HDU3
56,LOC100768756,10029.G3HPV6,description_exact_normalized,moderate,True,10029.G3HPV6
56,LOC100750560,10029.G3HPV6,description_exact_normalized,moderate,True,10029.G3HPV6
56,LOC100751148,,,,False,
56,LOC100755357,10029.G3HPV6,description_exact_normalized,moderate,True,10029.G3HPV6
56,LOC100773314_1,10029.G3H2T7,description_exact_normalized,moderate,True,10029.G3H2T7
56,LOC100752904,10029.G3HDU1,LOC_numeric_gene_id,high,False,10029.G3HDU1
56,LOC107979446,10029.G3H2T7,description_exact_normalized,moderate,True,10029.G3H2T7
56,LOC113831009,,,,False,
56,LOC100758862,10029.G3INX0,LOC_numeric_gene_id,high,False,10029.G3INX0
56,LOC113834297,,,,False,
56,LOC100752010,10029.G3HDT7,LOC_numeric_gene_id,high,False,10029.G3HDT7
56,LOC100774468,10029.G3HDS7,description_exact_normalized,moderate,False,10029.G3HDS7
56,LOC100750550,10029.G3INW9,LOC_numeric_gene_id,high,False,10029.G3INW9
56,LOC113831047,,,,False,
56,LOC113833235,,,,False,
56,Mir2424,,,,False,
56,LOC113833236,,,,False,
56,Mir1973,,,,False,
56,Rn45s,,,,False,
56,Trnar-ucu_2,,,,False,
56,LOC113835167,,,,False,
56,LOC113832627,,,,False,
56,LOC113835808,,,,False,
56,LOC113834849,,,,False,
56,LOC118237931,,,,False,
56,LOC113832912,,,,False,
56,LOC113836914,,,,False,
56,LOC107977157,,,,False,
56,LOC113835102,,,,False,
56,LOC113836949,,,,False,
56,LOC113831046,,,,False,
56,Trnak-cuu_53,,,,False,
56,Trnaq-cug_1,,,,False,
56,Trnas-cga_1,,,,False,
56,LOC113836920,,,,False,
56,Trnap-ugg_3,,,,False,
56,LOC113836857,,,,False,
56,Trnak-cuu_49,,,,False,
56,LOC113835498,,,,False,
56,LOC113833910,,,,False,
56,Trnar-ucg_5,,,,False,
56,Trnae-cuc_10,,,,False,
56,LOC113837917,,,,False,
56,LOC113838061,,,,False,
57,LOC107977165,10029.G3IPJ7,LOC_numeric_gene_id,high,False,10029.G3IPJ7
57,LOC113838319,,,,False,
57,LOC113836427,10029.G3GYL5,LOC_numeric_gene_id,high,False,10029.G3GYL5
57,LOC113838496,,,,False,
57,LOC113835167,,,,False,
57,LOC118239369,,description_fuzzy,,False,
57,Scarf2,10029.G3HER9,description_exact_normalized,moderate,False,10029.G3HER9
57,LOC113834136,,,,False,
57,LOC103163846,,,,False,
57,Fam25a,,,,False,
57,LOC113830876,,,,False,
57,Crlf1,10029.G3H491,preferred_symbol,high,False,10029.G3H491
57,LOC100755188,10029.G3HR18,LOC_numeric_gene_id,high,False,10029.G3HR18
57,LOC113833697,,,,False,
57,LOC103158756,,,,False,
57,Them6,10029.G3I916,preferred_symbol,high,False,10029.G3I916
57,LOC107979269,,,,False,
57,Lat,10029.G3I7M9,preferred_symbol,high,False,10029.G3I7M9
57,LOC113838060,,,,False,
57,LOC113837724,,,,False,
57,LOC113833142,,,,False,
57,LOC113836428,,,,False,
57,Agt,10029.G3GX14,preferred_symbol,high,False,10029.G3GX14
57,Mirlet7d,,,,False,
57,LOC100763247,10029.G3I9H9,LOC_numeric_gene_id,high,False,10029.G3I9H9
57,LOC113836507,,,,False,
57,Il33,10029.G3I4V3,preferred_symbol,high,False,10029.G3I4V3
57,LOC118239234,,,,False,
57,LOC113833592,,,,False,
57,LOC103162162,,,,False,
57,LOC113835566,,,,False,
57,LOC113833498,,,,False,
57,LOC113834776,,,,False,
57,LOC113832678,,,,False,
57,LOC113833691,,,,False,
57,LOC113833012,,,,False,
57,LOC113831476,,,,False,
57,Trim54,10029.G3GXT4,preferred_symbol,high,False,10029.G3GXT4
57,LOC113836270,,,,False,
57,LOC113834043,,,,False,
57,LOC103163127,,,,False,
57,LOC113833019,,,,False,
57,LOC103159507,,,,False,
57,LOC107978730,,,,False,
57,LOC113831371,,,,False,
57,LOC113834997,,,,False,
57,LOC113836416,,,,False,
57,LOC113832498,,,,False,
58,Add2,10029.G3I6E9,preferred_symbol,high,False,10029.G3I6E9
58,Dcn,10029.G3HJG6,preferred_symbol,high,False,10029.G3HJG6
58,Col3a1,10029.G3IM20,preferred_symbol,high,False,10029.G3IM20
58,Sema3a,10029.G3HN27,preferred_symbol,high,False,10029.G3HN27
58,Trim54,10029.G3GXT4,preferred_symbol,high,False,10029.G3GXT4
58,LOC100773771,,,,False,
58,Cd36,10029.G3HMH7,description_exact_normalized,moderate,False,10029.G3HMH7
58,Aqp1,10029.G3HJL7,preferred_symbol,high,False,10029.G3HJL7
58,Rarres2,10029.G3HB86,description_like_normalized,moderate,True,10029.G3HB86
58,S100a4,10029.G3HC29,preferred_symbol,high,False,10029.G3HC29
58,LOC100769145,10029.G3I7X5,LOC_numeric_gene_id,high,False,10029.G3I7X5
58,LOC103159189,,,,False,
58,LOC113837626,,,,False,
58,LOC100766854,10029.G3GYT7,LOC_numeric_gene_id,high,False,10029.G3GYT7
58,Cxcl3,10029.A4URF0,preferred_symbol,high,False,10029.A4URF0
58,LOC118237690,10029.G3HC30,LOC_numeric_gene_id,high,False,10029.G3HC30
58,LOC113838100,,,,False,
58,LOC100763569,10029.G3IMX9,LOC_numeric_gene_id,high,False,10029.G3IMX9
58,LOC103164370,,,,False,
58,Tmem176b,10029.G3HB77,preferred_symbol,high,False,10029.G3HB77
58,LOC113835959,,,,False,
58,Dpt,10029.G3HE53,preferred_symbol,high,False,10029.G3HE53
58,Unc5b,10029.G3H6R3,preferred_symbol,high,False,10029.G3H6R3
58,LOC100763954,10029.G3HB74,LOC_numeric_gene_id,high,False,10029.G3HB74
58,LOC100766833,10029.G3GRT9,LOC_numeric_gene_id,high,False,10029.G3GRT9
58,Spp1,10029.G3IKQ9,preferred_symbol,high,False,10029.G3IKQ9
58,Id3,10029.G3HMV1,preferred_symbol,high,False,10029.G3HMV1
58,LOC113835815,,,,False,
58,LOC113831885,,,,False,
58,Sfn,10029.G3HYQ1,preferred_symbol,high,False,10029.G3HYQ1
58,Tmem176a,10029.G3HB76,preferred_symbol,high,False,10029.G3HB76
58,Lum,10029.G3HJG5,preferred_symbol,high,False,10029.G3HJG5
58,LOC100758812,10029.G3ILQ9,LOC_numeric_gene_id,high,False,10029.G3ILQ9
58,LOC100751053,10029.G3H2I4,LOC_numeric_gene_id,high,False,10029.G3H2I4
58,Kazald1,10029.G3IDB4,preferred_symbol,high,False,10029.G3IDB4
58,Il13ra2,,,,False,
58,Neu2,10029.G3I9L2,preferred_symbol,high,False,10029.G3I9L2
59,LOC113833011,,,,False,
59,LOC113833465,,,,False,
59,Mir872,,,,False,
59,LOC113831372,,,,False,
59,LOC113831000,,,,False,
59,Mir374,,,,False,
59,LOC113836439,,,,False,
59,Trnay-gua,,,,False,
59,LOC113835169,,,,False,
59,LOC113832596,,,,False,
59,LOC113835414,,,,False,
59,LOC113835558,,,,False,
59,LOC113835565,,,,False,
59,LOC113830953,,,,False,
59,Trnah-gug_7,,,,False,
59,LOC113835168,,,,False,
59,Trnaa-cgc_3,,,,False,
59,Mir147,,,,False,
59,LOC113830962,,,,False,
59,Mir674,,,,False,
59,Mir27a,,,,False,
59,LOC113836617,,,,False,
59,Trnaq-cug_2,,,,False,
59,Mir29b-2,,,,False,
59,Mir30e,,,,False,
59,Mir125b-2,,,,False,
59,LOC113834043,,,,False,
59,LOC113835442,,,,False,
59,LOC113836194,,,,False,
60,Tspan7,10029.G3GSF9,preferred_symbol,high,False,10029.G3GSF9
60,Tdgf1,10029.G3HT98,preferred_symbol,high,False,10029.G3HT98
60,Pthlh,10029.G3IAB1,preferred_symbol,high,False,10029.G3IAB1
60,LOC103159353,,,,False,
60,LOC100762719,10029.G3HD81,LOC_numeric_gene_id,high,False,10029.G3HD81
60,Enah,10029.G3GRA4,preferred_symbol,high,False,10029.G3GRA4
60,Hoxc10,10029.G3HV28,preferred_symbol,high,False,10029.G3HV28
60,Hoxc4,10029.G3HV22,preferred_symbol,high,False,10029.G3HV22
60,Hoxa9,10029.G3HD80,preferred_symbol,high,False,10029.G3HD80
60,LOC103159766,,,,False,
60,Hoxc8,10029.G3HV26,preferred_symbol,high,False,10029.G3HV26
60,Plxdc1,10029.G3H5W7,preferred_symbol,high,False,10029.G3H5W7
60,Evl,10029.G3HIX0,preferred_symbol,high,False,10029.G3HIX0
60,Hoxa7,10029.G3HD78,preferred_symbol,high,False,10029.G3HD78
60,Lmo7,10029.G3HNA6,description_exact_normalized,moderate,False,10029.G3HNA6
60,LOC118239268,,,,False,
60,LOC113833999,,,,False,
60,Was,10029.G3HND7,description_like_normalized,moderate,True,10029.G3HND7
60,Sspn,10029.G3HXQ2,preferred_symbol,high,False,10029.G3HXQ2
60,Gpd1,10029.G3HX67,preferred_symbol,high,False,10029.G3HX67
60,Stk38l,10029.G3I0W5,preferred_symbol,high,False,10029.G3I0W5
60,Hoxa6,10029.G3HD76,preferred_symbol,high,False,10029.G3HD76
60,LOC103160837,,,,False,
60,Hoxc9,10029.G3HV27,preferred_symbol,high,False,10029.G3HV27
60,Pdlim2,10029.G3GUY3,preferred_symbol,high,False,10029.G3GUY3
60,LOC113830932,,,,False,
60,Etfbkmt,10029.G3HPG5,preferred_symbol,high,False,10029.G3HPG5
60,LOC113837481,,,,False,
60,Efemp1,10029.G3I9L7,description_exact_normalized,moderate,False,10029.G3I9L7
60,LOC107979452,,,,False,
60,Igf2bp2,10029.G3HKN0,preferred_symbol,high,False,10029.G3HKN0
60,LOC113833580,,,,False,
60,Ehd3,10029.G3I4G0,preferred_symbol,high,False,10029.G3I4G0
60,Fn1,10029.G3I1V3,preferred_symbol,high,False,10029.G3I1V3
60,Hoxa5,10029.G3HD73,description_exact_normalized,moderate,False,10029.G3HD73
60,LOC100763249,10029.G3IFD3,LOC_numeric_gene_id,high,False,10029.G3IFD3
60,LOC113834615,,,,False,
60,Hoxc6,10029.G3HV25,preferred_symbol,high,False,10029.G3HV25
60,Shisa4,10029.G3H3I2,preferred_symbol,high,False,10029.G3H3I2
60,LOC100771813,10029.G3I855,LOC_numeric_gene_id,high,False,10029.G3I855
60,Susd1,10029.G3HPJ6,description_exact_normalized,moderate,False,10029.G3HPJ6
60,LOC107978439,,,,False,
60,Hdgfl3,10029.G3I2Z5,preferred_symbol,high,False,10029.G3I2Z5
60,Acyp1,,,,False,
60,Nrg4,,,,False,
60,LOC113830993,,,,False,
60,Nudt14,,,,False,
60,LOC113833968,,,,False,
60,Fmo2,10029.G3HPM0,preferred_symbol,high,False,10029.G3HPM0
60,Arl4c,10029.G3IK77,preferred_symbol,high,False,10029.G3IK77
60,Csrp2,10029.G3HT11,description_exact_normalized,moderate,False,10029.G3HT11
60,LOC100767530,10029.G3ILF2,description_exact_normalized,moderate,True,10029.G3ILF2
60,LOC107978412,,,,False,
60,Creg1,10029.G3HE67,preferred_symbol,high,False,10029.G3HE67
61,Mir671,,,,False,
61,Ndufa11,10029.G3HCJ4,preferred_symbol,high,False,10029.G3HCJ4
61,LOC113836924,,,,False,
61,Mif,10029.G3HY08,preferred_symbol,high,False,10029.G3HY08
61,LOC103160498,10029.G3HEY3,description_exact_normalized,moderate,True,10029.G3HEY3
61,Rplp1,10029.G3IA30,preferred_symbol,moderate,True,10029.G3IA30
61,LOC113837666,10029.G3GSU4,LOC_numeric_gene_id,high,False,10029.G3GSU4
61,LOC113837251,,,,False,
61,LOC100764983,,,,False,
61,Mir1306,,,,False,
61,Fkbp8,10029.G3H495,preferred_symbol,high,False,10029.G3H495
61,Mbd3,10029.G3HF87,description_exact_normalized,moderate,False,10029.G3HF87
61,Rpl28,10029.G3HYH7,preferred_symbol,moderate,True,10029.G3HYH7
61,Josd2,,,,False,
61,Elob,10029.G3IFA9,preferred_symbol,high,False,10029.G3IFA9
61,Rps9,10029.G3I351,preferred_symbol,high,False,10029.G3I351
61,Lamtor4,,,,False,
61,Lrfn4,10029.G3I4L7,preferred_symbol,high,False,10029.G3I4L7
61,Mirlet7b,,,,False,
61,Timm13,10029.G3HFC2,description_exact_normalized,moderate,True,10029.G3HFC2
61,Abhd17a,10029.G3HF97,preferred_symbol,high,False,10029.G3HF97
61,Rps18,10029.G3H018,description_exact_normalized,moderate,True,10029.G3H018
61,Tspo,10029.G3HXT9,preferred_symbol,high,False,10029.G3HXT9
61,LOC113836832,,,,False,
61,Chpf,10029.G3I627,preferred_symbol,high,False,10029.G3I627
62,LOC118238412,,,,False,
62,LOC107977973,,,,False,
62,Plcz1,,,,False,
62,Ppt1,10029.G3HN89,preferred_symbol,high,False,10029.G3HN89
62,Serpinf1,10029.G3IKX2,preferred_symbol,high,False,10029.G3IKX2
62,LOC100768899,10029.G3INI9,LOC_numeric_gene_id,high,False,10029.G3INI9
62,Eva1b,10029.G3H9W9,preferred_symbol,high,False,10029.G3H9W9
62,Bmp5,10029.G3GRH3,description_exact_normalized,moderate,False,10029.G3GRH3
62,Sinhcaf,10029.G3HPH1,preferred_symbol,high,False,10029.G3HPH1
62,Cda,,,,False,
62,LOC107979861,,,,False,
62,LOC113836666,,,,False,
62,Aqp1,10029.G3HJL7,preferred_symbol,high,False,10029.G3HJL7
62,Resf1,,,,False,
62,Msrb2,10029.G3H5C7,preferred_symbol,high,False,10029.G3H5C7
62,LOC118238828,,,,False,
62,LOC113832370,,,,False,
62,Amn1,10029.G3HPG4,preferred_symbol,high,False,10029.G3HPG4
62,LOC118238597,,,,False,
62,Ipo8,10029.G3HPH5,preferred_symbol,high,False,10029.G3HPH5
62,LOC113837124,,,,False,
62,Cxcl3,10029.A4URF0,preferred_symbol,high,False,10029.A4URF0
62,Smpx,10029.G3H539,description_exact_normalized,moderate,False,10029.G3H539
62,LOC107979269,,,,False,
62,Pglyrp1,,,,False,
62,LOC113835046,,,,False,
62,LOC113835715,,,,False,
62,LOC113836857,,,,False,
62,Pcgf6,10029.G3I6K6,description_exact_normalized,moderate,False,10029.G3I6K6
62,LOC100769145,10029.G3I7X5,LOC_numeric_gene_id,high,False,10029.G3I7X5
63,Mirlet7c-2,,,,False,
63,LOC118238412,,,,False,
63,LOC113836576,,,,False,
63,LOC100752071,10029.G3IBI6,LOC_numeric_gene_id,high,False,10029.G3IBI6
63,LOC118237777,,,,False,
63,LOC107979493,,,,False,
63,LOC118238714,10029.G3HKR0,LOC_numeric_gene_id,high,False,10029.G3HKR0
63,LOC113833592,,,,False,
63,LOC107979026,,,,False,
63,LOC118237759,,,,False,
63,LOC107977812,10029.G3GY37,description_like_normalized,moderate,True,10029.G3GY37
63,LOC118238326,,,,False,
63,Mir186,,,,False,
63,LOC113837721,,,,False,
63,Trnay-gua_6,,,,False,
63,LOC100752312,10029.G3HGD7,LOC_numeric_gene_id,high,False,10029.G3HGD7
63,LOC118238370,,,,False,
63,LOC113836920,,,,False,
63,Ptgs2,10029.G3GWV6,preferred_symbol,high,False,10029.G3GWV6
63,LOC113833723,10029.G3HGR8,description_like_normalized,moderate,True,10029.G3HGR8
63,LOC103162414,,,,False,
63,LOC103162111,,,,False,
63,LOC118239129,,,,False,
63,Cavin4,10029.G3HJZ2,preferred_symbol,high,False,10029.G3HJZ2
63,LOC100765626,10029.G3HSY5,description_like_normalized,moderate,True,10029.G3HSY5
63,LOC100767038,10029.G3GS29,description_exact_normalized,moderate,True,10029.G3GS29
63,LOC113833676,,,,False,
63,Lmo7,10029.G3HNA6,description_exact_normalized,moderate,False,10029.G3HNA6
63,LOC113832596,,,,False,
63,LOC113834136,,,,False,
63,LOC113837437,,,,False,
63,LOC113833631,,,,False,
63,Trnah-gug_10,,,,False,
63,LOC113833051,,,,False,
63,LOC100765092,10029.G3H5W4,description_exact_normalized,moderate,True,10029.G3H5W4
63,LOC107978682,10029.G3HVZ6,LOC_numeric_gene_id,high,False,10029.G3HVZ6
63,Ccn2,10029.G3IAP3,preferred_symbol,high,False,10029.G3IAP3
63,LOC113834367,,,,False,
63,Fgf12,10029.G3GT71,preferred_symbol,high,False,10029.G3GT71
63,LOC100753244,10029.G3I071,LOC_numeric_gene_id,high,False,10029.G3I071
63,LOC113835034,,,,False,
63,Ereg,10029.G3IBU3,preferred_symbol,high,False,10029.G3IBU3
63,LOC113835571,,,,False,
64,Mir106b,,,,False,
64,Mir6092,,,,False,
64,LOC113834893,,,,False,
64,LOC113836176,,,,False,
64,LOC113833114,,,,False,
64,LOC113830962,,,,False,
64,LOC113831573,,,,False,
64,LOC113836842,,,,False,
64,LOC113833465,,,,False,
64,Trnar-ucu_2,,,,False,
64,Trnak-cuu_16,,,,False,
64,Trnah-gug_11,,,,False,
64,Mir3068,,,,False,
64,Mir34b,,,,False,
64,LOC118239111,,,,False,
64,Ankrd61,,,,False,
64,LOC113835565,,,,False,
64,LOC113836638,,,,False,
64,LOC113835862,,,,False,
64,LOC118238158,,,,False,
64,LOC113830965,,,,False,
64,LOC118238347,,,,False,
64,Trnay-gua_6,,,,False,
64,Trnav-cac_2,,,,False,
64,LOC118238392,,,,False,
64,LOC113833648,,,,False,
64,Mir652,,,,False,
64,Trnap-agg_1,,,,False,
64,LOC107979858,,,,False,
64,LOC113836219,,,,False,
64,LOC113834219,,,,False,
64,LOC113833142,,,,False,
64,LOC118239347,,,,False,
64,LOC113835632,,,,False,
64,Mirlet7a-2,,,,False,
65,LOC113833456,,,,False,
65,Trnay-gua_6,,,,False,
65,LOC118239586,,,,False,
65,LOC103164270,,,,False,
65,LOC113833674,,,,False,
65,Mir6092,,,,False,
65,LOC113832500,,,,False,
65,LOC113833009,,,,False,
65,LOC113832316,,,,False,
65,LOC113836194,,,,False,
65,LOC113836458,,,,False,
65,LOC100689269,,,,False,
65,LOC113836617,,,,False,
65,LOC113833012,,,,False,
65,LOC118239054,10029.G3HGR8,description_like_normalized,moderate,True,10029.G3HGR8
65,LOC100689270,,,,False,
65,LOC113834365,,,,False,
65,LOC113835862,,,,False,
65,LOC113832633,,,,False,
65,LOC113831472,,,,False,
65,LOC113831475,,,,False,
65,LOC113837553,,,,False,
65,LOC113832531,,,,False,
65,LOC113831474,,,,False,
65,Spn,10029.G3I4J7,preferred_symbol,high,False,10029.G3I4J7
65,LOC113835167,,,,False,
65,LOC118239739,,,,False,
65,LOC113834476,,,,False,
65,LOC113835446,,,,False,
65,LOC113835839,,,,False,
65,LOC113832413,,,,False,
65,LOC113835626,,,,False,
65,Mir3535,,,,False,
65,LOC113837554,,,,False,
65,LOC103161182,,,,False,
65,LOC113836710,,,,False,
65,Mir19b,,,,False,
65,LOC113832571,,,,False,
65,LOC113836037,,,,False,
65,LOC113833020,,,,False,
65,LOC113836507,,,,False,
65,LOC113834529,,,,False,
65,LOC113835117,,,,False,
65,LOC113834513,,,,False,
65,LOC113830943,,,,False,
65,Mir221,,,,False,
65,LOC113833927,,,,False,
65,LOC113830842,,,,False,
65,P2ry11,,,,False,
65,LOC118238272,,,,False,
65,LOC113836709,,,,False,
65,LOC113831392,,,,False,
65,LOC113838810,10029.G3I0B8,description_like_normalized,moderate,True,10029.G3I0B8
65,LOC113833183,,,,False,
65,LOC107977815,,,,False,
65,LOC118238565,,,,False,
65,LOC113836325,,,,False,
65,LOC113835562,,,,False,
65,LOC113836319,,,,False,
65,LOC118239474,,,,False,
65,LOC113830843,,,,False,
65,LOC113834011,,,,False,
65,Mir425,,,,False,
65,LOC118239138,,,,False,
65,LOC113836324,,,,False,
65,LOC113835445,,,,False,
65,LOC113833685,,,,False,
65,LOC118237977,,,,False,
65,LOC113831025_1,,,,False,
65,LOC118239724,,,,False,
65,LOC113835627,,,,False,
65,LOC100761941,10029.G3HBD5,description_exact_normalized,moderate,True,10029.G3HBD5
65,LOC113833406,,,,False,
65,LOC107978682,10029.G3HVZ6,LOC_numeric_gene_id,high,False,10029.G3HVZ6
66,LOC113837639,,,,False,
66,LOC113831478,,,,False,
66,LOC113837101,,,,False,
67,LOC100773795,,,,False,
67,LOC100762719,10029.G3HD81,LOC_numeric_gene_id,high,False,10029.G3HD81
67,LOC113836011,,,,False,
67,Fabp4,10029.G3I4E8,preferred_symbol,high,False,10029.G3I4E8
67,LOC100751053,10029.G3H2I4,LOC_numeric_gene_id,high,False,10029.G3H2I4
67,Igf2bp2,10029.G3HKN0,preferred_symbol,high,False,10029.G3HKN0
67,Efemp1,10029.G3I9L7,description_exact_normalized,moderate,False,10029.G3I9L7
67,Hoxa9,10029.G3HD80,preferred_symbol,high,False,10029.G3HD80
67,Hoxc4,10029.G3HV22,preferred_symbol,high,False,10029.G3HV22
67,LOC103161127,,,,False,
67,Hoxa7,10029.G3HD78,preferred_symbol,high,False,10029.G3HD78
67,Mro,10029.G3HTS0,preferred_symbol,high,False,10029.G3HTS0
67,Gpd1,10029.G3HX67,preferred_symbol,high,False,10029.G3HX67
67,LOC103159501,,,,False,
67,Pirt,10029.G3GZ44,preferred_symbol,high,False,10029.G3GZ44
67,LOC100774966,10029.G3HI68,LOC_numeric_gene_id,high,False,10029.G3HI68
67,Unc5c,10029.G3I5K1,preferred_symbol,high,False,10029.G3I5K1
67,Hoxc8,10029.G3HV26,preferred_symbol,high,False,10029.G3HV26
67,LOC113836092,,,,False,
67,Trim54,10029.G3GXT4,preferred_symbol,high,False,10029.G3GXT4
67,LOC113834219,,,,False,
67,Ncam1,10029.G3H2I6,description_exact_normalized,moderate,False,10029.G3H2I6
67,LOC100771838,10029.G3II08,LOC_numeric_gene_id,high,False,10029.G3II08
67,Sulf2,10029.G3H8T0,preferred_symbol,high,False,10029.G3H8T0
67,Gpnmb,10029.G3HVX3,preferred_symbol,high,False,10029.G3HVX3
67,Rtp4,10029.G3GT94,description_exact_normalized,moderate,False,10029.G3GT94
67,Hoxc10,10029.G3HV28,preferred_symbol,high,False,10029.G3HV28
67,Sardh,10029.G3IG06,description_exact_normalized,moderate,False,10029.G3IG06
67,LOC113830878,,,,False,
67,LOC113833999,,,,False,
67,Krt80,10029.G3II07,preferred_symbol,high,False,10029.G3II07
67,Etv3l,10029.G3HG61,preferred_symbol,high,False,10029.G3HG61
67,Fmo2,10029.G3HPM0,preferred_symbol,high,False,10029.G3HPM0
67,Tcf7l1,10029.G3HPZ8,preferred_symbol,high,False,10029.G3HPZ8
67,LOC118239683,,,,False,
67,Id3,10029.G3HMV1,preferred_symbol,high,False,10029.G3HMV1
67,Spsb4,10029.G3GSX5,preferred_symbol,high,False,10029.G3GSX5
67,Hoxa6,10029.G3HD76,preferred_symbol,high,False,10029.G3HD76
67,Mmp12,10029.G3GUV3,preferred_symbol,high,False,10029.G3GUV3
67,Cxcl10,,,,False,
67,LOC113837481,,,,False,
67,LOC107979589,,,,False,
67,LOC113836457,,,,False,
67,Chst2,10029.G3GSZ5,preferred_symbol,high,False,10029.G3GSZ5
67,Slc9a9,10029.G3GSZ6,preferred_symbol,high,False,10029.G3GSZ6
67,LOC103159982,,,,False,
67,Hoxa5,10029.G3HD73,description_exact_normalized,moderate,False,10029.G3HD73
67,B4galt1,10029.G3I8W2,preferred_symbol,high,False,10029.G3I8W2
67,LOC100762031,10029.G3HFD2,LOC_numeric_gene_id,high,False,10029.G3HFD2
68,Mmp10,10029.G3GUV4,preferred_symbol,high,False,10029.G3GUV4
68,Il33,10029.G3I4V3,preferred_symbol,high,False,10029.G3I4V3
68,LOC100754872,,,,False,
68,Fabp4,10029.G3I4E8,preferred_symbol,high,False,10029.G3I4E8
68,Nppb,,,,False,
68,Neu2,10029.G3I9L2,preferred_symbol,high,False,10029.G3I9L2
68,Mmp3,,,,False,
68,LOC103160221,,,,False,
68,Glipr1,10029.G3HEK3,description_exact_normalized,tentative,True,10029.G3HEK3
68,Id3,10029.G3HMV1,preferred_symbol,high,False,10029.G3HMV1
68,Mmp12,10029.G3GUV3,preferred_symbol,high,False,10029.G3GUV3
68,LOC103163365,,,,False,
68,Timp1,10029.G3IBH0,preferred_symbol,high,False,10029.G3IBH0
68,Nppa,10029.G3IHM2,preferred_symbol,high,False,10029.G3IHM2
68,Ptgs2,10029.G3GWV6,preferred_symbol,high,False,10029.G3GWV6
68,Ranbp3l,10029.G3HJU7,preferred_symbol,high,False,10029.G3HJU7
68,LOC113830878,,,,False,
68,Thbd,,,,False,
68,Trim54,10029.G3GXT4,preferred_symbol,high,False,10029.G3GXT4
68,Il11,,,,False,
68,Errfi1,10029.G3IEU1,preferred_symbol,high,False,10029.G3IEU1
68,Tlr2,,,,False,
68,Aqp1,10029.G3HJL7,preferred_symbol,high,False,10029.G3HJL7
68,Cd82,10029.G3GYG8,preferred_symbol,high,False,10029.G3GYG8
68,LOC100761692,10029.G3ICZ5,LOC_numeric_gene_id,high,False,10029.G3ICZ5
68,LOC103163279,,,,False,
68,Gem,10029.G3HI08,preferred_symbol,high,False,10029.G3HI08
68,Ldha,10029.G3H0C9,description_exact_normalized,moderate,True,10029.G3H0C9
68,LOC100763261,10029.G3GTT3,LOC_numeric_gene_id,high,False,10029.G3GTT3
68,LOC103163771,,,,False,
68,LOC113834942,,,,False,
69,LOC113836710,,,,False,
69,LOC118238721,10029.G3HGR8,description_like_normalized,moderate,True,10029.G3HGR8
69,LOC113837631,,,,False,
69,LOC118238648,,,,False,
69,LOC113834210,,,,False,
69,LOC113835077,,,,False,
69,Trnae-uuc,,,,False,
69,LOC118238654,,,,False,
69,LOC113833117,,,,False,
69,LOC113832497,,,,False,
69,LOC113833114,,,,False,
69,LOC113832318,,,,False,
69,LOC113832433,,,,False,
69,Trnaa-agc_14,,,,False,
69,LOC113831837,,,,False,
69,LOC113833116,,,,False,
69,Trnak-uuu,,,,False,
69,LOC113837438,,,,False,
69,Trnay-gua,,,,False,
69,LOC113833007,,,,False,
69,LOC107977365,,,,False,
69,Mir128,,,,False,
69,LOC113835768,,,,False,
69,LOC113831475,,,,False,
69,LOC113836780,,,,False,
69,LOC113835704,,,,False,
69,Mir186,,,,False,
69,LOC113833632,,,,False,
69,LOC113832431,,,,False,
69,LOC113836220,,,,False,
69,LOC113831455,,,,False,
69,LOC113836920,,,,False,
69,LOC118239420,10029.G3I1L1,description_like_normalized,moderate,True,10029.G3I1L1
69,LOC113837769,,,,False,
69,LOC113831587,,,,False,
69,LOC113836321,,,,False,
69,Trnaa-cgc_3,,,,False,
69,LOC113832034,,,,False,
69,LOC113834043,,,,False,
69,Mir674,,,,False,
69,LOC113835076,,,,False,
69,LOC113833686,,,,False,
69,LOC113833236,,,,False,
69,LOC113833927,,,,False,
69,Trnak-uuu_5,,,,False,
69,LOC113832994,,,,False,
69,Mir301a,,,,False,
69,Mirlet7a-1,,,,False,
69,LOC113834111,,,,False,
69,LOC113835408,,,,False,
69,LOC113834713,,,,False,
69,LOC113835626,,,,False,
69,LOC103161687,,,,False,
69,LOC113836874,,,,False,
69,Trnas-gcu_3,,,,False,
69,LOC113832860,,,,False,
69,Trnap-ugg_1,,,,False,
69,LOC113834213,,,,False,
69,LOC113834011,,,,False,
69,LOC113835715,,,,False,
69,LOC113837518,,,,False,
69,Mir628,,,,False,
70,LOC113834219,,,,False,
70,Mir378,,,,False,
70,LOC118238326,,,,False,
70,LOC113836094,,,,False,
70,LOC113831042,,,,False,
70,LOC113837438,,,,False,
70,LOC113830842,,,,False,
70,LOC113835507,,,,False,
70,LOC113832209,,,,False,
70,Mir484,,,,False,
70,Mir29c,,,,False,
70,LOC113835170,,,,False,
70,LOC113836576,,,,False,
70,Mir671,,,,False,
70,LOC113830871,,,,False,
70,LOC113831573,,,,False,
70,LOC113835235,,,,False,
70,LOC113831025_1,,,,False,
70,Mir185,,,,False,
70,LOC113832306,,,,False,
70,Trnap-agg_1,,,,False,
70,LOC113832498,,,,False,
70,LOC113836317,,,,False,
70,Trnat-agu_3,,,,False,
70,LOC113833455,,,,False,
70,Trnaa-ugc_2,,,,False,
70,Trnas-aga_5,,,,False,
70,LOC118239054,10029.G3HGR8,description_like_normalized,moderate,True,10029.G3HGR8
70,Trnal-cag_4,,,,False,
70,Mir6092,,,,False,
70,LOC118239681,,,,False,
70,LOC113832633,,,,False,
70,LOC113836325,,,,False,
70,LOC113831892,,,,False,
70,LOC118237922,,,,False,
70,LOC113836711,,,,False,
70,LOC113831413,,,,False,
70,LOC113836198,,,,False,
70,Trnak-cuu_16,,,,False,
70,LOC113832596,,,,False,
70,LOC113837712,,,,False,
70,LOC113835248,,,,False,
70,LOC113835165,,,,False,
70,LOC113834709,,,,False,
70,LOC113833112,,,,False,
70,LOC113835562,,,,False,
70,LOC118237816,,,,False,
70,Trnae-cuc_10,,,,False,
70,LOC107977836,,,,False,
70,LOC113831475,,,,False,
70,Trnai-uau_1,,,,False,
70,Mir186,,,,False,
70,LOC113833747,,,,False,
70,LOC103162683,,,,False,
71,LOC113832752,10029.G3HRM8,description_like_normalized,moderate,True,10029.G3HRM8
71,LOC113833723,10029.G3HGR8,description_like_normalized,moderate,True,10029.G3HGR8
71,Mir652,,,,False,
71,LOC113833814,,,,False,
72,Kmt2d,10029.G3I6I8,preferred_symbol,high,False,10029.G3I6I8
72,Dst,10029.G3HXE4,preferred_symbol,high,False,10029.G3HXE4
72,Ahnak,,,,False,
72,Dync1h1,10029.G3H352,preferred_symbol,high,False,10029.G3H352
72,Wdfy3,10029.G3I5K0,preferred_symbol,high,False,10029.G3I5K0
72,Cbl,,description_fuzzy,,False,
72,Ubr4,10029.G3I905,preferred_symbol,high,False,10029.G3I905
72,Huwe1,10029.G3H7T9,description_exact_normalized,moderate,False,10029.G3H7T9
72,Hspg2,10029.G3HIM1,preferred_symbol,high,False,10029.G3HIM1
72,Lrp1,10029.G3HW34,preferred_symbol,high,False,10029.G3HW34
72,Kmt2a,10029.G3I5S4,preferred_symbol,high,False,10029.G3I5S4
72,Rnf213,10029.G3GX50,preferred_symbol,high,False,10029.G3GX50
72,Fat1,10029.G3HVZ2,preferred_symbol,high,False,10029.G3HVZ2
72,Syne2,10029.G3H4Z1,preferred_symbol,high,False,10029.G3H4Z1
72,Birc6,10029.G3HEV6,preferred_symbol,high,False,10029.G3HEV6
72,Smg1,10029.G3IKE4,preferred_symbol,high,False,10029.G3IKE4
72,Herc2,10029.G3HT71,preferred_symbol,high,False,10029.G3HT71
72,Map1b,10029.G3HIT7,preferred_symbol,high,False,10029.G3HIT7
72,Mir1973,,,,False,
72,Mycbp2,10029.G3HI28,description_exact_normalized,tentative,True,10029.G3HI28
72,Trrap,10029.G3HY95,preferred_symbol,high,False,10029.G3HY95
72,LOC113834516,10029.G3HWJ3,LOC_numeric_gene_id,high,False,10029.G3HWJ3
72,Macf1,10029.G3HN72,description_exact_normalized,moderate,False,10029.G3HN72
72,Mdn1,10029.G3GSS3,preferred_symbol,high,False,10029.G3GSS3
72,Hectd4,10029.G3H280,preferred_symbol,high,False,10029.G3H280
72,Lama5,10029.G3HGW6,preferred_symbol,high,False,10029.G3HGW6
72,LOC100752965,10029.G3HTL9,LOC_numeric_gene_id,high,False,10029.G3HTL9
72,LOC100767704,10029.G3I7N4,LOC_numeric_gene_id,high,False,10029.G3I7N4
72,Kmt2c,,,,False,
72,Utrn,10029.G3H6X6,preferred_symbol,high,False,10029.G3H6X6
72,Herc1,10029.G3H523,preferred_symbol,high,False,10029.G3H523
72,Stard9,10029.G3H0W9,preferred_symbol,high,False,10029.G3H0W9
72,Flnb,10029.G3HFM4,preferred_symbol,high,False,10029.G3HFM4
72,Mki67,10029.G3IFZ0,preferred_symbol,high,False,10029.G3IFZ0
72,Ep300,10029.G3I534,preferred_symbol,high,False,10029.G3I534
72,Mir2424,,,,False,
72,Vps13d,10029.G3I750,description_exact_normalized,moderate,True,10029.G3I750
72,Ep400,10029.G3HCC5,preferred_symbol,high,False,10029.G3HCC5
72,Prrc2c,,,,False,
72,Zbed6,10029.G3HQB9,preferred_symbol,high,False,10029.G3HQB9
72,Tanc2,10029.G3HGE2,preferred_symbol,high,False,10029.G3HGE2
72,Spen,10029.G3I869,description_exact_normalized,moderate,False,10029.G3I869
73,Col6a2,10029.G3H8Y3,preferred_symbol,high,False,10029.G3H8Y3
73,Arhgdig,10029.G3HBS3,preferred_symbol,high,False,10029.G3HBS3
73,LOC118239287,,,,False,
73,LOC103162784,,,,False,
73,Trim54,10029.G3GXT4,preferred_symbol,high,False,10029.G3GXT4
73,LOC113837561,,,,False,
73,LOC113835959,,,,False,
73,LOC118238204,10029.G3GYX0,LOC_numeric_gene_id,high,False,10029.G3GYX0
73,Testin-2,10029.G3IEV8,preferred_symbol,high,False,10029.G3IEV8
73,Arhgef37,10029.G3HZS3,preferred_symbol,high,False,10029.G3HZS3
73,LOC118238522,,,,False,
73,Lum,10029.G3HJG5,preferred_symbol,high,False,10029.G3HJG5
73,Marcks,,,,False,
73,Mmp12,10029.G3GUV3,preferred_symbol,high,False,10029.G3GUV3
73,Lat2,,,,False,
73,LOC118237777,,,,False,
73,Angpt4,10029.G3H6X9,preferred_symbol,high,False,10029.G3H6X9
73,LOC113835715,,,,False,
73,LOC118237953,,,,False,
73,Papln,10029.G3HNF5,description_exact_normalized,moderate,False,10029.G3HNF5
73,LOC100763249,10029.G3IFD3,LOC_numeric_gene_id,high,False,10029.G3IFD3
73,Lmx1b,10029.G3IP57,preferred_symbol,high,False,10029.G3IP57
73,LOC113833275,,,,False,
73,LOC113839468,,,,False,
73,LOC100771813,10029.G3I855,LOC_numeric_gene_id,high,False,10029.G3I855
73,LOC100761248,10029.G3ILW9,description_exact_normalized,moderate,False,10029.G3ILW9
73,Ostn,10029.G3GT76,preferred_symbol,high,False,10029.G3GT76
73,Themis,10029.G3IFD2,preferred_symbol,high,False,10029.G3IFD2
73,LOC107979936,,,,False,
73,Pdia2,10029.G3HBS4,preferred_symbol,high,False,10029.G3HBS4
73,LOC103162671,10029.G3I6I5,LOC_numeric_gene_id,high,False,10029.G3I6I5
73,Il21,10029.G3HTL7,preferred_symbol,high,False,10029.G3HTL7
73,LOC103163357,,,,False,
74,LOC100760951,10029.G3IIK9,LOC_numeric_gene_id,high,False,10029.G3IIK9
74,LOC100773795,,,,False,
74,LOC113832577,,,,False,
74,Dpt,10029.G3HE53,preferred_symbol,high,False,10029.G3HE53
74,LOC107980378,,,,False,
74,LOC113832687,,,,False,
74,Hes1,10029.G3HWY8,description_exact_normalized,moderate,False,10029.G3HWY8
74,Id2,10029.G3HM41,description_exact_normalized,moderate,False,10029.G3HM41
74,Srpx2,10029.G3H5Z0,preferred_symbol,high,False,10029.G3H5Z0
74,LOC118237931,,,,False,
74,R3hcc1l,10029.G3GZY3,preferred_symbol,high,False,10029.G3GZY3
74,LOC103159353,,,,False,
74,Unc5c,10029.G3I5K1,preferred_symbol,high,False,10029.G3I5K1
74,Stmn4,,,,False,
74,Fn1,10029.G3I1V3,preferred_symbol,high,False,10029.G3I1V3
74,LOC100750890,10029.G3HZ97,LOC_numeric_gene_id,high,False,10029.G3HZ97
74,Pcnx3,10029.G3IDN1,preferred_symbol,high,False,10029.G3IDN1
74,LOC107978970,,,,False,
74,Sipa1,10029.G3IDN0,preferred_symbol,high,False,10029.G3IDN0
74,Areg,10029.G3IBU4,preferred_symbol,high,False,10029.G3IBU4
74,Bloc1s2,,,,False,
74,LOC100755232,10029.G3IHV4,LOC_numeric_gene_id,high,False,10029.G3IHV4
74,LOC113831598,,,,False,
74,Fgf7,10029.G3IAS3,preferred_symbol,high,False,10029.G3IAS3
74,Znrd2,10029.G3IGT5,preferred_symbol,high,False,10029.G3IGT5
74,Chuk,10029.G3HZA3,preferred_symbol,high,False,10029.G3HZA3
74,Vnn1,10029.G3I740,preferred_symbol,high,False,10029.G3I740
74,Map3k11,10029.G3IDN3,preferred_symbol,high,False,10029.G3IDN3
75,LOC100772378,,,,False,
75,LOC107978244,,,,False,
75,LOC113837454,,,,False,
75,Spn,10029.G3I4J7,preferred_symbol,high,False,10029.G3I4J7
75,Klhl13,,,,False,
75,Gabrp,10029.G3HTH5,description_exact_normalized,moderate,False,10029.G3HTH5
75,Gja8,10029.G3H2R1,preferred_symbol,high,False,10029.G3H2R1
75,Cfap300,,,,False,
75,LOC107978529,,,,False,
75,LOC118239720,,,,False,
75,LOC100758108,10029.G3I7U0,LOC_numeric_gene_id,high,False,10029.G3I7U0
75,LOC100752904,10029.G3HDU1,LOC_numeric_gene_id,high,False,10029.G3HDU1
75,LOC103161182,,,,False,
75,LOC118239187,,,,False,
75,LOC103162259,,,,False,
75,LOC107978184,,,,False,
75,LOC103164148,,,,False,
75,Stard5,10029.G3ID88,preferred_symbol,high,False,10029.G3ID88
75,LOC107978255,,,,False,
75,Stambpl1,10029.G3HQY1,description_exact_normalized,moderate,False,10029.G3HQY1
75,Defb128,,,,False,
75,Ccdc80,10029.G3H092,preferred_symbol,high,False,10029.G3H092
75,Cfap92,10029.G3HIE3,preferred_symbol,high,False,10029.G3HIE3
75,LOC107977585,10029.G3IM61,description_exact_normalized,moderate,True,10029.G3IM61
75,LOC113835715,,,,False,
75,LOC113834615,,,,False,
75,Trnar-acg_5,,,,False,
75,LOC107979479,,,,False,
75,Fam169b,10029.G3HKI3,preferred_symbol,high,False,10029.G3HKI3
75,LOC113836220,,,,False,
75,Gadl1,,,,False,
75,Spp1,10029.G3IKQ9,preferred_symbol,high,False,10029.G3IKQ9
75,Mir2424,,,,False,
75,Rcbtb2,10029.G3HR85,preferred_symbol,high,False,10029.G3HR85
75,Pde3b,10029.G3HSE2,description_exact_normalized,moderate,False,10029.G3HSE2
75,Trnat-ugu,,,,False,
75,LOC100753235,10029.G3HUC0,LOC_numeric_gene_id,high,False,10029.G3HUC0
75,LOC118239024,,,,False,
75,LOC118238464,,,,False,
75,Tmsb15a,,,,False,
75,Fgf12,10029.G3GT71,preferred_symbol,high,False,10029.G3GT71
75,Prrx2,10029.G3IH01,preferred_symbol,high,False,10029.G3IH01
75,Matn4,10029.G3HLT1,preferred_symbol,high,False,10029.G3HLT1
75,LOC100766081,,,,False,
75,Ggt1,10029.G3HY25,preferred_symbol,high,False,10029.G3HY25
75,Emp1,10029.G3HLA5,preferred_symbol,high,False,10029.G3HLA5
75,Trnak-cuu_33,,,,False,
75,LOC100767606,10029.G3I9B9,LOC_numeric_gene_id,high,False,10029.G3I9B9
75,B3gnt9,10029.G3HZK2,preferred_symbol,high,False,10029.G3HZK2
75,LOC113835007,,,,False,
75,Cobl,10029.G3HGG3,preferred_symbol,high,False,10029.G3HGG3
75,Cenpv,10029.G3GVK9,preferred_symbol,high,False,10029.G3GVK9
75,LOC100761147,10029.G3H4R5,description_exact_normalized,moderate,False,10029.G3H4R5
75,LOC103163127,,,,False,
75,LOC118239558,,,,False,
75,B4galt2,10029.G3HFF7,preferred_symbol,high,False,10029.G3HFF7
76,LOC100753593,10029.G3H1V1,LOC_numeric_gene_id,high,False,10029.G3H1V1
76,Trnal-caa_3,,,,False,
76,LOC100764581,10029.G3HY91,LOC_numeric_gene_id,high,False,10029.G3HY91
76,LOC118237644,,,,False,
76,LOC100754891,10029.G3H602,description_exact_normalized,moderate,True,10029.G3H602
76,Trnag-gcc_5,,,,False,
76,Trnae-cuc_5,,,,False,
76,LOC113832724,,,,False,
76,Trnag-gcc_6,,,,False,
76,LOC100772354,10029.G3HMD1,LOC_numeric_gene_id,high,False,10029.G3HMD1
76,Trnal-cag_1,,,,False,
76,LOC113835801,,,,False,
76,LOC100755951,10029.G3H7J9,LOC_numeric_gene_id,high,False,10029.G3H7J9
76,LOC113833236,,,,False,
76,LOC113833235,,,,False,
76,LOC113831052,,,,False,
76,LOC113831086,,,,False,
76,LOC100763967,10029.G3HL66,LOC_numeric_gene_id,high,False,10029.G3HL66
76,LOC113836857,,,,False,
76,LOC113835234,,,,False,
76,Trnal-cag_10,,,,False,
76,LOC113833918,,,,False,
76,LOC113835445,,,,False,
76,LOC113835235,,,,False,
76,LOC113837058,,,,False,
76,LOC103161510,10029.G3HQR7,LOC_numeric_gene_id,high,False,10029.G3HQR7
76,Trnal-cag_3,,,,False,
76,Mir1839,,,,False,
76,Trnag-gcc_13,,,,False,
76,LOC103162111,,,,False,
76,Trnag-gcc_3,,,,False,
77,Col6a1,10029.G3H8Y5,description_exact_normalized,moderate,False,10029.G3H8Y5
77,Agt,10029.G3GX14,preferred_symbol,high,False,10029.G3GX14
77,LOC103160599,,,,False,
77,Igf2bp3,10029.G3HVX5,description_exact_normalized,moderate,False,10029.G3HVX5
77,Npm3,10029.G3HXU8,preferred_symbol,high,False,10029.G3HXU8
77,LOC100773795,,,,False,
77,Fcgrt,,,,False,
77,LOC100767391,10029.G3HSU3,description_exact_normalized,moderate,False,10029.G3HSU3
77,Dcn,10029.G3HJG6,preferred_symbol,high,False,10029.G3HJG6
77,LOC118238037,10029.G3ILS5,LOC_numeric_gene_id,high,False,10029.G3ILS5
77,Sulf2,10029.G3H8T0,preferred_symbol,high,False,10029.G3H8T0
77,Pcgf6,10029.G3I6K6,description_exact_normalized,moderate,False,10029.G3I6K6
77,LOC100773326,10029.G3HM69,description_exact_normalized,moderate,False,10029.G3HM69
77,Pdpn,10029.G3IK06,preferred_symbol,high,False,10029.G3IK06
77,Zbtb43,10029.G3IPV2,preferred_symbol,high,False,10029.G3IPV2
77,LOC100759171,10029.G3I2E4,LOC_numeric_gene_id,high,False,10029.G3I2E4
77,Resf1,,,,False,
77,Arhgef16,10029.G3IFA3,preferred_symbol,high,False,10029.G3IFA3
77,Septin4,10029.G3HJ80,preferred_symbol,high,False,10029.G3HJ80
77,LOC118239049,,,,False,
77,Fam13c,10029.G3I0N9,description_exact_normalized,moderate,False,10029.G3I0N9
77,LOC100775082,,,,False,
77,Ncald,10029.G3HKZ6,preferred_symbol,high,False,10029.G3HKZ6
77,Nppb,,,,False,
77,Tuba4a,10029.G3HWE9,preferred_symbol,high,False,10029.G3HWE9
77,Fgfr2,10029.G3IJY0,preferred_symbol,high,False,10029.G3IJY0
77,LOC113837466,,,,False,
77,Lmx1b,10029.G3IP57,preferred_symbol,high,False,10029.G3IP57
77,Oat,10029.G3HVE0,preferred_symbol,high,False,10029.G3HVE0
77,LOC103159589,,,,False,
77,LOC100773612,10029.G3HK32,LOC_numeric_gene_id,high,False,10029.G3HK32
77,LOC113836527,,,,False,
77,LOC118238818,,,,False,
77,LOC100764833,10029.G3IPB3,LOC_numeric_gene_id,high,False,10029.G3IPB3
77,Ndrg1,10029.G3IMP5,description_exact_normalized,moderate,True,10029.G3IMP5
77,Sbsn,10029.G3HPT8,preferred_symbol,high,False,10029.G3HPT8
77,LOC103158718,,,,False,
77,LOC100750890,10029.G3HZ97,LOC_numeric_gene_id,high,False,10029.G3HZ97
77,Sh3rf2,10029.G3HHE5,preferred_symbol,high,False,10029.G3HHE5
77,LOC118239514,,,,False,
77,Thbs1,10029.G3HHV4,preferred_symbol,high,False,10029.G3HHV4
77,Pacrgl,10029.G3IKA2,preferred_symbol,high,False,10029.G3IKA2
77,LOC107979406,,,,False,
77,Syt16,10029.G3H4X9,description_exact_normalized,moderate,False,10029.G3H4X9
77,Evl,10029.G3HIX0,preferred_symbol,high,False,10029.G3HIX0
77,LOC113837295,,,,False,
77,Krt80,10029.G3II07,preferred_symbol,high,False,10029.G3II07
77,Ccbe1,10029.G3HUJ0,preferred_symbol,high,False,10029.G3HUJ0
77,Acot11,10029.G3GTL5,preferred_symbol,high,False,10029.G3GTL5
77,Srpx2,10029.G3H5Z0,preferred_symbol,high,False,10029.G3H5Z0
77,LOC103160574,,,,False,
77,LOC113835715,,,,False,
77,Pirt,10029.G3GZ44,preferred_symbol,high,False,10029.G3GZ44
77,Antxr1,10029.G3HIC3,preferred_symbol,high,False,10029.G3HIC3
77,Clec3b,10029.G3HP49,preferred_symbol,high,False,10029.G3HP49
77,Gpnmb,10029.G3HVX3,preferred_symbol,high,False,10029.G3HVX3
77,Col3a1,10029.G3IM20,preferred_symbol,high,False,10029.G3IM20
77,Farp1,10029.G3GS69,preferred_symbol,high,False,10029.G3GS69
77,Lum,10029.G3HJG5,preferred_symbol,high,False,10029.G3HJG5
77,LOC118239130,,,,False,
77,LOC103158729,,,,False,
77,Hgf,10029.G3HPQ5,preferred_symbol,high,False,10029.G3HPQ5
77,Mab21l3,,,,False,
77,Cdh13,10029.G3GRY8,preferred_symbol,high,False,10029.G3GRY8
77,Pgam1,10029.G3GZW8,preferred_symbol,high,False,10029.G3GZW8
77,Asap2,10029.G3IHI3,preferred_symbol,high,False,10029.G3IHI3
77,Tctn3,10029.G3HXX7,preferred_symbol,high,False,10029.G3HXX7
77,Dusp8,10029.G3I553,preferred_symbol,high,False,10029.G3I553
77,Plce1,10029.G3H9B9,preferred_symbol,high,False,10029.G3H9B9
77,Entpd7,10029.G3IBW4,preferred_symbol,high,False,10029.G3IBW4
77,Kazald1,10029.G3IDB4,preferred_symbol,high,False,10029.G3IDB4
77,Rab14,10029.G3HX83,preferred_symbol,high,False,10029.G3HX83
77,LOC100761616,10029.G3GW09,description_like_normalized,moderate,True,10029.G3GW09
77,Zfhx3,10029.G3I281,preferred_symbol,high,False,10029.G3I281
77,LOC113837481,,,,False,
78,LOC103162414,,,,False,
78,Dhfr,10029.Q2MH30,preferred_symbol,high,False,10029.Q2MH30
78,Tm4sf19,10029.G3GSL9,description_exact_normalized,moderate,False,10029.G3GSL9
78,Thbs1,10029.G3HHV4,preferred_symbol,high,False,10029.G3HHV4
78,LOC118239256,,,,False,
78,Pglyrp1,,,,False,
78,Cd36,10029.G3HMH7,description_exact_normalized,moderate,False,10029.G3HMH7
78,Rarres2,10029.G3HB86,description_like_normalized,moderate,True,10029.G3HB86
78,Snx10,10029.G3H2J6,description_exact_normalized,moderate,False,10029.G3H2J6
78,Lcp1,10029.G3H8N1,preferred_symbol,high,False,10029.G3H8N1
78,LOC118239359,,,,False,
78,Ldhd,10029.G3I4P5,preferred_symbol,high,False,10029.G3I4P5
78,LOC118239682,,,,False,
78,LOC113835715,,,,False,
78,LOC113837468,,,,False,
78,Sting1,10029.G3HVI0,preferred_symbol,high,False,10029.G3HVI0
78,LOC100757534,10029.G3I3Y7,LOC_numeric_gene_id,high,False,10029.G3I3Y7
78,Qrfp,10029.G3IG84,preferred_symbol,high,False,10029.G3IG84
78,Ddah2,10029.G3HZF5,preferred_symbol,high,False,10029.G3HZF5
78,LOC113832325,,,,False,
78,Ranbp3l,10029.G3HJU7,preferred_symbol,high,False,10029.G3HJU7
78,LOC113833723,10029.G3HGR8,description_like_normalized,moderate,True,10029.G3HGR8
78,LOC113838319,,,,False,
78,LOC107979936,,,,False,
78,LOC100750890,10029.G3HZ97,LOC_numeric_gene_id,high,False,10029.G3HZ97
78,LOC100755423,10029.G3IET7,LOC_numeric_gene_id,high,False,10029.G3IET7
78,Grhl2,10029.G3HKZ4,description_like_normalized,moderate,True,10029.G3HKZ4
78,Fabp4,10029.G3I4E8,preferred_symbol,high,False,10029.G3I4E8
78,Gpd1,10029.G3HX67,preferred_symbol,high,False,10029.G3HX67
78,Acta2,10029.G3HQY2,preferred_symbol,high,False,10029.G3HQY2
78,LOC113837295,,,,False,
78,LOC107979030,,,,False,
78,Eml2,10029.G3HPE9,description_exact_normalized,moderate,False,10029.G3HPE9
78,Pdpn,10029.G3IK06,preferred_symbol,high,False,10029.G3IK06
79,LOC113833723,10029.G3HGR8,description_like_normalized,moderate,True,10029.G3HGR8
79,Mir26a-2,,,,False,
79,LOC113833914,,,,False,
79,Mirlet7c-2,,,,False,
79,Mir196a,,,,False,
79,Mir185,,,,False,
79,LOC113836325,,,,False,
79,LOC113831413,,,,False,
79,LOC113830825,,,,False,
79,LOC113832308,,,,False,
79,LOC113834714,,,,False,
79,Mir10b,,,,False,
79,LOC113833639,,,,False,
79,LOC118239111,,,,False,
79,Trnak-cuu_49,,,,False,
79,LOC118238272,,,,False,
79,Mir27a,,,,False,
79,LOC113836458,,,,False,
79,LOC113834319,,,,False,
79,Mir193b,,,,False,
79,Trnaa-agc_2,,,,False,
79,Mirlet7c-1,,,,False,
79,Mir27b,,,,False,
79,LOC118238654,,,,False,
79,LOC113832033,,,,False,
79,LOC118239102,,,,False,
79,Mir32,,,,False,
79,Mir505,,,,False,
79,LOC113830803,,,,False,
79,LOC113833655,,,,False,
79,LOC113831489,,,,False,
80,LOC113834724,,,,False,
80,LOC113831373,,,,False,
80,LOC113832497,,,,False,
80,Mir191,,,,False,
80,Trnak-cuu_67,,,,False,
80,LOC113835117,,,,False,
80,LOC113837101,,,,False,
80,LOC113835268,,,,False,
80,LOC113834076,,,,False,
80,LOC113835445,,,,False,
80,Mirlet7d,,,,False,
80,LOC113836505,,,,False,
80,LOC118238917,,,,False,
80,LOC113833143,,,,False,
80,LOC100766491,10029.G3IMC7,LOC_numeric_gene_id,high,False,10029.G3IMC7
80,LOC113836194,,,,False,
80,LOC113833814,,,,False,
80,LOC113836198,,,,False,
80,Trnar-ccu,,,,False,
80,Mir1973,,,,False,
80,LOC113836220,,,,False,
80,Trnat-agu_7,,,,False,
80,LOC113833007,,,,False,
80,LOC113836789,,,,False,
80,LOC113835248,,,,False,
80,LOC113835840,,,,False,
80,Lrrc61,,,,False,
80,LOC113833051,,,,False,
80,LOC103164270,,,,False,
80,Trnap-agg,,,,False,
80,LOC113833114,,,,False,
80,LOC113831474,,,,False,
80,LOC113834788,,,,False,
80,LOC113834111,,,,False,
80,LOC113831654,,,,False,
80,LOC113835076,,,,False,
80,LOC113834219,,,,False,
80,LOC113836734,,,,False,
80,Mir27a,,,,False,
80,LOC113835313,,,,False,
80,LOC113835627,,,,False,
80,LOC113830871,,,,False,
80,LOC113832627,,,,False,
80,Trnak-cuu_31,,,,False,
80,LOC118239111,,,,False,
80,LOC118238231,,,,False,
80,LOC113834366,,,,False,
80,LOC113834983,,,,False,
80,LOC113835235,,,,False,
80,Trnav-cac_6,,,,False,
81,Gpnmb,10029.G3HVX3,preferred_symbol,high,False,10029.G3HVX3
81,Cd68,10029.G3GY73,preferred_symbol,high,False,10029.G3GY73
81,Septin3,10029.G3IBR4,preferred_symbol,high,False,10029.G3IBR4
81,LOC103162142,,,,False,
81,Fnip2,10029.G3HMM4,description_exact_normalized,moderate,False,10029.G3HMM4
81,Clu,10029.G3HNJ3,preferred_symbol,high,False,10029.G3HNJ3
81,Cd36,10029.G3HMH7,description_exact_normalized,moderate,False,10029.G3HMH7
81,Hmox1,10029.G3IAI6,preferred_symbol,high,False,10029.G3IAI6
81,LOC100756544,,,,False,
81,LOC100756791,,,,False,
81,Deup1,,,,False,
81,Wdfy4,,,,False,
81,LOC100757077,10029.G3IGW1,LOC_numeric_gene_id,high,False,10029.G3IGW1
81,Amdhd2,10029.G3I2T8,preferred_symbol,high,False,10029.G3I2T8
81,Fth1,10029.G3IEF1,preferred_symbol,high,False,10029.G3IEF1
81,LOC100773005,10029.G3IMT4,description_exact_normalized,moderate,True,10029.G3IMT4
81,Uap1l1,10029.G3IJB9,preferred_symbol,high,False,10029.G3IJB9
81,Fa2h,,,,False,
81,Pstpip1,10029.G3H0D3,description_exact_normalized,moderate,False,10029.G3H0D3
81,LOC118239149,10029.G3HJR4,description_like_normalized,moderate,True,10029.G3HJR4
81,Sqstm1,10029.G3HP64,preferred_symbol,high,False,10029.G3HP64
81,Mt1,10029.G3HIK0,preferred_symbol,high,False,10029.G3HIK0
81,Grn,10029.G3HLK3,preferred_symbol,high,False,10029.G3HLK3
81,LOC118239313,,,,False,
81,LOC113835049,,,,False,
81,LOC103158703,10029.G3IMN1,description_exact_normalized,moderate,False,10029.G3IMN1
81,Ctsa,10029.G3H8V5,preferred_symbol,high,False,10029.G3H8V5
81,Gem,10029.G3HI08,preferred_symbol,high,False,10029.G3HI08
81,Rnaset2,10029.G3I4D4,preferred_symbol,high,False,10029.G3I4D4
81,LOC113833551,,,,False,
81,LOC113833198,,,,False,
81,Atf3,10029.G3I9A1,preferred_symbol,high,False,10029.G3I9A1
81,LOC100765930,10029.G3HPQ9,LOC_numeric_gene_id,high,False,10029.G3HPQ9
81,Ahnak2,10029.G3H3A2,preferred_symbol,high,False,10029.G3H3A2
81,LOC113833602,,,,False,
81,Ldha,10029.G3H0C9,description_exact_normalized,moderate,True,10029.G3H0C9
81,Ddit3,10029.G3HW45,preferred_symbol,high,False,10029.G3HW45
81,Nppb,,,,False,
81,Cxcl10,,,,False,
81,LOC118239477,,,,False,
81,Aqp1,10029.G3HJL7,preferred_symbol,high,False,10029.G3HJL7
81,Cln5,10029.G3HI29,preferred_symbol,high,False,10029.G3HI29
81,LOC113831153,,,,False,
81,LOC118239724,,,,False,
81,Bhlhe41,10029.G3HXQ3,preferred_symbol,high,False,10029.G3HXQ3
82,LOC113834403,,,,False,
82,LOC103159579,,,,False,
82,LOC113832687,,,,False,
82,LOC113832785,10029.G3HM62,description_like_normalized,moderate,True,10029.G3HM62
82,Lrrc8b,10029.G3HSC3,preferred_symbol,high,False,10029.G3HSC3
82,LOC113834022,,,,False,
82,Kdelr3,10029.G3IJD0,preferred_symbol,high,False,10029.G3IJD0
82,Ctsh,,,,False,
82,LOC103163383,,,,False,
82,LOC100766833,10029.G3GRT9,LOC_numeric_gene_id,high,False,10029.G3GRT9
82,LOC107977406,,,,False,
82,Hoxa9,10029.G3HD80,preferred_symbol,high,False,10029.G3HD80
82,LOC100751053,10029.G3H2I4,LOC_numeric_gene_id,high,False,10029.G3H2I4
82,LOC100762719,10029.G3HD81,LOC_numeric_gene_id,high,False,10029.G3HD81
82,LOC103159933,,,,False,
82,Tcf7l1,10029.G3HPZ8,preferred_symbol,high,False,10029.G3HPZ8
82,C1qtnf1,10029.G3H3E2,description_exact_normalized,moderate,False,10029.G3H3E2
82,LOC107976981,10029.G3IC91,description_exact_normalized,moderate,True,10029.G3IC91
82,Srpx,10029.G3GSF3,preferred_symbol,high,False,10029.G3GSF3
82,LOC113837758,,,,False,
82,Themis,10029.G3IFD2,preferred_symbol,high,False,10029.G3IFD2
82,Slitrk5,10029.G3HW74,preferred_symbol,high,False,10029.G3HW74
82,LOC113834410,,,,False,
82,Fam25a,,,,False,
82,Rspo3,10029.G3IPH3,preferred_symbol,high,False,10029.G3IPH3
82,Gramd1c,,,,False,
82,LOC107978439,,,,False,
82,Evl,10029.G3HIX0,preferred_symbol,high,False,10029.G3HIX0
82,LOC103160837,,,,False,
82,LOC100757243,,,,False,
82,Fabp4,10029.G3I4E8,preferred_symbol,high,False,10029.G3I4E8
82,Apobr,10029.G3IK15,preferred_symbol,high,False,10029.G3IK15
82,LOC103163127,,,,False,
82,Hoxa7,10029.G3HD78,preferred_symbol,high,False,10029.G3HD78
82,LOC100767530,10029.G3ILF2,description_exact_normalized,moderate,True,10029.G3ILF2
82,LOC113835995,,,,False,
82,LOC107979212,,,,False,
82,LOC100769029,10029.G3I6C5,LOC_numeric_gene_id,high,False,10029.G3I6C5
82,LOC103163470,,,,False,
82,Fam237a,10029.G3HDK6,preferred_symbol,high,False,10029.G3HDK6
82,Hoxa6,10029.G3HD76,preferred_symbol,high,False,10029.G3HD76
82,LOC113837761,,,,False,
82,LOC100768654,10029.G3I5L5,description_exact_normalized,moderate,True,10029.G3I5L5
82,Vnn1,10029.G3I740,preferred_symbol,high,False,10029.G3I740
82,LOC118239268,,,,False,
82,Actn3,10029.G3I4K1,preferred_symbol,high,False,10029.G3I4K1
82,Rarres2,10029.G3HB86,description_like_normalized,moderate,True,10029.G3HB86
82,Efemp1,10029.G3I9L7,description_exact_normalized,moderate,False,10029.G3I9L7
82,Mab21l3,,,,False,
82,Slc9a9,10029.G3GSZ6,preferred_symbol,high,False,10029.G3GSZ6
82,LOC113834411,10029.G3HM62,description_like_normalized,moderate,True,10029.G3HM62
82,Ca3,10029.G3H2Q4,preferred_symbol,high,False,10029.G3H2Q4
82,Clu,10029.G3HNJ3,preferred_symbol,high,False,10029.G3HNJ3
82,Ncam1,10029.G3H2I6,description_exact_normalized,moderate,False,10029.G3H2I6
82,Anks6,10029.G3H7G5,preferred_symbol,high,False,10029.G3H7G5
82,LOC113831008,,,,False,
82,Id2,10029.G3HM41,description_exact_normalized,moderate,False,10029.G3HM41
82,LOC103159336,,,,False,
82,Znf516,10029.G3I5C5,preferred_symbol,high,False,10029.G3I5C5
82,LOC113830878,,,,False,
82,Gpd1,10029.G3HX67,preferred_symbol,high,False,10029.G3HX67
82,Pstpip1,10029.G3H0D3,description_exact_normalized,moderate,False,10029.G3H0D3
82,Fut8,10029.G3HCE4,preferred_symbol,high,False,10029.G3HCE4
82,LOC103163057,,,,False,
82,LOC100750571,10029.G3HLW7,LOC_numeric_gene_id,high,False,10029.G3HLW7
82,LOC118239613,,,,False,
82,Hoxa5,10029.G3HD73,description_exact_normalized,moderate,False,10029.G3HD73
82,LOC103162686,,,,False,
82,LOC107980239,,,,False,
82,LOC103158729,,,,False,
82,LOC118238844,,,,False,
82,Lrp3,10029.G3I930,description_exact_normalized,moderate,False,10029.G3I930
82,LOC113830896,,,,False,
82,LOC100759681,10029.G3IC91,description_exact_normalized,moderate,True,10029.G3IC91
82,LOC103163104,,,,False,
83,LOC118239130,,,,False,
83,LOC118239024,,,,False,
83,Postn,10029.G3ID97,preferred_symbol,high,False,10029.G3ID97
83,Defb124,,,,False,
83,Spp1,10029.G3IKQ9,preferred_symbol,high,False,10029.G3IKQ9
83,Areg,10029.G3IBU4,preferred_symbol,high,False,10029.G3IBU4
83,LOC107979030,,,,False,
83,Svip,,,,False,
83,LOC118239129,,,,False,
83,Angpt4,10029.G3H6X9,preferred_symbol,high,False,10029.G3H6X9
83,Mmp3,,,,False,
83,LOC113831991,,,,False,
83,Mmp12,10029.G3GUV3,preferred_symbol,high,False,10029.G3GUV3
83,LOC100775082,,,,False,
83,Sulf2,10029.G3H8T0,preferred_symbol,high,False,10029.G3H8T0
83,Antxr1,10029.G3HIC3,preferred_symbol,high,False,10029.G3HIC3
83,Thbs1,10029.G3HHV4,preferred_symbol,high,False,10029.G3HHV4
83,Aqp1,10029.G3HJL7,preferred_symbol,high,False,10029.G3HJL7
83,Mlph,10029.G3IKH2,preferred_symbol,high,False,10029.G3IKH2
84,LOC100774651,10029.G3ILM1,LOC_numeric_gene_id,high,False,10029.G3ILM1
84,LOC100760278,,,,False,
84,LOC100689270,,,,False,
84,LOC100768921,10029.G3HH76,LOC_numeric_gene_id,high,False,10029.G3HH76
84,LOC113833473,10029.G3HXF6,description_like_normalized,moderate,True,10029.G3HXF6
84,LOC103163795,10029.G3HJV4,LOC_numeric_gene_id,high,False,10029.G3HJV4
84,LOC107979008,,,,False,
84,LOC100765930,10029.G3HPQ9,LOC_numeric_gene_id,high,False,10029.G3HPQ9
84,LOC113833533,10029.G3I700,description_like_normalized,moderate,True,10029.G3I700
84,LOC100765207,10029.G3GZW1,LOC_numeric_gene_id,high,False,10029.G3GZW1
84,LOC113836326,,,,False,
84,LOC113832760,,,,False,
84,LOC100769446,10029.G3IHL4,LOC_numeric_gene_id,high,False,10029.G3IHL4
84,LOC100762137,,,,False,
84,LOC107976998,10029.G3HYG9,LOC_numeric_gene_id,high,False,10029.G3HYG9
84,LOC103159882,10029.G3HBD5,LOC_numeric_gene_id,high,False,10029.G3HBD5
84,LOC100769276,10029.G3H9H0,LOC_numeric_gene_id,high,False,10029.G3H9H0
84,LOC100758511,10029.G3GRE4,LOC_numeric_gene_id,high,False,10029.G3GRE4
84,LOC118238714,10029.G3HKR0,LOC_numeric_gene_id,high,False,10029.G3HKR0
84,LOC100766288,10029.G3I5W3,description_like_normalized,moderate,True,10029.G3I5W3
84,LOC103159049,10029.G3HBJ3,description_like_normalized,moderate,True,10029.G3HBJ3
84,LOC103163922,,,,False,
84,LOC100760515,10029.G3I2P0,LOC_numeric_gene_id,high,False,10029.G3I2P0
84,LOC100756490,10029.G3IHW0,description_like_normalized,moderate,True,10029.G3IHW0
84,LOC100773904,10029.G3H7H4,description_like_normalized,moderate,True,10029.G3H7H4
84,LOC100763697,10029.G3HHA3,description_like_normalized,moderate,True,10029.G3HHA3
84,LOC100762200,,,,False,
84,LOC113833490,10029.G3GY37,description_exact_normalized,moderate,True,10029.G3GY37
84,LOC113835571,,,,False,
84,LOC100765300,10029.G3GTA2,LOC_numeric_gene_id,high,False,10029.G3GTA2
84,LOC100770435,10029.G3INU6,description_like_normalized,moderate,True,10029.G3INU6
84,LOC113836395,,,,False,
84,LOC100755951,10029.G3H7J9,LOC_numeric_gene_id,high,False,10029.G3H7J9
84,LOC118237866,,,,False,
84,LOC100761739,10029.G3HG71,description_like_normalized,moderate,True,10029.G3HG71
84,LOC100772755,10029.G3HTC5,LOC_numeric_gene_id,high,False,10029.G3HTC5
84,LOC100769978,10029.G3HL06,LOC_numeric_gene_id,high,False,10029.G3HL06
84,LOC100765102,10029.G3IJH3,LOC_numeric_gene_id,high,False,10029.G3IJH3
84,LOC100772445,10029.G3HDS0,LOC_numeric_gene_id,high,False,10029.G3HDS0
84,LOC100766073,10029.G3IHW0,description_like_normalized,moderate,True,10029.G3IHW0
84,LOC100767038,10029.G3GS29,description_exact_normalized,moderate,True,10029.G3GS29
84,LOC100768273,10029.G3I100,LOC_numeric_gene_id,high,False,10029.G3I100
84,LOC103161736,10029.G3H9M4,LOC_numeric_gene_id,high,False,10029.G3H9M4
84,LOC107978793,10029.G3HK42,LOC_numeric_gene_id,high,False,10029.G3HK42
84,LOC100756207,10029.G3GWH0,LOC_numeric_gene_id,high,False,10029.G3GWH0
84,LOC100772695,10029.G3IF36,LOC_numeric_gene_id,high,False,10029.G3IF36
84,LOC100771208,10029.G3HQD6,LOC_numeric_gene_id,high,False,10029.G3HQD6
84,LOC100753076,10029.G3H349,description_like_normalized,moderate,True,10029.G3H349
84,LOC100762406,10029.G3GZP8,LOC_numeric_gene_id,high,False,10029.G3GZP8
84,LOC100761291,10029.G3H5C9,description_like_normalized,moderate,True,10029.G3H5C9
84,LOC100764354,10029.G3HED1,LOC_numeric_gene_id,high,False,10029.G3HED1
84,LOC103163371,10029.G3HGP4,description_exact_normalized,moderate,True,10029.G3HGP4
84,LOC113838088,,,,False,
84,LOC100774238,10029.G3HC84,description_like_normalized,moderate,True,10029.G3HC84
84,LOC100773511,10029.G3HIQ1,LOC_numeric_gene_id,high,False,10029.G3HIQ1
85,LOC113835234,,,,False,
85,LOC113835235,,,,False,
85,LOC113836845,,,,False,
85,LOC113836118,,,,False,
85,LOC113832536,,,,False,
85,LOC113835498,,,,False,
85,LOC113833645,,,,False,
85,LOC113832632,,,,False,
85,LOC113832209,,,,False,
85,LOC113831474,,,,False,
85,LOC113837083,,,,False,
85,LOC113835513,,,,False,
85,LOC113833020,,,,False,
85,LOC113831085,,,,False,
85,LOC113836853,,,,False,
85,LOC118237644,,,,False,
85,LOC113831025_1,,,,False,
85,LOC113835445,,,,False,
85,LOC113831084,,,,False,
85,LOC113833017,,,,False,
85,LOC113833916,,,,False,
85,LOC113833923,,,,False,
85,LOC113832306,,,,False,
85,LOC113832629,,,,False,
85,LOC113831025,,,,False,
85,Trnaa-agc_5,,,,False,
85,LOC113833054,,,,False,
85,Trnah-gug_11,,,,False,
85,LOC113831079,,,,False,
85,LOC113833236,,,,False,
85,Trnal-caa,,,,False,
85,LOC113836916,,,,False,
85,LOC113836324,,,,False,
85,LOC113836915,,,,False,
85,LOC113833053,,,,False,
85,LOC113832412,,,,False,
85,Trnal-caa_1,,,,False,
85,LOC113835509,,,,False,
85,LOC113835680,,,,False,
85,LOC113832844,,,,False,
85,LOC113835413,,,,False,
85,LOC113831086,,,,False,
85,LOC113830994,,,,False,
85,LOC113830825,,,,False,
85,LOC113835098,,,,False,
85,LOC113833406,,,,False,
85,LOC113834045,,,,False,
85,LOC100689269,,,,False,
85,LOC113833578,,,,False,
85,LOC113836041,,,,False,
85,LOC113836572,,,,False,
85,LOC113833235,,,,False,
85,LOC113836666,,,,False,
85,LOC113834297,,,,False,
85,LOC113832593,,,,False,
85,LOC113839001,,,,False,
85,Trnav-uac_1,,,,False,
85,LOC113836426,,,,False,
85,LOC113836457,,,,False,
85,LOC113833918,,,,False,
85,LOC113833640,,,,False,
85,LOC113836437,,,,False,
85,LOC113833145,,,,False,
85,Snord14e,,,,False,
85,LOC113835625,,,,False,
85,LOC113833676,,,,False,
85,LOC113834840,,,,False,
85,LOC113830963,,,,False,
85,LOC113835168,,,,False,
85,LOC113833169,,,,False,
85,LOC113835627,,,,False,
85,LOC113835077,,,,False,
85,Trnay-gua_9,,,,False,
85,LOC113836664,,,,False,
85,Trnag-ccc,,,,False,
86,Efemp1,10029.G3I9L7,description_exact_normalized,moderate,False,10029.G3I9L7
86,LOC113834278,,,,False,
86,Hnrnpab,10029.G3H2E2,official_alias,high,False,10029.G3H2E2
86,Aldh18a1,10029.G3HXX8,preferred_symbol,high,False,10029.G3HXX8
86,Procr,10029.G3HAQ0,preferred_symbol,high,False,10029.G3HAQ0
86,LOC100753467,10029.G3IFJ5,LOC_numeric_gene_id,high,False,10029.G3IFJ5
86,LOC100764080,10029.G3HU76,LOC_numeric_gene_id,high,False,10029.G3HU76
86,LOC103158925,,,,False,
86,Gnao1,10029.G3HIJ1,preferred_symbol,high,False,10029.G3HIJ1
86,Mtfr1,10029.G3I284,description_exact_normalized,moderate,False,10029.G3I284
86,LOC103159905,,,,False,
86,Mthfsd,10029.G3GRV8,preferred_symbol,high,False,10029.G3GRV8
86,LOC107977406,,,,False,
86,Col3a1,10029.G3IM20,preferred_symbol,high,False,10029.G3IM20
86,Flna,10029.G3IBK2,preferred_symbol,high,False,10029.G3IBK2
86,LOC103162856,,,,False,
86,LOC107980378,,,,False,
86,Thbs1,10029.G3HHV4,preferred_symbol,high,False,10029.G3HHV4
86,LOC100768211,10029.G3GYU0,LOC_numeric_gene_id,high,False,10029.G3GYU0
86,Pdpn,10029.G3IK06,preferred_symbol,high,False,10029.G3IK06
86,Psma8,,,,False,
86,Eif2ak2,,,,False,
86,LOC113835046,,,,False,
86,LOC103159933,,,,False,
86,Arhgef16,10029.G3IFA3,preferred_symbol,high,False,10029.G3IFA3
86,LOC113831453,,,,False,
86,LOC113837872,,,,False,
86,LOC107979380,,,,False,
86,LOC100762719,10029.G3HD81,LOC_numeric_gene_id,high,False,10029.G3HD81
86,LOC107977428,,,,False,
86,LOC103160946,,,,False,
86,LOC107978639,,,,False,
86,Gsdmd,10029.G3I5H6,preferred_symbol,high,False,10029.G3I5H6
86,Acadm,10029.G3GVU5,preferred_symbol,high,False,10029.G3GVU5
86,LOC100755423,10029.G3IET7,LOC_numeric_gene_id,high,False,10029.G3IET7
86,LOC113839468,,,,False,
86,Dcn,10029.G3HJG6,preferred_symbol,high,False,10029.G3HJG6
86,LOC100768488,,,,False,
86,Hoga1,10029.G3GZX4,preferred_symbol,high,False,10029.G3GZX4
86,LOC100750669,10029.G3H812,description_exact_normalized,moderate,False,10029.G3H812
86,Srpx,10029.G3GSF3,preferred_symbol,high,False,10029.G3GSF3
86,LOC118238703,,,,False,
86,LOC103162162,,,,False,
86,Ereg,10029.G3IBU3,preferred_symbol,high,False,10029.G3IBU3
86,Fstl3,10029.G3HF43,preferred_symbol,high,False,10029.G3HF43
86,Serpinb2,10029.G3HD32,reviewed_description_variant,moderate,False,10029.G3HD32
87,Adss1,,,,False,
87,Pde2a,10029.G3HZQ7,preferred_symbol,high,False,10029.G3HZQ7
87,Txnip,10029.G3H2T0,preferred_symbol,high,False,10029.G3H2T0
87,Icam5,10029.G3H6D2,description_exact_normalized,moderate,True,10029.G3H6D2
87,Trnal-aag_3,,,,False,
87,Tmeff1,10029.G3HJZ3,description_exact_normalized,tentative,True,10029.G3HJZ3
87,Igdcc4,,,,False,
87,Trnap-agg_1,,,,False,
87,LOC100768011,10029.G3IHD6,LOC_numeric_gene_id,high,False,10029.G3IHD6
87,Fam13b,10029.G3HF02,description_exact_normalized,moderate,False,10029.G3HF02
87,Fbxo36,10029.G3I8X5,preferred_symbol,high,False,10029.G3I8X5
87,P4ha3,,,,False,
87,Ccdc24,10029.G3HFF6,description_exact_normalized,moderate,False,10029.G3HFF6
87,LOC103163538,,,,False,
87,LOC118239233,,,,False,
87,LOC118239149,10029.G3HJR4,description_like_normalized,moderate,True,10029.G3HJR4
87,Pycr1,10029.G3GXB9,description_exact_normalized,moderate,False,10029.G3GXB9
87,LOC113836466,,,,False,
87,LOC113836831,,,,False,
87,Mgarp,10029.G3HAS7,preferred_symbol,high,False,10029.G3HAS7
87,Notch3,10029.G3HM56,description_like_normalized,moderate,True,10029.G3HM56
87,LOC103159146,,,,False,
87,Cnih2,10029.G3I2E8,preferred_symbol,high,False,10029.G3I2E8
87,Serpine1,10029.G3HA54,preferred_symbol,high,False,10029.G3HA54
87,LOC107977441,,,,False,
87,Tfrc,10029.G3GSM5,preferred_symbol,high,False,10029.G3GSM5
87,LOC113833389,,,,False,
87,LOC103163910,,,,False,
87,LOC107977165,10029.G3IPJ7,LOC_numeric_gene_id,high,False,10029.G3IPJ7
87,LOC103160324,,,,False,
87,LOC100767645,10029.G3IMZ0,description_exact_normalized,moderate,False,10029.G3IMZ0
87,Septin3,10029.G3IBR4,preferred_symbol,high,False,10029.G3IBR4
87,Ier3,10029.G3HQP6,preferred_symbol,high,False,10029.G3HQP6
87,LOC113834379,,,,False,
87,Tmem44,10029.G3GSI5,preferred_symbol,high,False,10029.G3GSI5
87,LOC100751267,10029.G3HCU6,LOC_numeric_gene_id,high,False,10029.G3HCU6
87,Synm,10029.G3HKI6,description_exact_normalized,moderate,False,10029.G3HKI6
87,Gpx1,10029.G3H8G0,preferred_symbol,high,False,10029.G3H8G0
87,Cers1,10029.G3H486,preferred_symbol,high,False,10029.G3H486
87,LOC113837384,,,,False,
87,Acp5,10029.G3H691,preferred_symbol,high,False,10029.G3H691
87,Mmp11,10029.G3HY12,preferred_symbol,high,False,10029.G3HY12
87,Naprt,10029.G3I5H4,preferred_symbol,high,False,10029.G3I5H4
87,Mettl26,10029.G3HBT8,preferred_symbol,high,False,10029.G3HBT8
87,Mir186,,,,False,
88,LOC113839001,,,,False,
88,Hmgn5,10029.G3I1P6,preferred_symbol,high,False,10029.G3I1P6
88,LOC113838061,,,,False,
88,LOC100774468,10029.G3HDS7,description_exact_normalized,moderate,False,10029.G3HDS7
88,Pabpc1,10029.G3I8S7,preferred_symbol,high,False,10029.G3I8S7
88,Mir1973,,,,False,
88,Tfap2a,10029.G3HFK4,description_exact_normalized,moderate,False,10029.G3HFK4
88,LOC113833054,,,,False,
88,Fus,10029.G3I7D7,preferred_symbol,high,False,10029.G3I7D7
88,LOC113838089,,,,False,
88,Srm,10029.G3IEE6,preferred_symbol,high,False,10029.G3IEE6
88,Tcf7l1,10029.G3HPZ8,preferred_symbol,high,False,10029.G3HPZ8
88,Pcbp2,10029.G3HV39,preferred_symbol,moderate,True,10029.G3HV39
88,LOC100750550,10029.G3INW9,LOC_numeric_gene_id,high,False,10029.G3INW9
88,Prkar1a,10029.G3H853,preferred_symbol,high,False,10029.G3H853
88,Zfyve21,10029.G3H385,description_exact_normalized,moderate,False,10029.G3H385
88,Smndc1,10029.G3ICI5,preferred_symbol,high,False,10029.G3ICI5
88,Vegfb,10029.G3I880,preferred_symbol,high,False,10029.G3I880
89,Lnx1,10029.G3I7T5,description_exact_normalized,moderate,False,10029.G3I7T5
89,Fabp4,10029.G3I4E8,preferred_symbol,high,False,10029.G3I4E8
89,LOC103162635,,,,False,
89,Ca3,10029.G3H2Q4,preferred_symbol,high,False,10029.G3H2Q4
89,LOC118238326,,,,False,
89,LOC107979269,,,,False,
89,Prxl2a,10029.G3HQ17,preferred_symbol,high,False,10029.G3HQ17
89,LOC118238321,,,,False,
89,C1qtnf1,10029.G3H3E2,description_exact_normalized,moderate,False,10029.G3H3E2
89,LOC118238651,,,,False,
89,LOC103161537,,,,False,
89,LOC107979210,,,,False,
89,Isg15,10029.G3I436,preferred_symbol,high,False,10029.G3I436
89,LOC113835325,,,,False,
89,Evl,10029.G3HIX0,preferred_symbol,high,False,10029.G3HIX0
89,LOC113833429,,,,False,
89,LOC103161069,,,,False,
89,LOC103162356,,,,False,
89,Lama3,10029.G3HT58,description_exact_normalized,moderate,False,10029.G3HT58
89,Nkd1,10029.G3H5M2,preferred_symbol,high,False,10029.G3H5M2
89,Arhgef16,10029.G3IFA3,preferred_symbol,high,False,10029.G3IFA3
89,LOC113831458,,,,False,
89,LOC103160018,,,,False,
89,LOC113838319,,,,False,
89,LOC118239591,,,,False,
89,LOC113836709,,,,False,
89,LOC103163538,,,,False,
89,Cd36,10029.G3HMH7,description_exact_normalized,moderate,False,10029.G3HMH7
89,LOC118238347,,,,False,
89,LOC100761756,10029.G3HNL4,LOC_numeric_gene_id,high,False,10029.G3HNL4
89,LOC103160922,,,,False,
89,Megf10,10029.G3H1B6,description_like_normalized,moderate,True,10029.G3H1B6
89,Stmn4,,,,False,
89,LOC118239682,,,,False,
89,LOC107978197,,,,False,
89,Fn1,10029.G3I1V3,preferred_symbol,high,False,10029.G3I1V3
89,Pthlh,10029.G3IAB1,preferred_symbol,high,False,10029.G3IAB1
89,Htr3a,10029.G3IKB9,preferred_symbol,high,False,10029.G3IKB9
89,LOC103161381,,,,False,
89,LOC107977215,,,,False,
89,LOC113831457,,,,False,
89,LOC118237953,,,,False,
89,Trnak-cuu,,,,False,
89,Il13ra2,,,,False,
89,LOC113836506,,,,False,
89,LOC100754872,,,,False,
89,Prr5,10029.G3IH15,preferred_symbol,high,False,10029.G3IH15
89,Ddit4l,10029.G3INL0,preferred_symbol,high,False,10029.G3INL0
89,LOC100766854,10029.G3GYT7,LOC_numeric_gene_id,high,False,10029.G3GYT7
90,Trib3,10029.G3I900,preferred_symbol,high,False,10029.G3I900
90,Asns,10029.G3I3J1,preferred_symbol,high,False,10029.G3I3J1
90,Atf5,10029.G3I723,preferred_symbol,high,False,10029.G3I723
90,Sesn2,10029.G3H1Z2,preferred_symbol,high,False,10029.G3H1Z2
90,Slc6a9,10029.G3HFF5,preferred_symbol,high,False,10029.G3HFF5
90,Ddit4,10029.G3I1Z3,preferred_symbol,high,False,10029.G3I1Z3
90,Atf4,10029.G3IHE0,preferred_symbol,high,False,10029.G3IHE0
90,Ddit3,10029.G3HW45,preferred_symbol,high,False,10029.G3HW45
90,Chac1,10029.G3ICK5,preferred_symbol,high,False,10029.G3ICK5
90,Stc2,10029.G3H9Q6,preferred_symbol,high,False,10029.G3H9Q6
90,Pycr1,10029.G3GXB9,description_exact_normalized,moderate,False,10029.G3GXB9
90,Psat1,10029.G3IKH9,preferred_symbol,high,False,10029.G3IKH9
90,Gpt2,10029.G3I8H6,preferred_symbol,high,False,10029.G3I8H6
90,LOC103161105,,,,False,
90,Gadd45a,,,,False,
90,Yars1,10029.G3H935,preferred_symbol,high,False,10029.G3H935
90,Mthfd2,10029.G3I4A7,preferred_symbol,high,False,10029.G3I4A7
90,LOC113834382,,,,False,
90,Nnmt,10029.G3I227,preferred_symbol,high,False,10029.G3I227
90,Aars1,10029.G3IG23,official_alias,high,False,10029.G3IG23
90,Pck2,10029.G3HDE8,preferred_symbol,high,False,10029.G3HDE8
90,Cars1,10029.G3IIT6,preferred_symbol,high,False,10029.G3IIT6
90,Mir450b,,,,False,
90,Gtpbp2,10029.G3IL34,description_exact_normalized,moderate,False,10029.G3IL34
90,LOC100757077,10029.G3IGW1,LOC_numeric_gene_id,high,False,10029.G3IGW1
90,LOC113834042,,,,False,
90,Nupr1,10029.G3IK17,description_exact_normalized,moderate,False,10029.G3IK17
90,Gars1,,,,False,
90,Niban1,10029.G3H9S0,preferred_symbol,high,False,10029.G3H9S0
90,LOC100772859,10029.G3HNG2,LOC_numeric_gene_id,high,False,10029.G3HNG2
90,Camlg,,,,False,
90,Iars1,10029.G3HP24,preferred_symbol,high,False,10029.G3HP24
90,Atf3,10029.G3I9A1,preferred_symbol,high,False,10029.G3I9A1
90,LOC113833814,,,,False,
90,Slc7a5,10029.G3GRU9,preferred_symbol,high,False,10029.G3GRU9
90,Cerk,10029.G3I825,preferred_symbol,high,False,10029.G3I825
90,Slc7a1,10029.G3GWG7,preferred_symbol,high,False,10029.G3GWG7
90,Mir23a,,,,False,
90,Herpud1,10029.G3HIK3,preferred_symbol,high,False,10029.G3HIK3
90,Il33,10029.G3I4V3,preferred_symbol,high,False,10029.G3I4V3
90,LOC103161546,,,,False,
90,Sars1,10029.P26636,preferred_symbol,high,False,10029.P26636
90,LOC118238565,,,,False,
90,Slc1a5,,,,False,
90,Tars1,10029.G3HIQ0,preferred_symbol,high,False,10029.G3HIQ0
90,Psph,10029.G3I2M2,preferred_symbol,high,False,10029.G3I2M2
90,Slc3a2,10029.G3IHN6,preferred_symbol,high,False,10029.G3IHN6
90,Eif4ebp1,10029.G3H1G2,preferred_symbol,high,False,10029.G3H1G2
90,LOC113834043,,,,False,
90,Postn,10029.G3ID97,preferred_symbol,high,False,10029.G3ID97
90,LOC118238326,,,,False,
90,Slc7a7,10029.G3HRC9,preferred_symbol,high,False,10029.G3HRC9
91,LOC103164370,,,,False,
91,Procr,10029.G3HAQ0,preferred_symbol,high,False,10029.G3HAQ0
91,Cxcl3,10029.A4URF0,preferred_symbol,high,False,10029.A4URF0
91,Mir186,,,,False,
91,LOC118239130,,,,False,
91,Thbs1,10029.G3HHV4,preferred_symbol,high,False,10029.G3HHV4
91,Mir27a,,,,False,
91,LOC100771838,10029.G3II08,LOC_numeric_gene_id,high,False,10029.G3II08
91,Resf1,,,,False,
91,Dpt,10029.G3HE53,preferred_symbol,high,False,10029.G3HE53
91,LOC100763261,10029.G3GTT3,LOC_numeric_gene_id,high,False,10029.G3GTT3
91,Fam13c,10029.G3I0N9,description_exact_normalized,moderate,False,10029.G3I0N9
91,C1qtnf1,10029.G3H3E2,description_exact_normalized,moderate,False,10029.G3H3E2
91,Ankrd30a,10029.G3HKS5,preferred_symbol,high,False,10029.G3HKS5
91,LOC113836601,,,,False,
91,Znf248,10029.G3HKS7,preferred_symbol,high,False,10029.G3HKS7
91,LOC103161500,,,,False,
91,LOC113834386,,,,False,
91,LOC100757831,10029.G3I7I6,description_like_normalized,moderate,True,10029.G3I7I6
91,Sulf2,10029.G3H8T0,preferred_symbol,high,False,10029.G3H8T0
91,LOC113835624,,,,False,
91,Ndrg1,10029.G3IMP5,description_exact_normalized,moderate,True,10029.G3IMP5
91,Ldhd,10029.G3I4P5,preferred_symbol,high,False,10029.G3I4P5
91,LOC118239129,,,,False,
91,LOC113837466,,,,False,
91,LOC100757534,10029.G3I3Y7,LOC_numeric_gene_id,high,False,10029.G3I3Y7
91,LOC113837437,,,,False,
91,P2ry11,,,,False,
91,LOC118237706,10029.G3IFK6,LOC_numeric_gene_id,high,False,10029.G3IFK6
92,LOC100762719,10029.G3HD81,LOC_numeric_gene_id,high,False,10029.G3HD81
92,Hoxa9,10029.G3HD80,preferred_symbol,high,False,10029.G3HD80
92,LOC103163470,,,,False,
92,LOC113833142,,,,False,
92,Nrg4,,,,False,
92,Hoxa7,10029.G3HD78,preferred_symbol,high,False,10029.G3HD78
92,LOC113831372,,,,False,
92,Hoxa6,10029.G3HD76,preferred_symbol,high,False,10029.G3HD76
92,LOC118238377,,,,False,
92,LOC113833786,,,,False,
92,LOC113833802,,,,False,
92,LOC118238721,10029.G3HGR8,description_like_normalized,moderate,True,10029.G3HGR8
92,LOC113835571,,,,False,
92,Hoxa5,10029.G3HD73,description_exact_normalized,moderate,False,10029.G3HD73
92,Mir3068,,,,False,
92,LOC103163104,,,,False,
92,LOC103159336,,,,False,
92,LOC113832629,,,,False,
92,LOC113833717,,,,False,
92,LOC107980197,,,,False,
92,LOC113833913,,,,False,
92,LOC113832801,,,,False,
92,LOC100766491,10029.G3IMC7,LOC_numeric_gene_id,high,False,10029.G3IMC7
92,LOC113837712,,,,False,
92,LOC113831513,,,,False,
92,Trnaa-ugc_1,,,,False,
92,LOC113833011,,,,False,
92,LOC103162998,,,,False,
92,Mir221,,,,False,
92,Mir6092,,,,False,
92,Mirlet7f,,,,False,
92,LOC113833923,,,,False,
92,LOC113832752,10029.G3HRM8,description_like_normalized,moderate,True,10029.G3HRM8
92,LOC113834042,,,,False,
92,LOC113834633,,,,False,
92,LOC100689270,,,,False,
92,LOC118239149,10029.G3HJR4,description_like_normalized,moderate,True,10029.G3HJR4
92,LOC118239500,,,,False,
92,Ptprt,10029.G3HDB1,preferred_symbol,high,False,10029.G3HDB1
92,LOC100769029,10029.G3I6C5,LOC_numeric_gene_id,high,False,10029.G3I6C5
92,LOC103161854,,,,False,
92,LOC113834111,,,,False,
92,LOC113834705,,,,False,
93,Cd9,10029.G3GUL4,preferred_symbol,high,False,10029.G3GUL4
93,LOC103162414,,,,False,
93,Lgals9,10029.G3GTQ7,preferred_symbol,high,False,10029.G3GTQ7
93,Gap43,10029.G3HJM9,preferred_symbol,high,False,10029.G3HJM9
93,Cd7,,,,False,
93,Ptprq,,,,False,
93,Wsb1,10029.G3GTQ8,preferred_symbol,high,False,10029.G3GTQ8
93,Pfkp,10029.G3GR86,preferred_symbol,high,False,10029.G3GR86
93,Tmem176b,10029.G3HB77,preferred_symbol,high,False,10029.G3HB77
93,LOC107977165,10029.G3IPJ7,LOC_numeric_gene_id,high,False,10029.G3IPJ7
93,Rarres2,10029.G3HB86,description_like_normalized,moderate,True,10029.G3HB86
93,Dcn,10029.G3HJG6,preferred_symbol,high,False,10029.G3HJG6
93,LOC103159579,,,,False,
93,Unc5c,10029.G3I5K1,preferred_symbol,high,False,10029.G3I5K1
93,LOC100751053,10029.G3H2I4,LOC_numeric_gene_id,high,False,10029.G3H2I4
93,LOC103164370,,,,False,
93,C1qtnf1,10029.G3H3E2,description_exact_normalized,moderate,False,10029.G3H3E2
93,Thbs1,10029.G3HHV4,preferred_symbol,high,False,10029.G3HHV4
93,Hpse,10029.G3IA26,description_exact_normalized,moderate,False,10029.G3IA26
93,LOC103160307,,,,False,
93,Tmem170b,10029.G3HSS8,preferred_symbol,high,False,10029.G3HSS8
93,LOC103163383,,,,False,
93,Pxdc1,10029.G3GZ15,preferred_symbol,high,False,10029.G3GZ15
93,LOC100770202,10029.G3GTQ9,description_exact_normalized,moderate,False,10029.G3GTQ9
93,LOC103163237,,,,False,
93,Fgd3,,,,False,
93,Lmo2,10029.G3GYY1,preferred_symbol,high,False,10029.G3GYY1
93,Serpinf1,10029.G3IKX2,preferred_symbol,high,False,10029.G3IKX2
93,Stmn4,,,,False,
93,Tmem176a,10029.G3HB76,preferred_symbol,high,False,10029.G3HB76
93,LOC103162193,,,,False,
93,Nt5c3b,10029.G3HLV2,preferred_symbol,high,False,10029.G3HLV2
93,Ptpre,10029.G3IFY9,description_exact_normalized,moderate,False,10029.G3IFY9
93,LOC113834403,,,,False,
93,LOC113831658,,,,False,
93,Trnat-cgu_1,,,,False,
93,LOC103160221,,,,False,
93,Dtx4,10029.G3IJM3,preferred_symbol,high,False,10029.G3IJM3
93,LOC113833487,,,,False,
93,Neu2,10029.G3I9L2,preferred_symbol,high,False,10029.G3I9L2
93,Ereg,10029.G3IBU3,preferred_symbol,high,False,10029.G3IBU3
93,LOC100756860,10029.G3I1Y3,LOC_numeric_gene_id,high,False,10029.G3I1Y3
93,LOC103162716,,,,False,
93,Oat,10029.G3HVE0,preferred_symbol,high,False,10029.G3HVE0
93,Lbh,10029.G3GW79,preferred_symbol,high,False,10029.G3GW79
93,Sdsl,10029.G3I6S8,preferred_symbol,high,False,10029.G3I6S8
93,LOC100759179,10029.G3I7E1,LOC_numeric_gene_id,high,False,10029.G3I7E1
93,Tnfaip6,10029.G3IDR6,preferred_symbol,high,False,10029.G3IDR6
93,Lrrc8b,10029.G3HSC3,preferred_symbol,high,False,10029.G3HSC3
93,Sirpa,10029.G3I1A6,preferred_symbol,high,False,10029.G3I1A6
93,Col3a1,10029.G3IM20,preferred_symbol,high,False,10029.G3IM20
93,Id2,10029.G3HM41,description_exact_normalized,moderate,False,10029.G3HM41
93,LOC103161473,,,,False,
93,Col6a2,10029.G3H8Y3,preferred_symbol,high,False,10029.G3H8Y3
93,LOC100761616,10029.G3GW09,description_like_normalized,moderate,True,10029.G3GW09
93,Pcgf6,10029.G3I6K6,description_exact_normalized,moderate,False,10029.G3I6K6
93,Dpt,10029.G3HE53,preferred_symbol,high,False,10029.G3HE53
93,Fam25a,,,,False,
93,LOC100771813,10029.G3I855,LOC_numeric_gene_id,high,False,10029.G3I855
93,Mt1,10029.G3HIK0,preferred_symbol,high,False,10029.G3HIK0
93,Vegfd,10029.G3HH94,description_exact_normalized,moderate,False,10029.G3HH94
93,Areg,10029.G3IBU4,preferred_symbol,high,False,10029.G3IBU4
94,Nppb,,,,False,
94,Cxcl12,10029.G3I6P7,preferred_symbol,high,False,10029.G3I6P7
94,LOC118238307,,,,False,
94,LOC100754872,,,,False,
94,Cdc42ep2,10029.G3IIW1,preferred_symbol,high,False,10029.G3IIW1
94,Mmp9,10029.G3H8V1,preferred_symbol,high,False,10029.G3H8V1
94,LOC100769145,10029.G3I7X5,LOC_numeric_gene_id,high,False,10029.G3I7X5
94,LOC118239682,,,,False,
94,LOC113831259,,,,False,
94,Ca3,10029.G3H2Q4,preferred_symbol,high,False,10029.G3H2Q4
94,Mir350,,,,False,
94,LOC100757077,10029.G3IGW1,LOC_numeric_gene_id,high,False,10029.G3IGW1
94,LOC103158607,,,,False,
94,Fn1,10029.G3I1V3,preferred_symbol,high,False,10029.G3I1V3
94,Osr1,10029.G3HDJ8,preferred_symbol,high,False,10029.G3HDJ8
94,Adm,10029.G3HYL8,preferred_symbol,high,False,10029.G3HYL8
94,Col6a1,10029.G3H8Y5,description_exact_normalized,moderate,False,10029.G3H8Y5
94,Angpt4,10029.G3H6X9,preferred_symbol,high,False,10029.G3H6X9
94,LOC113834350,,,,False,
94,Tinagl1,10029.G3H1W4,preferred_symbol,high,False,10029.G3H1W4
94,Col12a1,10029.G3HH34,description_exact_normalized,moderate,False,10029.G3HH34
94,LOC118239683,,,,False,
94,LOC107977033,10029.G3IL75,LOC_numeric_gene_id,high,False,10029.G3IL75
94,LOC118238674,,,,False,
94,Wnt4,10029.G3HIM9,preferred_symbol,high,False,10029.G3HIM9
94,LOC103160221,,,,False,
94,Gdpd4,,,,False,
94,LOC100769497,10029.G3I3E7,description_exact_normalized,moderate,False,10029.G3I3E7
94,LOC107977831,,,,False,
94,Ncald,10029.G3HKZ6,preferred_symbol,high,False,10029.G3HKZ6
94,Medag,10029.G3GWF9,preferred_symbol,high,False,10029.G3GWF9
94,LOC100768899,10029.G3INI9,LOC_numeric_gene_id,high,False,10029.G3INI9
94,LOC100763130,,,,False,
94,LOC100755423,10029.G3IET7,LOC_numeric_gene_id,high,False,10029.G3IET7
94,Itih5,10029.G3GR64,preferred_symbol,high,False,10029.G3GR64
94,Lfng,10029.G3GVF0,preferred_symbol,high,False,10029.G3GVF0
94,LOC100773073,,,,False,
94,LOC113833861,,,,False,
94,Mir23a,,,,False,
94,LOC113834942,,,,False,
94,Areg,10029.G3IBU4,preferred_symbol,high,False,10029.G3IBU4
94,LOC100771221,10029.G3I039,LOC_numeric_gene_id,high,False,10029.G3I039
94,LOC113831567,,,,False,
94,Vgf,,,,False,
94,Sytl2,10029.G3HXR4,preferred_symbol,high,False,10029.G3HXR4
94,Sema3b,10029.G3H8C9,preferred_symbol,high,False,10029.G3H8C9
94,LOC107977285,,,,False,
94,Htr1b,10029.G3HVW4,preferred_symbol,high,False,10029.G3HVW4
94,Slpi,10029.G3HLT0,description_exact_normalized,moderate,False,10029.G3HLT0
94,Dusp4,10029.G3H622,preferred_symbol,high,False,10029.G3H622
94,Niban1,10029.G3H9S0,preferred_symbol,high,False,10029.G3H9S0
94,Lpin3,,,,False,
94,Gas7,10029.G3GZ34,description_exact_normalized,moderate,False,10029.G3GZ34
94,Serpinf1,10029.G3IKX2,preferred_symbol,high,False,10029.G3IKX2
94,LOC113830641,10029.G3IM18,LOC_numeric_gene_id,high,False,10029.G3IM18
94,LOC113832497,,,,False,
94,Slc22a18,10029.G3HXY6,preferred_symbol,high,False,10029.G3HXY6
94,LOC103159864,,,,False,
94,Als2cl,10029.G3HT95,preferred_symbol,high,False,10029.G3HT95
94,Trpm8,10029.G3IKM2,description_exact_normalized,moderate,True,10029.G3IKM2
94,Tinag,,,,False,
94,LOC113832251,,,,False,
94,Slc11a1,10029.G3HWH5,description_exact_normalized,moderate,False,10029.G3HWH5
94,LOC118238921,,,,False,
94,LOC103159501,,,,False,
94,LOC103160324,,,,False,
94,Upb1,10029.G3HY21,preferred_symbol,high,False,10029.G3HY21
94,LOC100766772,,,,False,
94,Actc1,10029.G3H5Q0,preferred_symbol,high,False,10029.G3H5Q0
94,Ackr3,10029.G3IN06,preferred_symbol,high,False,10029.G3IN06
94,LOC100756791,,,,False,
94,LOC100768826,10029.G3HK06,LOC_numeric_gene_id,high,False,10029.G3HK06
94,LOC103163910,,,,False,
94,Susd1,10029.G3HPJ6,description_exact_normalized,moderate,False,10029.G3HPJ6
94,LOC113836458,,,,False,
94,LOC103163376,,,,False,
94,LOC100773612,10029.G3HK32,LOC_numeric_gene_id,high,False,10029.G3HK32
94,LOC118238272,,,,False,
94,LOC100763261,10029.G3GTT3,LOC_numeric_gene_id,high,False,10029.G3GTT3
94,Trnag-ccc_1,,,,False,
94,LOC100757534,10029.G3I3Y7,LOC_numeric_gene_id,high,False,10029.G3I3Y7
94,Calcr,10029.G3GXI2,preferred_symbol,high,False,10029.G3GXI2
94,Cmklr1,10029.G3HVJ2,preferred_symbol,high,False,10029.G3HVJ2
95,Hspa5,10029.G3I8R9,preferred_symbol,high,False,10029.G3I8R9
95,Sdf2l1,10029.G3HFY6,description_exact_normalized,moderate,False,10029.G3HFY6
95,Pdia4,10029.G3IDT6,preferred_symbol,high,False,10029.G3IDT6
95,Creld2,10029.G3IC16,preferred_symbol,high,False,10029.G3IC16
95,Herpud1,10029.G3HIK3,preferred_symbol,high,False,10029.G3HIK3
95,Hsp90b1,10029.G3HQM6,preferred_symbol,high,False,10029.G3HQM6
95,Hyou1,10029.G3I973,preferred_symbol,high,False,10029.G3I973
95,Manf,10029.G3H8A8,preferred_symbol,high,False,10029.G3H8A8
95,Gmppb,10029.G3H8E7,preferred_symbol,high,False,10029.G3H8E7
95,Sel1l,10029.G3HA80,preferred_symbol,high,False,10029.G3HA80
95,Ero1b,10029.G3HWE1,preferred_symbol,high,False,10029.G3HWE1
95,Dnajc3,10029.G3GS78,preferred_symbol,high,False,10029.G3GS78
95,Piga,10029.G3HH95,preferred_symbol,high,False,10029.G3HH95
95,Calr,10029.G3HCX8,preferred_symbol,high,False,10029.G3HCX8
95,LOC118239130,,,,False,
95,Mcf2l,10029.G3HK60,preferred_symbol,high,False,10029.G3HK60
95,Ficd,10029.A0A061I403,preferred_symbol,high,False,10029.A0A061I403
95,LOC118239129,,,,False,
95,Pdia3,,,,False,
95,Dnajb9,10029.G3H0N9,preferred_symbol,high,False,10029.G3H0N9
95,Pdia6,10029.G3HB04,preferred_symbol,high,False,10029.G3HB04
95,Slc9b2,,,,False,
95,LOC118239683,,,,False,
95,LOC100757077,10029.G3IGW1,LOC_numeric_gene_id,high,False,10029.G3IGW1
95,Ddit3,10029.G3HW45,preferred_symbol,high,False,10029.G3HW45
95,Cdk2ap2,10029.G3I3Y9,preferred_symbol,high,False,10029.G3I3Y9
95,Trnay-gua_6,,,,False,
95,Alg12,10029.G3IC17,preferred_symbol,high,False,10029.G3IC17
95,Selenos,,,,False,
95,LOC113830809,,,,False,
95,Nucb2,10029.G3IF52,description_exact_normalized,moderate,False,10029.G3IF52
96,Fxyd2,,,,False,
96,LOC118239682,,,,False,
96,Mcemp1,,,,False,
96,LOC100772378,,,,False,
96,LOC103161893,,,,False,
96,LOC100763261,10029.G3GTT3,LOC_numeric_gene_id,high,False,10029.G3GTT3
96,Cd74,10029.G3HS40,preferred_symbol,high,False,10029.G3HS40
96,LOC100761951,10029.G3HQT5,LOC_numeric_gene_id,high,False,10029.G3HQT5
96,Pla2g2a,10029.G3HU37,preferred_symbol,high,False,10029.G3HU37
96,Clec12b,10029.G3I1U8,preferred_symbol,high,False,10029.G3I1U8
96,LOC100753836,10029.G3HU93,LOC_numeric_gene_id,high,False,10029.G3HU93
96,LOC118239024,,,,False,
96,LOC113833091,,,,False,
96,LOC118239660,,,,False,
96,LOC113834367,,,,False,
96,Mir378,,,,False,
96,Egr1,10029.G3HEZ3,preferred_symbol,high,False,10029.G3HEZ3
96,Mir186,,,,False,
96,Prnd,10029.G3H415,preferred_symbol,high,False,10029.G3H415
96,LOC100772326,10029.G3ILL1,description_exact_normalized,moderate,False,10029.G3ILL1
96,Mmp2,10029.G3H0R8,preferred_symbol,high,False,10029.G3H0R8
96,Mir1973,,,,False,
96,Jsrp1,10029.G3HFB5,preferred_symbol,high,False,10029.G3HFB5
96,LOC113832552,,,,False,
96,LOC103164270,,,,False,
96,Gja8,10029.G3H2R1,preferred_symbol,high,False,10029.G3H2R1
96,LOC103161220,,,,False,
96,Fabp4,10029.G3I4E8,preferred_symbol,high,False,10029.G3I4E8
96,LOC113836831,,,,False,
96,Nkd1,10029.G3H5M2,preferred_symbol,high,False,10029.G3H5M2
97,LOC118239024,,,,False,
97,LOC118239683,,,,False,
97,LOC118239130,,,,False,
97,LOC103159905,,,,False,
97,Adh7,10029.G3ILW3,preferred_symbol,high,False,10029.G3ILW3
97,LOC118239129,,,,False,
97,Arsg,10029.G3H855,preferred_symbol,high,False,10029.G3H855
97,LOC118238335,,,,False,
97,LOC113831661,,,,False,
97,LOC103163383,,,,False,
97,LOC103162302,,,,False,
97,LOC103161500,,,,False,
97,Mlph,10029.G3IKH2,preferred_symbol,high,False,10029.G3IKH2
97,LOC118238520,,,,False,
97,LOC113834099,10029.G3H741,LOC_numeric_gene_id,high,False,10029.G3H741
97,LOC100774468,10029.G3HDS7,description_exact_normalized,moderate,False,10029.G3HDS7
97,LOC113836601,,,,False,
97,LOC118238651,,,,False,
97,LOC118237733,,,,False,
97,LOC100767818,,,,False,
97,LOC113836674,,,,False,
97,Mettl22,10029.G3GVN4,preferred_symbol,high,False,10029.G3GVN4
97,Selenbp1,10029.G3H302,preferred_symbol,high,False,10029.G3H302
98,Fabp4,10029.G3I4E8,preferred_symbol,high,False,10029.G3I4E8
98,LOC100771813,10029.G3I855,LOC_numeric_gene_id,high,False,10029.G3I855
98,LOC103159189,,,,False,
98,LOC100763261,10029.G3GTT3,LOC_numeric_gene_id,high,False,10029.G3GTT3
98,LOC113834615,,,,False,
98,Ncam1,10029.G3H2I6,description_exact_normalized,moderate,False,10029.G3H2I6
98,LOC103163886,,,,False,
98,Tdgf1,10029.G3HT98,preferred_symbol,high,False,10029.G3HT98
98,C3,10029.G3HCL6,preferred_symbol,high,False,10029.G3HCL6
98,Csf2,10029.G3H567,preferred_symbol,high,False,10029.G3H567
98,LOC107979247,,,,False,
98,LOC107979936,,,,False,
98,LOC100772574,,,,False,
98,LOC113830641,10029.G3IM18,LOC_numeric_gene_id,high,False,10029.G3IM18
98,LOC103161069,,,,False,
98,Ca3,10029.G3H2Q4,preferred_symbol,high,False,10029.G3H2Q4
98,Hprt1,10029.G3HGI4,preferred_symbol,high,False,10029.G3HGI4
98,LOC100769250,10029.G3IIG1,LOC_numeric_gene_id,high,False,10029.G3IIG1
98,Grhl2,10029.G3HKZ4,description_like_normalized,moderate,True,10029.G3HKZ4
98,C1qtnf1,10029.G3H3E2,description_exact_normalized,moderate,False,10029.G3H3E2
98,LOC103160844,,,,False,
98,LOC118238818,,,,False,
98,LOC107978184,,,,False,
98,LOC103161312,,,,False,
98,LOC113830882,,,,False,
98,LOC113834942,,,,False,
98,LOC100754807,10029.G3HM68,description_exact_normalized,moderate,False,10029.G3HM68
98,Col8a1,10029.G3HMN0,preferred_symbol,high,False,10029.G3HMN0
98,LOC113830932,,,,False,
98,Igf2bp2,10029.G3HKN0,preferred_symbol,high,False,10029.G3HKN0
98,Tmem176b,10029.G3HB77,preferred_symbol,high,False,10029.G3HB77
98,LOC100763833,10029.G3GTT2,LOC_numeric_gene_id,high,False,10029.G3GTT2
98,Cavin4,10029.G3HJZ2,preferred_symbol,high,False,10029.G3HJZ2
98,Id2,10029.G3HM41,description_exact_normalized,moderate,False,10029.G3HM41
98,LOC118239659,,,,False,
98,Ccr7,10029.G3I5N8,preferred_symbol,high,False,10029.G3I5N8
98,LOC113832856,,,,False,
98,Lmo7,10029.G3HNA6,description_exact_normalized,moderate,False,10029.G3HNA6
98,Efemp1,10029.G3I9L7,description_exact_normalized,moderate,False,10029.G3I9L7
98,Akt3,10029.G3HY42,preferred_symbol,high,False,10029.G3HY42
98,Stap2,10029.G3HCF6,preferred_symbol,high,False,10029.G3HCF6
99,LOC113835862,,,,False,
99,LOC113837101,,,,False,
99,Mir503,,,,False,
99,Arrdc3,10029.G3HZB1,preferred_symbol,high,False,10029.G3HZB1
99,LOC113834043,,,,False,
99,Trnak-uuu_4,,,,False,
99,Mir146b,,,,False,
99,Mir21,,,,False,
99,Txnip,10029.G3H2T0,preferred_symbol,high,False,10029.G3H2T0
99,LOC113834705,,,,False,
99,Trnak-cuu_54,,,,False,
99,Ccn1,10029.G3IDP5,preferred_symbol,high,False,10029.G3IDP5
99,LOC113832683,,,,False,
99,LOC113834386,,,,False,
99,Ankrd1,10029.G3H3V2,preferred_symbol,high,False,10029.G3H3V2
99,Mir1973,,,,False,
99,Trnal-uaa_1,,,,False,
99,Mir1249,,,,False,
99,LOC113837082,,,,False,
99,LOC118239682,,,,False,
99,Mir100,,,,False,
99,LOC113835429,,,,False,
99,Sdcbp2,10029.G3H6Y3,preferred_symbol,high,False,10029.G3H6Y3
99,Mir674,,,,False,
99,Trnan-guu,,,,False,
99,Trnac-gca_2,,,,False,
99,Trnaf-gaa_1,,,,False,
99,Ddit3,10029.G3HW45,preferred_symbol,high,False,10029.G3HW45
99,LOC113833912,,,,False,
100,LOC113833723,10029.G3HGR8,description_like_normalized,moderate,True,10029.G3HGR8
100,LOC118237690,10029.G3HC30,LOC_numeric_gene_id,high,False,10029.G3HC30
100,S100a4,10029.G3HC29,preferred_symbol,high,False,10029.G3HC29
100,LOC118239129,,,,False,
100,Ranbp3l,10029.G3HJU7,preferred_symbol,high,False,10029.G3HJU7
100,Stmn4,,,,False,
100,LOC113833455,,,,False,
100,Testin-2,10029.G3IEV8,preferred_symbol,high,False,10029.G3IEV8
100,LOC118239130,,,,False,
100,LOC100771838,10029.G3II08,LOC_numeric_gene_id,high,False,10029.G3II08
100,LOC113833050,,,,False,
100,LOC100754872,,,,False,
100,LOC113835508,,,,False,
100,Arhgef16,10029.G3IFA3,preferred_symbol,high,False,10029.G3IFA3
100,LOC118239681,,,,False,
100,LOC103158925,,,,False,
100,Pla2g2a,10029.G3HU37,preferred_symbol,high,False,10029.G3HU37
100,Mir22,,,,False,
100,LOC113837466,,,,False,
100,Nppb,,,,False,
100,LOC113832856,,,,False,
100,LOC103159626,,,,False,
101,LOC103164268,,,,False,
101,LOC118239505,,,,False,
101,LOC107979116,,,,False,
101,LOC113834560,,,,False,
101,LOC113831299,,,,False,
101,LOC113831491,,,,False,
101,LOC103160827,,,,False,
101,LOC118239644,,,,False,
101,LOC113832261,,,,False,
101,LOC107979474,,,,False,
101,LOC103164274,,,,False,
101,Plcxd3,,,,False,
101,Arhgap25,10029.G3HIB7,preferred_symbol,high,False,10029.G3HIB7
101,LOC103163417,,,,False,
101,LOC107980247,,,,False,
101,LOC100763247,10029.G3I9H9,LOC_numeric_gene_id,high,False,10029.G3I9H9
101,LOC103162212,,,,False,
101,LOC103160010,,,,False,
101,LOC103161398,,,,False,
101,LOC107980208,,,,False,
101,LOC107978216,,,,False,
101,LOC118239268,,,,False,
101,LOC118239562,,,,False,
101,LOC118239510,,,,False,
101,LOC103163458,,,,False,
101,LOC113833786,,,,False,
101,LOC103160625,,,,False,
101,LOC113836429,,,,False,
101,LOC113837017,,,,False,
101,LOC113834517,,,,False,
101,LOC113836416,,,,False,
101,Mirlet7c-2,,,,False,
101,LOC118238766,,,,False,
101,LOC100757754,10029.G3GTV4,LOC_numeric_gene_id,high,False,10029.G3GTV4
101,LOC103160225,,,,False,
101,LOC113835066,,,,False,
101,Eid3,,,,False,
101,LOC103162746,,,,False,
101,Mir374,,,,False,
101,Mir1956,,,,False,
101,LOC113833275,,,,False,
101,LOC118238829,,,,False,
101,LOC103160752,,,,False,
101,LOC107977627,,,,False,
101,LOC113837162,,,,False,
101,LOC103160919,,,,False,
101,LOC113831587,,,,False,
101,LOC103159188,,,,False,
101,LOC113839468,,,,False,
101,LOC103161306,,,,False,
101,LOC118238641,,,,False,
101,LOC113832343,,,,False,
101,LOC113834391,,,,False,
101,LOC107979269,,,,False,
101,LOC118239506,,,,False,
101,Marchf1,10029.G3HJX6,preferred_symbol,high,False,10029.G3HJX6
101,LOC103161883,,,,False,
101,LOC103163700,,,,False,
101,LOC113834422,,,,False,
101,LOC107978428,,,,False,
101,LOC113833685,,,,False,
101,LOC100759383,,,,False,
101,LOC113834277,,,,False,
101,LOC113835899,,,,False,
101,LOC118238272,,,,False,
101,LOC118238685,,,,False,
101,LOC103161022,,,,False,
101,LOC100760024,,,,False,
101,LOC107980349,,,,False,
101,LOC118238610,,,,False,
101,LOC113833997,,,,False,
101,LOC113834284,,,,False,
101,LOC103162162,,,,False,
101,LOC113836926,,,,False,
101,Gsdme,10029.G3H2K8,preferred_symbol,high,False,10029.G3H2K8
101,LOC113834421,,,,False,
102,Uap1l1,10029.G3IJB9,preferred_symbol,high,False,10029.G3IJB9
102,Map2k2,10029.G3HSM1,preferred_symbol,high,False,10029.G3HSM1
102,LOC118238392,,,,False,
102,LOC118238649,,,,False,
102,Plat,,,,False,
102,Il33,10029.G3I4V3,preferred_symbol,high,False,10029.G3I4V3
102,Arfrp1,10029.G3HGZ8,description_exact_normalized,moderate,True,10029.G3HGZ8
102,Gmppb,10029.G3H8E7,preferred_symbol,high,False,10029.G3H8E7
102,Yif1a,10029.G3I2E7,preferred_symbol,high,False,10029.G3I2E7
102,Jmjd7,10029.G3H0Z2,preferred_symbol,high,False,10029.G3H0Z2
102,Ccdc167,,,,False,
102,Spp1,10029.G3IKQ9,preferred_symbol,high,False,10029.G3IKQ9
102,Ftl,,,,False,
102,Nol12,10029.G3I4Z9,preferred_symbol,high,False,10029.G3I4Z9
102,Ttc14,10029.G3HTJ6,preferred_symbol,high,False,10029.G3HTJ6
102,Slc25a1,10029.G3HER1,preferred_symbol,high,False,10029.G3HER1
102,Atpsckmt,10029.G3H7K4,preferred_symbol,high,False,10029.G3H7K4
102,LOC113837215,,,,False,
102,Preb,10029.G3GXS8,preferred_symbol,high,False,10029.G3GXS8
102,S100a5,10029.G3HC31,preferred_symbol,high,False,10029.G3HC31
102,LOC113830954,,,,False,
102,Rbm3,10029.G3HND9,preferred_symbol,high,False,10029.G3HND9
102,Slc25a11,10029.G3GYC4,preferred_symbol,high,False,10029.G3GYC4
102,Rnf6,10029.G3GWJ4,preferred_symbol,high,False,10029.G3GWJ4
102,Hspa5,10029.G3I8R9,preferred_symbol,high,False,10029.G3I8R9
102,Gipc1,10029.G3HD20,preferred_symbol,high,False,10029.G3HD20
102,Mettl26,10029.G3HBT8,preferred_symbol,high,False,10029.G3HBT8
102,Efemp2,10029.G3I2G7,preferred_symbol,high,False,10029.G3I2G7
102,Phpt1,10029.G3IHB0,preferred_symbol,high,False,10029.G3IHB0
102,LOC103160811,,,,False,
103,Pdpn,10029.G3IK06,preferred_symbol,high,False,10029.G3IK06
103,Maged1,10029.G3HQ41,preferred_symbol,high,False,10029.G3HQ41
103,LOC103162302,,,,False,
103,Col4a1,10029.G3I7K9,preferred_symbol,high,False,10029.G3I7K9
103,LOC107977973,,,,False,
103,Vstm4,,,,False,
103,Col4a2,10029.G3I1T5,preferred_symbol,high,False,10029.G3I1T5
103,Dpt,10029.G3HE53,preferred_symbol,high,False,10029.G3HE53
103,Swap70,10029.G3I801,preferred_symbol,high,False,10029.G3I801
103,LOC103163470,,,,False,
103,Stard4,,,,False,
103,LOC103159589,,,,False,
103,LOC118238520,,,,False,
103,LOC100767818,,,,False,
103,Stc2,10029.G3H9Q6,preferred_symbol,high,False,10029.G3H9Q6
103,LOC107978394,,,,False,
103,LOC100759871,10029.G3IKH3,LOC_numeric_gene_id,high,False,10029.G3IKH3
103,Hes2,10029.G3IKF4,description_exact_normalized,moderate,False,10029.G3IKF4
103,Eif4e3,10029.G3GS51,preferred_symbol,high,False,10029.G3GS51
103,LOC103163630,,,,False,
103,Irs2,10029.G3IKD0,preferred_symbol,high,False,10029.G3IKD0
103,C1H12orf75,,,,False,
104,Igf2bp2,10029.G3HKN0,preferred_symbol,high,False,10029.G3HKN0
104,Fabp4,10029.G3I4E8,preferred_symbol,high,False,10029.G3I4E8
104,LOC100751053,10029.G3H2I4,LOC_numeric_gene_id,high,False,10029.G3H2I4
104,Rarres2,10029.G3HB86,description_like_normalized,moderate,True,10029.G3HB86
104,LOC113831499,,,,False,
104,Ccbe1,10029.G3HUJ0,preferred_symbol,high,False,10029.G3HUJ0
104,Cavin4,10029.G3HJZ2,preferred_symbol,high,False,10029.G3HJZ2
104,Hoxc10,10029.G3HV28,preferred_symbol,high,False,10029.G3HV28
104,Id2,10029.G3HM41,description_exact_normalized,moderate,False,10029.G3HM41
104,Il33,10029.G3I4V3,preferred_symbol,high,False,10029.G3I4V3
104,Aqp1,10029.G3HJL7,preferred_symbol,high,False,10029.G3HJL7
104,Mmp9,10029.G3H8V1,preferred_symbol,high,False,10029.G3H8V1
104,Hoxc8,10029.G3HV26,preferred_symbol,high,False,10029.G3HV26
104,Evl,10029.G3HIX0,preferred_symbol,high,False,10029.G3HIX0
104,Wnt4,10029.G3HIM9,preferred_symbol,high,False,10029.G3HIM9
104,Spp1,10029.G3IKQ9,preferred_symbol,high,False,10029.G3IKQ9
104,LOC100771813,10029.G3I855,LOC_numeric_gene_id,high,False,10029.G3I855
104,Ncam1,10029.G3H2I6,description_exact_normalized,moderate,False,10029.G3H2I6
104,Gpd1,10029.G3HX67,preferred_symbol,high,False,10029.G3HX67
104,LOC100763954,10029.G3HB74,LOC_numeric_gene_id,high,False,10029.G3HB74
105,LOC100763130,,,,False,
105,Dusp8,10029.G3I553,preferred_symbol,high,False,10029.G3I553
105,LOC100760218,10029.G3HZE5,description_exact_normalized,moderate,False,10029.G3HZE5
105,LOC113835261,,,,False,
105,LOC113833112,,,,False,
105,Isg15,10029.G3I436,preferred_symbol,high,False,10029.G3I436
105,Hsph1,,,,False,
105,Il6,10029.G3HVW6,description_exact_normalized,moderate,False,10029.G3HVW6
105,Csf2,10029.G3H567,preferred_symbol,high,False,10029.G3H567
105,LOC113836194,,,,False,
105,Clk1,10029.G3HUL1,preferred_symbol,high,False,10029.G3HUL1
105,Trnay-gua_6,,,,False,
105,Gadd45b,10029.G3HSM7,preferred_symbol,high,False,10029.G3HSM7
105,Crispld2,10029.G3GRX1,description_exact_normalized,moderate,False,10029.G3GRX1
105,LOC100752852,10029.G3I8C3,LOC_numeric_gene_id,high,False,10029.G3I8C3
105,LOC118237980,,,,False,
105,Csrnp1,10029.G3HQW5,preferred_symbol,high,False,10029.G3HQW5
105,LOC100689269,,,,False,
105,Snord14e,,,,False,
105,LOC118239372,,,,False,
105,LOC100754516,,,,False,
105,Nppb,,,,False,
105,Nr1d1,10029.G3I5M5,preferred_symbol,high,False,10029.G3I5M5
105,LOC103160587,,,,False,
105,Hspb1,10029.G3HA24,description_exact_normalized,moderate,False,10029.G3HA24
105,Tnfaip3,10029.G3GW61,preferred_symbol,high,False,10029.G3GW61
105,LOC113837453,,,,False,
105,LOC100764653,10029.G3HFD4,LOC_numeric_gene_id,high,False,10029.G3HFD4
105,Serpinf1,10029.G3IKX2,preferred_symbol,high,False,10029.G3IKX2
105,Zfand2a,10029.G3HUP1,preferred_symbol,high,False,10029.G3HUP1
105,Dnajb1,10029.G3HD21,preferred_symbol,high,False,10029.G3HD21
105,Bag3,10029.G3ICC2,preferred_symbol,high,False,10029.G3ICC2
105,LOC118237898,,,,False,
105,LOC113832543,,,,False,
105,Gpr176,10029.G3HHV2,preferred_symbol,high,False,10029.G3HHV2
105,Zc3h6,,,,False,
105,LOC113833117,,,,False,
105,Tmem106a,10029.G3HM07,preferred_symbol,high,False,10029.G3HM07
105,LOC100762293,10029.G3IKB5,LOC_numeric_gene_id,high,False,10029.G3IKB5
105,N4bp2l1,10029.G3HM84,preferred_symbol,high,False,10029.G3HM84
106,LOC118239328,,,,False,
107,LOC113833143,,,,False,
107,LOC113833013,,,,False,
107,LOC113836711,,,,False,
107,LOC113833675,,,,False,
107,LOC113833112,,,,False,
107,LOC113832494,,,,False,
107,LOC113832434,,,,False,
107,LOC113836507,,,,False,
107,LOC113831475,,,,False,
107,LOC113832308,,,,False,
107,LOC100766491,10029.G3IMC7,LOC_numeric_gene_id,high,False,10029.G3IMC7
107,Zfyve21,10029.G3H385,description_exact_normalized,moderate,False,10029.G3H385
107,LOC113837721,,,,False,
107,LOC113837712,,,,False,
107,Trnay-gua_9,,,,False,
107,LOC113833455,,,,False,
107,LOC118237826,,,,False,
107,LOC113836829,,,,False,
107,LOC113834111,,,,False,
107,Trnar-ucg_5,,,,False,
107,LOC113835447,,,,False,
107,LOC113833681,,,,False,
107,LOC113834529,,,,False,
107,Ankrd61,,,,False,
107,LOC113832735,,,,False,
107,LOC118239024,,,,False,
107,LOC103164370,,,,False,
107,LOC113833927,,,,False,
107,Mir3068,,,,False,
107,LOC113833116,,,,False,
107,LOC113837138,,,,False,
107,LOC113831734,,,,False,
107,LOC107977878,,,,False,
107,LOC113836532,,,,False,
107,LOC113833052,,,,False,
107,LOC113837437,,,,False,
107,LOC113832316,,,,False,
107,LOC113832994,,,,False,
107,LOC113831478,,,,False,
107,LOC113835100,,,,False,
107,Trnan-guu_11,,,,False,
107,Trnaq-uug,,,,False,
107,LOC113836617,,,,False,
107,LOC113836325,,,,False,
107,LOC113835413,,,,False,
107,LOC113831476,,,,False,
107,LOC113836576,,,,False,
107,LOC113837556,,,,False,
107,LOC118239268,,,,False,
107,Spn,10029.G3I4J7,preferred_symbol,high,False,10029.G3I4J7
107,LOC118237816,,,,False,
107,Trnat-cgu,,,,False,
107,LOC113836709,,,,False,
107,LOC113830993,,,,False,
107,LOC113837438,,,,False,
107,Trnak-uuu_5,,,,False,
107,LOC113834011,,,,False,
107,LOC113836322,,,,False,
107,P2ry11,,,,False,
107,LOC113832687,,,,False,
108,Rarres2,10029.G3HB86,description_like_normalized,moderate,True,10029.G3HB86
108,LOC113834403,,,,False,
108,Rcn2,10029.G3H0D2,preferred_symbol,high,False,10029.G3H0D2
108,LOC107977831,,,,False,
108,LOC103159905,,,,False,
108,LOC100760951,10029.G3IIK9,LOC_numeric_gene_id,high,False,10029.G3IIK9
108,Col6a1,10029.G3H8Y5,description_exact_normalized,moderate,False,10029.G3H8Y5
108,LOC103159102,,,,False,
108,LOC103163846,,,,False,
108,Tmem144,,,,False,
108,Fn1,10029.G3I1V3,preferred_symbol,high,False,10029.G3I1V3
108,Arpp21,10029.G3H2N3,description_exact_normalized,moderate,False,10029.G3H2N3
108,LOC113834062,,,,False,
108,LOC100762336,,,,False,
108,Mt1,10029.G3HIK0,preferred_symbol,high,False,10029.G3HIK0
108,Col18a1,10029.G3H8Y8,description_exact_normalized,moderate,False,10029.G3H8Y8
108,Arpp21_1,10029.G3H2N3,description_exact_normalized,moderate,False,10029.G3H2N3
108,LOC103163628,,,,False,
108,Abca1,10029.G3GTZ6,preferred_symbol,high,False,10029.G3GTZ6
108,LOC107978231,,,,False,
108,Sulf2,10029.G3H8T0,preferred_symbol,high,False,10029.G3H8T0
108,LOC100769497,10029.G3I3E7,description_exact_normalized,moderate,False,10029.G3I3E7
108,LOC103159449,,,,False,
108,LOC103158756,,,,False,
108,Tp53inp1,10029.G3HI20,preferred_symbol,high,False,10029.G3HI20
108,Oasl,10029.G3HI67,preferred_symbol,high,False,10029.G3HI67
108,LOC100757077,10029.G3IGW1,LOC_numeric_gene_id,high,False,10029.G3IGW1
108,Dzip1l,10029.G3HEX9,preferred_symbol,high,False,10029.G3HEX9
108,LOC100754872,,,,False,
108,LOC100773612,10029.G3HK32,LOC_numeric_gene_id,high,False,10029.G3HK32
108,Adgrg1,10029.G3I3K5,preferred_symbol,high,False,10029.G3I3K5
108,LOC118238648,,,,False,
108,LOC103164400,,,,False,
108,LOC103162356,,,,False,
108,F3,10029.G3IJA0,preferred_symbol,high,False,10029.G3IJA0
108,LOC103163910,,,,False,
108,Ntn4,10029.G3HBJ4,preferred_symbol,high,False,10029.G3HBJ4
108,LOC118238435,,,,False,
108,Gh1,10029.G3HCU5,preferred_symbol,high,False,10029.G3HCU5
108,Vnn1,10029.G3I740,preferred_symbol,high,False,10029.G3I740
108,LOC113834136,,,,False,
108,LOC103160608,,,,False,
108,Oat,10029.G3HVE0,preferred_symbol,high,False,10029.G3HVE0
108,Serpine1,10029.G3HA54,preferred_symbol,high,False,10029.G3HA54
108,LOC118239683,,,,False,
108,Mllt11,10029.G3H2Y4,preferred_symbol,high,False,10029.G3H2Y4
108,LOC100772574,,,,False,
108,Pacrgl,10029.G3IKA2,preferred_symbol,high,False,10029.G3IKA2
108,LOC113832674,,,,False,
108,Txnip,10029.G3H2T0,preferred_symbol,high,False,10029.G3H2T0
108,LOC100763249,10029.G3IFD3,LOC_numeric_gene_id,high,False,10029.G3IFD3
108,Cdnf,10029.G3GVR5,preferred_symbol,high,False,10029.G3GVR5
108,LOC103159589,,,,False,
108,Sox4,,description_fuzzy,,False,
108,Medag,10029.G3GWF9,preferred_symbol,high,False,10029.G3GWF9
109,Eef1a1,10029.G3IHP6,preferred_symbol,moderate,True,10029.G3IHP6
109,Actb,10029.G3GVD0,preferred_symbol,high,False,10029.G3GVD0
109,Fth1,10029.G3IEF1,preferred_symbol,high,False,10029.G3IEF1
109,Hspa8,10029.G3IDC2,preferred_symbol,high,False,10029.G3IDC2
109,Eif5a,10029.G3GY95,preferred_symbol,moderate,True,10029.G3GY95
109,LOC100754792,10029.G3HC85,LOC_numeric_gene_id,high,False,10029.G3HC85
109,Atp5f1b,10029.G3HRN0,preferred_symbol,high,False,10029.G3HRN0
109,Cfl1,10029.G3IDM2,preferred_symbol,high,False,10029.G3IDM2
109,Hsp90aa1,10029.G3H354,preferred_symbol,high,False,10029.G3H354
109,Eif3b,10029.G3GVF4,preferred_symbol,high,False,10029.G3GVF4
109,Cct7,10029.G3HYB7,preferred_symbol,high,False,10029.G3HYB7
109,LOC100765757,10029.G3I834,LOC_numeric_gene_id,high,False,10029.G3I834
109,LOC113830659,10029.G3IAQ0,LOC_numeric_gene_id,high,False,10029.G3IAQ0
109,Aldoa,10029.G3I4H6,preferred_symbol,high,False,10029.G3I4H6
110,Rn45s,,,,False,
110,Ccnd2,10029.G3GUJ9,preferred_symbol,high,False,10029.G3GUJ9
110,LOC113839000,,,,False,
110,LOC103159579,,,,False,
110,S100a16,10029.G3HC27,preferred_symbol,high,False,10029.G3HC27
110,LOC103160608,,,,False,
110,LOC118239683,,,,False,
110,Evl,10029.G3HIX0,preferred_symbol,high,False,10029.G3HIX0
110,Rab38,10029.G3I7N9,preferred_symbol,high,False,10029.G3I7N9
110,Dpt,10029.G3HE53,preferred_symbol,high,False,10029.G3HE53
110,LOC100753467,10029.G3IFJ5,LOC_numeric_gene_id,high,False,10029.G3IFJ5
110,LOC103159353,,,,False,
110,Rn5-8s,,,,False,
110,LOC103159033,,,,False,
110,LOC100769715,10029.G3I7X9,LOC_numeric_gene_id,high,False,10029.G3I7X9
110,Rgs16,10029.G3HG30,preferred_symbol,high,False,10029.G3HG30
110,LOC107979981,,,,False,
110,Resf1,,,,False,
110,Pcgf6,10029.G3I6K6,description_exact_normalized,moderate,False,10029.G3I6K6
110,LOC118238522,,,,False,
110,LOC113837124,,,,False,
110,LOC100768921,10029.G3HH76,LOC_numeric_gene_id,high,False,10029.G3HH76
110,LOC103161182,,,,False,
110,Trnas-gcu_1,,,,False,
110,LOC103161500,,,,False,
110,Sspn,10029.G3HXQ2,preferred_symbol,high,False,10029.G3HXQ2
110,CUNH16orf89,10029.G3HY33,preferred_symbol,high,False,10029.G3HY33
110,LOC113836601,,,,False,
111,Pdpn,10029.G3IK06,preferred_symbol,high,False,10029.G3IK06
111,Lum,10029.G3HJG5,preferred_symbol,high,False,10029.G3HJG5
111,LOC113837466,,,,False,
111,Pirt,10029.G3GZ44,preferred_symbol,high,False,10029.G3GZ44
111,LOC107979021,,,,False,
111,LOC100769145,10029.G3I7X5,LOC_numeric_gene_id,high,False,10029.G3I7X5
111,LOC100754646,,,,False,
111,Fabp4,10029.G3I4E8,preferred_symbol,high,False,10029.G3I4E8
111,LOC107979337,,,,False,
111,LOC113830878,,,,False,
111,LOC113836383,,,,False,
111,Prrx1,10029.G3HPM3,preferred_symbol,high,False,10029.G3HPM3
111,LOC103164015,,,,False,
111,LOC100759078,10029.G3IMS6,description_exact_normalized,moderate,False,10029.G3IMS6
111,LOC118239359,,,,False,
111,LOC100754872,,,,False,
111,Angpt4,10029.G3H6X9,preferred_symbol,high,False,10029.G3H6X9
111,Gem,10029.G3HI08,preferred_symbol,high,False,10029.G3HI08
111,LOC113834379,,,,False,
111,Adam19,10029.G3HFT4,preferred_symbol,high,False,10029.G3HFT4
111,C1qtnf1,10029.G3H3E2,description_exact_normalized,moderate,False,10029.G3H3E2
111,Col12a1,10029.G3HH34,description_exact_normalized,moderate,False,10029.G3HH34
111,C1H12orf75,,,,False,
111,LOC107979981,,,,False,
111,LOC103159982,,,,False,
111,Il19,10029.G3GZS9,preferred_symbol,high,False,10029.G3GZS9
111,LOC100768654,10029.G3I5L5,description_exact_normalized,moderate,True,10029.G3I5L5
111,Cnksr1,10029.G3I3D9,description_exact_normalized,moderate,False,10029.G3I3D9
111,Tp63,10029.G3GT84,preferred_symbol,high,False,10029.G3GT84
111,LOC103161308,,,,False,
111,Mir147,,,,False,
111,Ccbe1,10029.G3HUJ0,preferred_symbol,high,False,10029.G3HUJ0
111,LOC100760951,10029.G3IIK9,LOC_numeric_gene_id,high,False,10029.G3IIK9
111,LOC107977033,10029.G3IL75,LOC_numeric_gene_id,high,False,10029.G3IL75
111,Vegfd,10029.G3HH94,description_exact_normalized,moderate,False,10029.G3HH94
111,Dpt,10029.G3HE53,preferred_symbol,high,False,10029.G3HE53
111,Tnfsf4,10029.G3GZK7,preferred_symbol,high,False,10029.G3GZK7
111,Igf2bp3,10029.G3HVX5,description_exact_normalized,moderate,False,10029.G3HVX5
111,LOC113835080,,,,False,
111,LOC100754693,,,,False,
111,LOC118238818,,,,False,
112,LOC100773771,,,,False,
112,LOC113838319,,,,False,
112,Megf10,10029.G3H1B6,description_like_normalized,moderate,True,10029.G3H1B6
112,LOC103160274,,,,False,
112,LOC103158925,,,,False,
112,LOC103158717,,,,False,
112,Tnc,10029.G3HSG3,preferred_symbol,high,False,10029.G3HSG3
112,Clec4f,10029.G3I6F1,preferred_symbol,high,False,10029.G3I6F1
112,Ccdc190,10029.G3HQK0,preferred_symbol,high,False,10029.G3HQK0
112,LOC107978394,,,,False,
112,LOC103161381,,,,False,
112,LOC103159033,,,,False,
112,LOC118238272,,,,False,
112,LOC113833429,,,,False,
112,LOC113834277,,,,False,
112,LOC113833786,,,,False,
112,Pde1c,10029.G3HJL0,preferred_symbol,high,False,10029.G3HJL0
112,LOC118238398,,,,False,
112,LOC113833681,,,,False,
112,LOC103159587,,,,False,
112,Brinp3,10029.G3GWU9,preferred_symbol,high,False,10029.G3GWU9
112,LOC113834042,,,,False,
112,LOC113834284,,,,False,
112,LOC103159564,,,,False,
112,LOC118239375,,,,False,
112,LOC100772540,10029.G3HB80,LOC_numeric_gene_id,high,False,10029.G3HB80
112,LOC118238893,,,,False,
112,LOC113837864,,,,False,
112,LOC100754835,10029.G3I6N0,LOC_numeric_gene_id,high,False,10029.G3I6N0
112,Tcim,10029.G3HGG0,preferred_symbol,high,False,10029.G3HGG0
112,Bpifa3,,,,False,
112,LOC107979589,,,,False,
112,LOC113833702,,,,False,
112,LOC100771813,10029.G3I855,LOC_numeric_gene_id,high,False,10029.G3I855
112,LOC113831598,,,,False,
112,LOC113832863,,,,False,
112,Fmo2,10029.G3HPM0,preferred_symbol,high,False,10029.G3HPM0
112,LOC107978189,,,,False,
112,LOC100761793,10029.G3IC62,LOC_numeric_gene_id,high,False,10029.G3IC62
112,LOC103161223,,,,False,
112,Hvcn1,10029.G3H298,preferred_symbol,high,False,10029.G3H298
112,LOC118238100,,,,False,
112,LOC103158764,,,,False,
112,Adgrg2,,,,False,
112,LOC100762389,,,,False,
112,LOC103160471,,,,False,
112,Flnc,10029.G3GZ94,preferred_symbol,high,False,10029.G3GZ94
112,LOC103164274,,,,False,
112,LOC103159353,,,,False,
112,Arhgef16,10029.G3IFA3,preferred_symbol,high,False,10029.G3IFA3
112,Il21,10029.G3HTL7,preferred_symbol,high,False,10029.G3HTL7
112,Pvrig,,description_fuzzy,,False,
112,Unc5d,10029.G3H062,description_exact_normalized,moderate,False,10029.G3H062
112,LOC107978855,,,,False,
112,Hsd11b1,10029.G3H2M5,preferred_symbol,high,False,10029.G3H2M5
112,LOC118238249,,,,False,
112,LOC113835640,,,,False,
112,LOC113837354,,,,False,
112,LOC113835267,,,,False,
112,Slc6a13,,,,False,
112,LOC113836505,,,,False,
112,LOC103160386,,,,False,
112,Tmem176a,10029.G3HB76,preferred_symbol,high,False,10029.G3HB76
112,Add2,10029.G3I6E9,preferred_symbol,high,False,10029.G3I6E9
112,LOC118239581,,,,False,
112,Fam13c,10029.G3I0N9,description_exact_normalized,moderate,False,10029.G3I0N9
112,LOC107977223,,,,False,
113,Podnl1,10029.G3HD02,description_exact_normalized,moderate,False,10029.G3HD02
113,S100a16,10029.G3HC27,preferred_symbol,high,False,10029.G3HC27
113,Ddit4l,10029.G3INL0,preferred_symbol,high,False,10029.G3INL0
113,Ncf4,10029.G3IJC4,preferred_symbol,high,False,10029.G3IJC4
113,LOC113836845,,,,False,
113,Il33,10029.G3I4V3,preferred_symbol,high,False,10029.G3I4V3
113,Prr5,10029.G3IH15,preferred_symbol,high,False,10029.G3IH15
113,Pglyrp2,10029.G3HM66,preferred_symbol,high,False,10029.G3HM66
113,Fabp4,10029.G3I4E8,preferred_symbol,high,False,10029.G3I4E8
113,Inhbb,,,,False,
113,Mpeg1,10029.G3IJM4,preferred_symbol,high,False,10029.G3IJM4
113,Spn,10029.G3I4J7,preferred_symbol,high,False,10029.G3I4J7
113,Mogat2,10029.G3ILJ9,preferred_symbol,high,False,10029.G3ILJ9
113,LOC118237888,,,,False,
113,Ca3,10029.G3H2Q4,preferred_symbol,high,False,10029.G3H2Q4
113,LOC100768367,10029.G3I5L5,description_exact_normalized,moderate,True,10029.G3I5L5
113,Sh3tc1,10029.G3GWC0,reviewed_description_variant,moderate,False,10029.G3GWC0
113,LOC118238608,,,,False,
113,LOC100769255,10029.G3GYU2,LOC_numeric_gene_id,high,False,10029.G3GYU2
113,Cd36,10029.G3HMH7,description_exact_normalized,moderate,False,10029.G3HMH7
113,LOC118238818,,,,False,
113,LOC103159176,,,,False,
113,Mttp,,,,False,
113,LOC113833804,,,,False,
113,Vcam1,10029.G3ID63,preferred_symbol,high,False,10029.G3ID63
113,Cavin4,10029.G3HJZ2,preferred_symbol,high,False,10029.G3HJZ2
113,LOC100767530,10029.G3ILF2,description_exact_normalized,moderate,True,10029.G3ILF2
113,S100a4,10029.G3HC29,preferred_symbol,high,False,10029.G3HC29
113,B3gnt3,,description_fuzzy,,False,
113,LOC100760157,10029.G3GXH7,LOC_numeric_gene_id,high,False,10029.G3GXH7
113,Ecm1,10029.G3H2W6,preferred_symbol,high,False,10029.G3H2W6
114,Adam8,10029.G3IAM7,preferred_symbol,high,False,10029.G3IAM7
114,Ldha,10029.G3H0C9,description_exact_normalized,moderate,True,10029.G3H0C9
114,CUNH20orf202,,,,False,
114,Spp1,10029.G3IKQ9,preferred_symbol,high,False,10029.G3IKQ9
114,LOC100762719,10029.G3HD81,LOC_numeric_gene_id,high,False,10029.G3HD81
114,LOC100759681,10029.G3IC91,description_exact_normalized,moderate,True,10029.G3IC91
114,LOC107976981,10029.G3IC91,description_exact_normalized,moderate,True,10029.G3IC91
114,LOC113836198,,,,False,
114,Apobr,10029.G3IK15,preferred_symbol,high,False,10029.G3IK15
114,LOC100768899,10029.G3INI9,LOC_numeric_gene_id,high,False,10029.G3INI9
114,Mmp12,10029.G3GUV3,preferred_symbol,high,False,10029.G3GUV3
114,LOC113834942,,,,False,
114,LOC113839136,,,,False,
114,Trnad-guc_7,,,,False,
114,Hoxa9,10029.G3HD80,preferred_symbol,high,False,10029.G3HD80
114,LOC113835123,,,,False,
114,LOC118239202,,,,False,
114,LOC100760951,10029.G3IIK9,LOC_numeric_gene_id,high,False,10029.G3IIK9
114,LOC113838088,,,,False,
114,LOC113837845,10029.G3GY86,LOC_numeric_gene_id,high,False,10029.G3GY86
114,Nedd9,10029.G3HSS9,preferred_symbol,high,False,10029.G3HSS9
114,Tmem40,,,,False,
114,LOC113830641,10029.G3IM18,LOC_numeric_gene_id,high,False,10029.G3IM18
114,LOC113837769,,,,False,
114,Acta2,10029.G3HQY2,preferred_symbol,high,False,10029.G3HQY2
114,LOC113831885,,,,False,
114,LOC113833681,,,,False,
114,Thbs1,10029.G3HHV4,preferred_symbol,high,False,10029.G3HHV4
115,LOC118239062,10029.G3HD11,description_like_normalized,moderate,True,10029.G3HD11
115,LOC100754039,10029.G3I1H8,LOC_numeric_gene_id,high,False,10029.G3I1H8
115,Spag4,10029.G3HAR1,description_exact_normalized,moderate,False,10029.G3HAR1
115,Trnaq-uug_3,,,,False,
115,LOC113831048,,,,False,
115,Rasl10a,10029.G3HP07,preferred_symbol,high,False,10029.G3HP07
115,LOC103163071,,,,False,
115,Slc35g6,10029.G3GY79,preferred_symbol,high,False,10029.G3GY79
115,Mir1224,,,,False,
115,LOC113835034,,,,False,
115,Ptger1,10029.G3HD19,description_exact_normalized,moderate,False,10029.G3HD19
115,Map3k15,,,,False,
115,Spata21,10029.G3IJK7,description_exact_normalized,moderate,False,10029.G3IJK7
115,Tvp23a,10029.G3GWK2,preferred_symbol,high,False,10029.G3GWK2
115,Lrrc2,10029.G3HTA1,preferred_symbol,high,False,10029.G3HTA1
115,LOC118237919,,,,False,
115,Nrip2,10029.G3GUI5,description_exact_normalized,moderate,False,10029.G3GUI5
115,LOC103161546,,,,False,
115,LOC100755188,10029.G3HR18,LOC_numeric_gene_id,high,False,10029.G3HR18
115,Rec8,10029.G3HDD9,description_like_normalized,moderate,True,10029.G3HDD9
115,Pcif1,10029.G3H8V3,preferred_symbol,high,False,10029.G3H8V3
115,Stkld1,10029.G3I9R7,preferred_symbol,high,False,10029.G3I9R7
115,Lgals2,10029.G3I4Z4,preferred_symbol,high,False,10029.G3I4Z4
115,Bricd5,,,,False,
115,Ppp1r27,10029.G3GXA6,preferred_symbol,high,False,10029.G3GXA6
115,Apcdd1l,,,,False,
115,LOC113836270,,,,False,
115,LOC113837724,,,,False,
115,LOC118239052,,,,False,
115,Serinc4,10029.G3H0U0,preferred_symbol,high,False,10029.G3H0U0
115,LOC100766101,,,,False,
115,Grin3b,10029.G3HF55,preferred_symbol,high,False,10029.G3HF55
115,Sdr39u1,10029.G3HDH6,preferred_symbol,high,False,10029.G3HDH6
115,Cracr2b,,,,False,
115,LOC118239287,,,,False,
115,Rnf25,10029.G3HWG8,preferred_symbol,high,False,10029.G3HWG8
115,LOC118238892,,,,False,
115,LOC113833723,10029.G3HGR8,description_like_normalized,moderate,True,10029.G3HGR8
115,LOC113834776,,,,False,
115,Tm6sf1,,,,False,
115,LOC100770654,10029.G3IEE5,description_exact_normalized,moderate,False,10029.G3IEE5
115,Prodh,,,,False,
115,Kcng2,10029.G3HCQ4,preferred_symbol,high,False,10029.G3HCQ4
115,LOC113835951,,,,False,
115,LOC118237936,,,,False,
115,Dipk1a,10029.G3HED0,preferred_symbol,high,False,10029.G3HED0
115,Klhl34,,,,False,
115,Trnak-cuu_14,,,,False,
115,Rhoq,10029.G3I8N3,preferred_symbol,high,False,10029.G3I8N3
115,Trnay-gua_4,,,,False,
115,LOC103159909,,,,False,
115,Ddb2,10029.G3GYK1,description_exact_normalized,moderate,False,10029.G3GYK1
115,Card14,10029.G3HTE7,preferred_symbol,high,False,10029.G3HTE7
115,LOC103162003,10029.G3I2W7,LOC_numeric_gene_id,high,False,10029.G3I2W7
115,Mir1956,,,,False,
115,Tmem220,,,,False,
115,LOC118239024,,,,False,
115,LOC113836702,,,,False,
115,Stub1,10029.G3HBU2,preferred_symbol,high,False,10029.G3HBU2
115,CUNH17orf49,10029.G3GYA7,preferred_symbol,high,False,10029.G3GYA7
115,LOC118238272,,,,False,
115,Cmbl,10029.G3H7K6,preferred_symbol,high,False,10029.G3H7K6
115,LOC113833549,,,,False,
115,Fancd2os,10029.G3GX37,preferred_symbol,moderate,True,10029.G3GX37
115,LOC118239369,,description_fuzzy,,False,
115,Ddx49,10029.G3H484,preferred_symbol,high,False,10029.G3H484
115,LOC113833019,,,,False,
115,LOC113833653,,,,False,
115,LOC118239729,10029.G3HFM7,description_like_normalized,moderate,True,10029.G3HFM7
115,LOC100773455,10029.G3I6V3,LOC_numeric_gene_id,high,False,10029.G3I6V3
115,Isg15,10029.G3I436,preferred_symbol,high,False,10029.G3I436
115,LOC113831658,,,,False,
115,Mir30b,,,,False,
115,LOC103159724,,,,False,
115,Gpatch4,10029.G3HG77,description_exact_normalized,moderate,False,10029.G3HG77
115,LOC118238370,,,,False,
115,Sds,10029.G3I6S9,preferred_symbol,high,False,10029.G3I6S9
115,LOC113835824,10029.G3HPR7,description_like_normalized,moderate,True,10029.G3HPR7
115,C2H22orf23,10029.G3I507,preferred_symbol,high,False,10029.G3I507
115,LOC113832416,,,,False,
115,C1rl,10029.G3GUR3,preferred_symbol,high,False,10029.G3GUR3
115,Smpd3,10029.G3INZ5,preferred_symbol,moderate,True,10029.G3INZ5
115,LOC100768504,10029.G3GUP0,LOC_numeric_gene_id,high,False,10029.G3GUP0
115,Atp6v1c2,10029.G3HB03,preferred_symbol,high,False,10029.G3HB03
115,Lctl,10029.G3H8N4,description_exact_normalized,tentative,True,10029.G3H8N4
115,LOC113832752,10029.G3HRM8,description_like_normalized,moderate,True,10029.G3HRM8
115,Abhd1,10029.G3GXS6,preferred_symbol,high,False,10029.G3GXS6
115,Morn3,10029.G3H249,description_exact_normalized,moderate,False,10029.G3H249
115,LOC113831371,,,,False,
115,Higd1b,10029.G3HLL3,preferred_symbol,high,False,10029.G3HLL3
115,Ccdc125,10029.G3HRW1,description_exact_normalized,moderate,False,10029.G3HRW1
115,Ccdc39,10029.G3HTJ7,preferred_symbol,high,False,10029.G3HTJ7
115,LOC118238307,,,,False,
115,LOC103164270,,,,False,
115,Nnat,,,,False,
115,LOC113836929,,,,False,
115,Bbs2,10029.G3HIJ8,description_like_normalized,moderate,True,10029.G3HIJ8
115,Klhdc9,10029.G3HU09,preferred_symbol,high,False,10029.G3HU09
115,LOC113834997,,,,False,
115,LOC118238917,,,,False,
115,Rhoc,10029.G3IDS4,preferred_symbol,high,False,10029.G3IDS4
115,LOC113833833,10029.G3I5N0,description_like_normalized,moderate,True,10029.G3I5N0
115,LOC107980199,,,,False,
115,LOC113834903,,,,False,
115,Bcl2l1,10029.G3HEA7,preferred_symbol,high,False,10029.G3HEA7
115,Cebpzos,10029.G3HX94,preferred_symbol,high,False,10029.G3HX94
115,LOC118238290,,,,False,
115,Hyal2,10029.G3H8C4,preferred_symbol,high,False,10029.G3H8C4
115,Pdzk1,10029.G3H2R4,preferred_symbol,high,False,10029.G3H2R4
115,LOC118239065,,,,False,
115,Crip1,10029.G3IAZ4,preferred_symbol,high,False,10029.G3IAZ4
115,LOC118239612,,,,False,
115,Foxp3,10029.G3HNB1,preferred_symbol,high,False,10029.G3HNB1
115,LOC107978069,10029.G3HGR8,description_like_normalized,moderate,True,10029.G3HGR8
115,Phykpl,,,,False,
115,LOC118238499,,,,False,
115,LOC107978991,,,,False,
115,LOC113835819,,,,False,
116,LOC113835564,,,,False,
116,Mir125b-2,,,,False,
116,LOC113831414,,,,False,
116,LOC113833687,,,,False,
116,LOC113834983,,,,False,
116,LOC113831374,,,,False,
116,LOC118239162,,,,False,
116,LOC113834529,,,,False,
116,Mir23a,,,,False,
116,LOC113834712,,,,False,
116,LOC113832632,,,,False,
116,Trnac-gca_5,,,,False,
116,LOC113835448,,,,False,
116,Trnaa-agc_4,,,,False,
116,LOC113832495,,,,False,
117,Cd99,10029.G3IMF5,description_exact_normalized,moderate,False,10029.G3IMF5
117,LOC100753456,10029.G3GTN7,description_exact_normalized,moderate,True,10029.G3GTN7
117,LOC103158763,10029.G3INJ3,LOC_numeric_gene_id,high,False,10029.G3INJ3
117,LOC100762789,10029.G3GTN7,description_exact_normalized,moderate,True,10029.G3GTN7
117,LOC113837845,10029.G3GY86,LOC_numeric_gene_id,high,False,10029.G3GY86
117,LOC113838854,,,,False,
117,LOC113838852,,,,False,
117,LOC113838082,10029.G3HKT5,description_like_normalized,moderate,True,10029.G3HKT5
117,LOC113839076,10029.G3GTN7,description_like_normalized,moderate,True,10029.G3GTN7
117,LOC113838541,,,,False,
117,LOC113838539,,,,False,
117,LOC107977549,,,,False,
117,LOC113838105,10029.G3GTN7,description_like_normalized,moderate,True,10029.G3GTN7
117,LOC113838971,10029.G3INH3,LOC_numeric_gene_id,high,False,10029.G3INH3
117,LOC113839047,10029.G3GTN7,description_like_normalized,moderate,True,10029.G3GTN7
117,LOC113837915,10029.G3GTN7,description_like_normalized,moderate,True,10029.G3GTN7
117,LOC113838538,,,,False,
117,LOC113838537,,,,False,
117,LOC113838677,,,,False,
117,LOC118239790,,,,False,
117,LOC113831860,10029.G3GTN7,description_exact_normalized,moderate,True,10029.G3GTN7
117,LOC113838916,10029.G3GTN7,description_like_normalized,moderate,True,10029.G3GTN7
117,LOC113838855,,,,False,
117,Fabp4,10029.G3I4E8,preferred_symbol,high,False,10029.G3I4E8
117,LOC118239828,,,,False,
117,LOC103162695,10029.G3GTN7,description_exact_normalized,moderate,True,10029.G3GTN7
117,LOC113837977,10029.G3GTN7,description_like_normalized,moderate,True,10029.G3GTN7
118,Spp1,10029.G3IKQ9,preferred_symbol,high,False,10029.G3IKQ9
118,Pltp,10029.G3H8V4,preferred_symbol,high,False,10029.G3H8V4
118,B2m,10029.G3H0S7,preferred_symbol,high,False,10029.G3H0S7
118,Pros1,10029.G3GYG0,preferred_symbol,high,False,10029.G3GYG0
118,Itm2b,10029.G3HR88,preferred_symbol,high,False,10029.G3HR88
118,Aebp1,10029.G3HMA1,preferred_symbol,high,False,10029.G3HMA1
118,Gpnmb,10029.G3HVX3,preferred_symbol,high,False,10029.G3HVX3
118,Hpse,10029.G3IA26,description_exact_normalized,moderate,False,10029.G3IA26
118,LOC100768693,10029.G3INC5,LOC_numeric_gene_id,high,False,10029.G3INC5
118,Ctsa,10029.G3H8V5,preferred_symbol,high,False,10029.G3H8V5
118,Aplp2,10029.G3GTX5,description_exact_normalized,moderate,False,10029.G3GTX5
118,Rnaset2,10029.G3I4D4,preferred_symbol,high,False,10029.G3I4D4
118,Sparc,10029.G3H584,preferred_symbol,high,False,10029.G3H584
118,Lgals3bp,10029.G3H3E4,preferred_symbol,high,False,10029.G3H3E4
118,Gm2a,10029.G3H577,preferred_symbol,high,False,10029.G3H577
119,Mir1973,,,,False,
119,LOC113835510,,,,False,
119,LOC113834848,,,,False,
119,LOC113835840,,,,False,
119,LOC113831966,,,,False,
119,LOC118239159,,,,False,
119,LOC113837769,,,,False,
119,LOC113834698,,,,False,
119,LOC113834109,,,,False,
119,Mir1949,,,,False,
119,LOC113835822,,,,False,
119,Mir664,,,,False,
119,LOC113836222,,,,False,
119,LOC113836734,,,,False,
119,LOC113835408,,,,False,
119,LOC113832414,,,,False,
119,LOC113831553,,,,False,
119,LOC113833231,,,,False,
119,LOC113832735,,,,False,
119,LOC113836616,,,,False,
119,LOC113834111,,,,False,
119,LOC113830962,,,,False,
119,LOC113834847,,,,False,
119,LOC113836712,,,,False,
119,LOC100689270,,,,False,
119,LOC113830966,,,,False,
119,LOC113837330,,,,False,
119,LOC113837232,,,,False,
119,Trnag-gcc_3,,,,False,
119,LOC113831801,,,,False,
119,LOC113836857,,,,False,
119,LOC113834710,,,,False,
119,LOC113833013,,,,False,
119,LOC113832418,,,,False,
119,LOC113835076,,,,False,
119,LOC113830871,,,,False,
120,LOC113831472,,,,False,
120,LOC113835453,,,,False,
120,Trnae-uuc,,,,False,
120,LOC113836709,,,,False,
120,LOC113835099,,,,False,
120,LOC113833147,,,,False,
120,LOC113835100,,,,False,
120,LOC107977878,,,,False,
120,Trnar-ucu_2,,,,False,
120,Mir6092,,,,False,
120,Mirlet7f,,,,False,
120,LOC113832587,,,,False,
120,LOC113835627,,,,False,
120,LOC113834367,,,,False,
120,LOC113832318,,,,False,
120,LOC113834714,,,,False,
120,LOC113832306,,,,False,
120,Trnas-gcu_3,,,,False,
120,LOC113836710,,,,False,
120,LOC113832634,,,,False,
120,LOC113836316,,,,False,
120,LOC113837101,,,,False,
120,LOC113836865,,,,False,
120,Trnad-guc_6,,,,False,
120,LOC113835566,,,,False,
120,Trnar-acg_1,,,,False,
120,LOC113836702,,,,False,
120,Trnap-agg_1,,,,False,
120,LOC113834219,,,,False,
120,LOC113832860,,,,False,
120,LOC113835704,,,,False,
120,LOC113833406,,,,False,
120,Dpm3,10029.G3HC54,preferred_symbol,high,False,10029.G3HC54
120,LOC113832034,,,,False,
120,LOC118238393,,,,False,
120,LOC113835408,,,,False,
120,LOC113835562,,,,False,
120,Mir10b,,,,False,
120,LOC113831442,,,,False,
120,Trnah-gug_7,,,,False,
120,LOC103161562,,,,False,
120,LOC113833913,,,,False,
120,Trnak-cuu_49,,,,False,
120,LOC113833143,,,,False,
120,LOC113836713,,,,False,
120,LOC107977815,,,,False,
120,Trnak-cuu_30,,,,False,
121,LOC118239683,,,,False,
121,Fabp4,10029.G3I4E8,preferred_symbol,high,False,10029.G3I4E8
121,LOC113833685,,,,False,
121,Colq,,,,False,
121,Id2,10029.G3HM41,description_exact_normalized,moderate,False,10029.G3HM41
121,Ldha,10029.G3H0C9,description_exact_normalized,moderate,True,10029.G3H0C9
121,LOC103163886,,,,False,
121,LOC113834933,,,,False,
121,LOC113833723,10029.G3HGR8,description_like_normalized,moderate,True,10029.G3HGR8
121,LOC118239712,,,,False,
121,LOC113833009,,,,False,
121,LOC100769250,10029.G3IIG1,LOC_numeric_gene_id,high,False,10029.G3IIG1
121,LOC118239347,,,,False,
121,Trnan-guu_11,,,,False,
121,Nrg4,,,,False,
121,LOC113831472,,,,False,
121,LOC118239432,,,,False,
121,LOC113834219,,,,False,
121,Igf2bp2,10029.G3HKN0,preferred_symbol,high,False,10029.G3HKN0
121,Ccbe1,10029.G3HUJ0,preferred_symbol,high,False,10029.G3HUJ0
121,LOC100771813,10029.G3I855,LOC_numeric_gene_id,high,False,10029.G3I855
121,Isg15,10029.G3I436,preferred_symbol,high,False,10029.G3I436
121,Tmem176b,10029.G3HB77,preferred_symbol,high,False,10029.G3HB77
121,B4galt1,10029.G3I8W2,preferred_symbol,high,False,10029.G3I8W2
121,CUNH20orf202,,,,False,
121,C3,10029.G3HCL6,preferred_symbol,high,False,10029.G3HCL6
121,LOC100751053,10029.G3H2I4,LOC_numeric_gene_id,high,False,10029.G3H2I4
121,LOC107980197,,,,False,
121,Mir92a,,,,False,
122,LOC113833913,,,,False,
122,LOC118238367,10029.G3HGR8,description_like_normalized,moderate,True,10029.G3HGR8
122,LOC113831478,,,,False,
122,LOC118239681,,,,False,
123,LOC113834565,10029.G3HNY1,description_like_normalized,moderate,True,10029.G3HNY1
123,LOC100755733,10029.G3GYY0,LOC_numeric_gene_id,high,False,10029.G3GYY0
123,LOC113837023,10029.G3I129,description_like_normalized,moderate,True,10029.G3I129
123,LOC100757828,10029.G3GUM6,LOC_numeric_gene_id,high,False,10029.G3GUM6
123,LOC107977859,10029.G3H602,description_like_normalized,moderate,True,10029.G3H602
123,LOC103159947,10029.G3H3T7,LOC_numeric_gene_id,high,False,10029.G3H3T7
123,LOC100755284,10029.G3H5C9,description_like_normalized,moderate,True,10029.G3H5C9
123,LOC113833193,10029.G3ILU1,description_like_normalized,moderate,True,10029.G3ILU1
123,LOC100753142,10029.G3HYJ8,LOC_numeric_gene_id,high,False,10029.G3HYJ8
123,LOC113833490,10029.G3GY37,description_exact_normalized,moderate,True,10029.G3GY37
123,LOC100756289,10029.G3ICB6,LOC_numeric_gene_id,high,False,10029.G3ICB6
123,LOC100763702,10029.G3I0Q1,LOC_numeric_gene_id,high,False,10029.G3I0Q1
123,LOC100758567,10029.G3HJU9,description_like_normalized,moderate,True,10029.G3HJU9
123,S100a11,10029.G3HUU6,preferred_symbol,high,False,10029.G3HUU6
123,LOC100770739,10029.G3HW09,LOC_numeric_gene_id,high,False,10029.G3HW09
123,LOC100752397,10029.G3H2R3,LOC_numeric_gene_id,high,False,10029.G3H2R3
123,LOC100767038,10029.G3GS29,description_exact_normalized,moderate,True,10029.G3GS29
123,LOC100759247,10029.G3HWS6,LOC_numeric_gene_id,high,False,10029.G3HWS6
123,LOC100751955,10029.G3HXF6,LOC_numeric_gene_id,high,False,10029.G3HXF6
123,LOC100774879,10029.G3HG56,LOC_numeric_gene_id,high,False,10029.G3HG56
123,LOC113838089,,,,False,
123,LOC113831671,,,,False,
123,LOC100772859,10029.G3HNG2,LOC_numeric_gene_id,high,False,10029.G3HNG2
123,LOC100764007,10029.G3HMJ8,description_like_normalized,moderate,True,10029.G3HMJ8
123,LOC113832953,10029.G3HE56,description_like_normalized,moderate,True,10029.G3HE56
123,Actg1_1,10029.G3GX66,suffix_stripped_alias,moderate,True,10029.G3GX66
123,Ppdpf,10029.G3HGY9,preferred_symbol,high,False,10029.G3HGY9
123,LOC107979073,10029.G3H602,description_like_normalized,moderate,True,10029.G3H602
123,LOC100752071,10029.G3IBI6,LOC_numeric_gene_id,high,False,10029.G3IBI6
123,LOC113838061,,,,False,
123,LOC113839001,,,,False,
123,LOC100768457,10029.G3I9C4,LOC_numeric_gene_id,high,False,10029.G3I9C4
123,Tbc1d2b,10029.G3GTA3,preferred_symbol,high,False,10029.G3GTA3
123,LOC107977836,,,,False,
123,Exosc5,,,,False,
123,LOC100755794,10029.G3I9M5,LOC_numeric_gene_id,high,False,10029.G3I9M5
123,LOC113831042,,,,False,
124,LOC103162784,,,,False,
124,LOC100751053,10029.G3H2I4,LOC_numeric_gene_id,high,False,10029.G3H2I4
124,Wnk3,10029.G3H7T4,description_exact_normalized,moderate,False,10029.G3H7T4
124,Csrp2,10029.G3HT11,description_exact_normalized,moderate,False,10029.G3HT11
124,LOC103159579,,,,False,
124,Gpd1,10029.G3HX67,preferred_symbol,high,False,10029.G3HX67
124,Evl,10029.G3HIX0,preferred_symbol,high,False,10029.G3HIX0
124,Ptprm,10029.G3HIV1,preferred_symbol,high,False,10029.G3HIV1
124,Rftn2,10029.G3HL11,preferred_symbol,high,False,10029.G3HL11
124,Nrg4,,,,False,
124,LOC100762270,,,,False,
124,Mtcl1,10029.G3HIU8,preferred_symbol,high,False,10029.G3HIU8
124,LOC100773835,10029.G3IA94,LOC_numeric_gene_id,high,False,10029.G3IA94
125,LOC118239683,,,,False,
125,LOC113834219,,,,False,
125,Mirlet7d,,,,False,
125,LOC113831086,,,,False,
125,LOC113836830,,,,False,
125,LOC113834713,,,,False,
125,LOC113831373,,,,False,
125,LOC107977884,,,,False,
125,LOC113836317,,,,False,
125,LOC113833676,,,,False,
125,LOC113834983,,,,False,
125,LOC113834403,,,,False,
125,LOC113833675,,,,False,
125,LOC113833802,,,,False,
125,LOC113832801,,,,False,
125,LOC113830803,,,,False,
125,LOC113833117,,,,False,
125,LOC113836666,,,,False,
125,Mir3068,,,,False,
125,Mir1285,,,,False,
125,Trnak-cuu_67,,,,False,
125,LOC113836730,,,,False,
125,Mir632,,,,False,
125,LOC113830994,,,,False,
125,LOC113831472,,,,False,
125,LOC113833011,,,,False,
125,LOC113833915,,,,False,
125,LOC113834042,,,,False,
125,LOC113833697,,,,False,
125,LOC113835098,,,,False,
125,LOC113836709,,,,False,
125,Mir338,,,,False,
125,LOC113833685,,,,False,
125,LOC113834367,,,,False,
125,LOC100762200,,,,False,
125,Mir199a,,,,False,
125,LOC113835862,,,,False,
125,LOC113835524,,,,False,
125,LOC113836665,,,,False,
125,LOC113835413,,,,False,
125,LOC113836832,,,,False,
125,LOC113835498,,,,False,
125,LOC113835967,,,,False,
125,LOC118239149,10029.G3HJR4,description_like_normalized,moderate,True,10029.G3HJR4
125,LOC118238347,,,,False,
125,LOC113833871,,,,False,
125,LOC113837769,,,,False,
125,LOC118239581,,,,False,
125,LOC113835166,,,,False,
125,LOC113837220,,,,False,
125,LOC113832495,,,,False,
125,LOC113836829,,,,False,
125,LOC118238158,,,,False,
125,LOC113833147,,,,False,
125,Mir374,,,,False,
125,LOC118239482,,,,False,
125,LOC118238625,,,,False,
125,LOC113836426,,,,False,
126,Fos,10029.G3HFR4,preferred_symbol,high,False,10029.G3HFR4
126,Egr1,10029.G3HEZ3,preferred_symbol,high,False,10029.G3HEZ3
126,Egr2,10029.G3IP22,preferred_symbol,high,False,10029.G3IP22
126,Btg2,10029.G3HQC8,preferred_symbol,high,False,10029.G3HQC8
126,Mir221,,,,False,
126,Junb,,,,False,
126,Zfp36,10029.G3HJD4,preferred_symbol,high,False,10029.G3HJD4
126,Ccn1,10029.G3IDP5,preferred_symbol,high,False,10029.G3IDP5
126,LOC113834847,,,,False,
126,LOC113834001,10029.G3HH56,LOC_numeric_gene_id,high,False,10029.G3HH56
126,Sgk1,10029.G3I7Y2,preferred_symbol,high,False,10029.G3I7Y2
126,LOC118239683,,,,False,
126,LOC113834724,,,,False,
126,Mir21,,,,False,
126,Cxcl1,10029.G3I473,preferred_symbol,high,False,10029.G3I473
126,LOC113834219,,,,False,
126,LOC113835562,,,,False,
126,LOC100752904,10029.G3HDU1,LOC_numeric_gene_id,high,False,10029.G3HDU1
126,LOC113833921,,,,False,
126,LOC113833231,,,,False,
126,Dusp5,10029.G3ICI4,preferred_symbol,high,False,10029.G3ICI4
126,Ptgs2,10029.G3GWV6,preferred_symbol,high,False,10029.G3GWV6
127,LOC113839000,,,,False,
127,LOC113838088,,,,False,
127,Rn5-8s,,,,False,
127,LOC113838060,,,,False,
127,LOC113839001,,,,False,
127,Rn45s,,,,False,
127,Rn45s_1,,,,False,
127,Mir1973,,,,False,
127,LOC113838061,,,,False,
127,Rn28s1,,,,False,
127,LOC113838089,,,,False,
127,LOC113834297,,,,False,
127,Trnap-ugg_2,,,,False,
127,LOC113836198,,,,False,
127,LOC118239347,,,,False,
128,Lrp3,10029.G3I930,description_exact_normalized,moderate,False,10029.G3I930
128,Sulf2,10029.G3H8T0,preferred_symbol,high,False,10029.G3H8T0
128,LOC103160010,,,,False,
128,Ocel1,,,,False,
128,LOC100762719,10029.G3HD81,LOC_numeric_gene_id,high,False,10029.G3HD81
128,Rftn2,10029.G3HL11,preferred_symbol,high,False,10029.G3HL11
128,LOC113835460,,,,False,
128,Nrg4,,,,False,
128,Pdlim2,10029.G3GUY3,preferred_symbol,high,False,10029.G3GUY3
128,LOC103163470,,,,False,
128,LOC113836317,,,,False,
128,Hoxa9,10029.G3HD80,preferred_symbol,high,False,10029.G3HD80
128,LOC113838105,10029.G3GTN7,description_like_normalized,moderate,True,10029.G3GTN7
128,LOC113833913,,,,False,
128,Cd36,10029.G3HMH7,description_exact_normalized,moderate,False,10029.G3HMH7
128,LOC113838082,10029.G3HKT5,description_like_normalized,moderate,True,10029.G3HKT5
128,LOC100752592_1,10029.G3I7I6,description_like_normalized,moderate,True,10029.G3I7I6
128,LOC103160608,,,,False,
128,LOC100767530,10029.G3ILF2,description_exact_normalized,moderate,True,10029.G3ILF2
128,LOC118239790,,,,False,
128,LOC100765207,10029.G3GZW1,LOC_numeric_gene_id,high,False,10029.G3GZW1
128,LOC113831499,,,,False,
128,Kctd15,10029.G3HUM9,preferred_symbol,high,False,10029.G3HUM9
128,LOC100752107,,,,False,
128,LOC113832116,,,,False,
128,Lmo2,10029.G3GYY1,preferred_symbol,high,False,10029.G3GYY1
128,Hoxa7,10029.G3HD78,preferred_symbol,high,False,10029.G3HD78
128,LOC113832494,,,,False,
128,Lpl,10029.G3H6V7,preferred_symbol,high,False,10029.G3H6V7
128,LOC118239586,,,,False,
128,LOC113833786,,,,False,
129,LOC118238654,,,,False,
129,LOC100772509,10029.G3IJK1,LOC_numeric_gene_id,high,False,10029.G3IJK1
129,Ccl5,10029.G3I8B1,preferred_symbol,high,False,10029.G3I8B1
129,Cfap53,,,,False,
129,Trnak-uuu_1,,,,False,
129,LOC118238393,,,,False,
129,LOC113835261,,,,False,
129,Prlh,10029.G3IDY1,preferred_symbol,high,False,10029.G3IDY1
129,Pygm,10029.G3I6H1,preferred_symbol,high,False,10029.G3I6H1
129,Ccdc154,10029.G3HBX3,description_exact_normalized,moderate,False,10029.G3HBX3
129,LOC113832571,,,,False,
129,LOC113832434,,,,False,
129,LOC118238648,,,,False,
129,LOC113834136,,,,False,
129,LOC113832536,,,,False,
129,Mirlet7c-2,,,,False,
129,LOC107980199,,,,False,
129,LOC113833686,,,,False,
129,LOC113833861,,,,False,
129,Cxcl10,,,,False,
129,LOC118238646,,,,False,
129,LOC113837220,,,,False,
129,Ankrd61,,,,False,
129,CUNH2orf81,10029.G3I7W1,preferred_symbol,high,False,10029.G3I7W1
129,LOC118239656,,,,False,
129,Ftl,,,,False,
129,CUNH3orf62,10029.G3H8G3,preferred_symbol,high,False,10029.G3H8G3
129,Ctsk,10029.G3H2X4,preferred_symbol,high,False,10029.G3H2X4
129,Cxcl3,10029.A4URF0,preferred_symbol,high,False,10029.A4URF0
129,Lyzl6,10029.G3IPM6,preferred_symbol,high,False,10029.G3IPM6
129,Ifit2,10029.G3HQY7,preferred_symbol,high,False,10029.G3HQY7
129,LOC113833676,,,,False,
129,C1qtnf12,10029.G3I414,preferred_symbol,high,False,10029.G3I414
129,Mirlet7f,,,,False,
129,Amhr2,10029.G3HV40,preferred_symbol,high,False,10029.G3HV40
129,LOC100689270,,,,False,
129,LOC118237826,,,,False,
129,Mir1285,,,,False,
129,LOC118239724,,,,False,
129,Cxcl1,10029.G3I473,preferred_symbol,high,False,10029.G3I473
129,LOC113834739,10029.G3HQY7,description_exact_normalized,moderate,True,10029.G3HQY7
129,Shd,10029.G3HCF2,preferred_symbol,high,False,10029.G3HCF2
129,LOC100769139,10029.G3I4P2,LOC_numeric_gene_id,high,False,10029.G3I4P2
129,Pabpc1l,10029.G3HLS4,preferred_symbol,high,False,10029.G3HLS4
129,LOC118238692,,,,False,
129,Nrg4,,,,False,
129,Cdo1,,,,False,
129,Nacad,10029.G3HMC5,preferred_symbol,high,False,10029.G3HMC5
129,Pla2g2a,10029.G3HU37,preferred_symbol,high,False,10029.G3HU37
129,LOC113833183,,,,False,
129,LOC118238554,,,,False,
130,Adapt15,,,,False,
130,S100a16,10029.G3HC27,preferred_symbol,high,False,10029.G3HC27
130,Ncam1,10029.G3H2I6,description_exact_normalized,moderate,False,10029.G3H2I6
130,Ctsh,,,,False,
130,Adamts7,10029.G3GTA4,preferred_symbol,high,False,10029.G3GTA4
130,Cd7,,,,False,
130,C1qtnf5,10029.G3IID2,preferred_symbol,high,False,10029.G3IID2
130,Nppb,,,,False,
130,Pirt,10029.G3GZ44,preferred_symbol,high,False,10029.G3GZ44
130,LOC100751053,10029.G3H2I4,LOC_numeric_gene_id,high,False,10029.G3H2I4
130,Slc35f2,10029.G3I0C4,preferred_symbol,high,False,10029.G3I0C4
130,Efemp1,10029.G3I9L7,description_exact_normalized,moderate,False,10029.G3I9L7
130,Rarres2,10029.G3HB86,description_like_normalized,moderate,True,10029.G3HB86
130,Igf2bp2,10029.G3HKN0,preferred_symbol,high,False,10029.G3HKN0
130,C1qtnf1,10029.G3H3E2,description_exact_normalized,moderate,False,10029.G3H3E2
130,Fabp4,10029.G3I4E8,preferred_symbol,high,False,10029.G3I4E8
130,Zbtb32,,,,False,
130,Adam8,10029.G3IAM7,preferred_symbol,high,False,10029.G3IAM7
130,Col7a1,10029.G3HKP4,preferred_symbol,high,False,10029.G3HKP4
130,LOC103160386,,,,False,
130,Clu,10029.G3HNJ3,preferred_symbol,high,False,10029.G3HNJ3
130,Cfap99,,,,False,
130,Rftn2,10029.G3HL11,preferred_symbol,high,False,10029.G3HL11
130,LOC113835048,,,,False,
130,LOC113834615,,,,False,
130,LOC118238703,,,,False,
130,Nrg4,,,,False,
130,Evl,10029.G3HIX0,preferred_symbol,high,False,10029.G3HIX0
130,Kdelr3,10029.G3IJD0,preferred_symbol,high,False,10029.G3IJD0
130,Id3,10029.G3HMV1,preferred_symbol,high,False,10029.G3HMV1
130,Nppa,10029.G3IHM2,preferred_symbol,high,False,10029.G3IHM2
130,Fgfr1,,,,False,
130,LOC100768367,10029.G3I5L5,description_exact_normalized,moderate,True,10029.G3I5L5
130,LOC118239268,,,,False,
130,Slc25a36,10029.G3GSX2,preferred_symbol,high,False,10029.G3GSX2
130,Peli2,10029.G3HRV1,preferred_symbol,high,False,10029.G3HRV1
130,Cgnl1,10029.G3GRL6,preferred_symbol,high,False,10029.G3GRL6
130,LOC100757920,10029.G3I469,LOC_numeric_gene_id,high,False,10029.G3I469
130,Col12a1,10029.G3HH34,description_exact_normalized,moderate,False,10029.G3HH34
130,LOC118239159,,,,False,
130,Ap1s2,10029.G3I923,preferred_symbol,high,False,10029.G3I923
130,Pik3ap1,10029.G3GZV1,preferred_symbol,high,False,10029.G3GZV1
130,Sirpa,10029.G3I1A6,preferred_symbol,high,False,10029.G3I1A6
130,Ccr7,10029.G3I5N8,preferred_symbol,high,False,10029.G3I5N8
130,LOC100755596,10029.G3I3Y1,description_exact_normalized,moderate,False,10029.G3I3Y1
130,Mmp9,10029.G3H8V1,preferred_symbol,high,False,10029.G3H8V1
130,Pygo1,10029.G3GRK4,preferred_symbol,high,False,10029.G3GRK4
130,LOC100773073,,,,False,
130,Gnpda2,10029.G3IL43,preferred_symbol,high,False,10029.G3IL43
130,LOC113835995,,,,False,
130,Syap1,10029.G3I1W1,description_exact_normalized,moderate,False,10029.G3I1W1
130,Gfra3,10029.G3HEZ7,preferred_symbol,high,False,10029.G3HEZ7
130,Spp1,10029.G3IKQ9,preferred_symbol,high,False,10029.G3IKQ9
130,Znf280d,10029.G3GRL4,description_exact_normalized,moderate,False,10029.G3GRL4
130,Zrsr2,10029.G3I926,preferred_symbol,high,False,10029.G3I926
130,Retreg1,10029.G3HM29,preferred_symbol,high,False,10029.G3HM29
130,LOC113835248,,,,False,
130,Ehd3,10029.G3I4G0,preferred_symbol,high,False,10029.G3I4G0
130,Cacna2d2,10029.G3H8B6,description_exact_normalized,moderate,False,10029.G3H8B6
130,Cd36,10029.G3HMH7,description_exact_normalized,moderate,False,10029.G3HMH7
130,LOC103159766,,,,False,
130,Pfkfb4,10029.G3HKP6,preferred_symbol,high,False,10029.G3HKP6
130,Minar1,10029.G3GTB0,preferred_symbol,high,False,10029.G3GTB0
131,Mir21,,,,False,
131,LOC113833914,,,,False,
131,P2ry11,,,,False,
131,LOC113837553,,,,False,
131,LOC113834713,,,,False,
131,LOC113836711,,,,False,
131,LOC118239049,,,,False,
131,LOC113831553,,,,False,
131,Mir98,,,,False,
131,LOC113835445,,,,False,
131,LOC113836709,,,,False,
131,Trnas-cga_1,,,,False,
131,LOC113830762,,,,False,
131,LOC113832048,,,,False,
131,Mir350,,,,False,
131,LOC113833701,,,,False,
131,LOC113836434,,,,False,
131,LOC113834853,,,,False,
131,Mir3068,,,,False,
131,LOC113835501,,,,False,
131,LOC113830811,,,,False,
131,Mir10b,,,,False,
131,LOC107977878,,,,False,
131,Mir219b,,,,False,
131,LOC113834273,,,,False,
131,LOC113833687,,,,False,
131,LOC113835166,,,,False,
131,LOC113832495,,,,False,
131,LOC113836835,,,,False,
131,Mir25,,,,False,
131,LOC113836094,,,,False,
131,LOC113831655,,,,False,
131,LOC113834525,,,,False,
131,LOC118237816,,,,False,
131,LOC113836118,,,,False,
131,LOC113836570,,,,False,
131,Trnap-ugg_4,,,,False,
131,LOC113837441,,,,False,
131,LOC113832587,,,,False,
131,LOC113833467,,,,False,
131,LOC113834529,,,,False,
131,LOC113836325,,,,False,
131,Mirlet7f,,,,False,
131,LOC113830809,,,,False,
132,Syt9,10029.G3IFF8,preferred_symbol,high,False,10029.G3IFF8
132,LOC107979210,,,,False,
132,LOC113838990,10029.G3IJL4,description_like_normalized,moderate,True,10029.G3IJL4
132,LOC113836998,,,,False,
132,Synpr,10029.G3HIR4,preferred_symbol,high,False,10029.G3HIR4
132,Rn45s_1,,,,False,
132,LOC118239591,,,,False,
132,LOC113833142,,,,False,
132,Mir27a,,,,False,
132,LOC113833723,10029.G3HGR8,description_like_normalized,moderate,True,10029.G3HGR8
132,LOC113833675,,,,False,
132,Spn,10029.G3I4J7,preferred_symbol,high,False,10029.G3I4J7
132,Rn45s,,,,False,
132,LOC103162671,10029.G3I6I5,LOC_numeric_gene_id,high,False,10029.G3I6I5
132,Mir1973,,,,False,
132,Mir23a,,,,False,
132,Tfrc,10029.G3GSM5,preferred_symbol,high,False,10029.G3GSM5
132,LOC113836709,,,,False,
132,LOC113834136,,,,False,
132,LOC113838060,,,,False,
132,LOC113833050,,,,False,
132,LOC118238307,,,,False,
132,LOC113833681,,,,False,
132,LOC113837215,,,,False,
132,LOC100759693,10029.G3GS29,description_like_normalized,moderate,True,10029.G3GS29
132,LOC107977056,10029.G3H804,LOC_numeric_gene_id,high,False,10029.G3H804
132,LOC113832935,10029.G3HYJ8,description_like_normalized,moderate,True,10029.G3HYJ8
132,Mirlet7c-2,,,,False,
132,Abhd1,10029.G3GXS6,preferred_symbol,high,False,10029.G3GXS6
132,LOC118239081,,,,False,
132,LOC113836322,,,,False,
132,LOC100772445,10029.G3HDS0,LOC_numeric_gene_id,high,False,10029.G3HDS0
132,LOC113836458,,,,False,
132,LOC113833312,,,,False,
132,LOC113830843,,,,False,
132,LOC100766946,10029.G3IC63,description_like_normalized,moderate,True,10029.G3IC63
132,Snord14e,,,,False,
132,Actg1_1,10029.G3GX66,suffix_stripped_alias,moderate,True,10029.G3GX66
132,Pate1,,,,False,
132,LOC113833913,,,,False,
132,LOC113836011,,,,False,
132,LOC113837872,,,,False,
132,LOC100773485_1,10029.G3IL84,LOC_numeric_gene_id,high,False,10029.G3IL84
132,Trnal-uag_1,,,,False,
133,LOC118238625,,,,False,
133,LOC100760278,,,,False,
133,Mir652,,,,False,
133,LOC113830871,,,,False,
133,LOC113835566,,,,False,
133,LOC113837062,,,,False,
133,LOC103160404,,,,False,
133,LOC107977836,,,,False,
133,Ccny_1,10029.G3H3N6,suffix_stripped_alias,moderate,False,10029.G3H3N6
133,LOC113833456,,,,False,
133,LOC113836037,,,,False,
133,LOC103159629,10029.G3I4W4,LOC_numeric_gene_id,high,False,10029.G3I4W4
133,LOC113832500,,,,False,
133,LOC113833691,,,,False,
133,LOC118238714,10029.G3HKR0,LOC_numeric_gene_id,high,False,10029.G3HKR0
133,Mir23a,,,,False,
133,LOC100689270,,,,False,
133,LOC113833675,,,,False,
133,LOC113834219,,,,False,
133,LOC113832600,,,,False,
133,LOC113832434,,,,False,
133,LOC113836435,,,,False,
133,LOC113834714,,,,False,
133,Ndufb4,10029.G3HAI5,preferred_symbol,high,False,10029.G3HAI5
133,LOC113832801,,,,False,
133,LOC113832597,,,,False,
133,LOC100765692,10029.G3IM64,description_like_normalized,moderate,True,10029.G3IM64
133,LOC113833686,,,,False,
133,LOC113836730,,,,False,
133,LOC100765930,10029.G3HPQ9,LOC_numeric_gene_id,high,False,10029.G3HPQ9
133,LOC113831475,,,,False,
133,LOC113832320,,,,False,
133,LOC113833702,,,,False,
133,LOC113831476,,,,False,
133,LOC113836709,,,,False,
134,LOC118238844,,,,False,
134,LOC113834022,,,,False,
134,LOC113832785,10029.G3HM62,description_like_normalized,moderate,True,10029.G3HM62
134,LOC113835995,,,,False,
134,LOC113834410,,,,False,
134,LOC118239613,,,,False,
134,LOC113834411,10029.G3HM62,description_like_normalized,moderate,True,10029.G3HM62
134,LOC118238207,,,,False,
134,LOC107977836,,,,False,
134,LOC118239448,10029.G3HM62,description_like_normalized,moderate,True,10029.G3HM62
134,LOC113834714,,,,False,
134,LOC103164270,,,,False,
134,LOC118239618,,,,False,
134,LOC113835040,,,,False,
134,LOC113835850,10029.G3HM62,description_like_normalized,moderate,True,10029.G3HM62
134,LOC113836458,,,,False,
134,LOC118239124,,,,False,
134,Mir186,,,,False,
134,LOC113834408,,,,False,
134,LOC113834350,,,,False,
134,LOC113836324,,,,False,
134,LOC113833916,,,,False,
134,LOC100689270,,,,False,
134,LOC113833702,,,,False,
134,Igf2bp2,10029.G3HKN0,preferred_symbol,high,False,10029.G3HKN0
134,Nrg4,,,,False,
134,Spn,10029.G3I4J7,preferred_symbol,high,False,10029.G3I4J7
134,LOC113835195,,,,False,
134,LOC113833012,,,,False,
134,LOC103161595,,,,False,
134,Fabp4,10029.G3I4E8,preferred_symbol,high,False,10029.G3I4E8
134,LOC118239699,,,,False,
134,Rarres2,10029.G3HB86,description_like_normalized,moderate,True,10029.G3HB86
134,LOC113833455,,,,False,
134,LOC118238646,,,,False,
134,Gpd1,10029.G3HX67,preferred_symbol,high,False,10029.G3HX67
134,LOC113831885,,,,False,
134,Trnap-agg,,,,False,
134,LOC118238830,,,,False,
134,LOC113836320,,,,False,
134,LOC118239683,,,,False,
134,LOC118238721,10029.G3HGR8,description_like_normalized,moderate,True,10029.G3HGR8
134,LOC100766946,10029.G3IC63,description_like_normalized,moderate,True,10029.G3IC63
134,LOC118239049,,,,False,
134,LOC113831639,,,,False,
134,LOC113833456,,,,False,
134,LOC103160499,,,,False,
134,LOC113835076,,,,False,
134,Ddit4,10029.G3I1Z3,preferred_symbol,high,False,10029.G3I1Z3
134,LOC113831194,,,,False,
134,LOC113831374,,,,False,
134,LOC100757772,,,,False,
134,LOC113831476,,,,False,
135,LOC113834042,,,,False,
135,LOC118239111,,,,False,
135,LOC118238721,10029.G3HGR8,description_like_normalized,moderate,True,10029.G3HGR8
135,LOC113836198,,,,False,
135,Mir3068,,,,False,
135,LOC113837769,,,,False,
135,LOC113831837,,,,False,
135,Mir6092,,,,False,
135,LOC113836317,,,,False,
135,Mir1973,,,,False,
135,LOC113834367,,,,False,
135,LOC113835163,,,,False,
135,LOC113833116,,,,False,
135,LOC107980199,,,,False,
135,LOC113834529,,,,False,
135,P2ry11,,,,False,
135,LOC113835967,,,,False,
135,LOC113830843,,,,False,
135,LOC113835453,,,,False,
135,LOC113834525,,,,False,
135,LOC113831734,,,,False,
135,LOC113834219,,,,False,
135,LOC113836458,,,,False,
135,LOC113835414,,,,False,
135,LOC100762783,,,,False,
135,LOC113833916,,,,False,
135,Mir22,,,,False,
135,LOC113835524,,,,False,
135,LOC100689270,,,,False,
135,LOC118239039,,,,False,
135,LOC113837556,,,,False,
135,LOC113830962,,,,False,
136,Pirt,10029.G3GZ44,preferred_symbol,high,False,10029.G3GZ44
136,Asns,10029.G3I3J1,preferred_symbol,high,False,10029.G3I3J1
136,Trnak-uuu_1,,,,False,
136,LOC113833142,,,,False,
136,Mirlet7c-2,,,,False,
136,LOC113837470,,,,False,
136,LOC113835267,,,,False,
136,Aqp1,10029.G3HJL7,preferred_symbol,high,False,10029.G3HJL7
136,LOC113834219,,,,False,
136,LOC100768165,10029.G3HXD5,LOC_numeric_gene_id,high,False,10029.G3HXD5
136,Iyd,10029.G3GU08,preferred_symbol,high,False,10029.G3GU08
136,LOC113832434,,,,False,
136,Bgn,10029.G3HSX8,preferred_symbol,high,False,10029.G3HSX8
136,LOC113833011,,,,False,
136,Cldn15,10029.G3HA47,preferred_symbol,high,False,10029.G3HA47
136,LOC118239586,,,,False,
136,LOC113833999,,,,False,
136,LOC113834386,,,,False,
136,Mirlet7f,,,,False,
136,Mirlet7d,,,,False,
136,Ccbe1,10029.G3HUJ0,preferred_symbol,high,False,10029.G3HUJ0
136,Mir21,,,,False,
136,LOC113833675,,,,False,
136,Pdlim2,10029.G3GUY3,preferred_symbol,high,False,10029.G3GUY3
136,LOC118239149,10029.G3HJR4,description_like_normalized,moderate,True,10029.G3HJR4
136,LOC113835905,,,,False,
136,Pon2,10029.G3HT86,description_exact_normalized,moderate,False,10029.G3HT86
136,LOC118239039,,,,False,
136,LOC113833676,,,,False,
136,LOC103163470,,,,False,
136,LOC113831028,,,,False,
136,LOC113837721,,,,False,
136,Il33,10029.G3I4V3,preferred_symbol,high,False,10029.G3I4V3
136,LOC100752430,,,,False,
136,Mir1973,,,,False,
137,LOC118238272,,,,False,
137,LOC113836830,,,,False,
137,LOC113836831,,,,False,
137,LOC113836194,,,,False,
137,Mir25,,,,False,
137,Mir92a,,,,False,
137,LOC113832498,,,,False,
137,LOC113832735,,,,False,
137,LOC113831473,,,,False,
137,LOC113834003,,,,False,
137,LOC113835076,,,,False,
137,LOC113831478,,,,False,
137,LOC113837769,,,,False,
137,LOC113833927,,,,False,
137,LOC113834475,,,,False,
137,LOC113836317,,,,False,
137,LOC113831735,,,,False,
137,LOC113830994,,,,False,
137,LOC113833681,,,,False,
137,LOC113831655,,,,False,
137,LOC113836735,,,,False,
137,LOC113830844,,,,False,
137,LOC118238596,,,,False,
137,LOC113833009,,,,False,
137,LOC113836711,,,,False,
137,Trnak-uuu_1,,,,False,
137,LOC113835169,,,,False,
137,Mirlet7b,,,,False,
137,LOC113833455,,,,False,
138,LOC113831478,,,,False,
138,Cdhr4,,,,False,
138,Trnaq-uug,,,,False,
138,LOC113834379,,,,False,
138,Mir1285,,,,False,
138,LOC113832500,,,,False,
138,LOC107978675,,,,False,
138,S100a4,10029.G3HC29,preferred_symbol,high,False,10029.G3HC29
138,Mir23a,,,,False,
138,LOC113833631,,,,False,
138,LOC107979531,,,,False,
138,LOC113832325,,,,False,
138,LOC118239039,,,,False,
138,LOC113834062,,,,False,
138,LOC113833183,,,,False,
138,LOC113833861,,,,False,
138,LOC103160307,,,,False,
138,LOC118239681,,,,False,
138,LOC113834386,,,,False,
138,LOC103161682,,,,False,
138,Mir450a,,,,False,
138,LOC100760218,10029.G3HZE5,description_exact_normalized,moderate,False,10029.G3HZE5
138,LOC113832033,,,,False,
138,Nupr1,10029.G3IK17,description_exact_normalized,moderate,False,10029.G3IK17
138,Trnar-ucg,,,,False,
138,LOC113836326,,,,False,
138,Retsat,10029.G3HPZ7,preferred_symbol,high,False,10029.G3HPZ7
139,Cxcl10,,,,False,
139,LOC100752806,,,,False,
139,LOC100762078,10029.G3IAC7,LOC_numeric_gene_id,high,False,10029.G3IAC7
139,Cxcl9,,,,False,
139,LOC100762860,10029.G3IF86,LOC_numeric_gene_id,high,False,10029.G3IF86
139,LOC100767905,10029.G3IE60,LOC_numeric_gene_id,high,False,10029.G3IE60
139,LOC100760047,10029.G3IAC6,LOC_numeric_gene_id,high,False,10029.G3IAC6
139,LOC100750355,,,,False,
139,LOC100774003,10029.G3HFL5,LOC_numeric_gene_id,high,False,10029.G3HFL5
139,LOC100768312,,,,False,
139,LOC107977370,,,,False,
139,LOC100762574,,,,False,
139,LOC100771979,10029.G3HK07,LOC_numeric_gene_id,high,False,10029.G3HK07
139,LOC100769624,10029.G3IE59,LOC_numeric_gene_id,high,False,10029.G3IE59
139,LOC100763261,10029.G3GTT3,LOC_numeric_gene_id,high,False,10029.G3GTT3
139,LOC100763791,10029.G3HS48,LOC_numeric_gene_id,high,False,10029.G3HS48
139,Ifit2,10029.G3HQY7,preferred_symbol,high,False,10029.G3HQY7
139,Oas2,10029.G3I6U7,preferred_symbol,high,False,10029.G3I6U7
139,LOC100762377,10029.G3IAC0,LOC_numeric_gene_id,high,False,10029.G3IAC0
139,LOC100759759,10029.G3IGX0,description_like_normalized,moderate,True,10029.G3IGX0
139,Gbp5,10029.G3IHK9,preferred_symbol,high,False,10029.G3IHK9
139,Tspan7,10029.G3GSF9,preferred_symbol,high,False,10029.G3GSF9
139,Tfpi2,10029.G3GXI3,preferred_symbol,high,False,10029.G3GXI3
139,LOC113834739,10029.G3HQY7,description_exact_normalized,moderate,True,10029.G3HQY7
139,LOC100761326,10029.G3IGX1,LOC_numeric_gene_id,high,False,10029.G3IGX1
139,LOC100754939,10029.G3IGM5,LOC_numeric_gene_id,high,False,10029.G3IGM5
139,LOC100763130,,,,False,
139,Ccn2,10029.G3IAP3,preferred_symbol,high,False,10029.G3IAP3
139,Adam8,10029.G3IAM7,preferred_symbol,high,False,10029.G3IAM7
139,Mmp13,10029.G3GUV2,description_exact_normalized,moderate,False,10029.G3GUV2
139,Ttpa,,,,False,
139,Wars1,10029.G3HIX6,preferred_symbol,high,False,10029.G3HIX6
139,LOC113836317,,,,False,
139,Mir221,,,,False,
139,Mirlet7c-2,,,,False,
139,Cxcl1,10029.G3I473,preferred_symbol,high,False,10029.G3I473
139,LOC100768437,10029.G3HS49,LOC_numeric_gene_id,high,False,10029.G3HS49
139,LOC113835267,,,,False,
139,Irf1,10029.G3IBC8,description_exact_normalized,moderate,False,10029.G3IBC8
139,LOC113834367,,,,False,
139,LOC100766554,10029.G3IHK7,LOC_numeric_gene_id,high,False,10029.G3IHK7
139,Setdb2,,,,False,
139,LOC100763954,10029.G3HB74,LOC_numeric_gene_id,high,False,10029.G3HB74
139,Mt1,10029.G3HIK0,preferred_symbol,high,False,10029.G3HIK0
139,Csf3,10029.G3INY3,preferred_symbol,high,False,10029.G3INY3
139,LOC100761048,10029.G3H272,LOC_numeric_gene_id,high,False,10029.G3H272
139,LOC100756544,,,,False,
139,Mmp12,10029.G3GUV3,preferred_symbol,high,False,10029.G3GUV3
139,LOC113833112,,,,False,
139,Ube2l6,10029.G3HRI1,preferred_symbol,high,False,10029.G3HRI1
139,Trnad-guc_7,,,,False,
139,Il15ra,10029.G3GR70,preferred_symbol,high,False,10029.G3GR70
139,LOC100760157,10029.G3GXH7,LOC_numeric_gene_id,high,False,10029.G3GXH7
139,LOC100759682,,,,False,
140,LOC113837721,,,,False,
140,LOC113833631,,,,False,
140,LOC113837101,,,,False,
140,Mir378,,,,False,
140,LOC113836617,,,,False,
140,LOC113831473,,,,False,
140,Mir25,,,,False,
140,LOC103164270,,,,False,
140,LOC113836321,,,,False,
140,LOC113832495,,,,False,
140,B3gnt4,10029.G3H264,preferred_symbol,high,False,10029.G3H264
140,LOC113830842,,,,False,
140,LOC113834041,,,,False,
140,LOC118239054,10029.G3HGR8,description_like_normalized,moderate,True,10029.G3HGR8
140,LOC113835248,,,,False,
140,LOC100765102,10029.G3IJH3,LOC_numeric_gene_id,high,False,10029.G3IJH3
140,LOC113835169,,,,False,
140,LOC103163611,,,,False,
140,Zfyve21,10029.G3H385,description_exact_normalized,moderate,False,10029.G3H385
140,LOC113831373,,,,False,
140,LOC113834391,,,,False,
140,LOC100766590,,,,False,
140,LOC118239049,,,,False,
140,LOC113835627,,,,False,
140,LOC113832498,,,,False,
140,LOC113833814,,,,False,
140,LOC113832320,,,,False,
140,LOC113833920,,,,False,
140,LOC113832597,,,,False,
140,LOC113833117,,,,False,
140,LOC113835164,,,,False,
140,LOC113835571,,,,False,
140,LOC113837438,,,,False,
140,LOC113837138,,,,False,
140,LOC100762200,,,,False,
140,LOC113836322,,,,False,
140,Mirlet7d,,,,False,
140,LOC113835624,,,,False,
140,LOC113838060,,,,False,
140,LOC113836735,,,,False,
140,LOC113830832,10029.G3HJR4,description_like_normalized,moderate,True,10029.G3HJR4
140,LOC113835313,,,,False,
140,LOC113832494,,,,False,
140,LOC113834983,,,,False,
140,LOC113832571,,,,False,
140,LOC113836924,,,,False,
140,LOC113832735,,,,False,
140,LOC113834847,,,,False,
140,LOC113834530,,,,False,
140,Mir22,,,,False,
140,LOC103163274_1,,,,False,
140,LOC113832863,,,,False,
140,Mir674,,,,False,
140,LOC113835077,,,,False,
140,LOC113833013,,,,False,
140,LOC100764707,10029.G3H513,LOC_numeric_gene_id,high,False,10029.G3H513
140,LOC113832298,,,,False,
140,LOC113833923,,,,False,
140,LOC113836505,,,,False,
140,LOC100761291,10029.G3H5C9,description_like_normalized,moderate,True,10029.G3H5C9
140,LOC113834045,,,,False,
140,LOC113836829,,,,False,
140,LOC113832321,,,,False,
140,LOC113832596,,,,False,
140,Trnah-gug_6,,,,False,
140,LOC118238642,,,,False,
140,LOC113832306,,,,False,
140,LOC113830932,,,,False,
140,LOC113832308,,,,False,
140,Mir19b,,,,False,
140,LOC113835267,,,,False,
141,Slc7a11,10029.G3HAS1,description_exact_normalized,moderate,False,10029.G3HAS1
141,LOC100753467,10029.G3IFJ5,LOC_numeric_gene_id,high,False,10029.G3IFJ5
141,LOC100757262,,,,False,
141,Cxcl1,10029.G3I473,preferred_symbol,high,False,10029.G3I473
141,Akr1b8,10029.G3IE21,preferred_symbol,high,False,10029.G3IE21
141,Nqo1,10029.G3I015,preferred_symbol,high,False,10029.G3I015
141,Gstp1,10029.G3I3Y6,preferred_symbol,high,False,10029.G3I3Y6
141,Adm,10029.G3HYL8,preferred_symbol,high,False,10029.G3HYL8
141,LOC100773795,,,,False,
141,Ereg,10029.G3IBU3,preferred_symbol,high,False,10029.G3IBU3
141,Ephx1,10029.G3I0X5,preferred_symbol,high,False,10029.G3I0X5
141,Adam8,10029.G3IAM7,preferred_symbol,high,False,10029.G3IAM7
141,Slc6a9,10029.G3HFF5,preferred_symbol,high,False,10029.G3HFF5
141,Osgin1,10029.G3GRY5,preferred_symbol,high,False,10029.G3GRY5
141,Plk2,10029.G3GV10,preferred_symbol,high,False,10029.G3GV10
141,Hmox1,10029.G3IAI6,preferred_symbol,high,False,10029.G3IAI6
141,LOC113833620,10029.G3GYP9,description_like_normalized,moderate,True,10029.G3GYP9
141,LOC113834954,10029.G3GYP9,description_like_normalized,moderate,True,10029.G3GYP9
141,Mmp13,10029.G3GUV2,description_exact_normalized,moderate,False,10029.G3GUV2
141,LOC100757534,10029.G3I3Y7,LOC_numeric_gene_id,high,False,10029.G3I3Y7
141,LOC118239649,,,,False,
141,Slc40a1,10029.G3IHE4,preferred_symbol,high,False,10029.G3IHE4
141,Prdx1,10029.G3GYP9,preferred_symbol,high,False,10029.G3GYP9
141,LOC118239514,,,,False,
141,Ggt1,10029.G3HY25,preferred_symbol,high,False,10029.G3HY25
141,Ptgs2,10029.G3GWV6,preferred_symbol,high,False,10029.G3GWV6
141,Gclm,10029.G3IG96,description_exact_normalized,moderate,False,10029.G3IG96
142,Olfm4,10029.G3HWZ8,preferred_symbol,high,False,10029.G3HWZ8
142,Fxyd2,,,,False,
142,Il1r2,,,,False,
142,LOC100760951,10029.G3IIK9,LOC_numeric_gene_id,high,False,10029.G3IIK9
142,LOC103162356,,,,False,
142,LOC113834219,,,,False,
142,LOC113833009,,,,False,
142,Trnad-guc_7,,,,False,
142,Cxcl3,10029.A4URF0,preferred_symbol,high,False,10029.A4URF0
142,LOC113834297,,,,False,
142,Prxl2a,10029.G3HQ17,preferred_symbol,high,False,10029.G3HQ17
142,LOC118238818,,,,False,
142,LOC118238307,,,,False,
142,LOC100754646,,,,False,
142,Mir1973,,,,False,
142,Mmd,10029.G3H1C3,description_fuzzy,tentative,True,10029.G3H1C3
142,Ereg,10029.G3IBU3,preferred_symbol,high,False,10029.G3IBU3
142,LOC103159484,,,,False,
142,Areg,10029.G3IBU4,preferred_symbol,high,False,10029.G3IBU4
142,Fabp4,10029.G3I4E8,preferred_symbol,high,False,10029.G3I4E8
142,LOC103164270,,,,False,
142,Evl,10029.G3HIX0,preferred_symbol,high,False,10029.G3HIX0
142,LOC103161682,,,,False,
142,LOC113834367,,,,False,
142,LOC118238648,,,,False,
142,LOC113832674,,,,False,
142,LOC100762406,10029.G3GZP8,LOC_numeric_gene_id,high,False,10029.G3GZP8
142,LOC113834724,,,,False,
142,LOC118238382,,,,False,
142,LOC113836248,,,,False,
142,LOC118239024,,,,False,
142,LOC118238896,,,,False,
142,LOC118238468,,,,False,
142,Ranbp3l,10029.G3HJU7,preferred_symbol,high,False,10029.G3HJU7
142,Cxcl1,10029.G3I473,preferred_symbol,high,False,10029.G3I473
142,Spon2,10029.G3HK87,preferred_symbol,high,False,10029.G3HK87
142,LOC107979030,,,,False,
142,Trnap-ugg_2,,,,False,
142,LOC100763954,10029.G3HB74,LOC_numeric_gene_id,high,False,10029.G3HB74
142,LOC118238646,,,,False,
142,Trnak-uuu,,,,False,
142,LOC113836505,,,,False,
143,Mir2424,,,,False,
143,LOC113831047,,,,False,
143,LOC113831009,,,,False,
143,Mirlet7f,,,,False,
143,LOC113835102,,,,False,
143,LOC113835808,,,,False,
143,Trnap-ugg_1,,,,False,
143,LOC113834713,,,,False,
143,LOC113834849,,,,False,
143,LOC113832627,,,,False,
143,LOC113835167,,,,False,
143,LOC113838088,,,,False,
143,LOC113831046,,,,False,
143,LOC118237931,,,,False,
143,Trnaq-cug_1,,,,False,
143,Mir21,,,,False,
143,LOC113837712,,,,False,
143,Trnay-gua_9,,,,False,
143,LOC118237644,,,,False,
143,LOC113832912,,,,False,
143,Trnal-aag_3,,,,False,
143,LOC107979446,10029.G3H2T7,description_exact_normalized,moderate,True,10029.G3H2T7
143,Mir503,,,,False,
143,Isg15,10029.G3I436,preferred_symbol,high,False,10029.G3I436
143,LOC113832543,,,,False,
143,LOC113833009,,,,False,
143,LOC113832418,,,,False,
143,LOC113836949,,,,False,
143,LOC113834076,,,,False,
144,LOC113833912,,,,False,
144,LOC113831473,,,,False,
144,Trnan-guu_11,,,,False,
144,LOC113833114,,,,False,
144,Trnar-acg_5,,,,False,
144,LOC113833920,,,,False,
144,LOC113832298,,,,False,
144,LOC113836666,,,,False,
144,LOC113834933,,,,False,
144,LOC113831837,,,,False,
144,LOC113833011,,,,False,
144,LOC113832321,,,,False,
144,Trnaa-ugc_8,,,,False,
144,LOC113833052,,,,False,
144,LOC113835565,,,,False,
144,LOC113836709,,,,False,
144,LOC113831372,,,,False,
144,Mir191,,,,False,
144,LOC113830755,10029.G3IM54,LOC_numeric_gene_id,high,False,10029.G3IM54
144,LOC113835429,,,,False,
144,LOC113830842,,,,False,
144,LOC113835408,,,,False,
144,Trnaa-agc_13,,,,False,
144,LOC113833004,,,,False,
144,Trnaa-ugc_2,,,,False,
144,LOC113835165,,,,False,
145,Txnip,10029.G3H2T0,preferred_symbol,high,False,10029.G3H2T0
145,LOC113831885,,,,False,
145,LOC103163029,,,,False,
145,Ttc39a,10029.G3GVY2,preferred_symbol,high,False,10029.G3GVY2
145,LOC113832571,,,,False,
145,Tnfrsf9,10029.G3IL44,preferred_symbol,high,False,10029.G3IL44
145,Mmp12,10029.G3GUV3,preferred_symbol,high,False,10029.G3GUV3
145,Mir221,,,,False,
145,Gem,10029.G3HI08,preferred_symbol,high,False,10029.G3HI08
145,Ankrd37,10029.G3I3L6,preferred_symbol,high,False,10029.G3I3L6
145,Il7r,10029.G3HKG1,description_exact_normalized,moderate,False,10029.G3HKG1
145,LOC113832259,,,,False,
145,Aqp1,10029.G3HJL7,preferred_symbol,high,False,10029.G3HJL7
145,LOC118239682,,,,False,
145,LOC118239586,,,,False,
146,LOC118238412,,,,False,
146,LOC113833676,,,,False,
146,LOC113833912,,,,False,
146,Zfyve21,10029.G3H385,description_exact_normalized,moderate,False,10029.G3H385
146,LOC113834136,,,,False,
146,LOC113833116,,,,False,
146,Cd36,10029.G3HMH7,description_exact_normalized,moderate,False,10029.G3HMH7
146,LOC118239683,,,,False,
146,LOC113833685,,,,False,
146,Trnal-cag_4,,,,False,
146,LOC103164270,,,,False,
146,LOC103163788,,,,False,
146,LOC113832600,,,,False,
146,LOC107978682,10029.G3HVZ6,LOC_numeric_gene_id,high,False,10029.G3HVZ6
146,Adam12,10029.G3IEN0,preferred_symbol,high,False,10029.G3IEN0
146,Dok5,10029.G3HLQ4,preferred_symbol,high,False,10029.G3HLQ4
146,LOC100756207,10029.G3GWH0,LOC_numeric_gene_id,high,False,10029.G3GWH0
146,LOC113836320,,,,False,
146,LOC113832494,,,,False,
146,Pstpip1,10029.G3H0D3,description_exact_normalized,moderate,False,10029.G3H0D3
146,LOC100769145,10029.G3I7X5,LOC_numeric_gene_id,high,False,10029.G3I7X5
146,Pdpn,10029.G3IK06,preferred_symbol,high,False,10029.G3IK06
146,LOC113838061,,,,False,
146,LOC113832316,,,,False,
146,LOC113837211,10029.G3HJA9,LOC_numeric_gene_id,high,False,10029.G3HJA9
146,LOC113832994,,,,False,
146,LOC118238393,,,,False,
146,Mir484,,,,False,
146,LOC113832844,,,,False,
146,Id3,10029.G3HMV1,preferred_symbol,high,False,10029.G3HMV1
146,LOC103163611,,,,False,
146,LOC113836037,,,,False,
146,Trnae-cuc_10,,,,False,
146,LOC118238335,,,,False,
146,LOC113839001,,,,False,
146,Fgf7,10029.G3IAS3,preferred_symbol,high,False,10029.G3IAS3
146,LOC113831085,,,,False,
146,LOC118239236,,,,False,
146,Gas7,10029.G3GZ34,description_exact_normalized,moderate,False,10029.G3GZ34
146,Trnap-agg_1,,,,False,
146,Nt5c3b,10029.G3HLV2,preferred_symbol,high,False,10029.G3HLV2
146,LOC113833674,,,,False,
146,LOC100761692,10029.G3ICZ5,LOC_numeric_gene_id,high,False,10029.G3ICZ5
146,LOC113835271,,,,False,
147,LOC100762336,,,,False,
147,Cdkn3,,description_fuzzy,,False,
147,Ccnb2,10029.G3GRM6,preferred_symbol,high,False,10029.G3GRM6
147,LOC118238272,,,,False,
147,Cxcl1,10029.G3I473,preferred_symbol,high,False,10029.G3I473
147,LOC118239659,,,,False,
147,Mmp12,10029.G3GUV3,preferred_symbol,high,False,10029.G3GUV3
147,LOC113833676,,,,False,
147,Dcn,10029.G3HJG6,preferred_symbol,high,False,10029.G3HJG6
147,Ube2c,10029.G3HLU1,preferred_symbol,high,False,10029.G3HLU1
147,Slpi,10029.G3HLT0,description_exact_normalized,moderate,False,10029.G3HLT0
147,Mmp13,10029.G3GUV2,description_exact_normalized,moderate,False,10029.G3GUV2
147,Mmp10,10029.G3GUV4,preferred_symbol,high,False,10029.G3GUV4
147,LOC118239359,,,,False,
147,Zfyve21,10029.G3H385,description_exact_normalized,moderate,False,10029.G3H385
147,LOC113836938,,,,False,
147,LOC113834936,,,,False,
147,LOC113835169,,,,False,
147,LOC103163726,,,,False,
147,LOC100772378,,,,False,
147,LOC100773862,,,,False,
147,LOC103159462,,,,False,
147,LOC103160417,,,,False,
147,LOC113830878,,,,False,
147,Ccna2,,,,False,
147,Nusap1,10029.G3H104,preferred_symbol,high,False,10029.G3H104
147,Knstrn,10029.G3ICJ7,preferred_symbol,high,False,10029.G3ICJ7
147,Spp1,10029.G3IKQ9,preferred_symbol,high,False,10029.G3IKQ9
147,LOC118239477,,,,False,
147,Sod2,10029.G3HWB8,preferred_symbol,high,False,10029.G3HWB8
147,LOC100762270,,,,False,
147,Cenpa,10029.G3GXR6,preferred_symbol,high,False,10029.G3GXR6
147,Il33,10029.G3I4V3,preferred_symbol,high,False,10029.G3I4V3
147,Ggt1,10029.G3HY25,preferred_symbol,high,False,10029.G3HY25
147,LOC113837466,,,,False,
147,LOC100763954,10029.G3HB74,LOC_numeric_gene_id,high,False,10029.G3HB74
147,LOC113836666,,,,False,
147,C3,10029.G3HCL6,preferred_symbol,high,False,10029.G3HCL6
147,LOC113836324,,,,False,
147,Ccnb1,10029.G3HRW5,preferred_symbol,high,False,10029.G3HRW5
147,Ccne2,10029.G3HI18,preferred_symbol,high,False,10029.G3HI18
147,Mmp3,,,,False,
147,LOC103162356,,,,False,
147,Cited1,,,,False,
