iModulon,Gene,Rank,Loading,Chr_name,Chromosome,Location
0,LOC113836458,1,0.087021885,NC_048599.1,6,48333705
0,LOC113835117,2,-0.07349711,NC_048598.1,5,124566020
0,Mir674,3,0.069416335,NC_048599.1,6,61360426
0,LOC113834529,4,-0.067474037,NC_048595.1,2,377238543
0,LOC113833406,5,0.066647067,NW_023276806.1,1,248119690
0,LOC113833012,6,0.064529492,NC_048595.1,2,35264008
0,LOC118239189,7,0.063997935,NW_023276806.1,1,59783275
0,LOC113832033,8,0.062710936,NC_048603.1,10,28717688
0,LOC113833926,9,0.061227705,NC_048595.1,2,26683984
0,LOC113833635,10,0.060506788,NC_048595.1,2,409560364
0,Trnan-guu_9,11,0.060387541,NW_023276806.1,1,60051348
0,Mir350,12,0.059292196,NC_048598.1,5,17017526
0,Trnal-caa_1,13,0.058962356,NC_048596.1,3,243560408
0,LOC113836326,14,-0.058858324,NC_048599.1,6,154014071
0,LOC113831414,15,-0.058752518,NC_048596.1,3,203777420
0,Trnak-cuu_37,16,0.057590411,NC_048600.1,7,43060854
0,LOC113836507,17,-0.05674352,NC_048599.1,6,12379325
0,LOC113833915,18,-0.056594066,NC_048595.1,2,20947037
0,LOC103160316,19,-0.056424215,NC_048596.1,3,210934156
0,LOC118238231,20,-0.056222293,NW_023276806.1,1,136071834
0,LOC113836669,21,0.055055235,NC_048600.1,7,50799081
0,LOC113834947,22,0.05423937,NC_048596.1,3,59788509
0,Trnap-agg_1,23,-0.054222086,NC_048596.1,3,244728037
0,P2ry11,24,-0.053697358,NC_048597.1,4,133763992
0,LOC113837556,25,0.053261291,NC_048604.1,X,29426863
0,LOC113834712,26,0.052800485,NC_048596.1,3,186203757
0,LOC113831374,27,-0.052693862,NC_048600.1,7,91573215
0,Mirlet7g,28,0.052399249,NC_048597.1,4,214383161
0,LOC103161682,29,0.051864583,NC_048595.1,2,342664806
0,LOC113834219,30,-0.051336273,NC_048595.1,2,339098338
0,Mirlet7a-2,31,0.051223935,NC_048597.1,4,153198575
0,LOC113836437,32,-0.051015566,NC_048599.1,6,34759821
0,LOC113835216,33,0.050595635,NC_048597.1,4,198560655
0,Mir92a,34,0.050220856,NW_023276807.1,1,265329206
0,Trnag-ccc_3,35,0.049234305,NW_023276806.1,1,60127784
0,LOC118238560,36,0.04897784,NC_048596.1,3,99421637
0,LOC118238367,37,0.047007755,NC_048595.1,2,282078959
0,Trnae-uuc,38,0.04675081,NC_048596.1,3,139420167
0,LOC113834724,39,0.04626674,NC_048596.1,3,160454650
0,LOC113837101,40,0.046254006,NC_048601.1,8,92636747
0,LOC118239227,41,0.046066965,NC_048600.1,7,108869920
0,LOC113835100,42,0.046023165,NC_048596.1,3,91207014
0,LOC113834984,43,-0.045434491,NC_048596.1,3,59734950
0,LOC113836616,44,0.045159102,NC_048600.1,7,26444694
0,LOC113832308,45,-0.044984569,NW_023276807.1,1,99861494
0,LOC113835926,46,0.044869917,NC_048599.1,6,41793021
0,LOC103163611,47,-0.044196549,NC_048604.1,X,24577194
0,LOC107977815,48,0.043820209,NW_023276807.1,1,225009246
0,LOC113836319,49,-0.043146898,NC_048599.1,6,153118872
0,LOC103161397,50,0.043103461,NW_023276807.1,1,152994783
0,LOC113831655,51,0.042948037,NC_048599.1,6,138030702
0,LOC113834513,52,0.042546083,NC_048595.1,2,379260236
0,LOC113838991,53,0.04231279,NW_023276985.1,U,21639
0,LOC113834003,54,-0.042194696,NC_048595.1,2,48026196
0,LOC113836176,55,-0.041883717,NC_048598.1,5,100789536
0,Ly96,56,-0.041802861,NC_048595.1,2,144310977
1,Zfand2a,1,0.05431928,NC_048597.1,4,76140237
1,LOC103163726,2,0.053971305,NC_048599.1,6,138029010
1,LOC113836832,3,0.053231012,NC_048600.1,7,76630662
1,Csf2,4,0.051291454,NC_048600.1,7,68427077
1,LOC113833814,5,0.050606309,NC_048595.1,2,156274962
1,LOC103160417,6,0.049461597,NW_023276806.1,1,231482965
1,Ppp1r15a,7,0.048804534,NC_048599.1,6,154425451
1,LOC103159462,8,0.047696859,NC_048599.1,6,12378081
1,LOC100766606,9,0.045827791,NW_023276807.1,1,98346544
1,LOC113831372,10,0.043491964,NC_048600.1,7,91574932
1,Ddit3,11,0.042654465,NW_023276806.1,1,130431820
1,LOC113836326,12,0.042615711,NC_048599.1,6,154014071
1,LOC103164270,13,0.041606946,NW_023277414.1,U,7857
1,Plk2,14,0.041062996,NC_048595.1,2,328369178
1,Rpl26l1,15,0.038485818,NC_048600.1,7,47135521
1,LOC100755231,16,0.037638186,NC_048596.1,3,51368431
1,LOC103160181,17,0.036842984,NC_048598.1,5,31027531
1,Gadd45b,18,0.036769332,NC_048598.1,5,101712675
1,Taf1a,19,0.035976347,NC_048598.1,5,11078064
1,LOC107978991,20,-0.035600569,NC_048595.1,2,282843312
1,Ifrd1,21,0.035099235,NC_048598.1,5,161436495
1,LOC113832752,22,0.03485734,NW_023276807.1,1,143653031
1,LOC113833009,23,0.034702225,NC_048595.1,2,35262614
1,LOC107979568,24,0.034446874,NC_048595.1,2,203655197
1,Fosl1,25,0.034432271,NC_048596.1,3,53885494
1,Pclaf,26,-0.034207014,NC_048597.1,4,177505781
1,Tuba1a,27,-0.034093189,NC_048595.1,2,395417093
1,Adapt15,28,0.033801581,NC_048597.1,4,198443174
1,B3gnt4,29,-0.033532508,NC_048597.1,4,103273319
1,LOC113834529,30,0.033438667,NC_048595.1,2,377238543
1,Rnd3,31,0.03280781,NC_048599.1,6,123198414
1,Lrig3,32,0.03240924,NW_023276806.1,1,131458549
1,Zbtb2,33,0.032043761,NC_048595.1,2,282058408
1,Nepro,34,0.032017268,NC_048597.1,4,45709703
1,Stc2,35,0.031691513,NC_048600.1,7,46881278
1,LOC113831753,36,-0.031638623,NW_023276806.1,1,221175579
1,Atf3,37,0.03161315,NC_048598.1,5,3849952
1,LOC113834530,38,0.031587951,NC_048595.1,2,377234496
1,Polr1g,39,0.031495943,NC_048602.1,9,28001412
2,LOC100768921,1,0.080017818,NW_023276806.1,1,189740239
2,LOC113833012,2,0.054733534,NC_048595.1,2,35264008
2,Gad1,3,0.054727956,NC_048599.1,6,104593060
2,Anp32b,4,0.053856916,NC_048595.1,2,96950652
2,Hmgn5,5,0.052394268,NC_048604.1,X,62294241
2,LOC113832500,6,-0.051340284,NW_023276806.1,1,231483722
2,LOC100768273,7,-0.049284976,NC_048595.1,2,180027579
2,LOC113835248,8,0.046706034,NC_048597.1,4,198443789
2,Upf3b,9,0.046495985,NC_048604.1,X,29399222
2,LOC113830966,10,-0.046343505,NC_048604.1,X,1446116
2,Arl9,11,0.045438356,NW_023276807.1,1,143416806
2,Prodh,12,0.044424597,NC_048597.1,4,71175995
2,Lsm4,13,0.044237441,NW_023276806.1,1,248324200
2,LOC113831373,14,0.043579479,NC_048600.1,7,91572803
2,LOC113833691,15,-0.042473413,NC_048598.1,5,31028359
3,LOC113834403,1,0.085829555,NC_048595.1,2,106628517
3,Mir632,2,-0.083051091,NC_048600.1,7,93838790
3,LOC118238818,3,-0.07065301,NC_048598.1,5,2975757
3,LOC100774468,4,0.067254855,NC_048596.1,3,244844268
3,LOC100755951,5,-0.062754632,NC_048595.1,2,362966521
3,LOC118238553,6,0.056256931,NC_048596.1,3,82363432
3,LOC100752142,7,-0.054177738,NW_023276806.1,1,258399387
3,Vcam1,8,0.053341841,NW_023276806.1,1,42091634
3,LOC113835571,9,-0.052745948,NC_048597.1,4,174633288
3,S100a4,10,0.051502368,NW_023276806.1,1,63942758
3,LOC113839000,11,-0.051355776,NW_023276990.1,U,44672
3,Mir374,12,0.050402324,NC_048604.1,X,66940645
3,Mir25,13,0.049847019,NC_048597.1,4,116886837
3,LOC118239682,14,0.049592996,NW_023276807.1,1,210242411
3,LOC118238268,15,0.049003779,NC_048595.1,2,489787
3,LOC113835822,16,-0.04887687,NC_048598.1,5,2471933
3,Sbsn,17,0.048661312,NC_048602.1,9,5052967
3,LOC100751053,18,0.048444745,NC_048597.1,4,162253090
3,LOC113838060,19,0.047916327,NW_023277222.1,U,1098
3,Inhbb,20,-0.046874714,NC_048598.1,5,69089332
3,LOC113830993,21,0.046595919,NC_048597.1,4,82671247
3,LOC100769236,22,0.046392446,NC_048596.1,3,229219050
3,LOC113833681,23,0.045371341,NC_048595.1,2,164919988
3,LOC118239586,24,0.044935253,NW_023276806.1,1,113647762
3,Fgf7,25,0.044683448,NC_048599.1,6,52460845
4,LOC118239033,1,0.157730728,NC_048598.1,5,9295576
4,LOC118239665,2,0.14049456,NW_023276807.1,1,248739317
4,Gpc6,3,-0.099580376,NW_023276807.1,1,266952365
4,Armcx3,4,-0.094438234,NC_048604.1,X,45335697
4,LOC113832687,5,0.091890881,NW_023276807.1,1,224050088
4,Tbc1d4,6,-0.082596688,NW_023276807.1,1,253120191
4,LOC100768165,7,-0.082224511,NC_048604.1,X,44759034
4,Marcks,8,-0.081289836,NC_048595.1,2,259966999
4,Minar1,9,-0.074249668,NC_048597.1,4,198948704
4,Enpp1,10,-0.072322946,NC_048595.1,2,243829053
4,Ctsd,11,-0.070928163,NC_048596.1,3,58875076
4,Lrrc8b,12,0.070087083,NC_048600.1,7,276343
4,LOC118238268,13,-0.068460394,NC_048595.1,2,489787
4,LOC103160386,14,0.067396044,NC_048595.1,2,293585605
4,Hdgfl3,15,0.066638992,NC_048596.1,3,115609675
4,Gpnmb,16,0.066185226,NC_048601.1,8,92295270
4,LOC100766031,17,-0.064037237,NC_048596.1,3,236690990
4,Smyd3,18,0.063659883,NC_048598.1,5,14676689
4,Strc,19,-0.060945973,NC_048599.1,6,57042367
4,Syn2,20,-0.060629547,NC_048601.1,8,29559312
4,LOC113835460,21,0.058268266,NC_048597.1,4,74500111
4,LOC100761274,22,-0.058250023,NC_048604.1,X,4471897
4,Rab3gap2,23,0.057748637,NC_048598.1,5,9408744
5,Hmgcs1,1,0.124687017,NC_048595.1,2,337097439
5,Mvd,2,0.108682787,NC_048596.1,3,199082010
5,Idi1,3,0.094466497,NC_048596.1,3,233183392
5,Msmo1,4,0.093272896,NW_023276806.1,1,242001277
5,Lss,5,0.086060629,NW_023276806.1,1,262176027
5,LOC100760000,6,0.079020421,NC_048595.1,2,288105841
5,Insig1,7,0.075476839,NC_048601.1,8,94613073
5,Hmgcr,8,0.073482518,NC_048595.1,2,315334995
5,LOC100761946,9,0.071012847,NC_048595.1,2,337079410
5,Ebp,10,0.068006566,NC_048604.1,X,114668493
5,Hsd17b7,11,0.066627746,NC_048598.1,5,22817356
5,Sc5d,12,0.064925393,NC_048597.1,4,153938636
5,Fdps,13,0.064461096,NW_023276806.1,1,65442852
5,Fdft1,14,0.062354053,NW_023276807.1,1,218183894
5,Acss2,15,0.06155983,NC_048599.1,6,24076667
5,Nsdhl,16,0.058523312,NC_048604.1,X,2724808
5,Sqle,17,0.058315562,NC_048603.1,10,28317255
5,Rdh11,18,0.056790916,NC_048598.1,5,124446255
5,Shisa4,19,0.055348548,NC_048598.1,5,53876457
5,LOC100768776,20,0.053322868,NC_048604.1,X,2873206
5,LOC103163371,21,0.053120696,NC_048595.1,2,288124664
5,Mmp12,22,-0.051348416,NC_048597.1,4,121849979
5,LOC100762189,23,0.050739735,NW_023276806.1,1,222279864
5,Ldlr,24,0.050248061,NC_048597.1,4,134606322
5,LOC113833814,25,-0.049011925,NC_048595.1,2,156274962
5,LOC118238648,26,0.047994784,NC_048597.1,4,94488462
5,LOC107979858,27,0.047906917,NC_048595.1,2,288100538
5,Dhcr24,28,0.047885578,NC_048595.1,2,43233853
5,Lpin1,29,0.046517989,NC_048600.1,7,25763550
5,Pcyt2,30,0.045794038,NC_048600.1,7,133105345
5,Aacs,31,0.044966719,NC_048597.1,4,105087390
5,LOC100766833,32,-0.044463666,NC_048596.1,3,199072928
5,Pmvk,33,0.04406724,NW_023276806.1,1,65074691
5,LOC118238818,34,-0.042330319,NC_048598.1,5,2975757
5,Dhcr7,35,0.040442626,NC_048596.1,3,57504113
5,LOC103161572,36,-0.040020335,NC_048598.1,5,124454553
5,LOC100750890,37,0.039298469,NC_048596.1,3,17267051
5,LOC100771838,38,0.038528055,NC_048595.1,2,397845831
5,LOC100750593,39,0.038349818,NC_048596.1,3,17174783
5,Tuba1a,40,0.038036216,NC_048595.1,2,395417093
5,Mvk,41,0.037885753,NC_048597.1,4,94069615
5,Ckmt1b,42,0.037813932,NC_048599.1,6,57059530
5,C3,43,-0.037646377,NC_048598.1,5,96252915
5,LOC113836938,44,0.037416807,NC_048601.1,8,17664443
5,LOC103163310,45,-0.037408633,NC_048595.1,2,20383558
5,Acly,46,0.037405781,NC_048600.1,7,113538918
5,LOC118239081,47,0.037344429,NC_048599.1,6,70545239
5,LOC100762336,48,-0.037200962,NW_023276807.1,1,273773199
6,Myom1,1,0.107986743,NC_048595.1,2,459502323
6,Cd9,2,0.098680537,NC_048601.1,8,20949592
6,LOC103162414,3,0.095995801,NC_048602.1,9,4740661
6,LOC118238412,4,-0.087755407,NC_048595.1,2,380142285
6,Cd36,5,0.081472375,NW_023276806.1,1,176252535
6,LOC100751053,6,0.078135641,NC_048597.1,4,162253090
6,LOC107979030,7,0.077128721,NW_023276807.1,1,29635231
6,LOC100767391,8,0.074882197,NC_048597.1,4,117117121
6,LOC103159353,9,-0.073207897,NW_023276807.1,1,183092120
6,Spn,10,0.072142661,NC_048596.1,3,73615356
6,LOC100767818,11,0.071407537,NW_023276806.1,1,49150209
6,Fgf7,12,0.070757039,NC_048599.1,6,52460845
6,Rarres2,13,-0.070467948,NC_048601.1,8,98691581
6,LOC100760951,14,0.067652243,NW_023276806.1,1,63384679
6,Arhgef16,15,0.06627248,NC_048595.1,2,2007511
6,Lum,16,-0.065682987,NW_023276806.1,1,163392996
6,Aqp1,17,0.064701727,NC_048601.1,8,85972347
6,Papln,18,0.0624258,NC_048598.1,5,119955933
6,Ldha,19,-0.060958278,NC_048596.1,3,145001207
6,LOC103163910,20,0.060368612,NC_048600.1,7,26026480
6,LOC113834615,21,0.060270807,NC_048596.1,3,168424119
6,LOC113830878,22,-0.058660029,NC_048601.1,8,2348886
6,Pstpip1,23,0.057588163,NC_048597.1,4,167621945
6,Lmo7,24,0.056362128,NW_023276807.1,1,253470956
6,Calcr,25,0.056025668,NW_023276806.1,1,221083323
6,Agt,26,-0.055710162,NC_048596.1,3,201284400
6,LOC100768826,27,0.054991439,NC_048600.1,7,63534526
6,LOC100768211,28,0.054279704,NC_048595.1,2,36740039
6,Ptprg,29,-0.054222504,NW_023276807.1,1,169614543
6,Igf2bp3,30,0.053944895,NC_048601.1,8,92129672
6,Fes,31,0.052017779,NC_048596.1,3,117217773
6,LOC100753467,32,-0.051161811,NW_023276807.1,1,24692698
6,LOC113836601,33,0.051133627,NC_048600.1,7,23934809
6,Ccbe1,34,-0.050779756,NC_048595.1,2,173042610
6,Il1rap,35,-0.050608986,NC_048597.1,4,62395785
6,LOC103161500,36,0.050278046,NC_048600.1,7,23922319
6,LOC100756214,37,0.050240815,NC_048599.1,6,146592929
6,Mroh2b,38,0.05023144,NC_048595.1,2,338916311
6,Kctd15,39,-0.049714071,NC_048602.1,9,3862141
6,Skap2,40,-0.049706211,NC_048601.1,8,89331433
6,LOC103162356,41,-0.04964182,NC_048600.1,7,20440331
6,Ncald,42,0.049554969,NC_048603.1,10,13871396
6,Col4a1,43,0.049426974,NW_023276807.1,1,69305537
6,LOC103161223,44,0.048472881,NC_048595.1,2,443882681
6,St14,45,0.047837835,NC_048597.1,4,143545598
6,Fabp4,46,-0.047375621,NC_048595.1,2,137723467
6,Marcks,47,0.046542847,NC_048595.1,2,259966999
6,Mab21l3,48,0.046519492,NW_023276806.1,1,55126179
6,LOC113837121,49,0.046448768,NC_048601.1,8,9635285
6,Adgrl2,50,-0.046049987,NW_023276806.1,1,10244010
6,Lat2,51,0.045881555,NC_048597.1,4,113688211
6,Eya1,52,0.045777577,NC_048595.1,2,146443211
6,Pde1c,53,0.044700688,NC_048601.1,8,84951657
6,Pde2a,54,0.044669657,NC_048596.1,3,97986276
6,Ntm,55,0.044644933,NC_048597.1,4,141456242
6,LOC103163237,56,0.044537348,NC_048597.1,4,27685839
6,Prnp,57,0.044529772,NC_048599.1,6,46663955
6,LOC113835640,58,0.044438387,NC_048597.1,4,4374407
6,LOC100768367,59,0.044150597,NC_048596.1,3,40683614
6,LOC118238522,60,0.044143879,NC_048596.1,3,14080108
6,Il11,61,0.044130963,NC_048602.1,9,23412186
6,Hdac9,62,0.044076249,NC_048598.1,5,166833097
7,LOC113831025_1,1,-0.115751983,NC_048600.1,7,114656946
7,LOC113838088,2,-0.10042261,NW_023276947.1,U,50732
7,Rn28s1,3,0.087008947,NW_023276990.1,U,41594
7,Mir2424,4,-0.086076607,NC_048601.1,8,21234660
7,LOC113838061,5,0.072775335,NW_023277222.1,U,2381
7,LOC113833169,6,-0.060345567,NW_023276806.1,1,182049729
7,LOC100752605,7,-0.056712403,NC_048596.1,3,244962897
7,LOC113836853,8,-0.056618191,NC_048600.1,7,96502324
7,LOC113838089,9,0.056463214,NW_023276947.1,U,44930
7,LOC100762101,10,-0.052107582,NW_023277030.1,U,1854744
7,LOC113834273,11,-0.051067088,NC_048597.1,4,46496572
8,Pclaf,1,0.098114673,NC_048597.1,4,177505781
8,Cdca5,2,0.078688386,NC_048596.1,3,53259211
8,Ccna2,3,0.076293178,NW_023276806.1,1,113097923
8,Kif15,4,0.075773286,NC_048597.1,4,229889928
8,Top2a,5,0.075423787,NC_048600.1,7,112071654
8,Aurkb,6,0.075351219,NC_048600.1,7,82922180
8,Cdkn3,7,0.075227752,NW_023276807.1,1,202783197
8,Pbk,8,0.074820354,NW_023276807.1,1,220798895
8,Ube2c,9,0.074117778,NC_048599.1,6,14655875
8,Ccnb2,10,0.073924795,NC_048597.1,4,181956000
8,Kif2c,11,0.072005084,NC_048595.1,2,35230497
8,Nusap1,12,0.070961497,NC_048599.1,6,58838839
8,Mki67,13,0.070711467,NC_048596.1,3,65213595
8,Nuf2,14,0.070571466,NC_048598.1,5,23239140
8,Knstrn,15,0.069611674,NC_048599.1,6,59661676
8,Prc1,16,0.068993572,NC_048596.1,3,117289939
8,Parpbp,17,0.068059324,NW_023276806.1,1,154109617
8,Ckap2l,18,0.067482998,NC_048599.1,6,49272286
8,Ccnb1,19,0.067472634,NC_048595.1,2,319287474
8,Esco2,20,0.067283133,NW_023276807.1,1,220811535
8,Tacc3,21,0.067227366,NW_023276807.1,1,102720190
8,Gins4,22,0.066960534,NW_023276807.1,1,60497925
8,Cdt1,23,0.066844108,NC_048596.1,3,199219413
8,Ube2t,24,0.066713543,NC_048598.1,5,54271403
8,Clspn,25,0.066446201,NC_048595.1,2,26444494
8,Cenpa,26,0.066279435,NC_048600.1,7,13680259
8,Spag5,27,0.066047431,NC_048600.1,7,91694687
8,Mxd3,28,0.065754415,NC_048596.1,3,274315314
8,Plk1,29,0.065703875,NC_048596.1,3,78499839
8,Dlgap5,30,0.065590284,NW_023276807.1,1,203429989
8,Fam83d,31,0.064396844,NC_048599.1,6,20704020
8,Cenpk,32,0.064286441,NC_048595.1,2,322502420
8,Rrm2,33,0.06378351,NC_048600.1,7,26959218
8,LOC100754771,34,0.063275493,NC_048599.1,6,59837923
8,Traip,35,0.062938418,NC_048597.1,4,216138740
8,Rad54l,36,0.062878994,NC_048595.1,2,36216249
8,LOC113839111,37,0.062628266,NW_023277286.1,U,10459
8,Cdca8,38,0.06226787,NC_048595.1,2,28119983
9,LOC118237644,1,-0.073413817,NW_023276806.1,1,60098085
9,Selenbp1,2,0.072808834,NW_023276806.1,1,61565353
9,Myl9,3,0.072048805,NC_048599.1,6,22807687
9,Vil1,4,0.070230389,NC_048595.1,2,427664308
9,LOC118237616,5,0.068503566,NC_048599.1,6,14892689
9,Gpd1,6,0.067785542,NC_048595.1,2,396155050
9,Ip6k3,7,0.066639532,NW_023276806.1,1,232336053
9,LOC100754646,8,-0.066346214,NW_023276806.1,1,63447403
9,LOC100766081,9,0.061835593,NC_048597.1,4,45488253
9,Cd74,10,0.059439083,NC_048595.1,2,178285139
9,LOC100757534,11,0.057719577,NC_048596.1,3,55182398
9,LOC100756791,12,-0.057050595,NC_048596.1,3,280151001
9,Cd68,13,-0.055345963,NC_048600.1,7,83509203
9,Tagln,14,0.053812548,NC_048597.1,4,157652427
9,Mcemp1,15,0.052173421,NC_048597.1,4,88550691
9,LOC103161595,16,-0.051877824,NC_048598.1,5,124929982
9,LOC100757077,17,-0.051483154,NC_048596.1,3,280129751
9,LOC100767397,18,0.049992284,NW_023276806.1,1,231283567
9,LOC113834978,19,0.049350267,NC_048596.1,3,54737323
9,Rims3,20,0.048856295,NC_048595.1,2,31264176
9,Cdsn,21,0.048463313,NW_023276806.1,1,229493901
9,Mb,22,0.047711633,NC_048595.1,2,374265126
9,Gjb4,23,0.047708798,NC_048595.1,2,25677618
9,Mir322,24,0.047432988,NC_048604.1,X,16975875
9,Mir338,25,0.047371721,NC_048600.1,7,132526297
9,Napsa,26,0.047352734,NC_048599.1,6,153442673
9,Cd36,27,0.047232915,NW_023276806.1,1,176252535
9,Plekhb1,28,0.046761812,NC_048596.1,3,98854490
9,C3,29,0.045668493,NC_048598.1,5,96252915
9,Aqp1,30,-0.045632974,NC_048601.1,8,85972347
9,Gjb5,31,0.045389338,NC_048595.1,2,25672111
9,Tcn2,32,0.045019401,NW_023276807.1,1,100948188
9,LOC100769145,33,0.044712048,NC_048596.1,3,169461212
10,Mir21,1,0.051502539,NC_048600.1,7,99827973
10,Mgst3,2,0.049573411,NC_048598.1,5,25281440
10,LOC113833676,3,-0.048944726,NC_048595.1,2,165133130
10,Acd,4,0.046719254,NC_048596.1,3,181980961
10,LOC113832494,5,-0.046290788,NW_023276806.1,1,231484205
10,Mir671,6,-0.045147452,NC_048601.1,8,97922620
10,LOC113838061,7,0.045128961,NW_023277222.1,U,2381
10,LOC113836832,8,0.045112163,NC_048600.1,7,76630662
10,Ndufs5,9,0.044782691,NC_048595.1,2,29294065
10,Tmem184c,10,0.044194787,NC_048596.1,3,153363119
10,Chchd1,11,0.043678936,NW_023276807.1,1,200279306
10,LOC113836576,12,-0.043028771,NC_048600.1,7,111567514
10,LOC113839001,13,0.040750088,NW_023276990.1,U,5778
10,LOC100759247,14,-0.040728492,NC_048597.1,4,230384285
10,LOC113832320,15,0.040720046,NC_048599.1,6,21144717
10,LOC113836176,16,0.038291695,NC_048598.1,5,100789536
10,LOC113836458,17,-0.038289368,NC_048599.1,6,48333705
10,Scamp2,18,0.037821966,NC_048597.1,4,169187629
10,Mirlet7b,19,-0.037577035,NC_048595.1,2,382522427
10,LOC113836735,20,0.037508728,NC_048600.1,7,2672699
10,Impdh1,21,0.036381959,NW_023276806.1,1,198599349
10,Tnfsf9,22,0.036347069,NC_048598.1,5,96454207
10,Isg20l2,23,0.036279059,NW_023276806.1,1,66527959
10,LOC100755733,24,-0.036198912,NC_048599.1,6,73639041
10,Mmp10,25,-0.0358731,NC_048597.1,4,121939116
10,LOC100762938,26,0.035839617,NC_048595.1,2,8299021
10,LOC100763697,27,-0.035836837,NC_048596.1,3,236370867
10,Cdk2ap2,28,0.035720131,NC_048596.1,3,55157438
10,Nubp1,29,0.035662685,NC_048600.1,7,69314
10,LOC100689269,30,-0.035496815,NC_048597.1,4,152447657
10,Znf35,31,0.035337448,NC_048597.1,4,229875922
10,Jagn1,32,0.035151014,NC_048601.1,8,31351494
10,Mir301a,33,-0.035040672,NC_048600.1,7,100346355
10,Trnap-agg_1,34,0.034663323,NC_048596.1,3,244728037
10,LOC100773531,35,0.034508545,NC_048595.1,2,380048350
10,LOC113830756,36,0.034193364,NW_023276985.1,U,4019
10,Gyg1,37,0.034083853,NW_023276806.1,1,127845706
10,CUNH20orf202,38,0.034076366,NC_048599.1,6,28343928
10,C1qbp,39,0.033949203,NC_048600.1,7,84784147
10,LOC107977859,40,-0.033922834,NC_048597.1,4,89042669
10,Cers2,41,0.033914285,NW_023276806.1,1,61177666
11,LOC118238268,1,0.242598143,NC_048595.1,2,489787
11,LOC118237995,2,0.164796718,NC_048595.1,2,7303017
11,Fabp4,3,-0.137475888,NC_048595.1,2,137723467
11,LOC103161891,4,-0.120343762,NC_048598.1,5,21801351
11,Ctsd,5,-0.114170769,NC_048596.1,3,58875076
11,LOC118237929,6,0.112915227,NC_048595.1,2,2561979
11,Maged2,7,-0.102639729,NC_048604.1,X,108704873
11,LOC118238016,8,0.099499243,NC_048595.1,2,8080882
11,Tinagl1,9,-0.099195569,NC_048595.1,2,22865579
11,Tmem88b,10,0.09893779,NC_048595.1,2,495676
11,Stxbp6,11,-0.09679531,NC_048598.1,5,156823151
11,Aga,12,-0.087985725,NW_023276807.1,1,33988509
11,Csrp2,13,0.087759469,NW_023276806.1,1,144571595
11,Erp29,14,-0.086399114,NC_048597.1,4,101318639
11,LOC107980024,15,-0.086285322,NC_048598.1,5,17161133
11,Nrg4,16,-0.085251985,NC_048597.1,4,166833081
11,Tmem63a,17,-0.074604572,NC_048598.1,5,13330738
11,Mcc,18,-0.073916843,NC_048595.1,2,193208080
11,Lgmn,19,-0.072561218,NC_048598.1,5,103618504
11,Syn2,20,-0.070622333,NC_048601.1,8,29559312
11,Zdhhc4,21,-0.070395962,NC_048597.1,4,79849979
11,LOC113832687,22,0.070001449,NW_023276807.1,1,224050088
11,Smyd3,23,-0.069610903,NC_048598.1,5,14676689
11,LOC113837481,24,-0.069596761,NC_048603.1,10,27571175
11,LOC100767530,25,-0.067009476,NW_023276806.1,1,49133283
11,Ehd3,26,-0.063863683,NC_048600.1,7,9836371
11,LOC113834284,27,-0.06344957,NC_048603.1,10,4551636
11,LOC113834615,28,-0.062284996,NC_048596.1,3,168424119
11,LOC100766031,29,-0.060461915,NC_048596.1,3,236690990
11,LOC118238445,30,0.060400167,NC_048595.1,2,9165353
12,LOC113834936,1,0.08239372,NC_048596.1,3,53500981
12,LOC113833688,2,0.058330315,NC_048598.1,5,31029421
12,LOC113836438,3,0.057530055,NC_048599.1,6,48334176
12,Col7a1,4,0.057077888,NC_048597.1,4,217068431
12,LOC113833697,5,0.055955392,NC_048598.1,5,31029113
12,Plekhn1,6,0.055677399,NC_048595.1,2,94924
12,LOC113837712,7,0.055592299,NC_048604.1,X,64744168
12,LOC113835170,8,0.055128724,NC_048597.1,4,128824157
12,LOC113830966,9,0.05487806,NC_048604.1,X,1446116
12,LOC118239233,10,0.054739342,NC_048601.1,8,21789563
12,LOC113833156,11,0.054128651,NW_023276806.1,1,172752276
12,Atg9b,12,0.053824195,NC_048601.1,8,98130402
12,Slc9a5,13,0.052449881,NC_048596.1,3,181637378
12,Ccnl2,14,0.051773399,NC_048595.1,2,458510
12,LOC113835117,15,0.051250241,NC_048598.1,5,124566020
12,LOC113830843,16,0.051053157,NC_048599.1,6,138595293
12,LOC103159353,17,0.05033573,NW_023276807.1,1,183092120
12,LOC100762940,18,0.049992774,NC_048601.1,8,92634983
12,Amt,19,0.049541735,NC_048597.1,4,216475791
12,LOC113833272,20,0.048943112,NW_023276807.1,1,245218557
12,LOC118238393,21,0.048827979,NC_048595.1,2,337469715
12,Rhof,22,0.048677608,NC_048597.1,4,102918492
12,LOC113837124,23,0.048614594,NC_048601.1,8,8803433
12,Apbb3,24,0.048441733,NC_048595.1,2,200847965
12,LOC113835171,25,0.0481303,NC_048597.1,4,128823458
13,Ppp1r36,1,0.21763555,NC_048598.1,5,127059268
13,Mgat2,2,0.161817973,NC_048598.1,5,134183625
13,Slc2a12,3,-0.137937707,NC_048595.1,2,242013603
13,Olfml2b,4,0.124236971,NC_048598.1,5,22156422
13,Egr1,5,0.122403738,NC_048595.1,2,202626935
13,Cdkl1,6,0.119033822,NC_048598.1,5,133614977
13,LOC113832461,7,0.116962671,NW_023276806.1,1,229681754
13,Pcnx4,8,0.104438943,NC_048598.1,5,130836724
13,Prkch,9,0.101929147,NC_048598.1,5,129638547
13,Pygl,10,0.094847267,NC_048598.1,5,133156346
13,Hspa2,11,0.093124393,NC_048598.1,5,127085420
13,LOC113838060,12,-0.091478558,NW_023277222.1,U,1098
13,Trnap-agg,13,-0.085960097,NC_048596.1,3,100741895
13,LOC118239681,14,0.07382487,NW_023276807.1,1,40534596
13,Dennd2a,15,0.073525122,NW_023276806.1,1,188596585
13,Fmo2,16,0.072661926,NC_048598.1,5,29260293
13,LOC103160316,17,-0.069756948,NC_048596.1,3,210934156
13,Kdelr3,18,0.069531894,NC_048595.1,2,376685607
13,Slc9a9,19,-0.069005604,NC_048597.1,4,203352967
13,Serpinf1,20,0.068912282,NC_048600.1,7,88859911
13,Dcn,21,0.068798565,NW_023276806.1,1,163323235
14,LOC118239130,1,0.150769136,NC_048600.1,7,134321011
14,LOC118238399,2,0.118391113,NC_048595.1,2,349508570
14,Col3a1,3,-0.099228801,NC_048595.1,2,401902840
14,Plac8,4,-0.097129398,NW_023276807.1,1,162589659
14,Col6a1,5,-0.096241191,NW_023276806.1,1,262015908
14,LOC118239129,6,0.094545388,NC_048600.1,7,134318528
14,Resf1,7,-0.09349858,NC_048601.1,8,364059
14,Fgfbp1,8,0.092801348,NW_023276807.1,1,112611357
14,LOC103158736,9,-0.088521143,NC_048595.1,2,407595948
14,LOC100751053,10,0.087917138,NC_048597.1,4,162253090
14,Ipo8,11,-0.087778327,NC_048601.1,8,883738
14,Sinhcaf,12,-0.087713611,NC_048601.1,8,781690
14,Atp10a,13,-0.075540806,NC_048596.1,3,139025916
14,Farp1,14,-0.074174811,NW_023276807.1,1,270901743
14,Lum,15,-0.072830414,NW_023276806.1,1,163392996
14,Slpi,16,0.07181557,NC_048599.1,6,15126790
14,Spn,17,0.069390235,NC_048596.1,3,73615356
14,LOC100769145,18,0.069234665,NC_048596.1,3,169461212
14,LOC100773795,19,0.06871815,NC_048595.1,2,161968153
14,Sbsn,20,0.063649528,NC_048602.1,9,5052967
14,LOC100769715,21,0.062545915,NC_048596.1,3,169378122
14,Lat2,22,0.062408839,NC_048597.1,4,113688211
14,Fam234b,23,-0.062285703,NC_048601.1,8,13725987
14,Amn1,24,-0.061672125,NC_048601.1,8,534554
14,LOC113831658,25,-0.059850469,NC_048595.1,2,443300178
14,Col4a1,26,-0.05817869,NW_023276807.1,1,69305537
14,C1H12orf75,27,-0.057527696,NW_023276806.1,1,151656367
14,Dennd5b,28,-0.056736545,NC_048601.1,8,634375
14,Dpt,29,-0.056254945,NC_048598.1,5,27552951
14,LOC103158756,30,-0.055666925,NC_048599.1,6,21482173
14,Ptprm,31,-0.055608114,NC_048595.1,2,455560068
14,Glul,32,0.055168743,NC_048598.1,5,37796573
14,Syne4,33,0.05512348,NC_048602.1,9,5505662
14,LOC118239514,34,0.053740158,NW_023276806.1,1,193612036
14,Hmgcs2,35,-0.051412367,NW_023276806.1,1,58184506
14,Frk,36,0.051243431,NC_048595.1,2,257847298
14,Ccnd1,37,-0.051111403,NC_048596.1,3,56401678
14,Flnc,38,0.050777497,NW_023276806.1,1,198358447
14,Hsd3b7,39,0.050592213,NC_048596.1,3,72968769
14,LOC113836674,40,0.050142406,NC_048600.1,7,134323471
14,Pla2g2a,41,0.049543762,NC_048595.1,2,14521849
14,Etfbkmt,42,-0.049425893,NC_048601.1,8,561592
14,Rgs10,43,0.049285318,NC_048596.1,3,72390304
14,Pdpn,44,-0.049258719,NC_048595.1,2,9912742
15,Cd36,1,-0.081093033,NW_023276806.1,1,176252535
15,Col3a1,2,0.078131726,NC_048595.1,2,401902840
15,Edn1,3,-0.07245409,NC_048596.1,3,261971105
15,Thbs2,4,-0.071491549,NC_048595.1,2,293781872
15,Papln,5,-0.069851958,NC_048598.1,5,119955933
15,LOC103159564,6,-0.069666659,NC_048600.1,7,95741892
15,LOC103162302,7,-0.066489444,NC_048596.1,3,163676308
15,LOC100760951,8,-0.063074442,NW_023276806.1,1,63384679
15,LOC100768899,9,-0.06242508,NC_048595.1,2,280983634
15,Tbxa2r,10,-0.06193291,NC_048598.1,5,102106940
15,Trim54,11,-0.061870984,NC_048600.1,7,13243617
15,Slpi,12,-0.059914034,NC_048599.1,6,15126790
15,Arhgef10l,13,-0.059019074,NC_048595.1,2,12615369
15,Slc22a3,14,-0.058835821,NC_048595.1,2,288493362
15,Eif2ak2,15,0.058471961,NC_048600.1,7,5168353
15,Glul,16,-0.05733875,NC_048598.1,5,37796573
15,LOC118238412,17,0.056804498,NC_048595.1,2,380142285
15,LOC103162414,18,-0.055934927,NC_048602.1,9,4740661
15,Gas7,19,-0.053862434,NC_048600.1,7,81333211
15,LOC107979026,20,0.05282518,NC_048595.1,2,422743453
15,LOC118239130,21,-0.052649366,NC_048600.1,7,134321011
15,Gap43,22,-0.052373843,NC_048597.1,4,48025692
15,LOC100753467,23,0.052066814,NW_023276807.1,1,24692698
15,Rcc2,24,-0.051388924,NC_048595.1,2,12533537
15,Ccn1,25,-0.050777087,NW_023276806.1,1,13533654
15,Cited1,26,0.049909951,NC_048604.1,X,67993924
15,LOC118238246,27,-0.048970147,NC_048595.1,2,293831101
15,LOC103161308,28,-0.048803727,NW_023276806.1,1,32237273
15,Tcn2,29,-0.048619607,NW_023276807.1,1,100948188
15,Deup1,30,-0.04821462,NC_048597.1,4,129055930
15,Wdfy4,31,-0.047685941,NW_023276807.1,1,186215732
15,Apba2,32,-0.047342414,NC_048596.1,3,132505334
15,Nmnat2,33,-0.0472797,NC_048598.1,5,38518377
15,LOC100757534,34,0.047148448,NC_048596.1,3,55182398
15,Ankrd1,35,-0.047102476,NC_048596.1,3,25655699
15,LOC100773795,36,0.047066346,NC_048595.1,2,161968153
15,Acta2,37,-0.046649022,NC_048596.1,3,27509683
15,Angpt2,38,-0.04645967,NW_023276807.1,1,62524627
15,Il34,39,-0.04556354,NC_048596.1,3,187135702
15,Stmn4,40,-0.045361659,NW_023276807.1,1,221347926
15,Plcxd1,41,-0.045308887,NC_048600.1,7,32970437
15,LOC103160946,42,-0.045152613,NC_048595.1,2,381983936
15,Creb5,43,-0.045070978,NC_048601.1,8,87645090
15,Fn1,44,-0.044843461,NC_048595.1,2,424970688
15,Zfyve21,45,-0.044836658,NC_048598.1,5,182210063
15,LOC113839374,46,-0.044799231,NW_023276806.1,1,63220834
15,LOC100757077,47,-0.044587936,NC_048596.1,3,280129751
15,Adgrd1,48,-0.043225749,NC_048597.1,4,108479351
15,Hvcn1,49,-0.042894729,NC_048597.1,4,102038256
15,LOC100766081,50,-0.042558937,NC_048597.1,4,45488253
15,LOC113833592,51,0.042505132,NC_048595.1,2,435732171
15,LOC103161904,52,-0.042104054,NW_023276806.1,1,36896569
15,Fabp4,53,-0.041574372,NC_048595.1,2,137723467
15,Ptx3,54,-0.041388892,NW_023276806.1,1,86728592
15,Izumo1,55,-0.041291436,NC_048599.1,6,154525201
15,LOC118239514,56,0.040801689,NW_023276806.1,1,193612036
15,St8sia6,57,-0.040604418,NC_048596.1,3,218844815
15,Krt80,58,-0.040585873,NC_048595.1,2,397786653
15,Dtx4,59,-0.040434633,NC_048596.1,3,48119823
15,Slc44a3,60,-0.03992913,NW_023276806.1,1,36961631
15,Hmox1,61,0.039697207,NC_048596.1,3,150860756
15,Il1rl1,62,-0.039694659,NW_023276807.1,1,7805801
15,LOC113834403,63,0.039643372,NC_048595.1,2,106628517
15,LOC100767530,64,-0.039634286,NW_023276806.1,1,49133283
15,Muc13,65,-0.039480447,NC_048597.1,4,55779968
15,Cxcl12,66,-0.03935566,NC_048601.1,8,27697629
15,LOC103163910,67,-0.0392,NC_048600.1,7,26026480
15,Acy3,68,0.039139268,NC_048596.1,3,55250960
15,Gnat3,69,-0.038515367,NW_023276806.1,1,176169790
15,Susd1,70,-0.038450547,NC_048595.1,2,84384549
15,Ebi3,71,-0.038437425,NC_048598.1,5,97588758
15,Dusp8,72,-0.038427881,NC_048596.1,3,59089975
15,Angptl4,73,-0.038289761,NC_048598.1,5,95192610
15,Prnd,74,-0.038164831,NC_048599.1,6,46641245
15,Fam163a,75,-0.037747296,NC_048598.1,5,35670451
15,LOC100752904,76,0.037687044,NC_048596.1,3,244997651
15,Id3,77,0.037539715,NC_048595.1,2,17164510
15,LOC118238443,78,0.037534101,NC_048595.1,2,455901481
15,Ranbp3l,79,-0.037529715,NC_048595.1,2,342635682
15,LOC103159353,80,-0.037441878,NW_023276807.1,1,183092120
15,Cnn1,81,-0.037382639,NC_048597.1,4,134991814
15,Akr1b8,82,0.03732922,NW_023276806.1,1,193587750
15,LOC107979269,83,-0.036829706,NC_048597.1,4,50094100
15,LOC118239598,84,-0.036802502,NW_023276806.1,1,121710095
15,Cited2,85,-0.036707915,NC_048595.1,2,271953825
15,LOC103160224,86,-0.036701402,NW_023276806.1,1,239506722
15,B3gnt3,87,-0.036636411,NW_023276806.1,1,248068828
15,LOC103161500,88,0.03662537,NC_048600.1,7,23922319
15,Calhm5,89,-0.036587484,NC_048595.1,2,257490293
15,Mir6092,90,-0.036543533,NC_048600.1,7,133651933
15,LOC118239187,91,-0.036494482,NW_023276806.1,1,59576452
15,Dok5,92,-0.036166001,NC_048599.1,6,8452967
15,Mir1956,93,-0.035968123,NW_023276806.1,1,21052843
16,LOC113832477,1,0.136771288,NW_023276806.1,1,230175274
16,Scand1,2,0.12260784,NC_048599.1,6,23288496
16,LOC113833009,3,0.099083111,NC_048595.1,2,35262614
16,Fkbpl,4,0.089257787,NW_023276806.1,1,231267498
16,LOC100757684,5,0.088644818,NC_048601.1,8,12217897
16,LOC113835857,6,0.08174965,NC_048598.1,5,169991602
16,LOC113835059,7,0.081684341,NC_048596.1,3,274451401
16,Cebpd,8,0.080467474,NC_048597.1,4,73611174
16,LOC113834557,9,0.079069456,NC_048596.1,3,73454298
16,LOC113838089,10,0.077350554,NW_023276947.1,U,44930
16,LOC113835615,11,0.076660738,NC_048597.1,4,230173234
16,Tpgs1,12,0.075990785,NC_048598.1,5,100476043
16,Bola1,13,0.075975705,NW_023276806.1,1,60326845
16,LOC113836998,14,0.075909407,NC_048601.1,8,55346997
16,LOC113838539,15,0.075522288,NW_023276919.1,U,9912854
16,LOC118238159,16,0.073930226,NC_048595.1,2,19015179
16,LOC113837240,17,0.073095795,NC_048602.1,9,23689254
16,Socs1,18,0.07264804,NC_048600.1,7,35979655
16,LOC113833392,19,0.0718397,NW_023276806.1,1,248306499
16,LOC113838541,20,0.071586628,NW_023276919.1,U,9897515
16,LOC113837845,21,0.071010857,NW_023277415.1,U,60131
16,LOC113836270,22,0.068429414,NC_048599.1,6,100381838
16,LOC113837250,23,0.067730497,NC_048602.1,9,23426649
16,LOC113836680,24,0.067226122,NC_048600.1,7,132607814
16,Rn45s,25,0.06627511,NC_048600.1,7,134357488
16,LOC113832527,26,0.065607985,NW_023276806.1,1,232091965
16,LOC113836920,27,0.064812125,NC_048600.1,7,119454319
16,LOC113835924,28,0.063985404,NC_048598.1,5,85809795
16,Junb,29,0.063026681,NC_048596.1,3,159387536
16,LOC113838852,30,0.061741816,NW_023277415.1,U,10421
16,LOC113832491,31,0.061694851,NW_023276806.1,1,231429388
16,LOC113838537,32,0.060693908,NW_023276919.1,U,9878922
16,Ier2,33,0.059912024,NC_048596.1,3,159711733
16,LOC118239828,34,0.058806913,NW_023277415.1,U,59117
16,LOC113837275,35,0.05880481,NC_048602.1,9,24167377
16,Ccdc85b,36,0.058460021,NC_048596.1,3,53883863
16,Ier5l,37,0.058316587,NC_048599.1,6,142141102
16,LOC118239111,38,0.058307736,NC_048599.1,6,102174952
16,LOC100752159,39,0.057755391,NC_048596.1,3,15441201
17,Rn45s,1,0.070079683,NC_048600.1,7,134357488
17,LOC113830871,2,0.068192782,NC_048595.1,2,6904447
17,Mir2424,3,0.061979847,NC_048601.1,8,21234660
17,Cxcl3,4,-0.052246403,NW_023276807.1,1,155559516
17,LOC113836439,5,0.05061432,NC_048599.1,6,48335963
17,LOC107977836,6,0.049818784,NC_048597.1,4,128824762
17,Ccr7,7,0.048788951,NC_048600.1,7,112231375
17,Trnak-uuu_1,8,0.047735296,NC_048596.1,3,48566920
17,LOC113836829,9,-0.046284605,NC_048600.1,7,63461020
17,LOC107979030,10,0.046054938,NW_023276807.1,1,29635231
17,LOC113836664,11,-0.045106282,NC_048600.1,7,44305850
17,LOC118238625,12,-0.044471212,NC_048596.1,3,282054384
17,Angptl8,13,0.043691018,NC_048597.1,4,134719565
17,LOC113833551,14,0.04351939,NC_048595.1,2,48946937
17,Il10,15,0.042672175,NC_048598.1,5,58035768
17,Dpt,16,0.042412664,NC_048598.1,5,27552951
17,LOC113835413,17,0.042084889,NC_048597.1,4,65822866
17,LOC113832603,18,0.041875315,NW_023276807.1,1,62391068
17,Cxcl1,19,-0.040829605,NW_023276807.1,1,155673934
17,LOC100774108,20,-0.040741504,NC_048601.1,8,67159867
17,LOC113832634,21,-0.040389027,NC_048600.1,7,83514590
17,LOC113832477,22,0.039962507,NW_023276806.1,1,230175274
17,LOC100772004,23,0.039515639,NC_048595.1,2,18999139
17,LOC118239081,24,0.039178904,NC_048599.1,6,70545239
17,LOC118238642,25,-0.039146205,NC_048599.1,6,49791087
17,LOC103160317,26,0.038901511,NC_048596.1,3,210823870
17,LOC113837475,27,0.03882363,NC_048603.1,10,22785666
17,Isg20,28,0.038532371,NC_048596.1,3,118693506
17,LOC113838100,29,0.03786257,NW_023277435.1,U,4994
17,Ccn2,30,-0.036869042,NC_048595.1,2,243783381
17,LOC113830891,31,0.036774285,NC_048595.1,2,101598126
17,LOC103161536,32,0.036687178,NC_048597.1,4,5102204
17,Sdr42e2,33,-0.036686799,NC_048596.1,3,79820084
17,LOC113833012,34,0.03667773,NC_048595.1,2,35264008
17,CUNH1orf100,35,0.036312816,NC_048598.1,5,16083322
17,LOC113838095,36,-0.036268656,NW_023277277.1,U,685
17,LOC118238401,37,0.036235348,NC_048595.1,2,358026811
17,Stk32b,38,0.036027315,NW_023276807.1,1,106401069
17,Trnal-caa_1,39,-0.03570103,NC_048596.1,3,243560408
17,LOC113835905,40,0.035647695,NC_048598.1,5,54239877
17,Mir374,41,-0.035617671,NC_048604.1,X,66940645
17,LOC100755207,42,-0.035608475,NC_048596.1,3,52242798
17,Mmp2,43,0.035333042,NC_048596.1,3,168543838
17,LOC113833183,44,0.03508108,NW_023276806.1,1,61506684
17,Pecam1,45,0.035060651,NC_048600.1,7,119598591
17,Slc43a2,46,-0.035012004,NC_048600.1,7,88986334
17,LOC113834117,47,0.034983944,NC_048595.1,2,330104048
17,LOC113831226,48,-0.034874988,NC_048595.1,2,438020415
17,LOC113832863,49,0.034838199,NW_023276806.1,1,198480440
18,LOC113833231,1,0.083960271,NW_023276806.1,1,60349878
18,LOC113833675,2,0.082272847,NC_048595.1,2,164920380
18,LOC113836830,3,0.081697778,NC_048600.1,7,63459058
18,LOC113832498,4,0.077515325,NW_023276806.1,1,231772785
18,Trnav-cac_2,5,0.075029166,NC_048596.1,3,244703820
18,Trnah-gug_7,6,0.073628678,NW_023276806.1,1,60074801
18,Trnav-uac,7,0.071322617,NC_048596.1,3,48564373
18,LOC118238917,8,0.070163588,NC_048598.1,5,82659263
18,LOC113835248,9,0.069369095,NC_048597.1,4,198443789
18,Mir872,10,0.069211799,NC_048595.1,2,54166122
18,Mir326,11,0.067251197,NC_048596.1,3,100010907
18,Mir151,12,0.067114314,NC_048595.1,2,370916168
18,LOC113832543,13,0.065367077,NW_023276806.1,1,256699277
18,LOC113833111,14,0.06252166,NC_048595.1,2,414764484
18,Mir147,15,0.061862401,NC_048599.1,6,55885113
18,Mir100,16,0.060356331,NC_048597.1,4,153193229
18,LOC113837330,17,0.060199204,NC_048602.1,9,10600535
18,LOC113834222,18,0.059064095,NC_048595.1,2,309002489
18,LOC103164270,19,0.058827116,NW_023277414.1,U,7857
18,Mirlet7b,20,0.058785632,NC_048595.1,2,382522427
18,LOC113832500,21,0.057644237,NW_023276806.1,1,231483722
18,LOC113832735,22,-0.057587964,NW_023276807.1,1,230237845
18,LOC113830953,23,0.056986112,NC_048596.1,3,281919178
18,LOC113834933,24,0.056100896,NC_048596.1,3,273578284
18,LOC113836871,25,0.054500125,NC_048600.1,7,69595347
18,LOC113835447,26,0.054486027,NC_048597.1,4,70361187
18,LOC113836219,27,-0.054215259,NC_048598.1,5,143415177
18,LOC113832632,28,0.053321845,NC_048600.1,7,82946366
18,Mirlet7d,29,-0.052932719,NC_048596.1,3,268318775
18,LOC113837101,30,-0.052767949,NC_048601.1,8,92636747
18,Trnap-ugg_3,31,0.052704352,NC_048600.1,7,63507701
18,Mir148b,32,0.051910756,NC_048595.1,2,399663752
18,LOC113836039,33,0.051490214,NC_048598.1,5,126122076
18,LOC113833020,34,-0.051316014,NC_048595.1,2,35227083
18,LOC113831608,35,0.050634498,NC_048595.1,2,5331310
18,LOC113834530,36,0.049488702,NC_048595.1,2,377234496
18,Trnak-cuu_59,37,0.049388043,NW_023276807.1,1,78977409
18,LOC113833114,38,-0.049297261,NC_048595.1,2,413955053
18,LOC118239065,39,0.049190867,NC_048599.1,6,1352405
18,LOC118239102,40,0.049152866,NC_048599.1,6,23861235
18,Mir196a,41,0.048426427,NC_048595.1,2,399348483
18,LOC113836832,42,-0.048405457,NC_048600.1,7,76630662
18,LOC113832571,43,0.048209619,NW_023276807.1,1,186429398
18,LOC113830809,44,-0.048171784,NC_048600.1,7,11905769
18,LOC113835507,45,0.047584173,NC_048597.1,4,109118879
18,Trnah-gug_10,46,0.047453515,NW_023276806.1,1,60118177
18,LOC113836616,47,0.04731795,NC_048600.1,7,26444694
18,LOC113831373,48,-0.047162056,NC_048600.1,7,91572803
18,LOC113835702,49,0.047077418,NC_048597.1,4,114134510
19,Trnak-cuu_67,1,0.126755768,NW_023276919.1,U,881536
19,Rn45s_1,2,-0.117970804,NW_023277167.1,U,24094
19,LOC100759921,3,-0.102954421,NC_048595.1,2,117816299
19,LOC100756750,4,-0.102333606,NC_048600.1,7,90915166
19,LOC113832801,5,0.10223604,NW_023276807.1,1,47737561
19,LOC107980311,6,0.096420235,NC_048600.1,7,42978666
19,LOC100755951,7,-0.093772488,NC_048595.1,2,362966521
19,Snrpd2,8,0.09234036,NC_048602.1,9,28212771
19,LOC100758276,9,-0.091717661,NW_023276807.1,1,257496171
19,Rn28s1,10,-0.091465067,NW_023276990.1,U,41594
19,LOC113839000,11,-0.089772395,NW_023276990.1,U,44672
19,LOC100763702,12,0.081879851,NW_023276806.1,1,193273193
19,LOC113836576,13,0.07862339,NC_048600.1,7,111567514
19,LOC100755196,14,-0.078507192,NW_023276807.1,1,96671517
19,LOC100762856,15,-0.078356117,NC_048597.1,4,187351359
19,LOC113836883,16,-0.076904757,NC_048600.1,7,116664409
19,LOC118239081,17,0.076903997,NC_048599.1,6,70545239
19,LOC113836198,18,0.075905426,NC_048598.1,5,100783489
19,LOC100755978,19,-0.075355375,NC_048597.1,4,128866192
19,LOC113837438,20,0.074940631,NC_048603.1,10,16579761
19,LOC100765587,21,0.07412085,NW_023276807.1,1,140606469
19,LOC100765911,22,0.074053449,NC_048604.1,X,14823732
19,LOC107977859,23,0.070210134,NC_048597.1,4,89042669
19,LOC100769680,24,-0.068989001,NC_048595.1,2,329566456
19,LOC100760757,25,-0.066151326,NW_023276806.1,1,89289138
19,LOC113833701,26,0.065451459,NC_048598.1,5,31030632
19,LOC100762200,27,-0.064906391,NC_048598.1,5,155512699
19,LOC113837769,28,0.064662338,NC_048604.1,X,118273950
19,LOC113838089,29,-0.063134472,NW_023276947.1,U,44930
19,Trnak-uuu_1,30,-0.062901003,NC_048596.1,3,48566920
19,LOC113831892,31,-0.062140219,NC_048597.1,4,151060449
19,LOC113837667,32,0.061433357,NC_048604.1,X,85556996
19,LOC113835268,33,0.061377218,NC_048597.1,4,133762389
19,LOC100769604,34,-0.060743588,NC_048595.1,2,267616304
19,LOC100774172,35,0.060631082,NC_048603.1,10,18788219
19,LOC107977836,36,0.060137889,NC_048597.1,4,128824762
19,LOC113832994,37,0.059777965,NC_048596.1,3,199783587
19,LOC107980155,38,-0.058547565,NC_048595.1,2,289274378
19,LOC100757781,39,0.057681742,NW_023276806.1,1,273674484
19,LOC100765930,40,-0.057077663,NC_048599.1,6,78226115
19,LOC113834006,41,-0.055774863,NC_048595.1,2,58893559
19,LOC113837793,42,0.055450615,NC_048604.1,X,14144683
19,LOC100755284,43,-0.055276753,NC_048600.1,7,90705927
19,LOC100759156,44,0.054776239,NC_048598.1,5,74483577
19,Mir191,45,-0.054595442,NC_048597.1,4,216745486
19,LOC118239159,46,0.054573471,NC_048600.1,7,46606242
19,LOC113833013,47,0.054291977,NC_048595.1,2,35263170
19,LOC100759247,48,-0.05397337,NC_048597.1,4,230384285
19,LOC113839001,49,-0.053821583,NW_023276990.1,U,5778
19,LOC113833802,50,0.053270075,NC_048595.1,2,137909428
19,LOC113833686,51,0.052259553,NC_048598.1,5,31027949
19,LOC100755019,52,0.051982313,NC_048604.1,X,89552708
19,LOC100766582,53,-0.051411594,NW_023276806.1,1,274702569
19,LOC100756490,54,-0.051349099,NW_023276807.1,1,39286388
19,LOC100757758,55,0.050996534,NW_023276807.1,1,152568132
19,LOC113837022,56,0.050503746,NC_048601.1,8,51826967
19,LOC100774945,57,0.04937892,NC_048595.1,2,334635037
19,LOC100764541,58,-0.048802609,NC_048598.1,5,14752566
19,LOC113833685,59,0.048755469,NC_048598.1,5,31028623
19,Mir23a,60,-0.048585728,NC_048596.1,3,160211611
19,LOC113831372,61,-0.04834489,NC_048600.1,7,91574932
19,LOC100760082,62,-0.048214155,NC_048598.1,5,69217954
19,LOC113834529,63,-0.047924463,NC_048595.1,2,377238543
19,LOC113833918,64,0.047359635,NC_048595.1,2,20946204
19,LOC100766073,65,0.046923958,NC_048599.1,6,81241331
19,LOC100773119,66,-0.046880771,NC_048600.1,7,47677558
19,LOC100752901,67,-0.046685118,NC_048596.1,3,213941857
19,LOC113833142,68,0.045970596,NW_023276806.1,1,68281497
19,LOC100770435,69,-0.045929227,NW_023276807.1,1,84084544
19,LOC113831474,70,0.045240813,NC_048596.1,3,51368969
19,LOC100768273,71,-0.045224864,NC_048595.1,2,180027579
19,LOC100771998,72,0.045083244,NC_048596.1,3,134713422
20,LOC100750890,1,0.101028838,NC_048596.1,3,17267051
20,LOC118239682,2,0.090430769,NW_023276807.1,1,210242411
20,Gpr160,3,0.073009199,NW_023276806.1,1,119541899
20,LOC113834403,4,-0.070934877,NC_048595.1,2,106628517
20,LOC100772326,5,0.069864886,NW_023276807.1,1,163704578
20,LOC113838990,6,0.067206687,NW_023276985.1,U,40763
20,LOC103162230,7,-0.067077922,NC_048597.1,4,50397554
20,LOC118238251,8,-0.066145766,NC_048595.1,2,340710003
20,LOC103159449,9,-0.063942393,NC_048597.1,4,33997738
20,LOC103163886,10,0.062786154,NC_048597.1,4,228827490
20,LOC118239130,11,0.062770032,NC_048600.1,7,134321011
20,Ranbp3l,12,0.062277311,NC_048595.1,2,342635682
20,LOC107977581,13,-0.061747573,NC_048596.1,3,33899771
20,Ggt1,14,-0.061511388,NW_023276806.1,1,263003735
20,Xpnpep2,15,0.060544453,NC_048604.1,X,21303916
20,LOC103160316,16,-0.058221727,NC_048596.1,3,210934156
20,LOC107980044,17,-0.05814977,NC_048597.1,4,12345676
20,Ddit4l,18,0.057967853,NW_023276806.1,1,21984001
20,Tmem176b,19,-0.057303827,NC_048601.1,8,98412720
20,CUNH1orf87,20,0.057068512,NC_048595.1,2,52605965
20,LOC113835715,21,-0.056046187,NC_048598.1,5,148211787
20,Fam83c,22,-0.055107087,NC_048599.1,6,23776205
20,LOC100751987,23,0.054924271,NC_048600.1,7,133546796
20,Izumo1,24,0.054313638,NC_048599.1,6,154525201
20,Hid1,25,-0.054280423,NC_048600.1,7,127957281
20,CUNH16orf54,26,0.054276281,NC_048596.1,3,73661871
20,LOC103159579,27,-0.053992918,NC_048595.1,2,455547684
20,Lxn,28,-0.052874263,NW_023276806.1,1,85619982
20,Tmem176a,29,-0.052560506,NC_048601.1,8,98408602
20,LOC118239162,30,0.052293821,NC_048600.1,7,130971618
20,LOC113832263,31,0.052145889,NW_023276807.1,1,123069330
20,LOC103163237,32,-0.051828029,NC_048597.1,4,27685839
20,Tinag,33,-0.051714043,NC_048597.1,4,188098403
20,LOC118239129,34,0.051525885,NC_048600.1,7,134318528
20,Thbs1,35,-0.05093475,NC_048599.1,6,60390487
20,C1qtnf6,36,0.050751293,NC_048595.1,2,375623155
20,Trim21,37,-0.049709333,NC_048596.1,3,96821382
20,LOC118239332,38,-0.049392283,NW_023276806.1,1,239401719
20,Arhgap9,39,0.048821512,NW_023276806.1,1,130402283
20,LOC107979861,40,-0.04863628,NC_048601.1,8,10089181
20,Synm,41,0.048381201,NC_048596.1,3,129454369
20,Agt,42,0.048291748,NC_048596.1,3,201284400
20,Ttc39b,43,0.047960685,NC_048595.1,2,64543489
20,LOC100763252,44,-0.046454765,NW_023276807.1,1,152847044
20,LOC107977383,45,-0.045718029,NW_023276807.1,1,161041705
20,LOC113832262,46,-0.045565873,NW_023276807.1,1,128528451
20,Cxcl3,47,-0.04551937,NW_023276807.1,1,155559516
20,Lmx1b,48,-0.04525373,NC_048599.1,6,145288321
20,Flnc,49,0.045250192,NW_023276806.1,1,198358447
20,LOC113834754,50,-0.045118591,NC_048596.1,3,41585253
20,LOC100756860,51,0.044975701,NC_048595.1,2,1006155
20,LOC107978485,52,-0.044861655,NC_048595.1,2,159883125
20,LOC113833723,53,0.044706836,NC_048595.1,2,7781734
20,Adgrd1,54,-0.044624646,NC_048597.1,4,108479351
20,LOC113833193,55,0.044561535,NW_023276806.1,1,59997260
20,LOC113831259,56,-0.044543359,NC_048599.1,6,130482622
20,LOC118238913,57,-0.044511148,NC_048598.1,5,184828166
20,LOC113830932,58,-0.044179075,NC_048604.1,X,59870249
20,Clcn4,59,0.043744472,NC_048604.1,X,105010703
20,Hsd11b1,60,0.043598199,NC_048598.1,5,1965648
21,LOC100773073,1,0.086959863,NW_023276807.1,1,185277442
21,Inka2,2,0.082566588,NW_023276806.1,1,51287063
21,LOC100751672,3,0.081263602,NC_048596.1,3,145028818
21,LOC118239039,4,-0.068903834,NC_048599.1,6,73936008
21,Btg2,5,0.066983417,NC_048598.1,5,55129512
21,Eda2r,6,0.060372897,NC_048604.1,X,73023336
21,Tbc1d8,7,0.059862547,NW_023276807.1,1,8763081
21,Tp53inp1,8,0.058344114,NC_048595.1,2,125285550
21,Ccdc122,9,0.057674045,NW_023276807.1,1,231429314
21,Dzip1,10,0.057207504,NW_023276807.1,1,268882621
21,Cdkn1a,11,0.054925457,NW_023276806.1,1,257586949
21,Rasl11a,12,0.054448796,NC_048597.1,4,82681798
21,Ccng1,13,0.0520963,NC_048600.1,7,55623864
21,LOC100755639,14,0.051417178,NC_048595.1,2,403097637
21,Rbm3,15,0.050756999,NC_048604.1,X,114619721
21,Aen,16,0.050233969,NC_048596.1,3,118712171
21,Mro,17,0.049968401,NC_048595.1,2,165903460
21,Psrc1,18,0.049919164,NW_023276806.1,1,48725960
21,Tmem63b,19,0.049402974,NW_023276807.1,1,31975487
21,Mdm2,20,0.048821999,NW_023276806.1,1,138651658
21,Zmat3,21,0.04871106,NW_023276806.1,1,117011060
21,Rhbdl2,22,0.047658517,NC_048595.1,2,29173090
22,LOC100761692,1,0.034147529,NC_048601.1,8,16903938
22,Ddit3,2,0.03362148,NW_023276806.1,1,130431820
22,LOC103161269,3,0.031611708,NC_048603.1,10,15449844
22,LOC100764983,4,0.031489176,NC_048595.1,2,58853404
22,Tubb,5,-0.031393453,NW_023276806.1,1,229739403
22,LOC100773172,6,0.031259707,NW_023276806.1,1,232312697
22,Adapt15,7,0.030369843,NC_048597.1,4,198443174
22,Ppm1g,8,-0.030336311,NC_048600.1,7,13168833
22,Mcm3,9,-0.030217775,NW_023276807.1,1,25168039
22,Ddit4,10,0.030057474,NW_023276807.1,1,1380280
22,LOC100774994,11,0.029856841,NC_048603.1,10,17860961
22,Thbs1,12,-0.029608729,NC_048599.1,6,60390487
22,Rnf10,13,-0.029463497,NC_048597.1,4,94822308
22,Sae1,14,-0.029394881,NC_048602.1,9,11005907
22,Lasp1,15,-0.029273992,NC_048600.1,7,110942742
22,Commd8,16,0.029042481,NW_023276807.1,1,138725452
22,LOC103158861,17,0.0289994,NC_048595.1,2,305895750
22,Trim28,18,-0.028811861,NC_048602.1,9,25591853
22,Dpm3,19,0.028720822,NW_023276806.1,1,65285786
22,Uba1,20,-0.028535225,NC_048604.1,X,125470851
22,Atp6v1f,21,0.028497583,NW_023276806.1,1,198350320
22,Elob,22,0.028444252,NC_048600.1,7,43341502
22,LOC100751590,23,0.02837342,NC_048596.1,3,51217120
22,Ppp2r5d,24,-0.028336996,NW_023276806.1,1,256102596
22,Ssrp1,25,-0.028262855,NC_048599.1,6,90490267
22,LOC113834297,26,-0.028023879,NC_048595.1,2,262815402
22,Fmc1,27,0.028012575,NW_023276806.1,1,189623810
22,Parva,28,-0.027960392,NC_048596.1,3,88098668
22,Surf4,29,-0.027899499,NC_048599.1,6,138602393
22,LOC113836832,30,0.027757523,NC_048600.1,7,76630662
22,LOC113831473,31,0.02770576,NC_048596.1,3,51369265
22,Ncl,32,-0.027648928,NC_048595.1,2,438018225
22,Cks2,33,0.027622131,NC_048596.1,3,270592891
23,LOC118237616,1,0.06642503,NC_048599.1,6,14892689
23,Mir1973,2,0.06288204,NC_048603.1,10,16495623
23,Tspan11,3,0.061729555,NC_048601.1,8,18470499
23,LOC113832724,4,-0.059848691,NW_023276807.1,1,220566370
23,LOC113836915,5,0.057381432,NC_048600.1,7,116455975
23,LOC113831086,6,-0.056589121,NC_048596.1,3,100070586
23,LOC113835905,7,0.05439554,NC_048598.1,5,54239877
23,Gas7,8,0.053500033,NC_048600.1,7,81333211
23,LOC113834714,9,-0.053255376,NC_048596.1,3,187238786
23,LOC113834725,10,-0.051802449,NC_048596.1,3,159318403
23,LOC100763833,11,0.048199275,NC_048600.1,7,95468788
23,Slc25a18,12,0.047152789,NC_048601.1,8,24089253
23,Mir10b,13,0.045702419,NC_048599.1,6,100368175
23,LOC113838812,14,-0.045508691,NW_023276855.1,U,24704
23,LOC113834788,15,-0.045170905,NC_048596.1,3,29025366
23,Hr,16,0.044352635,NW_023276807.1,1,225198397
23,LOC113832642,17,-0.041733736,NW_023276806.1,1,204960711
23,LOC113836733,18,-0.041690997,NC_048600.1,7,5253769
23,LOC113836920,19,-0.041062168,NC_048600.1,7,119454319
23,LOC100769330,20,0.040742358,NC_048596.1,3,244399860
23,LOC113830803,21,-0.040493073,NC_048600.1,7,11913783
23,LOC118238347,22,0.040388015,NC_048595.1,2,223846567
23,LOC113836442,23,-0.040289518,NC_048599.1,6,28109381
23,LOC113835571,24,-0.040115473,NC_048597.1,4,174633288
23,LOC113836322,25,-0.040039002,NC_048599.1,6,153119535
23,LOC113835538,26,-0.03975419,NC_048597.1,4,210858051
23,Tp63,27,0.039346934,NC_048597.1,4,63108943
23,Txnip,28,0.039250182,NW_023276806.1,1,59939849
23,LOC113834933,29,0.039237524,NC_048596.1,3,273578284
24,Prxl2a,1,0.085436777,NW_023276807.1,1,179114373
24,Ddit4,2,0.072413586,NW_023276807.1,1,1380280
24,LOC118239683,3,0.069790977,NW_023276807.1,1,214981872
24,LOC118239149,4,0.068882167,NC_048600.1,7,10764859
24,Trnap-agg,5,0.068445754,NC_048596.1,3,100741895
24,Nrg4,6,0.063824147,NC_048597.1,4,166833081
24,LOC107978125,7,0.062693748,NW_023276807.1,1,1388144
24,Col7a1,8,0.062487934,NC_048597.1,4,217068431
24,Olfm2,9,0.059804603,NC_048597.1,4,133549055
24,LOC118239039,10,0.056858802,NC_048599.1,6,73936008
24,Trnap-agg_1,11,0.056768252,NC_048596.1,3,244728037
24,Zbtb32,12,0.054973653,NC_048602.1,9,5239057
24,Ranbp3l,13,0.054521395,NC_048595.1,2,342635682
24,Nppb,14,-0.054180802,NC_048595.1,2,8480530
24,Slc39a2,15,0.052919971,NW_023276807.1,1,206964247
24,LOC113836710,16,-0.051948275,NC_048600.1,7,129254600
24,Srpx2,17,0.049837424,NC_048604.1,X,46193511
24,Ccn2,18,0.049779262,NC_048595.1,2,243783381
24,Il11,19,0.048027875,NC_048602.1,9,23412186
24,Slc16a4,20,0.047849479,NW_023276806.1,1,49833229
24,Gjb3,21,0.047780411,NC_048595.1,2,25699847
24,She,22,0.04767704,NW_023276806.1,1,64711483
24,Fam71e2,23,0.046909524,NC_048602.1,9,23401477
24,LOC113830844,24,0.046798684,NC_048599.1,6,138593728
24,LOC100758417,25,0.046397193,NC_048595.1,2,38056123
24,Olfm4,26,0.04624282,NW_023276807.1,1,234327380
25,LOC113838089,1,0.124349321,NW_023276947.1,U,44930
25,LOC103158800,2,-0.115051359,NC_048603.1,10,31953975
25,Rn28s1,3,0.104493078,NW_023276990.1,U,41594
25,LOC113839001,4,0.092357542,NW_023276990.1,U,5778
25,Arg2,5,-0.082722642,NC_048598.1,5,124476164
25,LOC100773314_1,6,0.077518574,NC_048596.1,3,244836216
25,LOC100769145,7,-0.073191467,NC_048596.1,3,169461212
25,LOC113834297,8,-0.070830053,NC_048595.1,2,262815402
25,LOC113837481,9,-0.070633358,NC_048603.1,10,27571175
25,LOC118238582,10,-0.06739522,NC_048596.1,3,141126865
25,Rcn2,11,0.067077733,NC_048597.1,4,167551140
25,Ankfy1,12,0.06593709,NC_048600.1,7,86501738
25,LOC103158561,13,-0.065820073,NC_048595.1,2,9552891
25,LOC100750890,14,0.064710203,NC_048596.1,3,17267051
25,Slc39a4,15,-0.064583782,NC_048595.1,2,373889666
25,LOC100769715,16,-0.064421387,NC_048596.1,3,169378122
25,LOC103158756,17,0.06031101,NC_048599.1,6,21482173
25,Il33,18,0.059129185,NC_048596.1,3,31453917
25,LOC100774468,19,0.057478286,NC_048596.1,3,244844268
25,Cxcl3,20,0.056611983,NW_023276807.1,1,155559516
25,LOC100772574,21,-0.056348527,NC_048596.1,3,271982949
25,LOC113832577,22,-0.054560925,NW_023276807.1,1,190816257
25,Col4a1,23,0.054362345,NW_023276807.1,1,69305537
25,Rn45s,24,0.054062223,NC_048600.1,7,134357488
25,LOC100768921,25,-0.052961355,NW_023276806.1,1,189740239
25,LOC113833620,26,0.051798669,NC_048595.1,2,436721660
25,LOC103159033,27,-0.051425848,NC_048603.1,10,31517215
25,LOC113830878,28,0.050936546,NC_048601.1,8,2348886
25,LOC113838061,29,0.050642769,NW_023277222.1,U,2381
25,Cgnl1,30,-0.050075617,NC_048597.1,4,183139966
25,Acadm,31,0.049443564,NW_023276806.1,1,5453696
25,Dpt,32,0.048116154,NC_048598.1,5,27552951
25,Cda,33,0.047865963,NC_048595.1,2,14988198
25,LOC100750669,34,0.046982521,NC_048598.1,5,19426694
25,LOC113835822,35,-0.046696705,NC_048598.1,5,2471933
25,Slpi,36,0.046219276,NC_048599.1,6,15126790
25,LOC107978394,37,-0.045296099,NW_023276807.1,1,82420592
25,Sort1,38,0.04480133,NW_023276806.1,1,48749828
25,LOC100767106,39,-0.043576038,NW_023276807.1,1,204719074
25,Fn1,40,-0.043380661,NC_048595.1,2,424970688
25,Mirlet7f,41,-0.043199405,NC_048596.1,3,268320510
26,Mir632,1,0.092635937,NC_048600.1,7,93838790
26,Gja1,2,0.069253896,NC_048595.1,2,253054718
26,Chtf8,3,0.068453151,NC_048596.1,3,183201258
26,Elovl5,4,0.064029961,NC_048597.1,4,188987930
26,Ccnd1,5,0.060073135,NC_048596.1,3,56401678
26,Mir1306,6,0.05999096,NC_048597.1,4,70977452
26,B4galt5,7,0.055687081,NC_048599.1,6,12078030
26,LOC113830746,8,0.05462142,NC_048595.1,2,200845846
26,LOC113836194,9,0.053997608,NC_048598.1,5,101957312
26,Ldlr,10,0.052978086,NC_048597.1,4,134606322
26,LOC113833702,11,-0.052721151,NC_048598.1,5,31027683
26,Cdc25a,12,0.05126561,NC_048597.1,4,217351245
26,Gnai3,13,0.04980138,NW_023276806.1,1,48992574
26,LOC113834278,14,0.049590701,NC_048595.1,2,257676462
26,Slc31a1,15,0.048942722,NC_048595.1,2,83481467
27,LOC113838319,1,0.112337564,NC_048601.1,8,59606168
27,LOC113838496,2,0.105080198,NC_048601.1,8,60575555
27,Skap2,3,0.087336439,NC_048601.1,8,89331433
27,LOC107977165,4,0.082543846,NC_048603.1,10,29648131
27,Adgrl2,5,0.078293539,NW_023276806.1,1,10244010
27,Prkag2,6,0.077260221,NC_048601.1,8,97403786
27,Psma8,7,0.0732019,NC_048595.1,2,221607367
27,Dok5,8,0.072118431,NC_048599.1,6,8452967
27,Ndrg1,9,-0.069336255,NC_048603.1,10,21641732
27,Ldha,10,0.06532214,NC_048596.1,3,145001207
27,Spn,11,-0.064111333,NC_048596.1,3,73615356
27,Trnay-gua_6,12,0.064060746,NC_048596.1,3,244723518
27,Vamp5,13,0.062472708,NC_048601.1,8,64102472
27,LOC113831598,14,0.061037859,NW_023277425.1,U,55432
27,Il6,15,0.060974793,NC_048601.1,8,92711892
27,LOC100767818,16,0.060832056,NW_023276806.1,1,49150209
27,Trim54,17,0.059782143,NC_048600.1,7,13243617
27,Nppb,18,-0.059703165,NC_048595.1,2,8480530
27,Znf783,19,0.057438513,NC_048601.1,8,99249279
27,Unc5b,20,-0.056371587,NW_023276807.1,1,582414
27,LOC103159033,21,0.056165737,NC_048603.1,10,31517215
27,Mmp12,22,-0.051841223,NC_048597.1,4,121849979
27,Id2,23,-0.050699405,NC_048600.1,7,27970665
27,LOC100751053,24,0.049364528,NC_048597.1,4,162253090
27,LOC118239297,25,0.04864039,NC_048601.1,8,60566404
27,LOC103163376,26,-0.048159794,NC_048595.1,2,91206553
27,Trnak-uuu_1,27,0.047885809,NC_048596.1,3,48566920
27,Hoxa3,28,0.047848864,NC_048601.1,8,89132431
27,LOC100766854,29,0.047678551,NC_048595.1,2,36992964
27,Ptprg,30,0.047610542,NW_023276807.1,1,169614543
27,LOC113830878,31,-0.047562856,NC_048601.1,8,2348886
27,Bmp5,32,0.047512788,NC_048597.1,4,186986138
27,Cask,33,0.046830669,NC_048604.1,X,119083632
27,Ptx3,34,0.04670817,NW_023276806.1,1,86728592
27,Cited1,35,0.045922561,NC_048604.1,X,67993924
27,Rarres2,36,0.044794925,NC_048601.1,8,98691581
27,LOC118238326,37,0.04472874,NC_048595.1,2,106629377
27,Adgrd1,38,0.044393294,NC_048597.1,4,108479351
27,LOC103161473,39,0.044375781,NC_048596.1,3,144192495
27,LOC100756214,40,-0.0434846,NC_048599.1,6,146592929
27,Nfe2,41,0.043381298,NC_048595.1,2,399620285
27,Pdk2,42,0.04282778,NC_048600.1,7,108207507
27,Dpt,43,0.04270376,NC_048598.1,5,27552951
27,Sbsn,44,0.042304067,NC_048602.1,9,5052967
27,C1ql1,45,0.041762309,NC_048600.1,7,115175950
27,LOC103160119,46,0.041652352,NC_048599.1,6,54918976
27,Mir147,47,-0.041137564,NC_048599.1,6,55885113
27,LOC100773005,48,-0.040937966,NW_023276806.1,1,21333259
27,Pthlh,49,-0.040805986,NC_048601.1,8,2431852
27,Prlr,50,0.040598322,NC_048595.1,2,343475950
28,Fabp4,1,0.157767464,NC_048595.1,2,137723467
28,S100a4,2,0.127623957,NW_023276806.1,1,63942758
28,LOC118237690,3,0.10345557,NW_023276806.1,1,63937209
28,Cd36,4,0.099059841,NW_023276806.1,1,176252535
28,Dpt,5,0.098994607,NC_048598.1,5,27552951
28,Aqp1,6,0.097984164,NC_048601.1,8,85972347
28,Agt,7,0.071935467,NC_048596.1,3,201284400
28,Sinhcaf,8,-0.069251785,NC_048601.1,8,781690
28,Ranbp3l,9,0.065753983,NC_048595.1,2,342635682
28,Pde1b,10,0.065192918,NC_048595.1,2,399906392
28,LOC103158703,11,0.064912106,NC_048596.1,3,72598747
28,Iyd,12,0.064271855,NC_048595.1,2,281351422
28,Srpx2,13,0.062898381,NC_048604.1,X,46193511
28,LOC100757534,14,0.062838405,NC_048596.1,3,55182398
28,Col4a1,15,0.06177152,NW_023276807.1,1,69305537
28,Ephx1,16,0.061453041,NC_048598.1,5,13314073
28,LOC100769145,17,0.060835276,NC_048596.1,3,169461212
28,Ipo8,18,-0.060470652,NC_048601.1,8,883738
28,Gpd1,19,0.059446145,NC_048595.1,2,396155050
28,LOC118239130,20,-0.058807964,NC_048600.1,7,134321011
28,LOC103162784,21,0.058202386,NC_048595.1,2,449718394
28,Col6a1,22,0.057741464,NW_023276806.1,1,262015908
28,Pde2a,23,0.056455067,NC_048596.1,3,97986276
29,Rps21,1,0.05878664,NC_048599.1,6,1685171
29,Rps24,2,0.055848845,NW_023276807.1,1,195285629
29,Rps25,3,0.054999005,NC_048597.1,4,156093695
29,Rpl9,4,0.053328452,NW_023276807.1,1,132423887
29,Rpl32,5,0.053283903,NC_048601.1,8,29045949
29,Rpl39,6,0.052934823,NC_048604.1,X,29424338
29,Rps12,7,0.052820287,NC_048595.1,2,243059396
29,Rpl13a,8,0.052417054,NC_048599.1,6,154013378
29,Rps14,9,0.052314161,NC_048595.1,2,178315222
29,Rps23,10,0.051909932,NC_048595.1,2,309765125
29,Rpl14,11,0.051179168,NC_048597.1,4,227645994
29,Rpl27,12,0.049580464,NC_048600.1,7,114486737
29,Rpl37,13,0.049054232,NC_048595.1,2,339096275
29,Rpl34,14,0.048643768,NW_023276806.1,1,28198556
29,Rps27a,15,0.048272401,NW_023276807.1,1,77732756
29,Rpl17,16,0.048246263,NC_048595.1,2,164917786
29,Rpl23,17,0.04772828,NC_048600.1,7,110924640
29,Rps26,18,0.047301367,NW_023276806.1,1,129282851
29,Rpl30,19,0.047189566,NC_048603.1,10,16574836
29,S100a5,20,0.047112993,NW_023276806.1,1,63934562
29,Rpl26,21,0.046953183,NC_048600.1,7,82786557
29,S100a4,22,0.046652956,NW_023276806.1,1,63942758
29,Rpl22,23,0.046579675,NC_048595.1,2,4030558
29,Prdx1,24,0.045839173,NC_048595.1,2,35700206
29,Rpl24,25,0.045583351,NC_048597.1,4,36105481
29,Rpl11,26,0.045260163,NC_048595.1,2,17259764
29,Rps3a,27,0.045009184,NW_023276806.1,1,68279364
29,Rpl18a,28,0.043824415,NW_023276806.1,1,248118055
29,Rplp0,29,0.043815829,NC_048597.1,4,95653979
29,Rpl13,30,0.043751486,NC_048596.1,3,199783182
29,Rps16,31,0.04367167,NC_048602.1,9,7535133
29,Rps8,32,0.043255423,NC_048595.1,2,35262243
29,Rps6,33,0.04318729,NC_048595.1,2,61064803
29,Rps27,34,0.04318602,NW_023276806.1,1,64346446
29,Rpl37a,35,0.043090017,NC_048595.1,2,426025922
29,Rpl35a,36,0.043083672,NC_048597.1,4,56493202
29,Txn,37,0.042851623,NC_048595.1,2,85909757
29,Rps11,38,0.042653603,NC_048599.1,6,154009510
29,Rps17,39,0.042304876,NC_048596.1,3,116231682
29,S100a10,40,0.041777292,NW_023276806.1,1,62477805
29,Rps3,41,0.041738537,NC_048596.1,3,100067290
29,Rps4x,42,0.041623891,NC_048604.1,X,68057873
29,Rpl38,43,0.041320715,NC_048600.1,7,127333315
29,Rps15,44,0.040949138,NC_048598.1,5,101088094
29,Sec61g,45,0.040897362,NW_023276807.1,1,89758146
29,Rps15a,46,0.040889673,NC_048596.1,3,82526208
29,Rpl31,47,0.040050839,NW_023276807.1,1,8874560
29,Rps20,48,0.03992843,NC_048595.1,2,156274464
30,LOC118239130,1,-0.130374843,NC_048600.1,7,134321011
30,Hnrnpab,2,0.130360821,NC_048600.1,7,65877383
30,LOC118239129,3,-0.118887993,NC_048600.1,7,134318528
30,Col6a1,4,0.099429148,NW_023276806.1,1,262015908
30,LOC103163886,5,-0.090129594,NC_048597.1,4,228827490
30,LOC100765265,6,0.086941874,NC_048604.1,X,44151561
30,Procr,7,-0.085868734,NC_048599.1,6,23857887
30,LOC100765833,8,0.085184007,NC_048596.1,3,136983033
30,LOC113836674,9,-0.083000297,NC_048600.1,7,134323471
30,Emilin1,10,-0.082172512,NC_048600.1,7,13454564
30,LOC103159449,11,-0.081727556,NC_048597.1,4,33997738
30,LOC103162302,12,-0.078275527,NC_048596.1,3,163676308
30,Ngf,13,0.071837204,NW_023276806.1,1,54426746
30,Il13ra2,14,0.071322411,NC_048604.1,X,33972477
30,Acadm,15,-0.071152331,NW_023276806.1,1,5453696
30,LOC103163310,16,-0.070640656,NC_048595.1,2,20383558
30,Igf2bp3,17,0.069144597,NC_048601.1,8,92129672
30,LOC103160946,18,-0.068758298,NC_048595.1,2,381983936
30,Tpm2,19,0.067223349,NC_048595.1,2,99994253
30,Sdhaf4,20,0.066775986,NW_023276807.1,1,22253450
30,Phykpl,21,0.06603197,NC_048600.1,7,65857957
30,LOC118237777,22,0.065905703,NC_048597.1,4,146344020
30,Add2,23,0.063497101,NC_048601.1,8,57817163
30,Col4a1,24,0.061425152,NW_023276807.1,1,69305537
30,Srpx,25,-0.060648807,NC_048604.1,X,115786163
30,LOC107978394,26,0.059876436,NW_023276807.1,1,82420592
30,Adcy7,27,0.059270526,NC_048596.1,3,163928724
30,LOC103162314,28,-0.055341651,NC_048596.1,3,153294592
30,Zmat4,29,0.054644125,NW_023276807.1,1,59719023
30,LOC100751845,30,-0.053413518,NC_048598.1,5,112757857
30,Fn1,31,0.053196316,NC_048595.1,2,424970688
30,LOC113830878,32,-0.052360718,NC_048601.1,8,2348886
30,Tle1,33,0.051447577,NC_048595.1,2,74297649
30,Rarres2,34,-0.051338133,NC_048601.1,8,98691581
30,LOC113834403,35,-0.051007326,NC_048595.1,2,106628517
30,Naprt,36,0.050088707,NC_048595.1,2,373178929
31,Il36g,1,0.071750214,NC_048599.1,6,135545377
31,LOC100754462,2,0.063497331,NC_048596.1,3,22787946
31,LOC113835046,3,0.063319901,NC_048596.1,3,279901799
31,LOC103159189,4,0.059137869,NC_048604.1,X,63082767
31,LOC103161069,5,0.058288311,NC_048595.1,2,65841398
31,LOC118238556,6,0.058044895,NC_048598.1,5,30683728
31,LOC103162635,7,0.057620529,NW_023276807.1,1,15301251
31,Tspan11,8,0.055245606,NC_048601.1,8,18470499
31,Agt,9,-0.053284363,NC_048596.1,3,201284400
31,LOC100760951,10,0.052768816,NW_023276806.1,1,63384679
31,LOC118238235,11,0.052360099,NC_048595.1,2,204521221
31,LOC100762336,12,0.051152245,NW_023276807.1,1,273773199
31,LOC100769250,13,0.050706922,NC_048596.1,3,181292503
31,LOC103162784,14,0.049152541,NC_048595.1,2,449718394
31,LOC107977433,15,0.048700529,NC_048596.1,3,5213731
31,LOC113837438,16,0.048008911,NC_048603.1,10,16579761
31,Cd36,17,-0.047624698,NW_023276806.1,1,176252535
31,LOC103162637,18,0.047394508,NW_023276807.1,1,15871269
31,LOC107977237,19,0.04678546,NC_048604.1,X,90363560
31,Fos,20,0.045052832,NC_048598.1,5,118313605
31,LOC107978675,21,0.044379785,NC_048595.1,2,445437998
31,LOC103163611,22,0.044137997,NC_048604.1,X,24577194
31,Hmox1,23,0.043962247,NC_048596.1,3,150860756
31,Slc22a12,24,0.043836893,NC_048596.1,3,52811972
31,LOC103161706,25,0.04383649,NC_048600.1,7,129636706
31,Mb,26,0.043154154,NC_048595.1,2,374265126
31,LOC100760423,27,0.043090511,NC_048598.1,5,13255196
31,Gabrr3,28,0.042965776,NC_048597.1,4,33063026
31,LOC107979389,29,0.042839988,NC_048596.1,3,124060113
31,LOC103160985,30,0.042379292,NW_023276806.1,1,209349975
31,LOC107978708,31,0.042366801,NC_048597.1,4,192701313
31,LOC113832860,32,-0.042021224,NW_023276806.1,1,192705969
31,LOC118238335,33,0.041990938,NC_048595.1,2,168313432
31,Myl9,34,-0.041676394,NC_048599.1,6,22807687
31,Ly6g6c,35,0.041546476,NW_023276806.1,1,231584567
31,Nmnat2,36,0.041351609,NC_048598.1,5,38518377
31,LOC107978312,37,0.040524727,NW_023276807.1,1,220859488
31,Tnfsf18,38,-0.039845938,NC_048598.1,5,30597522
31,LOC118239359,39,0.039728226,NC_048603.1,10,25595906
31,Unc5a,40,0.039570555,NC_048596.1,3,273946264
31,LOC100753836,41,0.039446725,NW_023276806.1,1,228071042
31,Cgnl1,42,0.039078711,NC_048597.1,4,183139966
31,LOC118239718,43,0.038982393,NW_023276807.1,1,27830868
31,LOC118239187,44,0.038569921,NW_023276806.1,1,59576452
31,Scnn1b,45,0.038134868,NC_048596.1,3,78759332
31,LOC113833145,46,0.038044716,NW_023276806.1,1,64544592
31,LOC118238520,47,0.037526914,NC_048596.1,3,10410954
31,LOC103161182,48,-0.03742287,NW_023276807.1,1,101819380
31,LOC100763833,49,0.037395765,NC_048600.1,7,95468788
31,Pcbd2,50,0.037277081,NC_048596.1,3,274717256
31,LOC118237888,51,0.037145388,NC_048595.1,2,10104942
31,LOC113835571,52,0.037124087,NC_048597.1,4,174633288
31,Sema4f,53,0.037014614,NC_048601.1,8,74097540
31,LOC100752137,54,0.037006639,NC_048597.1,4,189408320
31,Thbd,55,0.036877541,NC_048599.1,6,30603684
31,LOC118237616,56,-0.036770408,NC_048599.1,6,14892689
31,LOC118237644,57,-0.036622904,NW_023276806.1,1,60098085
31,LOC103160411,58,0.036622428,NC_048595.1,2,135787325
31,LOC113837466,59,0.036596515,NC_048603.1,10,25568102
31,Spef1,60,-0.036417202,NC_048599.1,6,47395059
31,Mir322,61,0.036295401,NC_048604.1,X,16975875
31,LOC107979936,62,0.036146757,NC_048604.1,X,10218821
31,Eda2r,63,0.036007018,NC_048604.1,X,73023336
31,Olfm1,64,0.035868988,NC_048599.1,6,139903562
31,LOC113831598,65,0.035858203,NW_023277425.1,U,55432
31,LOC100758980,66,0.035829066,NC_048596.1,3,99020414
31,LOC107979380,67,0.035658744,NC_048595.1,2,72348927
31,LOC103160964,68,0.035616269,NC_048596.1,3,167552960
31,LOC113839122,69,0.035370069,NW_023277108.1,U,21101
31,LOC113837454,70,0.035280345,NC_048603.1,10,25419875
31,LOC113835176,71,0.035209919,NC_048597.1,4,206802650
31,LOC113833640,72,-0.03506655,NC_048595.1,2,425599914
31,Gap43,73,0.034880135,NC_048597.1,4,48025692
31,LOC100754646,74,0.034856105,NW_023276806.1,1,63447403
31,Mirlet7c-1,75,-0.034604309,NC_048597.1,4,17709826
31,Cdnf,76,-0.034559734,NC_048596.1,3,220808378
31,LOC113832687,77,0.034465277,NW_023276807.1,1,224050088
31,Lgi4,78,0.034266828,NC_048602.1,9,4723987
31,Itga9,79,0.034143416,NC_048597.1,4,225679794
32,LOC100767286,1,0.125473012,NC_048604.1,X,75366227
32,LOC100774337,2,0.122327507,NW_023276807.1,1,122051130
32,LOC113837666,3,0.11150504,NC_048604.1,X,96357750
32,LOC107977812,4,0.111111583,NC_048600.1,7,81946534
32,LOC113838061,5,0.10494394,NW_023277222.1,U,2381
32,LOC100757828,6,0.104519795,NC_048596.1,3,123959367
32,LOC100759693,7,0.103510241,NC_048598.1,5,45321637
32,LOC107980311,8,0.102091331,NC_048600.1,7,42978666
32,LOC100766073,9,0.101840518,NC_048599.1,6,81241331
32,LOC113834954,10,0.099668239,NC_048596.1,3,60510251
32,LOC100761941,11,0.099502206,NC_048595.1,2,249996851
32,LOC100752312,12,0.099469394,NC_048600.1,7,118134850
32,LOC107978571,13,0.096334557,NC_048600.1,7,113841368
32,LOC100762856,14,0.094232987,NC_048597.1,4,187351359
32,LOC118239081,15,0.090553877,NC_048599.1,6,70545239
32,LOC113836333,16,0.090251603,NC_048599.1,6,71114647
32,LOC100762631,17,0.087562259,NW_023276806.1,1,68235486
32,LOC107980146,18,0.086905046,NW_023276807.1,1,76216546
32,LOC100756946,19,0.082982781,NC_048595.1,2,201811956
32,Rn45s_1,20,0.079710049,NW_023277167.1,U,24094
32,LOC100752901,21,0.077444287,NC_048596.1,3,213941857
32,LOC100758511,22,0.075980586,NC_048598.1,5,9076914
32,LOC100752071,23,0.07487874,NW_023276806.1,1,51348114
32,LOC107978793,24,0.074506436,NW_023276807.1,1,102814891
32,LOC103159011,25,0.072526625,NW_023276869.1,U,56589
32,LOC113833490,26,0.071142847,NW_023276806.1,1,41700545
33,Zfyve21,1,0.096549486,NC_048598.1,5,182210063
33,LOC113836326,2,-0.090378456,NC_048599.1,6,154014071
33,Bgn,3,-0.076767727,NC_048604.1,X,2240956
33,LOC113833802,4,-0.074172954,NC_048595.1,2,137909428
33,Gpd1,5,0.061946119,NC_048595.1,2,396155050
33,LOC107979452,6,0.061147507,NC_048599.1,6,34559429
33,LOC118239149,7,-0.060017797,NC_048600.1,7,10764859
33,LOC113835564,8,0.05859654,NC_048597.1,4,175720664
33,LOC113832500,9,0.05701993,NW_023276806.1,1,231483722
33,Mir3068,10,-0.056135262,NC_048598.1,5,116364712
33,LOC113836458,11,-0.054829735,NC_048599.1,6,48333705
33,LOC107977878,12,0.053858017,NC_048596.1,3,51204479
33,LOC113833114,13,-0.051634084,NC_048595.1,2,413955053
33,LOC113836198,14,-0.048974015,NC_048598.1,5,100783489
33,C3,15,-0.048833111,NC_048598.1,5,96252915
33,Ca3,16,0.048817477,NC_048595.1,2,134238180
33,LOC113836324,17,-0.048191951,NC_048599.1,6,154014333
33,CUNH20orf202,18,0.047819232,NC_048599.1,6,28343928
33,Il11,19,-0.047752438,NC_048602.1,9,23412186
33,LOC113834076,20,0.046973982,NC_048595.1,2,186151517
33,Mir3535,21,0.046695327,NC_048595.1,2,438021009
33,Trem1,22,-0.046496801,NW_023276806.1,1,255031078
33,LOC113830870,23,-0.046466048,NW_023276806.1,1,93759783
33,LOC107978099,24,0.04628051,NC_048597.1,4,189388622
33,LOC113835168,25,-0.046188234,NC_048597.1,4,128821778
33,Cd82,26,-0.045970402,NC_048599.1,6,83270531
33,Cpxm1,27,0.04596491,NC_048599.1,6,48216133
34,LOC100750854,1,0.080643665,NC_048596.1,3,244874073
34,Cd9,2,-0.071640818,NC_048601.1,8,20949592
34,LOC100750560,3,0.070851616,NC_048596.1,3,244866258
34,LOC100755357,4,0.070400296,NC_048601.1,8,12221011
34,LOC113831661,5,-0.070110013,NC_048596.1,3,113520232
34,LOC100751440,6,0.068017864,NC_048596.1,3,244874796
34,CUNH19orf81,7,-0.066723434,NC_048599.1,6,153228124
34,LOC100773314_1,8,0.065920695,NC_048596.1,3,244836216
34,Tfpi2,9,-0.064610843,NW_023276806.1,1,220872718
34,LOC100769039,10,-0.064545639,NC_048596.1,3,244399164
34,LOC100751148,11,0.064534102,NC_048596.1,3,244875534
34,Trnai-uau_2,12,0.064006112,NC_048596.1,3,244588975
34,Adi1,13,0.062738632,NC_048600.1,7,30832399
34,Spn,14,-0.060823067,NC_048596.1,3,73615356
34,LOC100773886,15,0.060339656,NC_048596.1,3,244834654
34,Lnx1,16,-0.058344394,NW_023276807.1,1,141109567
34,Cd82,17,-0.055931875,NC_048599.1,6,83270531
34,LOC107978394,18,0.05461312,NW_023276807.1,1,82420592
34,Nrip2,19,-0.053697376,NC_048601.1,8,18001838
34,Trnal-uag_3,20,0.052901193,NW_023276807.1,1,206769170
34,LOC113834074,21,-0.052829891,NC_048595.1,2,184308811
34,LOC113831052,22,-0.052599564,NC_048595.1,2,194647324
34,LOC113836914,23,0.05239142,NC_048600.1,7,116459696
34,Fscn1,24,-0.052187082,NC_048597.1,4,79510028
34,C2,25,-0.051608549,NW_023276806.1,1,231404890
34,Ggt1,26,-0.051199378,NW_023276806.1,1,263003735
34,Trnae-cuc_5,27,0.050089292,NC_048597.1,4,15621963
34,LOC113832306,28,0.049589948,NW_023276807.1,1,8687365
34,LOC103159564,29,-0.048900769,NC_048600.1,7,95741892
34,LOC100763656,30,-0.04783651,NW_023276806.1,1,60799475
34,LOC103163630,31,-0.047211783,NW_023276806.1,1,202827189
34,Trnai-aau_9,32,-0.047010169,NC_048596.1,3,244729239
34,LOC107978793,33,0.046774944,NW_023276807.1,1,102814891
34,Ndrg2,34,-0.04662638,NW_023276807.1,1,206973104
34,LOC100767575,35,-0.046474453,NC_048599.1,6,14766084
34,Trnak-cuu_51,36,0.0449772,NC_048604.1,X,75432055
34,Trnan-guu_8,37,-0.044930575,NW_023276806.1,1,60044355
34,LOC118238321,38,-0.04469352,NC_048597.1,4,30222945
34,LOC103162414,39,-0.044678634,NC_048602.1,9,4740661
34,LOC100755284,40,-0.044466206,NC_048600.1,7,90705927
34,LOC113833391,41,-0.044320113,NW_023276806.1,1,248371681
34,Gadd45g,42,-0.044206139,NC_048596.1,3,270788759
34,Map4k1,43,-0.044148726,NC_048602.1,9,6824230
34,LOC113833017,44,0.044105189,NC_048595.1,2,35191053
34,Bcat1,45,0.043954165,NC_048601.1,8,4552654
34,LOC100759921,46,-0.043844627,NC_048595.1,2,117816299
34,LOC118239159,47,0.043361076,NC_048600.1,7,46606242
34,Unc119,48,-0.042960334,NC_048600.1,7,91730689
35,LOC113837626,1,0.153677849,NC_048604.1,X,620574
35,Enah,2,-0.118972776,NC_048598.1,5,12360709
35,Tarbp1,3,-0.113655142,NC_048596.1,3,203234488
35,LOC107977237,4,0.10736521,NC_048604.1,X,90363560
35,LOC118239129,5,0.103765727,NC_048600.1,7,134318528
35,Fgf7,6,-0.101474491,NC_048599.1,6,52460845
35,LOC103162230,7,0.099760244,NC_048597.1,4,50397554
35,LOC113832856,8,0.0973642,NW_023276806.1,1,196749982
35,Gpd1,9,-0.089039496,NC_048595.1,2,396155050
35,Themis,10,-0.088477483,NC_048595.1,2,247448582
35,LOC100750571,11,-0.082684152,NC_048600.1,7,113818212
35,Pirt,12,-0.078262762,NC_048600.1,7,80795999
35,LOC107979342,13,0.075176894,NC_048595.1,2,63977630
35,Ldhd,14,0.073882197,NC_048596.1,3,188050546
35,LOC103163846,15,0.072374385,NC_048604.1,X,119343846
35,Slc66a2,16,-0.072024507,NC_048595.1,2,235037122
35,Id2,17,0.071937986,NC_048600.1,7,27970665
35,LOC113830809,18,-0.069202073,NC_048600.1,7,11905769
35,Cd109,19,-0.069006086,NC_048597.1,4,189648432
35,Pros1,20,-0.067995403,NC_048597.1,4,30268288
35,Trnap-ugg_2,21,0.065761902,NC_048600.1,7,43076937
35,Nrg4,22,-0.059277524,NC_048597.1,4,166833081
35,LOC103163238,23,0.058268691,NC_048597.1,4,27915424
36,Plekhm1,1,-0.077234181,NC_048600.1,7,114739632
36,Nrg4,2,0.076050089,NC_048597.1,4,166833081
36,Cd36,3,0.073377893,NW_023276806.1,1,176252535
36,Dlx4,4,-0.073302908,NC_048600.1,7,108316391
36,Serpinf1,5,-0.072903564,NC_048600.1,7,88859911
36,Ncam1,6,-0.072234205,NC_048597.1,4,161286778
36,LOC100763833,7,-0.060863467,NC_048600.1,7,95468788
36,Id3,8,0.056202885,NC_048595.1,2,17164510
36,Lat,9,-0.056154444,NC_048596.1,3,74439297
36,Epb41,10,-0.05549883,NC_048595.1,2,21189391
36,LOC118239586,11,0.053524471,NW_023276806.1,1,113647762
36,Tnfrsf9,12,-0.051730115,NC_048595.1,2,5449338
36,She,13,0.051669206,NW_023276806.1,1,64711483
36,Dok5,14,-0.049273566,NC_048599.1,6,8452967
36,Cxcl3,15,-0.048696668,NW_023276807.1,1,155559516
36,Vangl2,16,-0.048689363,NC_048598.1,5,20830877
36,Sulf2,17,-0.048433536,NC_048599.1,6,13266048
36,Tdgf1,18,-0.047541225,NC_048597.1,4,218431369
36,LOC118238393,19,-0.047293947,NC_048595.1,2,337469715
36,LOC100752010,20,0.047171843,NC_048596.1,3,244948745
36,Rhou,21,-0.046271573,NC_048596.1,3,200336398
36,LOC103163127,22,0.045416985,NC_048598.1,5,141292337
36,Ctsh,23,-0.044633058,NC_048597.1,4,199386001
37,Trnal-cag_4,1,0.090672166,NC_048598.1,5,21758568
37,Trnaq-uug,2,0.080200781,NC_048596.1,3,243615206
37,Trnag-ucc_7,3,0.080036083,NC_048600.1,7,82917817
37,Trnal-cag_5,4,0.079589893,NC_048598.1,5,21764144
37,Trnap-ugg_1,5,0.07766885,NC_048600.1,7,43065965
37,Trnas-gcu_3,6,0.076710523,NC_048596.1,3,244328440
37,Trnaq-cug_6,7,0.075300832,NC_048600.1,7,82997493
37,Trnai-uau_1,8,0.074690227,NC_048596.1,3,244237200
37,Trnae-uuc,9,0.073756735,NC_048596.1,3,139420167
37,Trnae-cuc_10,10,0.07351268,NC_048598.1,5,21784920
37,Trnal-uaa_1,11,0.072060383,NC_048596.1,3,48565738
37,Trnav-cac_5,12,0.07120666,NC_048600.1,7,63477186
37,Trnar-acg_5,13,0.070877852,NW_023276807.1,1,209737181
37,Trnan-guu_7,14,0.070637109,NW_023276806.1,1,59991515
37,Trnar-ccu_5,15,0.069842055,NW_023276807.1,1,172881515
37,Trnai-aau_5,16,0.069562147,NC_048596.1,3,244621461
37,Trnap-ugg_4,17,0.069447944,NW_023276806.1,1,100118996
37,Trnas-gcu_7,18,0.068996752,NC_048600.1,7,82937119
37,Trnai-uau_2,19,0.068979249,NC_048596.1,3,244588975
37,Trnap-cgg_1,20,0.068767356,NC_048600.1,7,43068123
37,Trnan-guu_6,21,0.068535047,NC_048600.1,7,110853478
37,Trnai-uau_4,22,0.068178874,NC_048602.1,9,7516162
37,Trnag-ccc_1,23,0.067495388,NC_048600.1,7,45500638
37,Trnaq-cug_9,24,0.067467742,NW_023276806.1,1,60168154
37,Trnar-ccu_2,25,0.067285368,NC_048600.1,7,128017075
37,Trnas-aga_1,26,0.067233474,NC_048596.1,3,244259519
37,Trnal-caa_2,27,0.066899624,NC_048596.1,3,244252167
37,Trnay-gua_1,28,0.066781871,NC_048595.1,2,150890353
37,Trnak-uuu_4,29,0.066536468,NC_048596.1,3,243514929
37,Trnar-ucu,30,0.065948275,NC_048596.1,3,48565238
37,Trnap-agg,31,0.064649236,NC_048596.1,3,100741895
37,Trnav-cac_3,32,0.064541564,NC_048596.1,3,244742295
37,Trnah-gug_7,33,0.064111384,NW_023276806.1,1,60074801
37,Trnal-aag_3,34,0.063945432,NC_048600.1,7,63508374
37,Trnan-guu,35,0.063252666,NC_048595.1,2,215888420
37,Trnay-gua_2,36,0.063168512,NC_048596.1,3,167496812
37,Trnas-uga,37,0.062563377,NC_048596.1,3,244264019
37,Trnav-aac_9,38,0.062271195,NW_023276806.1,1,119244042
37,Trnat-agu,39,0.062007495,NC_048596.1,3,243599924
37,Trnas-gcu_4,40,0.06196692,NC_048596.1,3,244407196
37,Trnas-gcu_2,41,0.061938842,NC_048596.1,3,243810943
37,Trnam-cau_3,42,0.060918666,NC_048596.1,3,243516595
37,Trnar-ucu_1,43,0.06067307,NC_048596.1,3,244257699
37,Trnak-cuu_42,44,0.059993026,NC_048600.1,7,84090209
37,Trnaf-gaa_2,45,0.059852054,NC_048596.1,3,243511006
37,Trnai-aau_4,46,0.059781166,NC_048596.1,3,244381174
37,Trnai-aau_11,47,0.059572656,NC_048598.1,5,183175039
37,Trnak-uuu_6,48,0.059502192,NC_048596.1,3,260431271
37,Trnav-uac,49,0.059470798,NC_048596.1,3,48564373
37,Trnas-gcu_5,50,0.05926811,NC_048596.1,3,244817246
37,Trnas-aga_4,51,0.059162125,NC_048596.1,3,244279485
37,Trnan-guu_11,52,0.059099561,NW_023276806.1,1,60103597
37,Trnav-cac,53,0.058946745,NC_048596.1,3,244379578
37,Trnae-cuc_4,54,0.058803807,NC_048596.1,3,243510460
37,Trnae-uuc_3,55,0.0587664,NW_023276806.1,1,60138917
38,Ergic2,1,0.119589777,NC_048601.1,8,1535469
38,Ccnd2,2,0.113363508,NC_048601.1,8,19297173
38,Rarres2,3,-0.105973171,NC_048601.1,8,98691581
38,Amn1,4,0.100522841,NC_048601.1,8,534554
38,Fabp4,5,-0.096545135,NC_048595.1,2,137723467
38,LOC100773771,6,-0.090894052,NC_048599.1,6,83933114
38,Resf1,7,0.09077614,NC_048601.1,8,364059
38,LOC100754666,8,-0.09044936,NC_048599.1,6,138191039
38,Sinhcaf,9,0.089259126,NC_048601.1,8,781690
38,LOC113833667,10,-0.087669063,NC_048595.1,2,161695608
38,LOC100755926,11,-0.084241051,NW_023276807.1,1,116800709
38,Ipo8,12,0.083727398,NC_048601.1,8,883738
38,Caprin2,13,0.076190417,NC_048601.1,8,821808
38,LOC100764131,14,-0.075076897,NW_023276807.1,1,135074022
38,Dera,15,0.073602125,NC_048601.1,8,11184984
38,LOC100757831,16,0.073047982,NC_048601.1,8,96454
38,LOC103159564,17,-0.071544649,NC_048600.1,7,95741892
38,LOC118237706,18,0.070788747,NC_048601.1,8,54056
38,Slc22a14,19,-0.070005158,NC_048597.1,4,226247179
38,LOC118239366,20,-0.069957233,NC_048603.1,10,30874369
38,LOC107979438,21,-0.06764609,NW_023276806.1,1,11866016
38,LOC113838319,22,-0.062022185,NC_048601.1,8,59606168
38,Slc44a5,23,-0.061855268,NW_023276806.1,1,5164449
38,Bicd1,24,0.061813377,NC_048601.1,8,138545
38,LOC107977215,25,-0.061552056,NW_023276807.1,1,160856512
38,Trem1,26,0.061075075,NW_023276806.1,1,255031078
38,Bpifa3,27,-0.060026243,NC_048599.1,6,25495859
38,LOC103164262,28,0.058509976,NC_048601.1,8,2047799
38,LOC113837124,29,0.058132992,NC_048601.1,8,8803433
38,LOC100768366,30,-0.058113777,NC_048600.1,7,61189838
38,S100a4,31,0.057522613,NW_023276806.1,1,63942758
38,Cd82,32,-0.057303273,NC_048599.1,6,83270531
38,Sspn,33,0.055686008,NC_048601.1,8,3695999
38,Pthlh,34,0.054791893,NC_048601.1,8,2431852
38,Tp63,35,-0.054645375,NC_048597.1,4,63108943
38,Col25a1,36,-0.054474754,NW_023276806.1,1,28335810
38,LOC113837864,37,-0.053986067,NW_023277088.1,U,27078
38,LOC103160386,38,-0.053529951,NC_048595.1,2,293585605
38,LOC107978394,39,-0.05314755,NW_023276807.1,1,82420592
38,Cd99,40,0.052883712,NW_023277415.1,U,377
38,Cenpb,41,0.05282653,NC_048599.1,6,47392304
38,LOC100772695,42,-0.052505254,NW_023276807.1,1,160852083
38,LOC107979629,43,0.052489215,NC_048596.1,3,180835758
38,LOC107978133,44,0.052338518,NC_048597.1,4,75359497
39,Id3,1,0.09371065,NC_048595.1,2,17164510
39,Nrg4,2,-0.079943187,NC_048597.1,4,166833081
39,LOC118238412,3,-0.076371612,NC_048595.1,2,380142285
39,LOC113834403,4,0.075212045,NC_048595.1,2,106628517
39,Nt5c3b,5,0.075210899,NC_048600.1,7,113489385
39,Igfbp4,6,0.073130832,NC_048600.1,7,112132648
39,LOC113832577,7,0.069997337,NW_023276807.1,1,190816257
39,LOC113834942,8,0.06985324,NC_048596.1,3,56228585
39,Ankrd1,9,0.069587947,NC_048596.1,3,25655699
39,Ccr7,10,0.068004814,NC_048600.1,7,112231375
39,Fabp4,11,-0.066757043,NC_048595.1,2,137723467
39,LOC100750890,12,-0.066652083,NC_048596.1,3,17267051
39,LOC113835176,13,0.066063435,NC_048597.1,4,206802650
39,C3,14,-0.063540182,NC_048598.1,5,96252915
39,LOC100769145,15,-0.062314059,NC_048596.1,3,169461212
39,Testin-2,16,0.061868585,NC_048596.1,3,279959155
39,Col18a1,17,0.061485836,NW_023276806.1,1,261677499
39,LOC100759171,18,-0.061458459,NC_048597.1,4,120111084
39,F3,19,-0.059553132,NW_023276806.1,1,36749216
39,Thbs1,20,-0.058506735,NC_048599.1,6,60390487
39,Serpine1,21,0.056403868,NC_048597.1,4,116005130
39,LOC103163515,22,0.055284713,NC_048600.1,7,117013109
39,Olfml2b,23,0.053776295,NC_048598.1,5,22156422
39,Areg,24,-0.051965435,NW_023276807.1,1,155909229
39,LOC100750669,25,-0.051921055,NC_048598.1,5,19426694
39,Fcer2,26,0.051623187,NC_048597.1,4,88568668
39,Fam228a,27,0.051440128,NC_048600.1,7,15548130
39,Sdc2,28,0.051145427,NC_048603.1,10,17522825
39,LOC103162302,29,0.050859542,NC_048596.1,3,163676308
39,Arhgef16,30,-0.050613818,NC_048595.1,2,2007511
39,Adgrd1,31,0.050319615,NC_048597.1,4,108479351
39,LOC103160030,32,0.050187594,NC_048595.1,2,232177143
39,Gjb5,33,0.049949494,NC_048595.1,2,25672111
39,Hvcn1,34,0.04971148,NC_048597.1,4,102038256
39,LOC100754734,35,0.048488246,NC_048595.1,2,122749746
39,LOC113834379,36,-0.048029018,NC_048595.1,2,90533227
39,Adam19,37,0.04751956,NC_048600.1,7,60617485
39,LOC103163237,38,0.046649461,NC_048597.1,4,27685839
39,LOC103159353,39,-0.046497961,NW_023276807.1,1,183092120
39,LOC100769497,40,-0.046370525,NW_023276807.1,1,29878486
39,LOC100762719,41,-0.045493973,NC_048601.1,8,89111185
40,LOC113834477,1,0.109276516,NC_048595.1,2,101392646
40,Mir219b,2,-0.096902537,NC_048599.1,6,141505138
40,LOC113836945,3,0.089842193,NC_048601.1,8,21666805
40,LOC113831892,4,0.088657486,NC_048597.1,4,151060449
40,LOC113835624,5,0.085368651,NC_048597.1,4,221658864
40,LOC113833926,6,0.083963644,NC_048595.1,2,26683984
40,Mir1285,7,0.083666176,NC_048601.1,8,88579162
40,Mir103,8,0.083214133,NC_048599.1,6,47280955
40,LOC113834933,9,-0.071119357,NC_048596.1,3,273578284
40,LOC113831000,10,0.067952967,NC_048596.1,3,117925381
40,LOC113835414,11,-0.066092398,NC_048597.1,4,65824788
40,LOC113834045,12,0.064846589,NC_048595.1,2,203655707
40,Trnaq-cug_2,13,0.062633877,NC_048596.1,3,244260301
40,LOC113832433,14,-0.061782128,NW_023276807.1,1,1548268
40,LOC118238654,15,0.061320105,NC_048597.1,4,100291725
40,LOC113835267,16,-0.060926912,NC_048597.1,4,133761196
40,Mir19a,17,0.058365855,NW_023276807.1,1,265328755
40,LOC113836842,18,0.057440048,NC_048600.1,7,99739296
40,LOC113835607,19,0.056402575,NC_048600.1,7,66548553
40,LOC113831654,20,-0.056042839,NC_048599.1,6,138029549
40,LOC113833674,21,0.055706084,NC_048595.1,2,164919581
40,LOC113836505,22,-0.055580617,NC_048599.1,6,12379027
40,LOC113834711,23,-0.054986897,NC_048596.1,3,171948158
40,LOC113832412,24,0.054454271,NW_023276807.1,1,98253355
40,Mir125b-2,25,0.054279895,NC_048597.1,4,153247346
40,LOC103161399,26,-0.054021919,NC_048600.1,7,102137176
40,Mir181b,27,0.053690928,NC_048598.1,5,51344953
40,LOC113832290,28,0.053581518,NW_023276807.1,1,8264112
40,LOC113835077,29,0.052504295,NC_048596.1,3,269493586
40,LOC118238553,30,0.049735262,NC_048596.1,3,82363432
40,LOC113832034,31,0.04923621,NC_048600.1,7,111795225
40,Trnas-gcu_3,32,-0.049193503,NC_048596.1,3,244328440
40,LOC113833404,33,0.048585426,NW_023276806.1,1,255587397
40,LOC113832596,34,0.047594,NW_023276807.1,1,188692732
40,LOC113830811,35,0.047590543,NC_048600.1,7,11905060
40,LOC113834853,36,0.04757046,NC_048596.1,3,135288965
40,LOC113832632,37,0.047569166,NC_048600.1,7,82946366
40,LOC113833919,38,0.047216459,NC_048595.1,2,19143850
40,LOC103158741,39,0.047033641,NC_048599.1,6,21958555
40,LOC113836321,40,-0.046919082,NC_048599.1,6,153116513
40,LOC113835268,41,0.045998345,NC_048597.1,4,133762389
40,LOC118239471,42,-0.045901667,NW_023276806.1,1,49506260
40,LOC103159539,43,0.045756561,NW_023276807.1,1,209814643
40,LOC118238837,44,-0.045392105,NC_048598.1,5,175760867
40,Trnae-cuc_10,45,0.04528869,NC_048598.1,5,21784920
40,Mir106b,46,-0.044532922,NC_048597.1,4,116886420
40,LOC113836832,47,-0.044491454,NC_048600.1,7,76630662
40,LOC113835926,48,0.043113299,NC_048599.1,6,41793021
40,Mir92a,49,0.043055935,NW_023276807.1,1,265329206
40,Mir425,50,-0.042988991,NC_048597.1,4,216745929
40,Mir374,51,0.042757367,NC_048604.1,X,66940645
40,LOC113834896,52,0.042523133,NC_048596.1,3,98397102
40,LOC103162064,53,0.04226205,NC_048600.1,7,65921026
40,LOC100689270,54,0.042159597,NC_048597.1,4,152448062
40,LOC113837437,55,-0.041692017,NC_048603.1,10,16577900
40,LOC113833031,56,0.041671459,NW_023276806.1,1,150508084
40,Mirlet7c-2,57,0.04146967,NC_048595.1,2,382521726
40,LOC113835076,58,-0.041439446,NC_048596.1,3,270595910
40,Mir32,59,0.041347174,NC_048595.1,2,86996240
40,LOC113832314,60,-0.040976955,NC_048599.1,6,21126825
40,Trnas-gcu_2,61,-0.040862747,NC_048596.1,3,243810943
40,LOC113835316,62,0.040771259,NC_048597.1,4,156418268
40,LOC113832107,63,-0.040556685,NC_048603.1,10,29484034
40,Trnam-cau_12,64,-0.040175865,NC_048596.1,3,244826837
40,LOC118238158,65,-0.039899469,NC_048600.1,7,13224782
40,LOC113834524,66,-0.039838184,NC_048595.1,2,378737102
40,Mir628,67,0.039788864,NC_048597.1,4,184444666
40,LOC113830993,68,0.03974989,NC_048597.1,4,82671247
40,LOC118238367,69,-0.039597215,NC_048595.1,2,282078959
40,LOC113833007,70,0.039529792,NC_048595.1,2,35390497
40,LOC118239559,71,-0.03936788,NW_023276806.1,1,149126699
40,Trnak-cuu_30,72,-0.039367273,NC_048598.1,5,142100024
40,LOC100761941,73,0.039344429,NC_048595.1,2,249996851
40,LOC113833920,74,0.039274134,NC_048595.1,2,29708519
40,Trnak-uuu,75,-0.039257169,NC_048595.1,2,287051603
40,LOC113836665,76,0.038980058,NC_048600.1,7,44306405
40,Trnak-cuu_49,77,-0.038890602,NC_048603.1,10,8143780
40,LOC107977780,78,-0.03885966,NC_048604.1,X,63205933
40,Mir27a,79,0.038830972,NC_048596.1,3,160211444
40,LOC118237690,80,-0.038680863,NW_023276806.1,1,63937209
40,LOC113831474,81,-0.038659468,NC_048596.1,3,51368969
40,LOC107978312,82,0.038635757,NW_023276807.1,1,220859488
40,LOC113832497,83,-0.038123195,NW_023276806.1,1,231770565
41,LOC113834042,1,-0.090654747,NC_048595.1,2,202558922
41,LOC118239149,2,0.089599295,NC_048600.1,7,10764859
41,LOC113830993,3,0.087449981,NC_048597.1,4,82671247
41,LOC107977836,4,0.087356461,NC_048597.1,4,128824762
41,LOC113831477,5,-0.08372057,NC_048596.1,3,51371025
41,Trnak-cuu_37,6,-0.081288763,NC_048600.1,7,43060854
41,LOC113833698,7,0.077374094,NC_048598.1,5,31030858
41,Trnae-cuc_10,8,-0.075422488,NC_048598.1,5,21784920
41,LOC118238307,9,-0.074700839,NC_048595.1,2,58700576
41,LOC113830809,10,0.069365799,NC_048600.1,7,11905769
41,Trnap-agg_1,11,-0.068473612,NC_048596.1,3,244728037
41,LOC118238998,12,0.068191723,NW_023276807.1,1,58660589
41,LOC113833676,13,-0.066818775,NC_048595.1,2,165133130
41,LOC118238158,14,0.065606766,NC_048600.1,7,13224782
41,LOC113832597,15,-0.065518326,NW_023276807.1,1,188694791
41,Mir23a,16,-0.065209771,NC_048596.1,3,160211611
41,LOC113833009,17,0.063886588,NC_048595.1,2,35262614
41,Mir23b,18,-0.063432244,NC_048596.1,3,280877828
41,LOC113834476,19,-0.063186044,NC_048595.1,2,101380399
41,LOC113833012,20,-0.061562223,NC_048595.1,2,35264008
41,LOC113833747,21,-0.061395844,NC_048595.1,2,562913
41,LOC113834215,22,-0.061019093,NC_048595.1,2,325061214
41,LOC113836617,23,-0.060868136,NC_048600.1,7,26701609
41,Trnan-guu_9,24,-0.060537547,NW_023276806.1,1,60051348
41,Mir374,25,0.060482559,NC_048604.1,X,66940645
41,Trnak-cuu_30,26,-0.060420236,NC_048598.1,5,142100024
41,LOC113832596,27,0.059829028,NW_023276807.1,1,188692732
41,LOC118238326,28,0.059310224,NC_048595.1,2,106629377
41,LOC113835627,29,0.058755947,NC_048597.1,4,227219077
41,LOC113835445,30,-0.058740836,NC_048597.1,4,65822313
41,Trnam-cau_9,31,-0.05852538,NC_048596.1,3,244682827
41,LOC113836290,32,-0.057523166,NC_048599.1,6,103746358
41,Trnay-gua_8,33,-0.057065298,NC_048600.1,7,13487843
41,LOC113833912,34,-0.056414668,NC_048595.1,2,22458584
41,Trnaq-uug,35,-0.055718413,NC_048596.1,3,243615206
41,LOC113833686,36,-0.055252193,NC_048598.1,5,31027949
41,LOC113832683,37,0.055163809,NW_023276807.1,1,225307979
41,LOC113834712,38,0.054983933,NC_048596.1,3,186203757
41,LOC113833685,39,0.053415938,NC_048598.1,5,31028623
41,Mir423,40,-0.053261531,NC_048600.1,7,90474633
41,LOC118238646,41,0.053114341,NC_048597.1,4,89987836
41,LOC113832801,42,-0.052968827,NW_023276807.1,1,47737561
41,Trnaa-agc_6,43,-0.052898955,NC_048596.1,3,243594013
41,LOC113832318,44,-0.052155725,NC_048599.1,6,22616633
41,LOC113837071,45,-0.051483786,NC_048601.1,8,64123066
41,LOC118238818,46,0.051262858,NC_048598.1,5,2975757
41,LOC118239138,47,-0.05114945,NC_048600.1,7,84353107
41,LOC113831473,48,-0.051093329,NC_048596.1,3,51369265
41,LOC118239111,49,0.050578243,NC_048599.1,6,102174952
41,LOC113834273,50,0.05055481,NC_048597.1,4,46496572
41,LOC113832844,51,-0.050292679,NC_048599.1,6,85166329
41,Mirlet7c-2,52,0.050118909,NC_048595.1,2,382521726
41,LOC113834709,53,-0.05005141,NC_048596.1,3,183297633
41,Trnar-ccg_2,54,-0.049517464,NC_048600.1,7,119959593
41,Mirlet7a-2,55,-0.049271497,NC_048597.1,4,153198575
41,LOC113835453,56,-0.048830402,NC_048597.1,4,67968329
41,LOC113832495,57,-0.048708678,NW_023276806.1,1,231689051
41,LOC113833814,58,0.048483477,NC_048595.1,2,156274962
41,LOC113832600,59,-0.047978865,NW_023276807.1,1,188693934
41,LOC113836734,60,0.047823244,NC_048600.1,7,2669609
41,LOC118238392,61,0.047748413,NC_048595.1,2,337470119
41,Trnak-uuu_5,62,0.047641218,NC_048596.1,3,244247882
41,LOC113833920,63,-0.047535897,NC_048595.1,2,29708519
41,LOC113836320,64,-0.047485436,NC_048599.1,6,153119215
41,Trnas-cga_1,65,-0.047467902,NC_048600.1,7,82984001
41,LOC113833717,66,0.047282844,NC_048595.1,2,199356994
42,Slpi,1,0.096868186,NC_048599.1,6,15126790
42,Cxcl1,2,0.094951303,NW_023276807.1,1,155673934
42,Mir2424,3,0.070912184,NC_048601.1,8,21234660
42,Csf3,4,0.070413013,NC_048600.1,7,111784341
42,Clu,5,0.065707963,NW_023276807.1,1,220960688
42,LOC118239477,6,0.064909018,NW_023276806.1,1,160158653
42,LOC113832912,7,0.062408179,NW_023276806.1,1,84022226
42,LOC100766081,8,0.061671968,NC_048597.1,4,45488253
42,Sod2,9,0.06112933,NC_048595.1,2,288053207
42,Mir1973,10,0.059993895,NC_048603.1,10,16495623
42,LOC100772378,11,0.059301963,NC_048601.1,8,15868223
42,LOC113834379,12,0.059298426,NC_048595.1,2,90533227
42,LOC107977505,13,0.058083762,NC_048598.1,5,135633367
42,LOC100761692,14,-0.056472613,NC_048601.1,8,16903938
42,LOC103161640,15,0.056081101,NC_048595.1,2,280842057
42,LOC103162918,16,0.055238642,NC_048595.1,2,125078726
42,LOC113831153,17,0.054743044,NC_048598.1,5,82806454
42,LOC107978153,18,0.054103145,NC_048601.1,8,56710835
42,LOC107978123,19,0.053385351,NC_048595.1,2,197852817
42,Fank1,20,0.053324774,NC_048596.1,3,66985866
42,C3,21,0.053225881,NC_048598.1,5,96252915
42,LOC103160317,22,0.052259736,NC_048596.1,3,210823870
42,LOC118237775,23,0.052094524,NW_023276806.1,1,12882887
42,Plac1,24,0.051682251,NC_048604.1,X,16790803
42,Spink8,25,0.051536021,NC_048597.1,4,217265903
42,LOC113837772,26,0.051489425,NC_048604.1,X,114775088
42,Ier3,27,0.049963229,NW_023276806.1,1,229728760
42,LOC100689270,28,-0.049933826,NC_048597.1,4,152448062
42,Zc3h12a,29,0.049351301,NC_048595.1,2,27930079
42,LOC118239313,30,-0.047594061,NC_048601.1,8,18091596
42,Pclaf,31,-0.046783182,NC_048597.1,4,177505781
42,Mettl15,32,0.046350919,NC_048599.1,6,68699272
42,Ccl17,33,0.045891815,NC_048596.1,3,171013727
42,LOC113836490,34,0.04537579,NC_048599.1,6,9014210
42,LOC118238355,35,0.045326867,NC_048595.1,2,252889683
42,LOC100775082,36,-0.044322841,NC_048600.1,7,43550486
42,Cpxm1,37,0.043986775,NC_048599.1,6,48216133
42,LOC103158703,38,-0.043736733,NC_048596.1,3,72598747
42,LOC113835102,39,0.04372521,NC_048596.1,3,89606598
42,LOC100756921,40,0.043602227,NC_048596.1,3,185944994
42,LOC113836532,41,0.043075615,NC_048599.1,6,144677964
43,LOC113836320,1,0.073829406,NC_048599.1,6,153119215
43,Trnaq-cug_8,2,0.073036687,NW_023276806.1,1,60156035
43,LOC113835169,3,0.072187064,NC_048597.1,4,128822709
43,LOC113834847,4,0.068310508,NC_048596.1,3,546195
43,LOC113835928,5,0.067013415,NC_048599.1,6,45859771
43,LOC113835164,6,0.066554082,NC_048597.1,4,128824547
43,LOC113836319,7,-0.066001493,NC_048599.1,6,153118872
43,LOC113836505,8,0.065103485,NC_048599.1,6,12379027
43,Mir191,9,0.064275186,NC_048597.1,4,216745486
43,LOC113832033,10,0.06390756,NC_048603.1,10,28717688
43,LOC113837553,11,0.06222017,NC_048604.1,X,30086550
43,LOC118239227,12,0.059933101,NC_048600.1,7,108869920
43,Trnan-guu_6,13,0.058186589,NC_048600.1,7,110853478
43,LOC113830803,14,0.058178231,NC_048600.1,7,11913783
43,B3gnt4,15,0.057496868,NC_048597.1,4,103273319
43,LOC113831227,16,0.057080635,NC_048595.1,2,438026111
43,Trnar-ucg_5,17,-0.055308989,NC_048600.1,7,128017797
43,LOC113832543,18,0.055226481,NW_023276806.1,1,256699277
43,LOC113836926,19,0.055038111,NC_048600.1,7,119125700
43,Mirlet7b,20,0.055027757,NC_048595.1,2,382522427
43,LOC113836326,21,0.054701592,NC_048599.1,6,154014071
43,LOC113831098,22,0.053949129,NC_048596.1,3,4942957
43,LOC113833237,23,0.052965131,NC_048599.1,6,73606916
43,Trnay-gua,24,0.052708899,NC_048595.1,2,150889900
43,Trnak-uuu_10,25,0.052194171,NC_048598.1,5,147738313
43,LOC118238544,26,0.051260203,NC_048597.1,4,211604531
43,LOC103164270,27,0.050926666,NW_023277414.1,U,7857
43,Ankrd61,28,-0.050547198,NC_048597.1,4,80337351
43,Trnas-cga_1,29,0.049719007,NC_048600.1,7,82984001
43,LOC113832600,30,-0.049672121,NW_023276807.1,1,188693934
43,LOC113833404,31,0.049510261,NW_023276806.1,1,255587397
43,LOC113835565,32,0.049272005,NC_048597.1,4,175722151
43,Trnak-uuu_1,33,0.049217664,NC_048596.1,3,48566920
43,Mirlet7a-2,34,0.049108304,NC_048597.1,4,153198575
43,Trnav-uac,35,0.048815257,NC_048596.1,3,48564373
43,LOC113831455,36,0.048553704,NC_048600.1,7,27416897
43,LOC113833455,37,0.048539863,NW_023276806.1,1,5475878
43,LOC113835538,38,0.048131909,NC_048597.1,4,210858051
43,LOC113831475,39,-0.047927108,NC_048596.1,3,51370433
43,LOC113833011,40,0.047606905,NC_048595.1,2,35264383
43,Mir92a,41,0.04736787,NW_023276807.1,1,265329206
43,Trnac-gca_1,42,0.047292559,NC_048597.1,4,212650489
43,LOC118239559,43,0.047035518,NW_023276806.1,1,149126699
43,LOC113831473,44,0.046955014,NC_048596.1,3,51369265
43,LOC113834700,45,0.046155312,NC_048596.1,3,171981058
43,LOC113837330,46,0.045985086,NC_048602.1,9,10600535
43,LOC113837220,47,0.045736685,NC_048602.1,9,7505319
43,Trnak-cuu_30,48,0.045537876,NC_048598.1,5,142100024
43,LOC113836317,49,-0.044891967,NC_048599.1,6,154010325
43,Mt1,50,0.043832707,NC_048596.1,3,170379906
43,LOC113832531,51,0.043460797,NW_023276806.1,1,232055370
43,LOC100763261,52,-0.043405671,NC_048600.1,7,95480383
44,Pla2g2a,1,0.071573251,NC_048595.1,2,14521849
44,LOC118239149,2,-0.064730354,NC_048600.1,7,10764859
44,Mmp10,3,0.054664834,NC_048597.1,4,121939116
44,Trnak-cuu_67,4,-0.054581761,NW_023276919.1,U,881536
44,LOC107980199,5,0.050307555,NW_023276806.1,1,12654586
44,LOC113836829,6,-0.048712623,NC_048600.1,7,63461020
44,LOC100773005,7,-0.045809854,NW_023276806.1,1,21333259
44,Slpi,8,0.045210268,NC_048599.1,6,15126790
44,Mir1956,9,-0.044616746,NW_023276806.1,1,21052843
44,LOC118239683,10,-0.04209833,NW_023276807.1,1,214981872
44,Mir31,11,0.042057756,NC_048595.1,2,59198641
44,LOC113835169,12,0.041581083,NC_048597.1,4,128822709
44,Mir22,13,0.041556575,NC_048600.1,7,88912691
44,Hcar2,14,0.040890995,NC_048597.1,4,103604200
44,Mmp13,15,0.040842566,NC_048597.1,4,121805002
44,LOC103163310,16,-0.040837904,NC_048595.1,2,20383558
44,LOC118238417,17,-0.038770837,NC_048595.1,2,398997520
44,LOC100750381,18,-0.038608223,NC_048598.1,5,19525210
44,Adm,19,0.037563061,NC_048596.1,3,90056690
44,Epyc,20,0.037153815,NW_023276806.1,1,163473343
44,Cited1,21,0.036589048,NC_048604.1,X,67993924
44,Ccl1,22,0.036298173,NC_048600.1,7,95611319
44,LOC118239159,23,-0.036024475,NC_048600.1,7,46606242
44,Cdkn3,24,0.035737266,NW_023276807.1,1,202783197
45,Ccn2,1,0.101188691,NC_048595.1,2,243783381
45,Slpi,2,0.086357266,NC_048599.1,6,15126790
45,Dcn,3,0.079214201,NW_023276806.1,1,163323235
45,LOC100763833,4,0.067239828,NC_048600.1,7,95468788
45,Xdh,5,0.059202412,NC_048600.1,7,9700062
45,Fn1,6,0.055494127,NC_048595.1,2,424970688
45,Lipn,7,0.055474282,NC_048596.1,3,27658505
45,LOC113835123,8,0.052844571,NC_048596.1,3,151200471
45,Hsd11b1,9,0.051740046,NC_048598.1,5,1965648
45,Prxl2a,10,0.051712295,NW_023276807.1,1,179114373
45,Spp1,11,0.051343915,NW_023276807.1,1,166251805
45,LOC113839136,12,0.050273435,NW_023277062.1,U,27332
45,Hmgcs2,13,0.047847733,NW_023276806.1,1,58184506
45,Thbs2,14,0.047352509,NC_048595.1,2,293781872
45,Acta2,15,0.047267562,NC_048596.1,3,27509683
45,LOC113836328,16,0.046513917,NC_048599.1,6,29866005
45,Hmox1,17,-0.04587767,NC_048596.1,3,150860756
46,LOC113837553,1,0.04354789,NC_048604.1,X,30086550
46,Tfrc,2,0.042803834,NC_048597.1,4,56929493
46,Arhgap5,3,0.040018304,NC_048598.1,5,149732208
46,LOC113835267,4,-0.038617627,NC_048597.1,4,133761196
46,Rock1,5,0.035209162,NC_048595.1,2,235984439
46,Lin7c,6,0.034384758,NC_048599.1,6,68119496
46,LOC113834219,7,0.034094216,NC_048595.1,2,339098338
46,Trpm7,8,0.034027803,NC_048599.1,6,51638453
46,Lypla1,9,0.033949714,NC_048595.1,2,158060493
46,LOC118237931,10,0.033882667,NC_048596.1,3,53549694
46,Spopl,11,0.033786861,NC_048599.1,6,134856026
47,Ldha,1,0.094700352,NC_048596.1,3,145001207
47,Serpinf1,2,0.086463897,NC_048600.1,7,88859911
47,Nppa,3,-0.068005211,NC_048595.1,2,8467809
47,LOC118239052,4,-0.067559932,NC_048599.1,6,27172324
47,Nppb,5,-0.063852638,NC_048595.1,2,8480530
47,LOC100761692,6,0.058728748,NC_048601.1,8,16903938
47,LOC113834615,7,-0.056380174,NC_048596.1,3,168424119
47,Filip1l,8,-0.053621561,NC_048597.1,4,34628774
47,Id2,9,-0.052353584,NC_048600.1,7,27970665
47,LOC107978467,10,-0.052041251,NC_048595.1,2,286951956
47,Mir1973,11,0.050718143,NC_048603.1,10,16495623
47,Spp1,12,0.049629681,NW_023276807.1,1,166251805
47,Ccbe1,13,0.049460416,NC_048595.1,2,173042610
47,LOC100761946,14,-0.049370122,NC_048595.1,2,337079410
47,LOC107979337,15,-0.048718703,NW_023276807.1,1,155459065
47,Fmo2,16,-0.048091124,NC_048598.1,5,29260293
47,LOC103160386,17,-0.047995766,NC_048595.1,2,293585605
47,Pthlh,18,0.047177922,NC_048601.1,8,2431852
47,LOC113830878,19,0.047071702,NC_048601.1,8,2348886
47,Spon2,20,0.046567603,NW_023276807.1,1,102246867
47,LOC107978991,21,-0.046040538,NC_048595.1,2,282843312
47,LOC103163365,22,-0.045729813,NW_023276806.1,1,136107061
47,LOC118239716,23,-0.045704933,NW_023276807.1,1,96832009
47,LOC113833551,24,-0.045625031,NC_048595.1,2,48946937
47,LOC113834403,25,-0.044795838,NC_048595.1,2,106628517
47,LOC113832984,26,-0.044514388,NW_023276806.1,1,154603292
47,Olr1,27,-0.043845887,NC_048601.1,8,16563519
47,LOC107979869,28,-0.043480183,NC_048597.1,4,171618857
47,LOC100771813,29,0.043398895,NC_048604.1,X,9744099
47,Isg15,30,0.043332219,NC_048595.1,2,122790
47,Mmp10,31,-0.042854464,NC_048597.1,4,121939116
47,LOC100769250,32,-0.04211068,NC_048596.1,3,181292503
47,LOC113832498,33,-0.041937541,NW_023276806.1,1,231772785
47,Amotl2,34,-0.041891204,NC_048597.1,4,210959578
47,LOC103159356,35,-0.041658776,NW_023276806.1,1,221614072
47,Cd53,36,-0.041650657,NW_023276806.1,1,50315584
47,Jup,37,-0.041616694,NC_048600.1,7,113431462
47,LOC113837382,38,0.04105015,NC_048602.1,9,11543827
47,LOC118238355,39,0.041008074,NC_048595.1,2,252889683
47,Mlc1,40,-0.040989942,NC_048595.1,2,385723069
47,Pdk2,41,0.040331658,NC_048600.1,7,108207507
47,Map3k7cl,42,-0.040053734,NC_048597.1,4,9770840
47,Pirt,43,-0.039794265,NC_048600.1,7,80795999
47,Trnay-gua_6,44,-0.039428331,NC_048596.1,3,244723518
47,LOC100753012,45,0.039196218,NC_048595.1,2,360464347
47,LOC103159236,46,-0.03884368,NC_048598.1,5,39830669
47,LOC118238231,47,-0.038773817,NW_023276806.1,1,136071834
47,LOC103162716,48,0.038663454,NW_023276806.1,1,177112533
47,LOC118238543,49,-0.038331446,NC_048596.1,3,54528769
47,Sh3gl2,50,-0.038306311,NC_048595.1,2,62446162
47,Upb1,51,0.038120855,NW_023276806.1,1,263122257
47,LOC113834386,52,-0.037899527,NC_048595.1,2,99869272
47,Cd9,53,-0.037742117,NC_048601.1,8,20949592
47,Tspan7,54,-0.037440347,NC_048604.1,X,116198430
47,Il19,55,0.037055662,NC_048598.1,5,58038778
48,LOC100750890,1,0.157215225,NC_048596.1,3,17267051
48,Msn,2,-0.101145541,NC_048604.1,X,73996162
48,LOC100773886,3,-0.088976268,NC_048596.1,3,244834654
48,LOC100773314,4,-0.08713564,NC_048596.1,3,244832190
48,Ackr3,5,-0.083289538,NC_048595.1,2,441745136
48,LOC103162162,6,0.082280198,NC_048596.1,3,21643694
48,Pcgf6,7,0.07990241,NC_048596.1,3,14498086
48,Itih5,8,-0.076184334,NC_048596.1,3,227074172
48,Hpse,9,0.073019608,NW_023276807.1,1,162740381
48,Cxcl3,10,-0.069876074,NW_023276807.1,1,155559516
48,LOC100760951,11,0.05793149,NW_023276806.1,1,63384679
48,Ngf,12,-0.057708292,NW_023276806.1,1,54426746
48,Tctn3,13,0.056294875,NC_048596.1,3,20972353
48,LOC103162488,14,0.052921446,NC_048595.1,2,179191347
48,LOC103163127,15,-0.052784458,NC_048598.1,5,141292337
48,Trim54,16,-0.052684098,NC_048600.1,7,13243617
48,LOC118238597,17,-0.052018479,NC_048596.1,3,215082917
49,Ccn2,1,0.091200294,NC_048595.1,2,243783381
49,Lum,2,-0.076783429,NW_023276806.1,1,163392996
49,LOC118239683,3,0.076337317,NW_023276807.1,1,214981872
49,Angpt4,4,-0.071555655,NC_048599.1,6,28071763
49,Sphk1,5,0.071297212,NC_048600.1,7,129110436
49,LOC103158756,6,-0.070630101,NC_048599.1,6,21482173
49,Fabp4,7,0.06841228,NC_048595.1,2,137723467
49,Trnap-ugg_2,8,-0.068207539,NC_048600.1,7,43076937
49,LOC118239149,9,-0.067292255,NC_048600.1,7,10764859
49,Adm,10,-0.066506657,NC_048596.1,3,90056690
49,Cavin4,11,-0.063110699,NC_048595.1,2,94723721
49,LOC103160587,12,0.06268166,NC_048597.1,4,44552378
49,LOC103158561,13,0.061764937,NC_048595.1,2,9552891
49,Ehd3,14,-0.059905788,NC_048600.1,7,9836371
49,LOC103159471,15,-0.055371764,NC_048596.1,3,24866449
49,LOC103163846,16,-0.055347929,NC_048604.1,X,119343846
49,Sbsn,17,0.054911215,NC_048602.1,9,5052967
49,Prlr,18,0.054146813,NC_048595.1,2,343475950
49,LOC103159589,19,-0.053771259,NC_048598.1,5,108127973
49,LOC118238646,20,0.053296835,NC_048597.1,4,89987836
49,LOC100763261,21,-0.051265082,NC_048600.1,7,95480383
49,LOC107979337,22,-0.050390059,NW_023276807.1,1,155459065
49,Sardh,23,-0.050081894,NC_048599.1,6,138868103
49,Dok5,24,0.048943091,NC_048599.1,6,8452967
49,Col8a1,25,-0.04862688,NC_048597.1,4,34465873
49,St14,26,-0.048416243,NC_048597.1,4,143545598
49,Cidec,27,0.047261921,NC_048601.1,8,31364535
49,Rpp30,28,-0.04718279,NC_048596.1,3,25671314
49,Actn3,29,-0.046715542,NC_048596.1,3,54410396
49,Mir1956,30,-0.046470984,NW_023276806.1,1,21052843
49,Efemp1,31,-0.045519433,NW_023276807.1,1,78363346
49,Myl9,32,0.044603257,NC_048599.1,6,22807687
49,LOC107979406,33,0.04442547,NC_048596.1,3,251952378
49,Mpp7,34,0.044288566,NC_048596.1,3,207268845
49,LOC113836833,35,0.044283484,NC_048600.1,7,96528589
49,Olfm1,36,0.044263119,NC_048599.1,6,139903562
49,Aqp1,37,-0.043107821,NC_048601.1,8,85972347
49,LOC100750381,38,-0.042835916,NC_048598.1,5,19525210
49,LOC100769715,39,-0.042416573,NC_048596.1,3,169378122
50,LOC103161182,1,0.100019423,NW_023276807.1,1,101819380
50,LOC103160685,2,0.096080095,NC_048595.1,2,33717591
50,LOC113837561,3,0.091521201,NC_048604.1,X,108537588
50,Fn3k,4,0.08795782,NC_048600.1,7,133886710
50,LOC118239256,5,0.087042435,NC_048601.1,8,21747294
50,LOC100756757,6,0.082685053,NC_048596.1,3,21402148
50,LOC103158925,7,0.08134082,NC_048603.1,10,29669181
50,Pecam1,8,0.080064684,NC_048600.1,7,119598591
50,LOC113833204,9,0.078754321,NW_023276806.1,1,53729801
50,LOC113836220,10,0.077811471,NC_048598.1,5,143156548
50,LOC113834278,11,0.069419954,NC_048595.1,2,257676462
50,LOC100759078,12,0.069345053,NW_023276807.1,1,155311794
50,LOC103161678,13,0.067519103,NW_023276807.1,1,106787314
50,LOC113835640,14,0.066890379,NC_048597.1,4,4374407
50,LOC113835045,15,0.066882729,NC_048596.1,3,280998818
50,Sv2b,16,0.066880138,NC_048596.1,3,122092907
50,LOC100772413,17,0.066200425,NC_048600.1,7,133599546
50,LOC100752107,18,0.0660192,NC_048596.1,3,279690996
50,LOC113835046,19,0.065945546,NC_048596.1,3,279901799
50,Noxa1,20,-0.064049968,NC_048599.1,6,136436144
50,Spn,21,0.063876398,NC_048596.1,3,73615356
50,LOC103163357,22,0.063657927,NC_048595.1,2,152613170
50,LOC100773795,23,-0.063632036,NC_048595.1,2,161968153
50,Osr1,24,0.063059494,NC_048600.1,7,19889960
50,Septin14,25,0.062887972,NC_048597.1,4,108991291
50,St8sia6,26,0.062581244,NC_048596.1,3,218844815
50,Cd82,27,0.062367264,NC_048599.1,6,83270531
50,LOC103160858,28,0.06130958,NC_048595.1,2,338222720
50,LOC113839175,29,0.061147619,NW_023276807.1,1,212580388
50,Gsr,30,-0.061021841,NW_023276807.1,1,51107595
50,Dtx4,31,0.060962323,NC_048596.1,3,48119823
50,LOC107977816,32,0.0596775,NC_048598.1,5,39723106
50,LOC103159933,33,0.058923679,NW_023276807.1,1,10711902
50,Homer2,34,0.057754124,NC_048596.1,3,115893000
50,Angptl4,35,0.05752856,NC_048598.1,5,95192610
50,LOC107978639,36,0.056771703,NC_048596.1,3,263260039
50,Mpeg1,37,0.056407209,NC_048596.1,3,48155816
50,LOC118238559,38,0.056319099,NC_048596.1,3,99303174
50,LOC100769145,39,-0.056232891,NC_048596.1,3,169461212
50,LOC103162162,40,0.055644662,NC_048596.1,3,21643694
50,LOC103158895,41,0.055615814,NW_023276806.1,1,231886613
50,LOC100767729,42,0.055593092,NC_048596.1,3,48000114
50,Napsa,43,0.055409856,NC_048599.1,6,153442673
50,LOC118239129,44,0.055313614,NC_048600.1,7,134318528
50,LOC113834403,45,0.055030921,NC_048595.1,2,106628517
50,Grhl2,46,0.054895535,NC_048603.1,10,14259740
50,Col4a1,47,0.053028031,NW_023276807.1,1,69305537
50,LOC118238439,48,0.052929176,NC_048595.1,2,452838773
50,LOC103160811,49,0.05267338,NC_048598.1,5,150794804
50,LOC103161493,50,0.05259782,NC_048603.1,10,27785052
50,Nckap5,51,0.05243048,NC_048598.1,5,62313475
50,LOC100763261,52,0.052014784,NC_048600.1,7,95480383
50,Arsg,53,0.051792593,NC_048600.1,7,122295152
50,LOC103163260,54,0.051686212,NC_048597.1,4,68322577
50,LOC103162856,55,0.051560045,NC_048595.1,2,257629291
50,Tp63,56,0.051280629,NC_048597.1,4,63108943
50,LOC118238754,57,0.050848342,NC_048597.1,4,4425837
50,LOC107978278,58,0.050547388,NW_023276807.1,1,45281705
50,Peg10,59,0.049569541,NW_023276806.1,1,220122226
50,C3,60,0.04940513,NC_048598.1,5,96252915
51,LOC113835640,1,0.079656266,NC_048597.1,4,4374407
51,Spn,2,-0.077256516,NC_048596.1,3,73615356
51,LOC118239493,3,0.07701383,NW_023276806.1,1,221664047
51,LOC118239129,4,0.074849353,NC_048600.1,7,134318528
51,LOC103161182,5,0.073780134,NW_023276807.1,1,101819380
51,LOC113833723,6,0.067540652,NC_048595.1,2,7781734
51,Mir23a,7,0.062410045,NC_048596.1,3,160211611
51,Ptprt,8,0.058674888,NC_048599.1,6,17127641
51,Trnak-uuu_4,9,0.05851082,NC_048596.1,3,243514929
51,LOC113834003,10,-0.05834075,NC_048595.1,2,48026196
51,LOC113833913,11,0.058076591,NC_048595.1,2,22448121
51,LOC118238536,12,0.057569732,NC_048596.1,3,42864803
51,Phactr1,13,0.055557146,NC_048596.1,3,262373021
51,LOC100771813,14,-0.054712114,NC_048604.1,X,9744099
51,LOC113834737,15,0.053943369,NC_048596.1,3,25282113
51,Serpinf1,16,-0.053371436,NC_048600.1,7,88859911
51,LOC113831476,17,0.053324054,NC_048596.1,3,51370752
51,LOC113836270,18,-0.052597053,NC_048599.1,6,100381838
51,LOC113836572,19,-0.052050394,NC_048600.1,7,110927294
51,LOC113833456,20,-0.051167796,NW_023276806.1,1,5477281
51,Mmp3,21,-0.051039939,NC_048597.1,4,121905913
51,Mirlet7c-2,22,0.050946022,NC_048595.1,2,382521726
51,Fn3k,23,0.050359202,NC_048600.1,7,133886710
51,Mir664,24,0.049016298,NC_048598.1,5,9458805
51,LOC100751053,25,-0.048859764,NC_048597.1,4,162253090
51,Cd109,26,-0.048838982,NC_048597.1,4,189648432
51,LOC118238754,27,0.048631067,NC_048597.1,4,4425837
51,LOC113835508,28,0.048586587,NC_048597.1,4,101066550
51,Trnad-guc_5,29,0.048460594,NC_048598.1,5,21758035
51,LOC113836194,30,-0.048133452,NC_048598.1,5,101957312
51,LOC113831477,31,-0.047857009,NC_048596.1,3,51371025
51,LOC100763051,32,0.046981983,NC_048604.1,X,5161320
51,Gpnmb,33,-0.046972507,NC_048601.1,8,92295270
51,LOC118239024,34,0.046349179,NW_023276807.1,1,268139097
51,LOC113831478,35,0.046074103,NC_048596.1,3,51369526
51,Ldha,36,0.045951456,NC_048596.1,3,145001207
51,LOC118239474,37,0.045870833,NW_023276806.1,1,184865513
51,LOC113833631,38,-0.045663271,NC_048595.1,2,417283858
51,LOC118238818,39,0.045536089,NC_048598.1,5,2975757
51,LOC107979493,40,0.044573743,NC_048604.1,X,109667082
51,Sardh,41,-0.044551712,NC_048599.1,6,138868103
51,LOC103162356,42,0.044401313,NC_048600.1,7,20440331
51,Rarres2,43,-0.044237541,NC_048601.1,8,98691581
51,Tdgf1,44,0.044227353,NC_048597.1,4,218431369
51,Efemp1,45,0.044171157,NW_023276807.1,1,78363346
51,Mir27a,46,0.04397325,NC_048596.1,3,160211444
51,Sumo3,47,0.043764875,NW_023276806.1,1,261198112
51,Mtss2,48,-0.043337236,NC_048596.1,3,187115697
52,Isg15,1,0.227413516,NC_048595.1,2,122790
52,LOC100763130,2,0.194869686,NC_048598.1,5,191189732
52,LOC100764653,3,0.190897087,NC_048597.1,4,565802
52,LOC100773381_1,4,0.161388374,NC_048596.1,3,27205320
52,LOC100772509,5,0.16086411,NC_048596.1,3,27054887
52,Ifit2,6,0.15544316,NC_048596.1,3,27215035
52,LOC100773381,7,0.154394107,NC_048596.1,3,27106847
52,LOC100767734,8,0.145944145,NC_048595.1,2,374751226
52,LOC113834739,9,0.143436024,NC_048596.1,3,27095628
52,LOC100761048,10,0.14336079,NC_048597.1,4,100778208
52,Cxcl10,11,0.129156031,NW_023276807.1,1,157135471
52,Irf7,12,0.122120779,NC_048596.1,3,59920909
52,Usp18,13,0.121646269,NC_048601.1,8,23639597
52,Rtp4,14,0.120999698,NC_048597.1,4,65298461
52,LOC100774966,15,0.1129714,NC_048597.1,4,94488079
52,LOC100762377,16,0.111128481,NC_048595.1,2,178937423
52,LOC100762031,17,0.109635873,NC_048597.1,4,467927
52,LOC100767905,18,0.107597454,NC_048597.1,4,100599059
52,Gbp5,19,0.094015626,NW_023276806.1,1,17254913
52,LOC100762389,20,0.091143151,NC_048596.1,3,95189074
52,Herc6,21,0.086528842,NC_048601.1,8,83769465
52,LOC100768312,22,0.083958773,NC_048596.1,3,51826453
52,LOC100771979,23,0.083890478,NC_048600.1,7,63562214
52,Oas2,24,0.083474573,NC_048597.1,4,100540490
52,Ifi35,25,0.08342789,NC_048600.1,7,114491723
52,Ube2l6,26,0.083321476,NC_048599.1,6,90725220
52,LOC100758111,27,0.083265137,NC_048595.1,2,374645725
52,LOC100769624,28,0.081966684,NC_048597.1,4,100625426
52,LOC100754939,29,0.07973937,NC_048600.1,7,72263719
52,LOC100770794,30,0.079569941,NC_048597.1,4,100789237
52,LOC118238892,31,0.079521387,NC_048598.1,5,29327672
52,LOC100768530,32,0.079503335,NC_048600.1,7,63514851
52,Pla2g5,33,0.079017396,NC_048595.1,2,14531874
52,Cxcl11,34,0.077925853,NW_023276807.1,1,157153135
52,LOC100753152,35,0.076691124,NC_048600.1,7,96465799
52,LOC100762860,36,0.074181993,NW_023276806.1,1,16550762
52,Tnfsf10,37,0.07392379,NW_023276806.1,1,121691716
52,Ddx60,38,0.072289918,NW_023276806.1,1,239648753
52,Ifi44l_1,39,0.071492885,NW_023276826.1,U,29895
52,LOC100758550,40,0.07139722,NC_048598.1,5,19375414
52,LOC100750637,41,0.070650404,NC_048595.1,2,437347259
52,LOC100774003,42,0.068884772,NW_023276807.1,1,76278875
52,LOC100765968,43,0.068353328,NW_023276806.1,1,17150522
52,Uba7,44,0.068159398,NC_048597.1,4,216168933
52,LOC103164543,45,0.0678483,NC_048597.1,4,53701626
52,Ccl5,46,0.067722183,NC_048600.1,7,96771545
52,Rsad2,47,0.066328881,NC_048600.1,7,29190478
52,LOC100750669,48,0.063433267,NC_048598.1,5,19426694
52,LOC100755228,49,0.062808216,NC_048600.1,7,72278381
52,LOC100767358,50,0.061950244,NC_048596.1,3,27025296
52,Parp14,51,0.061614631,NC_048597.1,4,53789471
52,Samhd1,52,0.061559557,NC_048599.1,6,22437582
52,Cxcl9,53,0.06152638,NW_023276807.1,1,157119427
52,Xaf1,54,0.0612232,NC_048600.1,7,86142077
52,LOC113830641,55,0.06006303,NC_048596.1,3,95363038
52,LOC100772719,56,0.059881441,NC_048596.1,3,95145908
52,LOC118239651,57,0.059496304,NW_023276807.1,1,114063268
52,Irf9,58,0.058981432,NW_023276807.1,1,210811263
53,Nppb,1,0.100909093,NC_048595.1,2,8480530
53,Sirt5,2,-0.097545645,NC_048596.1,3,263059275
53,Rxra,3,-0.086409276,NC_048599.1,6,139357732
53,She,4,0.085993496,NW_023276806.1,1,64711483
53,Ca3,5,0.081836632,NC_048595.1,2,134238180
53,Itga6,6,-0.079632308,NC_048599.1,6,103316803
53,Pros1,7,-0.078808802,NC_048597.1,4,30268288
53,Gpr27,8,-0.07867558,NC_048601.1,8,44281172
53,Fgfr1,9,-0.07499968,NW_023276807.1,1,58203128
53,Ccbe1,10,-0.074751752,NC_048595.1,2,173042610
53,LOC103158703,11,-0.072789482,NC_048596.1,3,72598747
53,Sulf2,12,-0.070856066,NC_048599.1,6,13266048
53,Nppa,13,0.070483299,NC_048595.1,2,8467809
53,LOC113835048,14,-0.070064794,NC_048596.1,3,279308392
53,Adam8,15,-0.069406245,NC_048596.1,3,60960076
53,Parvg,16,0.069392105,NC_048595.1,2,381193725
53,LOC107977529,17,-0.067691754,NC_048596.1,3,277498760
53,Nod2,18,0.06746145,NC_048596.1,3,164267339
53,LOC100763954,19,-0.067299321,NC_048601.1,8,98311222
53,LOC100762270,20,-0.06703688,NC_048601.1,8,16917692
53,Vopp1,21,-0.064121265,NC_048601.1,8,83909885
53,Lmo2,22,-0.063813169,NC_048599.1,6,73657545
53,Tspan7,23,-0.063570055,NC_048604.1,X,116198430
53,Id3,24,-0.063523454,NC_048595.1,2,17164510
53,Optc,25,0.063095568,NC_048598.1,5,55292924
53,Ccn2,26,0.060818845,NC_048595.1,2,243783381
53,Dsp,27,-0.060770225,NC_048596.1,3,257844904
53,Cdsn,28,-0.059846597,NW_023276806.1,1,229493901
53,Hoxc8,29,-0.058534287,NC_048595.1,2,399365638
53,Hoxc10,30,-0.056798674,NC_048595.1,2,399341946
53,Sirpa,31,-0.056435175,NC_048599.1,6,48970164
53,Jup,32,0.054841526,NC_048600.1,7,113431462
53,LOC100751053,33,-0.05457438,NC_048597.1,4,162253090
53,Was,34,0.054106376,NC_048604.1,X,114556899
53,Ngf,35,-0.053855972,NW_023276806.1,1,54426746
53,Fabp4,36,-0.053440577,NC_048595.1,2,137723467
53,Nrg2,37,-0.053168096,NC_048595.1,2,201329008
53,Trabd2b,38,-0.052903387,NC_048595.1,2,37491446
53,Cited1,39,-0.051884017,NC_048604.1,X,67993924
53,Igf2bp2,40,-0.051588716,NC_048597.1,4,66742574
53,LOC103162686,41,0.051550806,NC_048600.1,7,43147575
53,Csrp2,42,-0.051148445,NW_023276806.1,1,144571595
53,Mt1,43,-0.050931672,NC_048596.1,3,170379906
53,Isg15,44,0.050605476,NC_048595.1,2,122790
53,Eya1,45,0.050378789,NC_048595.1,2,146443211
53,LOC107978642,46,0.049805815,NC_048601.1,8,43794369
53,Vegfd,47,0.04951001,NC_048604.1,X,99432160
53,Npas2,48,-0.049161589,NW_023276807.1,1,8884217
53,Hoxc9,49,-0.048454745,NC_048595.1,2,399356712
53,LOC118237762,50,0.047267988,NC_048595.1,2,459545412
53,LOC113837481,51,-0.046778476,NC_048603.1,10,27571175
53,LOC107979891,52,0.046582763,NW_023276806.1,1,101292782
53,LOC103161312,53,0.046474332,NC_048604.1,X,71124390
53,LOC100773073,54,-0.046384096,NW_023276807.1,1,185277442
53,Cnksr1,55,-0.046261059,NC_048595.1,2,19073703
53,Creg1,56,-0.046159704,NC_048598.1,5,26700444
53,LOC103159982,57,-0.046101388,NC_048598.1,5,69336328
53,Slitrk5,58,-0.045943965,NW_023276807.1,1,262541807
53,Rarres2,59,-0.045775511,NC_048601.1,8,98691581
53,LOC103159647,60,0.04545637,NC_048595.1,2,413829342
53,Pltp,61,0.045324017,NC_048599.1,6,14569334
53,Mrgprf,62,0.044803465,NC_048596.1,3,56011244
53,Mmp28,63,-0.04478448,NC_048600.1,7,96686130
53,LOC100750533,64,0.044415016,NC_048600.1,7,75657838
53,LOC103161741,65,0.04406961,NW_023276807.1,1,208607680
53,Star,66,0.043941939,NW_023276807.1,1,57978106
53,C3,67,-0.043905113,NC_048598.1,5,96252915
53,LOC118239069,68,0.043765725,NC_048599.1,6,1507356
53,Vax1,69,-0.043755725,NC_048596.1,3,2165766
54,LOC113834948,1,0.089120481,NC_048596.1,3,59960784
54,Ankrd37,2,0.077131727,NW_023276807.1,1,40567534
54,Adm,3,0.077128996,NC_048596.1,3,90056690
54,Tnfsf18,4,-0.076423037,NC_048598.1,5,30597522
54,Apln,5,0.069535453,NC_048604.1,X,21411740
54,LOC107978991,6,0.067663985,NC_048595.1,2,282843312
54,Bnip3,7,0.067380654,NC_048596.1,3,62070688
54,LOC100770984,8,0.063527237,NC_048597.1,4,53601012
54,Slc2a1,9,0.062919101,NC_048595.1,2,33048556
54,LOC113832469,10,0.062914163,NW_023276806.1,1,230228579
54,Bhlhe40,11,0.061234258,NC_048601.1,8,35823789
54,Gbe1,12,0.058493468,NC_048597.1,4,23880961
54,Ak4,13,0.055233534,NC_048595.1,2,48181191
54,Pfkl,14,0.05367434,NW_023276806.1,1,260844011
54,Corin,15,-0.053543594,NW_023276807.1,1,138870235
54,Egln1,16,0.053390967,NC_048596.1,3,201656038
54,LOC118239499,17,0.053275898,NW_023276806.1,1,97895840
54,Neu2,18,0.052002591,NC_048595.1,2,439225524
54,Pgm1,19,0.051550287,NC_048595.1,2,49589790
54,Pgk1,20,0.050347931,NC_048604.1,X,64543532
54,Aldoa,21,0.049610933,NC_048596.1,3,73942274
54,Mif,22,0.049196382,NW_023276806.1,1,262752429
54,Pdk1,23,0.049084812,NC_048599.1,6,103271602
54,LOC113836728,24,0.048971502,NC_048600.1,7,7695704
54,Pik3r5,25,0.048952741,NC_048600.1,7,82364763
54,LOC100766081,26,-0.048805943,NC_048597.1,4,45488253
54,Trnap-ugg_2,27,-0.048641757,NC_048600.1,7,43076937
54,LOC118239159,28,-0.048421238,NC_048600.1,7,46606242
54,Nppb,29,0.048115567,NC_048595.1,2,8480530
54,Pgam1,30,0.046909906,NC_048596.1,3,19631924
54,Rassf4,31,0.046762032,NC_048601.1,8,28187671
54,LOC113836176,32,-0.046630498,NC_048598.1,5,100789536
55,Bgn,1,0.101037434,NC_048604.1,X,2240956
55,LOC100750890,2,-0.097273597,NC_048596.1,3,17267051
55,LOC100755834,3,0.095427079,NC_048603.1,10,21693509
55,LOC100766583,4,0.091396783,NC_048599.1,6,30149206
55,Cnrip1,5,-0.086146933,NW_023276807.1,1,89176350
55,Mpp6,6,-0.084476078,NC_048601.1,8,91138278
55,Aebp1,7,0.084236531,NW_023276807.1,1,98964121
55,Cadm1,8,0.082076576,NC_048597.1,4,159295673
55,Kdelr3,9,-0.082033089,NC_048595.1,2,376685607
55,Btg3,10,-0.081503683,NC_048597.1,4,17037629
55,Rcn2,11,-0.081002133,NC_048597.1,4,167551140
55,LOC113833950,12,0.079579872,NC_048595.1,2,361378525
55,LOC113836802,13,0.07766739,NC_048600.1,7,75140605
55,LOC103160641,14,0.07526111,NC_048595.1,2,321008432
55,Col6a2,15,0.074084473,NW_023276806.1,1,262111617
55,LOC113834278,16,0.072589828,NC_048595.1,2,257676462
55,Them6,17,-0.070169339,NC_048595.1,2,372382992
55,Pon2,18,0.069742106,NW_023276806.1,1,219556027
55,Tes,19,-0.069356902,NW_023276806.1,1,209445347
55,Nrn1,20,0.069122617,NC_048596.1,3,256435226
55,Uck1,21,-0.068961376,NC_048599.1,6,143986805
55,Col3a1,22,-0.068335926,NC_048595.1,2,401902840
55,Ckmt1b,23,0.068190336,NC_048599.1,6,57059530
55,Noxa1,24,-0.066548081,NC_048599.1,6,136436144
55,Ctps2,25,-0.066257406,NC_048604.1,X,97803321
55,Dcn,26,-0.065040663,NW_023276806.1,1,163323235
55,LOC100769497,27,-0.065035221,NW_023276807.1,1,29878486
55,LOC113836427,28,0.06459047,NC_048599.1,6,85867528
55,LOC100757158,29,-0.064510178,NC_048596.1,3,72785822
55,LOC103160599,30,-0.064394727,NC_048604.1,X,110671215
55,Mtss1,31,-0.063321284,NC_048603.1,10,28555128
55,Lgalsl,32,-0.062651329,NW_023276807.1,1,85697326
55,LOC107980024,33,0.062099,NC_048598.1,5,17161133
55,Crlf1,34,0.061116933,NW_023276806.1,1,248480526
55,Prss35,35,-0.060878146,NC_048597.1,4,196875945
55,Col4a2,36,0.060569215,NW_023276807.1,1,69167130
55,Nipal3,37,-0.060349173,NC_048595.1,2,17771498
55,Slco4a1,38,0.060041466,NC_048599.1,6,1467116
55,Dhx40,39,-0.05969157,NC_048600.1,7,100008299
55,Kitlg,40,-0.058246071,NW_023276806.1,1,165661409
55,LOC103159228,41,0.058239617,NW_023276807.1,1,241205630
55,LOC118237777,42,0.056167097,NC_048597.1,4,146344020
55,Emp2,43,-0.056065921,NC_048600.1,7,36467919
55,Tuba4a,44,0.055910967,NC_048595.1,2,428371133
55,Ptp4a3,45,0.055464013,NC_048595.1,2,371381697
55,LOC113832687,46,0.055058605,NW_023276807.1,1,224050088
55,LOC100757534,47,-0.054998358,NC_048596.1,3,55182398
55,Slco3a1,48,0.05431481,NC_048596.1,3,122753519
55,Sumo3,49,-0.054309937,NW_023276806.1,1,261198112
55,Chcr1,50,-0.053609,NC_048597.1,4,4130652
55,LOC107980378,51,0.053347849,NC_048600.1,7,87538664
56,LOC100774845,1,0.168779662,NW_023276806.1,1,60259228
56,LOC100775043,2,0.153508702,NC_048596.1,3,244862020
56,LOC100761268,3,0.150324228,NC_048596.1,3,244862747
56,LOC100773020,4,0.144479089,NC_048596.1,3,244830538
56,LOC100754396,5,0.14360005,NC_048596.1,3,245018075
56,LOC100772735,6,0.140154526,NC_048596.1,3,244829848
56,LOC100760690,7,0.139276534,NC_048596.1,3,244827632
56,LOC100768462,8,0.135213647,NC_048596.1,3,244393651
56,LOC100752605,9,0.13167332,NC_048596.1,3,244962897
56,LOC100762720,10,0.129677997,NC_048596.1,3,245020252
56,LOC100754104,11,0.128499593,NC_048596.1,3,245012945
56,LOC100750854,12,0.126983091,NC_048596.1,3,244874073
56,LOC100751440,13,0.125458835,NC_048596.1,3,244874796
56,LOC100773314,14,0.124563122,NC_048596.1,3,244832190
56,LOC100757772,15,0.121377514,NW_023276806.1,1,60277181
56,LOC100751726,16,0.120979491,NC_048596.1,3,244948024
56,LOC100757491,17,0.119231869,NW_023276806.1,1,60259769
56,LOC100753804,18,0.119074532,NC_048596.1,3,245011651
56,LOC100768185,19,0.118201196,NC_048596.1,3,244392953
56,LOC100773886,20,0.117795816,NC_048596.1,3,244834654
56,LOC100753502,21,0.116667937,NC_048596.1,3,245006571
56,LOC100768756,22,0.11453861,NC_048596.1,3,244397474
56,LOC100750560,23,0.113073643,NC_048596.1,3,244866258
56,LOC100751148,24,0.1118231,NC_048596.1,3,244875534
56,LOC100755357,25,0.111433218,NC_048601.1,8,12221011
56,LOC100773314_1,26,0.110498783,NC_048596.1,3,244836216
56,LOC100752904,27,0.109407848,NC_048596.1,3,244997651
56,LOC107979446,28,0.100395882,NW_023276806.1,1,60284926
56,LOC113831009,29,0.088912308,NW_023276806.1,1,48568739
56,LOC100758862,30,0.082415648,NC_048596.1,3,244143978
56,LOC113834297,31,0.082224782,NC_048595.1,2,262815402
56,LOC100752010,32,0.077843716,NC_048596.1,3,244948745
56,LOC100774468,33,0.075949905,NC_048596.1,3,244844268
56,LOC100750550,34,0.072592086,NC_048596.1,3,244159457
56,LOC113831047,35,0.069553677,NC_048595.1,2,439412385
56,LOC113833235,36,0.066310745,NW_023276806.1,1,60158101
56,Mir2424,37,0.06369131,NC_048601.1,8,21234660
56,LOC113833236,38,0.063474643,NW_023276806.1,1,59999727
56,Mir1973,39,-0.062144626,NC_048603.1,10,16495623
56,Rn45s,40,0.06126332,NC_048600.1,7,134357488
56,Trnar-ucu_2,41,0.060182041,NC_048598.1,5,19603355
56,LOC113835167,42,0.059279762,NC_048597.1,4,128830229
56,LOC113832627,43,0.057778367,NC_048600.1,7,83202507
56,LOC113835808,44,0.056804177,NC_048598.1,5,190002885
56,LOC113834849,45,0.056681719,NC_048596.1,3,17438525
56,LOC118237931,46,0.056083844,NC_048596.1,3,53549694
56,LOC113832912,47,0.054652013,NW_023276806.1,1,84022226
56,LOC113836914,48,0.054234992,NC_048600.1,7,116459696
56,LOC107977157,49,0.05350578,NC_048596.1,3,244161445
56,LOC113835102,50,0.051179612,NC_048596.1,3,89606598
56,LOC113836949,51,0.051075578,NC_048601.1,8,21692679
56,LOC113831046,52,0.050963428,NC_048595.1,2,439421456
56,Trnak-cuu_53,53,0.049762797,NW_023276806.1,1,59988984
56,Trnaq-cug_1,54,0.049237883,NC_048596.1,3,243519061
56,Trnas-cga_1,55,0.048947949,NC_048600.1,7,82984001
56,LOC113836920,56,-0.047105083,NC_048600.1,7,119454319
56,Trnap-ugg_3,57,0.046073009,NC_048600.1,7,63507701
56,LOC113836857,58,0.044965997,NC_048600.1,7,100648813
56,Trnak-cuu_49,59,0.043437288,NC_048603.1,10,8143780
56,LOC113835498,60,0.041341928,NC_048597.1,4,95573463
56,LOC113833910,61,0.041338994,NC_048595.1,2,20904256
56,Trnar-ucg_5,62,0.040623541,NC_048600.1,7,128017797
56,Trnae-cuc_10,63,0.040322839,NC_048598.1,5,21784920
56,LOC113837917,64,0.039997253,NW_023277109.1,U,18750
56,LOC113838061,65,0.038784215,NW_023277222.1,U,2381
57,LOC107977165,1,-0.076475247,NC_048603.1,10,29648131
57,LOC113838319,2,0.074308094,NC_048601.1,8,59606168
57,LOC113836427,3,0.071702476,NC_048599.1,6,85867528
57,LOC113838496,4,0.053917091,NC_048601.1,8,60575555
57,LOC113835167,5,-0.052850223,NC_048597.1,4,128830229
57,LOC118239369,6,0.051004482,NC_048603.1,10,14531632
57,Scarf2,7,-0.050544878,NC_048597.1,4,71528567
57,LOC113834136,8,-0.049490891,NC_048595.1,2,337472855
57,LOC103163846,9,0.048958252,NC_048604.1,X,119343846
57,Fam25a,10,0.048683046,NW_023276807.1,1,185015236
57,LOC113830876,11,-0.048569884,NC_048597.1,4,32554292
57,Crlf1,12,0.047239576,NW_023276806.1,1,248480526
57,LOC100755188,13,0.046418232,NC_048599.1,6,89965403
57,LOC113833697,14,0.04629942,NC_048598.1,5,31029113
57,LOC103158756,15,0.046034385,NC_048599.1,6,21482173
57,Them6,16,-0.045047299,NC_048595.1,2,372382992
57,LOC107979269,17,-0.044342493,NC_048597.1,4,50094100
57,Lat,18,0.044150344,NC_048596.1,3,74439297
57,LOC113838060,19,0.043896893,NW_023277222.1,U,1098
57,LOC113837724,20,0.043565833,NC_048604.1,X,45494138
57,LOC113833142,21,0.043398959,NW_023276806.1,1,68281497
57,LOC113836428,22,-0.043207133,NC_048599.1,6,88232997
57,Agt,23,-0.043126251,NC_048596.1,3,201284400
57,Mirlet7d,24,0.042779366,NC_048596.1,3,268318775
57,LOC100763247,25,-0.042064185,NC_048600.1,7,87554580
57,LOC113836507,26,0.041842277,NC_048599.1,6,12379325
57,Il33,27,-0.041738304,NC_048596.1,3,31453917
57,LOC118239234,28,0.041649848,NW_023276806.1,1,61335216
57,LOC113833592,29,0.041566149,NC_048595.1,2,435732171
57,LOC103162162,30,-0.041129003,NC_048596.1,3,21643694
57,LOC113835566,31,0.040972533,NC_048597.1,4,175721080
57,LOC113833498,32,-0.040965713,NW_023276806.1,1,25822955
57,LOC113834776,33,-0.040923902,NC_048596.1,3,32219390
57,LOC113832678,34,-0.040881843,NW_023276807.1,1,228839421
57,LOC113833691,35,0.040704448,NC_048598.1,5,31028359
57,LOC113833012,36,-0.040686256,NC_048595.1,2,35264008
57,LOC113831476,37,-0.040630712,NC_048596.1,3,51370752
57,Trim54,38,0.04058402,NC_048600.1,7,13243617
57,LOC113836270,39,0.040570902,NC_048599.1,6,100381838
57,LOC113834043,40,-0.040536547,NC_048595.1,2,202560634
57,LOC103163127,41,0.040463376,NC_048598.1,5,141292337
57,LOC113833019,42,-0.040179777,NW_023276806.1,1,129516140
57,LOC103159507,43,-0.03985664,NC_048604.1,X,81725334
57,LOC107978730,44,-0.039555853,NC_048595.1,2,192765093
57,LOC113831371,45,0.039494189,NC_048600.1,7,91642849
57,LOC113834997,46,0.039201355,NC_048600.1,7,102121167
57,LOC113836416,47,-0.038990242,NC_048599.1,6,70902793
57,LOC113832498,48,-0.038789341,NW_023276806.1,1,231772785
58,Add2,1,0.099320561,NC_048601.1,8,57817163
58,Dcn,2,-0.094531649,NW_023276806.1,1,163323235
58,Col3a1,3,-0.089216732,NC_048595.1,2,401902840
58,Sema3a,4,-0.084053264,NW_023276806.1,1,179425538
58,Trim54,5,-0.080332804,NC_048600.1,7,13243617
58,LOC100773771,6,-0.076457933,NC_048599.1,6,83933114
58,Cd36,7,-0.075357754,NW_023276806.1,1,176252535
58,Aqp1,8,0.075017133,NC_048601.1,8,85972347
58,Rarres2,9,0.071037456,NC_048601.1,8,98691581
58,S100a4,10,0.070761556,NW_023276806.1,1,63942758
58,LOC100769145,11,-0.069426318,NC_048596.1,3,169461212
58,LOC103159189,12,-0.066645822,NC_048604.1,X,63082767
58,LOC113837626,13,-0.064698742,NC_048604.1,X,620574
58,LOC100766854,14,-0.063154342,NC_048595.1,2,36992964
58,Cxcl3,15,-0.062973819,NW_023276807.1,1,155559516
58,LOC118237690,16,0.062196083,NW_023276806.1,1,63937209
58,LOC113838100,17,0.060132591,NW_023277435.1,U,4994
58,LOC100763569,18,-0.059310865,NC_048597.1,4,151454252
58,LOC103164370,19,-0.057724726,NC_048599.1,6,120541166
58,Tmem176b,20,0.057646143,NC_048601.1,8,98412720
58,LOC113835959,21,-0.057251567,NC_048598.1,5,94440882
58,Dpt,22,-0.055780281,NC_048598.1,5,27552951
58,Unc5b,23,-0.05518186,NW_023276807.1,1,582414
58,LOC100763954,24,0.054824481,NC_048601.1,8,98311222
58,LOC100766833,25,0.054369743,NC_048596.1,3,199072928
58,Spp1,26,0.054119768,NW_023276807.1,1,166251805
58,Id3,27,0.053615845,NC_048595.1,2,17164510
58,LOC113835815,28,-0.053602949,NC_048598.1,5,2659214
58,LOC113831885,29,-0.052508758,NC_048596.1,3,102909405
58,Sfn,30,0.052025123,NC_048595.1,2,19669518
58,Tmem176a,31,0.051856551,NC_048601.1,8,98408602
58,Lum,32,-0.050456607,NW_023276806.1,1,163392996
58,LOC100758812,33,0.050381262,NW_023276806.1,1,35977311
58,LOC100751053,34,0.049474587,NC_048597.1,4,162253090
58,Kazald1,35,0.047466567,NC_048596.1,3,16484710
58,Il13ra2,36,0.047101567,NC_048604.1,X,33972477
58,Neu2,37,0.046663341,NC_048595.1,2,439225524
59,LOC113833011,1,0.097571585,NC_048595.1,2,35264383
59,LOC113833465,2,-0.083904351,NW_023276807.1,1,57994747
59,Mir872,3,0.080301395,NC_048595.1,2,54166122
59,LOC113831372,4,-0.077273407,NC_048600.1,7,91574932
59,LOC113831000,5,-0.074944239,NC_048596.1,3,117925381
59,Mir374,6,-0.073590479,NC_048604.1,X,66940645
59,LOC113836439,7,-0.069458838,NC_048599.1,6,48335963
59,Trnay-gua,8,-0.069258982,NC_048595.1,2,150889900
59,LOC113835169,9,0.06918552,NC_048597.1,4,128822709
59,LOC113832596,10,-0.069150422,NW_023276807.1,1,188692732
59,LOC113835414,11,0.068072014,NC_048597.1,4,65824788
59,LOC113835558,12,0.066376662,NC_048597.1,4,165165678
59,LOC113835565,13,-0.064893106,NC_048597.1,4,175722151
59,LOC113830953,14,0.061837308,NC_048596.1,3,281919178
59,Trnah-gug_7,15,0.061412276,NW_023276806.1,1,60074801
59,LOC113835168,16,-0.061392069,NC_048597.1,4,128821778
59,Trnaa-cgc_3,17,-0.061051297,NW_023276865.1,U,44158
59,Mir147,18,-0.060961746,NC_048599.1,6,55885113
59,LOC113830962,19,0.060728563,NC_048599.1,6,143953640
59,Mir674,20,-0.060408665,NC_048599.1,6,61360426
59,Mir27a,21,0.060058924,NC_048596.1,3,160211444
59,LOC113836617,22,-0.059210242,NC_048600.1,7,26701609
59,Trnaq-cug_2,23,-0.059118826,NC_048596.1,3,244260301
59,Mir29b-2,24,0.058704735,NC_048598.1,5,273661
59,Mir30e,25,0.057249184,NC_048595.1,2,31382775
59,Mir125b-2,26,0.057070621,NC_048597.1,4,153247346
59,LOC113834043,27,0.05690818,NC_048595.1,2,202560634
59,LOC113835442,28,-0.05668658,NC_048597.1,4,27791820
59,LOC113836194,29,-0.056632328,NC_048598.1,5,101957312
60,Tspan7,1,0.184053277,NC_048604.1,X,116198430
60,Tdgf1,2,0.154829702,NC_048597.1,4,218431369
60,Pthlh,3,-0.15091267,NC_048601.1,8,2431852
60,LOC103159353,4,-0.142626074,NW_023276807.1,1,183092120
60,LOC100762719,5,-0.137056756,NC_048601.1,8,89111185
60,Enah,6,-0.132813083,NC_048598.1,5,12360709
60,Hoxc10,7,-0.129730665,NC_048595.1,2,399341946
60,Hoxc4,8,-0.128619219,NC_048595.1,2,399402500
60,Hoxa9,9,-0.125253526,NC_048601.1,8,89119788
60,LOC103159766,10,0.12462741,NC_048596.1,3,254393152
60,Hoxc8,11,-0.124603918,NC_048595.1,2,399365638
60,Plxdc1,12,0.116343692,NC_048600.1,7,111061152
60,Evl,13,-0.112161992,NC_048598.1,5,186085911
60,Hoxa7,14,-0.108893344,NC_048601.1,8,89124422
60,Lmo7,15,0.104617052,NW_023276807.1,1,253470956
60,LOC118239268,16,-0.103463912,NC_048601.1,8,3415336
60,LOC113833999,17,0.100588794,NC_048595.1,2,55147142
60,Was,18,-0.098465686,NC_048604.1,X,114556899
60,Sspn,19,-0.097941752,NC_048601.1,8,3695999
60,Gpd1,20,0.085257847,NC_048595.1,2,396155050
60,Stk38l,21,-0.085223446,NC_048601.1,8,2939437
60,Hoxa6,22,-0.083112828,NC_048601.1,8,89137233
60,LOC103160837,23,0.081788894,NC_048596.1,3,137307981
60,Hoxc9,24,-0.079513585,NC_048595.1,2,399356712
60,Pdlim2,25,-0.078171792,NW_023276807.1,1,224830303
60,LOC113830932,26,-0.07779766,NC_048604.1,X,59870249
60,Etfbkmt,27,-0.077677425,NC_048601.1,8,561592
60,LOC113837481,28,0.076879694,NC_048603.1,10,27571175
60,Efemp1,29,-0.076522554,NW_023276807.1,1,78363346
60,LOC107979452,30,0.07574183,NC_048599.1,6,34559429
60,Igf2bp2,31,-0.074552637,NC_048597.1,4,66742574
60,LOC113833580,32,-0.074416478,NC_048595.1,2,399401173
60,Ehd3,33,0.073850835,NC_048600.1,7,9836371
60,Fn1,34,-0.073416212,NC_048595.1,2,424970688
60,Hoxa5,35,-0.070022295,NC_048601.1,8,89141391
60,LOC100763249,36,0.068624532,NC_048595.1,2,246878721
60,LOC113834615,37,0.068240476,NC_048596.1,3,168424119
60,Hoxc6,38,-0.067898854,NC_048595.1,2,399383484
60,Shisa4,39,-0.066197529,NC_048598.1,5,53876457
60,LOC100771813,40,0.066165273,NC_048604.1,X,9744099
60,Susd1,41,0.063115165,NC_048595.1,2,84384549
60,LOC107978439,42,0.060348563,NC_048595.1,2,87686409
60,Hdgfl3,43,-0.058282888,NC_048596.1,3,115609675
60,Acyp1,44,-0.058119515,NC_048598.1,5,118495633
60,Nrg4,45,-0.056757268,NC_048597.1,4,166833081
60,LOC113830993,46,-0.055133782,NC_048597.1,4,82671247
60,Nudt14,47,0.05448509,NC_048598.1,5,181115283
60,LOC113833968,48,0.053996756,NC_048595.1,2,70295907
60,Fmo2,49,0.053749216,NC_048598.1,5,29260293
60,Arl4c,50,-0.052805984,NC_048595.1,2,440257614
60,Csrp2,51,0.051346031,NW_023276806.1,1,144571595
60,LOC100767530,52,-0.050858937,NW_023276806.1,1,49133283
60,LOC107978412,53,-0.050647641,NC_048595.1,2,78040295
60,Creg1,54,0.050122515,NC_048598.1,5,26700444
61,Mir671,1,0.066365554,NC_048601.1,8,97922620
61,Ndufa11,2,0.053975616,NC_048598.1,5,96828112
61,LOC113836924,3,0.052886099,NC_048600.1,7,119454576
61,Mif,4,0.052729917,NW_023276806.1,1,262752429
61,LOC103160498,5,0.052016942,NC_048598.1,5,96935750
61,Rplp1,6,0.051203689,NC_048597.1,4,173449675
61,LOC113837666,7,0.049314851,NC_048604.1,X,96357750
61,LOC113837251,8,0.049110579,NC_048602.1,9,23312694
61,LOC100764983,9,0.048575433,NC_048595.1,2,58853404
61,Mir1306,10,0.04824276,NC_048597.1,4,70977452
61,Fkbp8,11,0.04618836,NW_023276806.1,1,248450800
61,Mbd3,12,0.045535423,NC_048598.1,5,101187485
61,Rpl28,13,0.045374639,NC_048602.1,9,23435513
61,Josd2,14,0.044637694,NC_048599.1,6,153336216
61,Elob,15,0.044074913,NC_048600.1,7,43341502
61,Rps9,16,0.043856613,NC_048602.1,9,21629191
61,Lamtor4,17,0.043684315,NC_048597.1,4,116736813
61,Lrfn4,18,0.043571998,NC_048596.1,3,54670489
61,Mirlet7b,19,0.043122949,NC_048595.1,2,382522427
61,Timm13,20,0.042359956,NC_048598.1,5,101683515
61,Abhd17a,21,0.041918719,NC_048598.1,5,101370926
61,Rps18,22,0.041792773,NW_023276806.1,1,232060442
61,Tspo,23,0.041415564,NC_048595.1,2,380458755
61,LOC113836832,24,0.040947938,NC_048600.1,7,76630662
61,Chpf,25,0.040672906,NC_048595.1,2,428618125
62,LOC118238412,1,0.111195455,NC_048595.1,2,380142285
62,LOC107977973,2,0.098467358,NW_023276807.1,1,210998763
62,Plcz1,3,0.09392042,NC_048601.1,8,9128095
62,Ppt1,4,-0.08966436,NC_048595.1,2,30136467
62,Serpinf1,5,-0.078886278,NC_048600.1,7,88859911
62,LOC100768899,6,0.070736881,NC_048595.1,2,280983634
62,Eva1b,7,-0.070090157,NC_048595.1,2,26895601
62,Bmp5,8,0.067717812,NC_048597.1,4,186986138
62,Sinhcaf,9,-0.066321338,NC_048601.1,8,781690
62,Cda,10,0.063957876,NC_048595.1,2,14988198
62,LOC107979861,11,0.061608891,NC_048601.1,8,10089181
62,LOC113836666,12,-0.061551373,NC_048600.1,7,44113137
62,Aqp1,13,0.061381099,NC_048601.1,8,85972347
62,Resf1,14,-0.061212565,NC_048601.1,8,364059
62,Msrb2,15,-0.059702795,NC_048596.1,3,214126880
62,LOC118238828,16,0.058826202,NC_048598.1,5,187433757
62,LOC113832370,17,0.058237762,NW_023276807.1,1,71340451
62,Amn1,18,-0.058208289,NC_048601.1,8,534554
62,LOC118238597,19,-0.057921843,NC_048596.1,3,215082917
62,Ipo8,20,-0.056751238,NC_048601.1,8,883738
62,LOC113837124,21,-0.056396991,NC_048601.1,8,8803433
62,Cxcl3,22,0.056385053,NW_023276807.1,1,155559516
62,Smpx,23,0.054354638,NC_048604.1,X,92861587
62,LOC107979269,24,0.054022955,NC_048597.1,4,50094100
62,Pglyrp1,25,0.053494536,NC_048602.1,9,28487894
62,LOC113835046,26,0.052323439,NC_048596.1,3,279901799
62,LOC113835715,27,0.052060554,NC_048598.1,5,148211787
62,LOC113836857,28,0.05133466,NC_048600.1,7,100648813
62,Pcgf6,29,-0.051137477,NC_048596.1,3,14498086
62,LOC100769145,30,0.049115494,NC_048596.1,3,169461212
63,Mirlet7c-2,1,0.074512156,NC_048595.1,2,382521726
63,LOC118238412,2,-0.068038981,NC_048595.1,2,380142285
63,LOC113836576,3,-0.056347022,NC_048600.1,7,111567514
63,LOC100752071,4,0.056168764,NW_023276806.1,1,51348114
63,LOC118237777,5,-0.054350491,NC_048597.1,4,146344020
63,LOC107979493,6,-0.05414049,NC_048604.1,X,109667082
63,LOC118238714,7,0.053819292,NC_048597.1,4,217660693
63,LOC113833592,8,0.052452337,NC_048595.1,2,435732171
63,LOC107979026,9,0.049869743,NC_048595.1,2,422743453
63,LOC118237759,10,-0.049397097,NC_048595.1,2,6891989
63,LOC107977812,11,-0.049125283,NC_048600.1,7,81946534
63,LOC118238326,12,0.048579031,NC_048595.1,2,106629377
63,Mir186,13,0.048445396,NW_023276806.1,1,2068258
63,LOC113837721,14,0.047070227,NC_048604.1,X,44476423
63,Trnay-gua_6,15,0.046137918,NC_048596.1,3,244723518
63,LOC100752312,16,0.04542655,NC_048600.1,7,118134850
63,LOC118238370,17,0.045213821,NC_048595.1,2,283288168
63,LOC113836920,18,0.044866362,NC_048600.1,7,119454319
63,Ptgs2,19,-0.043849603,NC_048598.1,5,41410101
63,LOC113833723,20,-0.043472312,NC_048595.1,2,7781734
63,LOC103162414,21,-0.043419848,NC_048602.1,9,4740661
63,LOC103162111,22,0.043261047,NW_023276806.1,1,100118214
63,LOC118239129,23,-0.043235415,NC_048600.1,7,134318528
63,Cavin4,24,0.043010034,NC_048595.1,2,94723721
63,LOC100765626,25,-0.04277341,NW_023276806.1,1,72828312
63,LOC100767038,26,0.042688487,NC_048604.1,X,54377543
63,LOC113833676,27,-0.042384343,NC_048595.1,2,165133130
63,Lmo7,28,-0.042270619,NW_023276807.1,1,253470956
63,LOC113832596,29,-0.042117978,NW_023276807.1,1,188692732
63,LOC113834136,30,0.041802073,NC_048595.1,2,337472855
63,LOC113837437,31,0.041712794,NC_048603.1,10,16577900
63,LOC113833631,32,0.041287649,NC_048595.1,2,417283858
63,Trnah-gug_10,33,0.041224512,NW_023276806.1,1,60118177
63,LOC113833051,34,-0.041195639,NW_023276806.1,1,129786160
63,LOC100765092,35,0.039834397,NW_023276807.1,1,141598473
63,LOC107978682,36,0.039387687,NC_048595.1,2,377646986
63,Ccn2,37,0.039035333,NC_048595.1,2,243783381
63,LOC113834367,38,0.038999717,NC_048595.1,2,243059962
63,Fgf12,39,-0.038771739,NC_048597.1,4,60916246
63,LOC100753244,40,0.038717635,NC_048596.1,3,51138666
63,LOC113835034,41,0.038258645,NC_048596.1,3,277167577
63,Ereg,42,-0.037819435,NW_023276807.1,1,155844175
63,LOC113835571,43,-0.037423364,NC_048597.1,4,174633288
64,Mir106b,1,0.075499254,NC_048597.1,4,116886420
64,Mir6092,2,-0.075449354,NC_048600.1,7,133651933
64,LOC113834893,3,0.073946225,NC_048596.1,3,106261744
64,LOC113836176,4,-0.072952306,NC_048598.1,5,100789536
64,LOC113833114,5,0.070542181,NC_048595.1,2,413955053
64,LOC113830962,6,0.069834683,NC_048599.1,6,143953640
64,LOC113831573,7,0.069164627,NC_048596.1,3,16624980
64,LOC113836842,8,0.068924915,NC_048600.1,7,99739296
64,LOC113833465,9,0.068844274,NW_023276807.1,1,57994747
64,Trnar-ucu_2,10,-0.067157326,NC_048598.1,5,19603355
64,Trnak-cuu_16,11,0.066814001,NC_048596.1,3,243613608
64,Trnah-gug_11,12,0.064916143,NW_023276806.1,1,60137307
64,Mir3068,13,-0.064588916,NC_048598.1,5,116364712
64,Mir34b,14,0.063673951,NC_048597.1,4,162849375
64,LOC118239111,15,-0.063013923,NC_048599.1,6,102174952
64,Ankrd61,16,-0.062670014,NC_048597.1,4,80337351
64,LOC113835565,17,-0.061062425,NC_048597.1,4,175722151
64,LOC113836638,18,0.060598388,NC_048600.1,7,43068356
64,LOC113835862,19,0.05967475,NC_048598.1,5,169146211
64,LOC118238158,20,0.059612206,NC_048600.1,7,13224782
64,LOC113830965,21,0.058997883,NC_048598.1,5,138026061
64,LOC118238347,22,0.058894624,NC_048595.1,2,223846567
64,Trnay-gua_6,23,-0.057180216,NC_048596.1,3,244723518
64,Trnav-cac_2,24,0.055954071,NC_048596.1,3,244703820
64,LOC118238392,25,-0.05452315,NC_048595.1,2,337470119
64,LOC113833648,26,0.054396084,NC_048595.1,2,427821642
64,Mir652,27,0.054209074,NC_048604.1,X,37839815
64,Trnap-agg_1,28,-0.052983064,NC_048596.1,3,244728037
64,LOC107979858,29,0.051625087,NC_048595.1,2,288100538
64,LOC113836219,30,-0.051614266,NC_048598.1,5,143415177
64,LOC113834219,31,0.05121408,NC_048595.1,2,339098338
64,LOC113833142,32,0.04969705,NW_023276806.1,1,68281497
64,LOC118239347,33,0.049357703,NC_048602.1,9,8549149
64,LOC113835632,34,0.049255041,NC_048597.1,4,225582126
64,Mirlet7a-2,35,0.049231798,NC_048597.1,4,153198575
65,LOC113833456,1,0.105916412,NW_023276806.1,1,5477281
65,Trnay-gua_6,2,0.099389362,NC_048596.1,3,244723518
65,LOC118239586,3,0.099061855,NW_023276806.1,1,113647762
65,LOC103164270,4,0.09089143,NW_023277414.1,U,7857
65,LOC113833674,5,0.08778491,NC_048595.1,2,164919581
65,Mir6092,6,0.083845753,NC_048600.1,7,133651933
65,LOC113832500,7,-0.08348101,NW_023276806.1,1,231483722
65,LOC113833009,8,-0.081208082,NC_048595.1,2,35262614
65,LOC113832316,9,0.074172982,NC_048599.1,6,21142816
65,LOC113836194,10,-0.073425274,NC_048598.1,5,101957312
65,LOC113836458,11,0.070463776,NC_048599.1,6,48333705
65,LOC100689269,12,0.070435976,NC_048597.1,4,152447657
65,LOC113836617,13,0.069854594,NC_048600.1,7,26701609
65,LOC113833012,14,-0.069156677,NC_048595.1,2,35264008
65,LOC118239054,15,0.068997195,NC_048599.1,6,11915387
65,LOC100689270,16,0.068717958,NC_048597.1,4,152448062
65,LOC113834365,17,-0.068072851,NC_048595.1,2,243060827
65,LOC113835862,18,0.06803115,NC_048598.1,5,169146211
65,LOC113832633,19,0.067813926,NC_048600.1,7,83512704
65,LOC113831472,20,0.066406128,NC_048596.1,3,51369771
65,LOC113831475,21,-0.065220703,NC_048596.1,3,51370433
65,LOC113837553,22,-0.062835785,NC_048604.1,X,30086550
65,LOC113832531,23,0.062735668,NW_023276806.1,1,232055370
65,LOC113831474,24,-0.062697889,NC_048596.1,3,51368969
65,Spn,25,0.062231775,NC_048596.1,3,73615356
65,LOC113835167,26,0.061730203,NC_048597.1,4,128830229
65,LOC118239739,27,0.060421967,NW_023276807.1,1,29373025
65,LOC113834476,28,0.059407057,NC_048595.1,2,101380399
65,LOC113835446,29,0.058907644,NC_048597.1,4,65823305
65,LOC113835839,30,0.05859369,NC_048598.1,5,182460680
65,LOC113832413,31,0.058383,NW_023276807.1,1,98252842
65,LOC113835626,32,0.05830256,NC_048597.1,4,227221185
65,Mir3535,33,0.057809921,NC_048595.1,2,438021009
65,LOC113837554,34,0.057285519,NC_048604.1,X,29448231
65,LOC103161182,35,0.057237698,NW_023276807.1,1,101819380
65,LOC113836710,36,0.057068077,NC_048600.1,7,129254600
65,Mir19b,37,0.057048602,NW_023276807.1,1,265329089
65,LOC113832571,38,0.05702303,NW_023276807.1,1,186429398
65,LOC113836037,39,0.056053913,NC_048598.1,5,127004422
65,LOC113833020,40,0.055372152,NC_048595.1,2,35227083
65,LOC113836507,41,-0.055323859,NC_048599.1,6,12379325
65,LOC113834529,42,0.054767515,NC_048595.1,2,377238543
65,LOC113835117,43,0.054725574,NC_048598.1,5,124566020
65,LOC113834513,44,0.054560036,NC_048595.1,2,379260236
65,LOC113830943,45,-0.053913459,NC_048597.1,4,83462901
65,Mir221,46,0.053508675,NC_048604.1,X,124017931
65,LOC113833927,47,-0.0530492,NC_048595.1,2,20945868
65,LOC113830842,48,0.052999615,NC_048599.1,6,138594959
65,P2ry11,49,-0.051768643,NC_048597.1,4,133763992
65,LOC118238272,50,-0.051657472,NC_048595.1,2,750025
65,LOC113836709,51,0.05127356,NC_048600.1,7,129252536
65,LOC113831392,52,0.050925883,NC_048597.1,4,152458303
65,LOC113838810,53,0.050633663,NW_023276855.1,U,13964
65,LOC113833183,54,0.050469556,NW_023276806.1,1,61506684
65,LOC107977815,55,0.049734316,NW_023276807.1,1,225009246
65,LOC118238565,56,0.049312579,NC_048596.1,3,107134239
65,LOC113836325,57,-0.048817918,NC_048599.1,6,154014866
65,LOC113835562,58,-0.048674225,NC_048597.1,4,175721561
65,LOC113836319,59,-0.048362197,NC_048599.1,6,153118872
65,LOC118239474,60,0.048342813,NW_023276806.1,1,184865513
65,LOC113830843,61,0.047603122,NC_048599.1,6,138595293
65,LOC113834011,62,0.047084321,NC_048595.1,2,61290482
65,Mir425,63,-0.04696556,NC_048597.1,4,216745929
65,LOC118239138,64,0.04640764,NC_048600.1,7,84353107
65,LOC113836324,65,0.046310945,NC_048599.1,6,154014333
65,LOC113835445,66,-0.046155736,NC_048597.1,4,65822313
65,LOC113833685,67,-0.045496294,NC_048598.1,5,31028623
65,LOC118237977,68,0.045095637,NC_048600.1,7,132028877
65,LOC113831025_1,69,0.045015931,NC_048600.1,7,114656946
65,LOC118239724,70,0.044477812,NW_023276807.1,1,233516622
65,LOC113835627,71,-0.044297527,NC_048597.1,4,227219077
65,LOC100761941,72,0.044285283,NC_048595.1,2,249996851
65,LOC113833406,73,-0.044259109,NW_023276806.1,1,248119690
65,LOC107978682,74,-0.043991414,NC_048595.1,2,377646986
66,LOC113837639,1,0.595014346,NC_048602.1,9,5618232
66,LOC113831478,2,-0.090982122,NC_048596.1,3,51369526
66,LOC113837101,3,0.073920098,NC_048601.1,8,92636747
67,LOC100773795,1,0.121816473,NC_048595.1,2,161968153
67,LOC100762719,2,0.100883832,NC_048601.1,8,89111185
67,LOC113836011,3,0.093493272,NC_048598.1,5,119626575
67,Fabp4,4,0.090593855,NC_048595.1,2,137723467
67,LOC100751053,5,-0.08967993,NC_048597.1,4,162253090
67,Igf2bp2,6,0.085131397,NC_048597.1,4,66742574
67,Efemp1,7,-0.08430361,NW_023276807.1,1,78363346
67,Hoxa9,8,0.084117708,NC_048601.1,8,89119788
67,Hoxc4,9,0.078138889,NC_048595.1,2,399402500
67,LOC103161127,10,0.078073764,NC_048601.1,8,89184236
67,Hoxa7,11,0.076287811,NC_048601.1,8,89124422
67,Mro,12,-0.075407573,NC_048595.1,2,165903460
67,Gpd1,13,0.074153372,NC_048595.1,2,396155050
67,LOC103159501,14,-0.071399569,NC_048595.1,2,37427635
67,Pirt,15,-0.06529498,NC_048600.1,7,80795999
67,LOC100774966,16,-0.064704663,NC_048597.1,4,94488079
67,Unc5c,17,-0.062292073,NW_023276806.1,1,17930304
67,Hoxc8,18,0.061975467,NC_048595.1,2,399365638
67,LOC113836092,19,-0.059321435,NC_048598.1,5,13775932
67,Trim54,20,0.058961326,NC_048600.1,7,13243617
67,LOC113834219,21,0.057722544,NC_048595.1,2,339098338
67,Ncam1,22,-0.05677076,NC_048597.1,4,161286778
67,LOC100771838,23,-0.055663389,NC_048595.1,2,397845831
67,Sulf2,24,0.055020061,NC_048599.1,6,13266048
67,Gpnmb,25,-0.054941437,NC_048601.1,8,92295270
67,Rtp4,26,-0.054449102,NC_048597.1,4,65298461
67,Hoxc10,27,0.05373079,NC_048595.1,2,399341946
67,Sardh,28,0.053189131,NC_048599.1,6,138868103
67,LOC113830878,29,-0.053125571,NC_048601.1,8,2348886
67,LOC113833999,30,0.05284371,NC_048595.1,2,55147142
67,Krt80,31,-0.052320199,NC_048595.1,2,397786653
67,Etv3l,32,-0.052265782,NW_023276806.1,1,66902549
67,Fmo2,33,-0.051387923,NC_048598.1,5,29260293
67,Tcf7l1,34,0.051166561,NC_048601.1,8,64358059
67,LOC118239683,35,-0.051079165,NW_023276807.1,1,214981872
67,Id3,36,0.049075504,NC_048595.1,2,17164510
67,Spsb4,37,-0.048999496,NC_048597.1,4,205517758
67,Hoxa6,38,0.048807105,NC_048601.1,8,89137233
67,Mmp12,39,-0.047964002,NC_048597.1,4,121849979
67,Cxcl10,40,0.047879298,NW_023276807.1,1,157135471
67,LOC113837481,41,0.046977387,NC_048603.1,10,27571175
67,LOC107979589,42,-0.046869852,NW_023276807.1,1,137666725
67,LOC113836457,43,-0.046833128,NC_048599.1,6,48333387
67,Chst2,44,-0.046803488,NC_048597.1,4,204037360
67,Slc9a9,45,-0.046679487,NC_048597.1,4,203352967
67,LOC103159982,46,-0.046325897,NC_048598.1,5,69336328
67,Hoxa5,47,0.046108415,NC_048601.1,8,89141391
67,B4galt1,48,0.045872555,NC_048595.1,2,101759735
67,LOC100762031,49,-0.045777613,NC_048597.1,4,467927
68,Mmp10,1,0.150275639,NC_048597.1,4,121939116
68,Il33,2,0.132732702,NC_048596.1,3,31453917
68,LOC100754872,3,0.101199407,NW_023276807.1,1,156999749
68,Fabp4,4,-0.100677205,NC_048595.1,2,137723467
68,Nppb,5,0.099413632,NC_048595.1,2,8480530
68,Neu2,6,0.09917465,NC_048595.1,2,439225524
68,Mmp3,7,0.086656445,NC_048597.1,4,121905913
68,LOC103160221,8,0.084071595,NW_023276807.1,1,186176741
68,Glipr1,9,0.082795401,NW_023276806.1,1,143607467
68,Id3,10,-0.082383212,NC_048595.1,2,17164510
68,Mmp12,11,0.079616829,NC_048597.1,4,121849979
68,LOC103163365,12,0.074438789,NW_023276806.1,1,136107061
68,Timp1,13,0.070654006,NC_048604.1,X,125724453
68,Nppa,14,0.069629802,NC_048595.1,2,8467809
68,Ptgs2,15,0.065631815,NC_048598.1,5,41410101
68,Ranbp3l,16,-0.064808832,NC_048595.1,2,342635682
68,LOC113830878,17,0.063064323,NC_048601.1,8,2348886
68,Thbd,18,0.062332269,NC_048599.1,6,30603684
68,Trim54,19,0.060878697,NC_048600.1,7,13243617
68,Il11,20,0.060069875,NC_048602.1,9,23412186
68,Errfi1,21,0.058983536,NC_048595.1,2,5520562
68,Tlr2,22,0.058454542,NW_023276806.1,1,70526382
68,Aqp1,23,-0.057571017,NC_048601.1,8,85972347
68,Cd82,24,0.056956186,NC_048599.1,6,83270531
68,LOC100761692,25,0.056008602,NC_048601.1,8,16903938
68,LOC103163279,26,0.054823057,NC_048603.1,10,13301205
68,Gem,27,0.054793073,NC_048595.1,2,125839286
68,Ldha,28,0.054599129,NC_048596.1,3,145001207
68,LOC100763261,29,-0.053523143,NC_048600.1,7,95480383
68,LOC103163771,30,0.053140834,NC_048604.1,X,101975839
68,LOC113834942,31,0.052866696,NC_048596.1,3,56228585
69,LOC113836710,1,-0.071416312,NC_048600.1,7,129254600
69,LOC118238721,2,0.069935157,NC_048597.1,4,57829445
69,LOC113837631,3,0.068305313,NC_048604.1,X,747717
69,LOC118238648,4,0.067948697,NC_048597.1,4,94488462
69,LOC113834210,5,0.066913861,NC_048595.1,2,305895923
69,LOC113835077,6,-0.065955012,NC_048596.1,3,269493586
69,Trnae-uuc,7,0.064953539,NC_048596.1,3,139420167
69,LOC118238654,8,0.062120499,NC_048597.1,4,100291725
69,LOC113833117,9,-0.061419198,NC_048595.1,2,413965301
69,LOC113832497,10,-0.059184969,NW_023276806.1,1,231770565
69,LOC113833114,11,-0.05913933,NC_048595.1,2,413955053
69,LOC113832318,12,-0.059111299,NC_048599.1,6,22616633
69,LOC113832433,13,-0.059080341,NW_023276807.1,1,1548268
69,Trnaa-agc_14,14,0.059052585,NC_048596.1,3,244721690
69,LOC113831837,15,-0.058752671,NW_023276806.1,1,21112520
69,LOC113833116,16,0.058680498,NC_048595.1,2,413956046
69,Trnak-uuu,17,-0.057620193,NC_048595.1,2,287051603
69,LOC113837438,18,0.056762386,NC_048603.1,10,16579761
69,Trnay-gua,19,-0.056731065,NC_048595.1,2,150889900
69,LOC113833007,20,0.05626877,NC_048595.1,2,35390497
69,LOC107977365,21,0.056102248,NC_048600.1,7,133077313
69,Mir128,22,-0.05587163,NC_048598.1,5,60620092
69,LOC113835768,23,0.055657685,NC_048598.1,5,185946317
69,LOC113831475,24,-0.055459859,NC_048596.1,3,51370433
69,LOC113836780,25,-0.055425344,NC_048600.1,7,90202950
69,LOC113835704,26,0.055254618,NC_048597.1,4,114243324
69,Mir186,27,0.055212885,NW_023276806.1,1,2068258
69,LOC113833632,28,-0.055163971,NC_048595.1,2,417284238
69,LOC113832431,29,0.054421522,NW_023276807.1,1,355173
69,LOC113836220,30,0.053980943,NC_048598.1,5,143156548
69,LOC113831455,31,0.053793594,NC_048600.1,7,27416897
69,LOC113836920,32,0.05353257,NC_048600.1,7,119454319
69,LOC118239420,33,0.053299467,NC_048604.1,X,20880637
69,LOC113837769,34,-0.053040425,NC_048604.1,X,118273950
69,LOC113831587,35,0.052466474,NW_023276806.1,1,25102530
69,LOC113836321,36,-0.052464955,NC_048599.1,6,153116513
69,Trnaa-cgc_3,37,-0.052396624,NW_023276865.1,U,44158
69,LOC113832034,38,-0.051457061,NC_048600.1,7,111795225
69,LOC113834043,39,-0.051193538,NC_048595.1,2,202560634
69,Mir674,40,-0.050893208,NC_048599.1,6,61360426
69,LOC113835076,41,-0.050776982,NC_048596.1,3,270595910
69,LOC113833686,42,0.050550747,NC_048598.1,5,31027949
69,LOC113833236,43,-0.050463416,NW_023276806.1,1,59999727
69,LOC113833927,44,-0.049994113,NC_048595.1,2,20945868
69,Trnak-uuu_5,45,0.049717311,NC_048596.1,3,244247882
69,LOC113832994,46,0.049712331,NC_048596.1,3,199783587
69,Mir301a,47,-0.049383466,NC_048600.1,7,100346355
69,Mirlet7a-1,48,0.049154376,NC_048596.1,3,268320862
69,LOC113834111,49,0.048998593,NC_048595.1,2,288143876
69,LOC113835408,50,-0.048994681,NC_048597.1,4,71016234
69,LOC113834713,51,-0.048839703,NC_048596.1,3,187233171
69,LOC113835626,52,-0.047954109,NC_048597.1,4,227221185
69,LOC103161687,53,0.047509953,NC_048595.1,2,438119761
69,LOC113836874,54,0.047288007,NC_048600.1,7,93659850
69,Trnas-gcu_3,55,-0.047245887,NC_048596.1,3,244328440
69,LOC113832860,56,0.047103029,NW_023276806.1,1,192705969
69,Trnap-ugg_1,57,0.046958876,NC_048600.1,7,43065965
69,LOC113834213,58,-0.046266956,NC_048595.1,2,326173830
69,LOC113834011,59,-0.046164011,NC_048595.1,2,61290482
69,LOC113835715,60,0.04566743,NC_048598.1,5,148211787
69,LOC113837518,61,0.045611014,NC_048604.1,X,69104377
69,Mir628,62,-0.045592859,NC_048597.1,4,184444666
70,LOC113834219,1,0.090741492,NC_048595.1,2,339098338
70,Mir378,2,0.087290703,NC_048595.1,2,177696953
70,LOC118238326,3,0.073391908,NC_048595.1,2,106629377
70,LOC113836094,4,-0.073386695,NC_048598.1,5,15758158
70,LOC113831042,5,0.072629479,NC_048598.1,5,149697763
70,LOC113837438,6,-0.072131783,NC_048603.1,10,16579761
70,LOC113830842,7,0.071372068,NC_048599.1,6,138594959
70,LOC113835507,8,0.070630305,NC_048597.1,4,109118879
70,LOC113832209,9,0.070428478,NW_023276807.1,1,207297256
70,Mir484,10,0.067967765,NW_023276807.1,1,75332547
70,Mir29c,11,0.066148636,NC_048598.1,5,273114
70,LOC113835170,12,-0.065645759,NC_048597.1,4,128824157
70,LOC113836576,13,-0.065018165,NC_048600.1,7,111567514
70,Mir671,14,-0.064798461,NC_048601.1,8,97922620
70,LOC113830871,15,0.064295317,NC_048595.1,2,6904447
70,LOC113831573,16,0.064106685,NC_048596.1,3,16624980
70,LOC113835235,17,0.063463804,NC_048597.1,4,176806030
70,LOC113831025_1,18,-0.06309895,NC_048600.1,7,114656946
70,Mir185,19,0.062940076,NC_048597.1,4,70922936
70,LOC113832306,20,0.061437809,NW_023276807.1,1,8687365
70,Trnap-agg_1,21,0.060654383,NC_048596.1,3,244728037
70,LOC113832498,22,0.060104705,NW_023276806.1,1,231772785
70,LOC113836317,23,0.059840678,NC_048599.1,6,154010325
70,Trnat-agu_3,24,0.05937906,NC_048596.1,3,244746995
70,LOC113833455,25,0.058599959,NW_023276806.1,1,5475878
70,Trnaa-ugc_2,26,0.056637482,NC_048597.1,4,105023486
70,Trnas-aga_5,27,0.056121687,NC_048596.1,3,244795527
70,LOC118239054,28,-0.055736946,NC_048599.1,6,11915387
70,Trnal-cag_4,29,0.055254623,NC_048598.1,5,21758568
70,Mir6092,30,0.053236297,NC_048600.1,7,133651933
70,LOC118239681,31,-0.053214291,NW_023276807.1,1,40534596
70,LOC113832633,32,-0.053026472,NC_048600.1,7,83512704
70,LOC113836325,33,-0.052432787,NC_048599.1,6,154014866
70,LOC113831892,34,-0.052079832,NC_048597.1,4,151060449
70,LOC118237922,35,0.05183091,NC_048596.1,3,203199607
70,LOC113836711,36,-0.051464282,NC_048600.1,7,129254036
70,LOC113831413,37,0.051055343,NC_048596.1,3,203794843
70,LOC113836198,38,0.050449624,NC_048598.1,5,100783489
70,Trnak-cuu_16,39,-0.050383718,NC_048596.1,3,243613608
70,LOC113832596,40,-0.050122128,NW_023276807.1,1,188692732
70,LOC113837712,41,-0.049757952,NC_048604.1,X,64744168
70,LOC113835248,42,-0.049522536,NC_048597.1,4,198443789
70,LOC113835165,43,-0.049391076,NC_048597.1,4,128822434
70,LOC113834709,44,0.049235357,NC_048596.1,3,183297633
70,LOC113833112,45,-0.049145755,NC_048595.1,2,413964466
70,LOC113835562,46,0.049026575,NC_048597.1,4,175721561
70,LOC118237816,47,0.048561934,NC_048599.1,6,120488327
70,Trnae-cuc_10,48,0.048395445,NC_048598.1,5,21784920
70,LOC107977836,49,-0.048256596,NC_048597.1,4,128824762
70,LOC113831475,50,-0.048199183,NC_048596.1,3,51370433
70,Trnai-uau_1,51,0.047711515,NC_048596.1,3,244237200
70,Mir186,52,-0.047462341,NW_023276806.1,1,2068258
70,LOC113833747,53,-0.047405334,NC_048595.1,2,562913
70,LOC103162683,54,-0.047290754,NC_048599.1,6,109817628
71,LOC113832752,1,0.560805253,NW_023276807.1,1,143653031
71,LOC113833723,2,0.11426752,NC_048595.1,2,7781734
71,Mir652,3,0.111644986,NC_048604.1,X,37839815
71,LOC113833814,4,-0.07843726,NC_048595.1,2,156274962
72,Kmt2d,1,0.06452547,NC_048595.1,2,395304818
72,Dst,2,0.062480687,NW_023276807.1,1,13681916
72,Ahnak,3,0.062116529,NC_048596.1,3,51022477
72,Dync1h1,4,0.060874823,NC_048598.1,5,183355478
72,Wdfy3,5,0.058433928,NW_023276807.1,1,163864887
72,Cbl,6,0.057722845,NC_048597.1,4,155855429
72,Ubr4,7,0.057644888,NC_048595.1,2,13793693
72,Huwe1,8,0.057481175,NC_048604.1,X,107561090
72,Hspg2,9,0.05662117,NC_048595.1,2,15770774
72,Lrp1,10,0.056578553,NW_023276806.1,1,130127763
72,Kmt2a,11,0.056171606,NC_048597.1,4,156480711
72,Rnf213,12,0.054114424,NC_048600.1,7,131933568
72,Fat1,13,0.053980075,NW_023276807.1,1,41391632
72,Syne2,14,0.050817042,NC_048598.1,5,127373175
72,Birc6,15,0.049980018,NC_048600.1,7,8997190
72,Smg1,16,0.049663126,NC_048596.1,3,82408037
72,Herc2,17,0.049571086,NC_048596.1,3,141432455
72,Map1b,18,0.049025398,NC_048595.1,2,318201175
72,Mir1973,19,0.048736992,NC_048603.1,10,16495623
72,Mycbp2,20,0.048447357,NW_023276807.1,1,254770031
72,Trrap,21,0.048160141,NC_048597.1,4,81174264
72,LOC113834516,22,0.048039002,NC_048595.1,2,373465118
72,Macf1,23,0.047812313,NC_048595.1,2,29326063
72,Mdn1,24,0.047725762,NC_048595.1,2,109242809
72,Hectd4,25,0.047094432,NC_048597.1,4,101082573
72,Lama5,26,0.046526224,NC_048599.1,6,1714225
72,LOC100752965,27,0.046139386,NW_023276806.1,1,112644839
72,LOC100767704,28,0.045909714,NC_048596.1,3,43868674
72,Kmt2c,29,0.04528199,NC_048601.1,8,97048604
72,Utrn,30,0.044918293,NC_048595.1,2,276004802
72,Herc1,31,0.044824263,NC_048597.1,4,177966869
72,Stard9,32,0.044639471,NC_048599.1,6,57763852
72,Flnb,33,0.043941789,NW_023276807.1,1,75742134
72,Mki67,34,0.043612429,NC_048596.1,3,65213595
72,Ep300,35,0.04353575,NC_048595.1,2,378731365
72,Mir2424,36,0.043224423,NC_048601.1,8,21234660
72,Vps13d,37,0.043007765,NC_048595.1,2,8757074
72,Ep400,38,0.042733119,NC_048597.1,4,90444450
72,Prrc2c,39,0.042546414,NC_048598.1,5,29409129
72,Zbed6,40,0.042109655,NC_048598.1,5,55532709
72,Tanc2,41,0.04154696,NC_048600.1,7,118560838
72,Spen,42,0.04139061,NC_048595.1,2,11721750
73,Col6a2,1,0.095820885,NW_023276806.1,1,262111617
73,Arhgdig,2,-0.08091055,NC_048600.1,7,45826470
73,LOC118239287,3,0.068122931,NC_048601.1,8,74414162
73,LOC103162784,4,-0.067859699,NC_048595.1,2,449718394
73,Trim54,5,0.066884942,NC_048600.1,7,13243617
73,LOC113837561,6,-0.065265408,NC_048604.1,X,108537588
73,LOC113835959,7,0.065229237,NC_048598.1,5,94440882
73,LOC118238204,8,0.063192096,NC_048595.1,2,413898446
73,Testin-2,9,-0.063146212,NC_048596.1,3,279959155
73,Arhgef37,10,0.062585398,NC_048595.1,2,177572980
73,LOC118238522,11,-0.062062033,NC_048596.1,3,14080108
73,Lum,12,0.060660578,NW_023276806.1,1,163392996
73,Marcks,13,-0.060614802,NC_048595.1,2,259966999
73,Mmp12,14,-0.060408041,NC_048597.1,4,121849979
73,Lat2,15,-0.059523613,NC_048597.1,4,113688211
73,LOC118237777,16,-0.059260655,NC_048597.1,4,146344020
73,Angpt4,17,0.053833372,NC_048599.1,6,28071763
73,LOC113835715,18,-0.052490979,NC_048598.1,5,148211787
73,LOC118237953,19,-0.052356051,NW_023276806.1,1,38616294
73,Papln,20,0.052202546,NC_048598.1,5,119955933
73,LOC100763249,21,-0.051621255,NC_048595.1,2,246878721
73,Lmx1b,22,-0.051618231,NC_048599.1,6,145288321
73,LOC113833275,23,-0.051593086,NW_023276807.1,1,237081940
73,LOC113839468,24,-0.051422617,NW_023276807.1,1,237088333
73,LOC100771813,25,-0.050501312,NC_048604.1,X,9744099
73,LOC100761248,26,-0.050316706,NC_048596.1,3,280465459
73,Ostn,27,0.049794428,NC_048597.1,4,61906930
73,Themis,28,-0.049735026,NC_048595.1,2,247448582
73,LOC107979936,29,-0.049379539,NC_048604.1,X,10218821
73,Pdia2,30,-0.049289054,NC_048600.1,7,45823290
73,LOC103162671,31,-0.048958116,NW_023276807.1,1,237084361
73,Il21,32,0.048702665,NW_023276806.1,1,112488298
73,LOC103163357,33,-0.048555207,NC_048595.1,2,152613170
74,LOC100760951,1,0.113224894,NW_023276806.1,1,63384679
74,LOC100773795,2,-0.079043996,NC_048595.1,2,161968153
74,LOC113832577,3,0.075338948,NW_023276807.1,1,190816257
74,Dpt,4,0.070992843,NC_048598.1,5,27552951
74,LOC107980378,5,0.068786868,NC_048600.1,7,87538664
74,LOC113832687,6,0.067596324,NW_023276807.1,1,224050088
74,Hes1,7,-0.065809541,NC_048597.1,4,59407491
74,Id2,8,-0.06577643,NC_048600.1,7,27970665
74,Srpx2,9,0.062676002,NC_048604.1,X,46193511
74,LOC118237931,10,0.061034755,NC_048596.1,3,53549694
74,R3hcc1l,11,0.059844036,NC_048596.1,3,18966505
74,LOC103159353,12,-0.059004174,NW_023276807.1,1,183092120
74,Unc5c,13,0.058465166,NW_023276806.1,1,17930304
74,Stmn4,14,0.056779893,NW_023276807.1,1,221347926
74,Fn1,15,-0.055071337,NC_048595.1,2,424970688
74,LOC100750890,16,0.054956773,NC_048596.1,3,17267051
74,Pcnx3,17,0.054518085,NC_048596.1,3,53655405
74,LOC107978970,18,0.054014227,NC_048595.1,2,181813898
74,Sipa1,19,0.053934327,NC_048596.1,3,53681405
74,Areg,20,-0.052982949,NW_023276807.1,1,155909229
74,Bloc1s2,21,0.051775331,NC_048596.1,3,17408563
74,LOC100755232,22,0.051515276,NW_023276806.1,1,63431193
74,LOC113831598,23,0.051385021,NW_023277425.1,U,55432
74,Fgf7,24,-0.051262092,NC_048599.1,6,52460845
74,Znrd2,25,0.051258317,NC_048596.1,3,53610874
74,Chuk,26,0.050193859,NC_048596.1,3,17445177
74,Vnn1,27,-0.049918831,NC_048595.1,2,243143574
74,Map3k11,28,0.049640565,NC_048596.1,3,53640168
75,LOC100772378,1,0.059629676,NC_048601.1,8,15868223
75,LOC107978244,2,0.059319864,NC_048597.1,4,168970104
75,LOC113837454,3,0.057624587,NC_048603.1,10,25419875
75,Spn,4,0.055808586,NC_048596.1,3,73615356
75,Klhl13,5,0.050162989,NC_048604.1,X,31104901
75,Gabrp,6,0.050045366,NC_048600.1,7,48725253
75,Gja8,7,0.04639947,NW_023276806.1,1,59571884
75,Cfap300,8,0.046216251,NC_048597.1,4,122406515
75,LOC107978529,9,0.044711768,NW_023276806.1,1,261666024
75,LOC118239720,10,0.04376282,NW_023276807.1,1,102268479
75,LOC100758108,11,0.043468477,NC_048604.1,X,112170643
75,LOC100752904,12,0.04298789,NC_048596.1,3,244997651
75,LOC103161182,13,0.042972625,NW_023276807.1,1,101819380
75,LOC118239187,14,0.041619682,NW_023276806.1,1,59576452
75,LOC103162259,15,0.041276111,NC_048595.1,2,455189534
75,LOC107978184,16,0.040996151,NC_048601.1,8,26911251
75,LOC103164148,17,-0.040922848,NC_048595.1,2,399355587
75,Stard5,18,0.040013758,NC_048596.1,3,114027975
75,LOC107978255,19,0.039981431,NC_048595.1,2,322806488
75,Stambpl1,20,0.039825935,NC_048596.1,3,27524102
75,Defb128,21,0.039521046,NC_048599.1,6,27568927
75,Ccdc80,22,-0.039373533,NC_048597.1,4,45401007
75,Cfap92,23,0.039334967,NC_048601.1,8,55597623
75,LOC107977585,24,0.039070347,NC_048603.1,10,21768655
75,LOC113835715,25,-0.038684326,NC_048598.1,5,148211787
75,LOC113834615,26,-0.038289309,NC_048596.1,3,168424119
75,Trnar-acg_5,27,0.038135677,NW_023276807.1,1,209737181
75,LOC107979479,28,0.038114475,NW_023276806.1,1,177461803
75,Fam169b,29,0.037664277,NC_048596.1,3,128857107
75,LOC113836220,30,0.037005379,NC_048598.1,5,143156548
75,Gadl1,31,0.036932607,NC_048597.1,4,223001531
75,Spp1,32,0.036254364,NW_023276807.1,1,166251805
75,Mir2424,33,-0.036202574,NC_048601.1,8,21234660
75,Rcbtb2,34,-0.036169534,NW_023276807.1,1,227644086
75,Pde3b,35,0.036151707,NC_048596.1,3,86139674
75,Trnat-ugu,36,0.036063643,NC_048596.1,3,243621727
75,LOC100753235,37,0.03583168,NW_023276806.1,1,227455137
75,LOC118239024,38,0.03579028,NW_023276807.1,1,268139097
75,LOC118238464,39,0.035556648,NC_048596.1,3,208485089
75,Tmsb15a,40,0.035397917,NC_048604.1,X,44662276
75,Fgf12,41,0.035344884,NC_048597.1,4,60916246
75,Prrx2,42,0.03510434,NC_048599.1,6,142530235
75,Matn4,43,-0.035061597,NC_048599.1,6,15062876
75,LOC100766081,44,0.035007064,NC_048597.1,4,45488253
75,Ggt1,45,-0.034883913,NW_023276806.1,1,263003735
75,Emp1,46,-0.034707894,NC_048601.1,8,13568243
75,Trnak-cuu_33,47,0.034527801,NC_048599.1,6,127310883
75,LOC100767606,48,0.034355207,NW_023276807.1,1,95497575
75,B3gnt9,49,-0.034344087,NC_048596.1,3,181540204
75,LOC113835007,50,0.034321689,NC_048596.1,3,245381206
75,Cobl,51,0.034096486,NW_023276807.1,1,93156716
75,Cenpv,52,-0.03408685,NC_048600.1,7,76548817
75,LOC100761147,53,0.034058275,NW_023276806.1,1,140103487
75,LOC103163127,54,-0.033462917,NC_048598.1,5,141292337
75,LOC118239558,55,0.033358541,NW_023276806.1,1,177093772
75,B4galt2,56,-0.033291265,NC_048595.1,2,34441966
76,LOC100753593,1,0.112338703,NC_048599.1,6,100455237
76,Trnal-caa_3,2,-0.089710261,NC_048600.1,7,72353369
76,LOC100764581,3,-0.08679716,NC_048597.1,4,80951563
76,LOC118237644,4,0.085806878,NW_023276806.1,1,60098085
76,LOC100754891,5,0.083623386,NC_048600.1,7,115758896
76,Trnag-gcc_5,6,-0.072476743,NC_048598.1,5,21763239
76,Trnae-cuc_5,7,-0.070879337,NC_048597.1,4,15621963
76,LOC113832724,8,-0.070168648,NW_023276807.1,1,220566370
76,Trnag-gcc_6,9,-0.06956639,NC_048598.1,5,21769943
76,LOC100772354,10,0.068241114,NC_048599.1,6,55233173
76,Trnal-cag_1,11,-0.067799416,NC_048596.1,3,170931738
76,LOC113835801,12,-0.066426965,NC_048601.1,8,90746863
76,LOC100755951,13,0.066255315,NC_048595.1,2,362966521
76,LOC113833236,14,0.064935216,NW_023276806.1,1,59999727
76,LOC113833235,15,0.064394218,NW_023276806.1,1,60158101
76,LOC113831052,16,-0.063821709,NC_048595.1,2,194647324
76,LOC113831086,17,0.063584203,NC_048596.1,3,100070586
76,LOC100763967,18,-0.063351916,NW_023276807.1,1,97602257
76,LOC113836857,19,0.063244584,NC_048600.1,7,100648813
76,LOC113835234,20,-0.06223153,NC_048597.1,4,176811001
76,Trnal-cag_10,21,-0.061670516,NC_048598.1,5,21826040
76,LOC113833918,22,0.060460729,NC_048595.1,2,20946204
76,LOC113835445,23,0.060417117,NC_048597.1,4,65822313
76,LOC113835235,24,-0.06005445,NC_048597.1,4,176806030
76,LOC113837058,25,-0.059867134,NC_048601.1,8,28647120
76,LOC103161510,26,-0.059300674,NW_023276806.1,1,230006012
76,Trnal-cag_3,27,-0.059104297,NC_048596.1,3,244748291
76,Mir1839,28,-0.058514847,NC_048596.1,3,116010088
76,Trnag-gcc_13,29,-0.058474838,NC_048603.1,10,12684249
76,LOC103162111,30,0.058295817,NW_023276806.1,1,100118214
76,Trnag-gcc_3,31,-0.058130053,NC_048596.1,3,244092501
77,Col6a1,1,0.115082281,NW_023276806.1,1,262015908
77,Agt,2,0.104623521,NC_048596.1,3,201284400
77,LOC103160599,3,0.099108075,NC_048604.1,X,110671215
77,Igf2bp3,4,-0.09791414,NC_048601.1,8,92129672
77,Npm3,5,-0.093740484,NC_048596.1,3,15816810
77,LOC100773795,6,0.082794601,NC_048595.1,2,161968153
77,Fcgrt,7,0.081962895,NC_048599.1,6,153971009
77,LOC100767391,8,-0.081805693,NC_048597.1,4,117117121
77,Dcn,9,0.078773368,NW_023276806.1,1,163323235
77,LOC118238037,10,0.076889534,NC_048599.1,6,146562668
77,Sulf2,11,-0.0755182,NC_048599.1,6,13266048
77,Pcgf6,12,0.075362677,NC_048596.1,3,14498086
77,LOC100773326,13,0.07303053,NC_048598.1,5,99173246
77,Pdpn,14,0.072571239,NC_048595.1,2,9912742
77,Zbtb43,15,0.072238189,NC_048599.1,6,145167931
77,LOC100759171,16,0.071815398,NC_048597.1,4,120111084
77,Resf1,17,0.071182947,NC_048601.1,8,364059
77,Arhgef16,18,-0.070063383,NC_048595.1,2,2007511
77,Septin4,19,0.069259472,NC_048600.1,7,100735306
77,LOC118239049,20,0.069224247,NC_048599.1,6,146729334
77,Fam13c,21,-0.069153734,NW_023276806.1,1,267180234
77,LOC100775082,22,-0.069070746,NC_048600.1,7,43550486
77,Ncald,23,-0.068403058,NC_048603.1,10,13871396
77,Nppb,24,-0.067848242,NC_048595.1,2,8480530
77,Tuba4a,25,0.067249861,NC_048595.1,2,428371133
77,Fgfr2,26,-0.067093548,NC_048596.1,3,70549762
77,LOC113837466,27,-0.066407384,NC_048603.1,10,25568102
77,Lmx1b,28,0.066165142,NC_048599.1,6,145288321
77,Oat,29,0.065843826,NC_048596.1,3,68272487
77,LOC103159589,30,0.063309372,NC_048598.1,5,108127973
77,LOC100773612,31,-0.063206572,NC_048595.1,2,292461133
77,LOC113836527,32,0.061258078,NC_048599.1,6,145462490
77,LOC118238818,33,0.059417275,NC_048598.1,5,2975757
77,LOC100764833,34,0.05561024,NC_048599.1,6,145124140
77,Ndrg1,35,-0.055552338,NC_048603.1,10,21641732
77,Sbsn,36,-0.054854355,NC_048602.1,9,5052967
77,LOC103158718,37,0.054749434,NC_048599.1,6,146672326
77,LOC100750890,38,-0.05371377,NC_048596.1,3,17267051
77,Sh3rf2,39,-0.052741804,NC_048595.1,2,195752184
77,LOC118239514,40,-0.051995097,NW_023276806.1,1,193612036
77,Thbs1,41,0.051985599,NC_048599.1,6,60390487
77,Pacrgl,42,0.051935785,NW_023276807.1,1,116786175
77,LOC107979406,43,-0.051472307,NC_048596.1,3,251952378
77,Syt16,44,-0.049979522,NC_048598.1,5,129173510
77,Evl,45,-0.048665975,NC_048598.1,5,186085911
77,LOC113837295,46,0.048457538,NC_048602.1,9,28272825
77,Krt80,47,-0.048401293,NC_048595.1,2,397786653
77,Ccbe1,48,0.048018115,NC_048595.1,2,173042610
77,Acot11,49,0.047658619,NC_048595.1,2,43029329
77,Srpx2,50,-0.046806251,NC_048604.1,X,46193511
77,LOC103160574,51,0.046753168,NC_048596.1,3,4093477
77,LOC113835715,52,-0.046206603,NC_048598.1,5,148211787
77,Pirt,53,-0.046122736,NC_048600.1,7,80795999
77,Antxr1,54,-0.045661153,NC_048601.1,8,55993491
77,Clec3b,55,0.045182634,NC_048597.1,4,230071894
77,Gpnmb,56,-0.045154852,NC_048601.1,8,92295270
77,Col3a1,57,0.044956843,NC_048595.1,2,401902840
77,Farp1,58,-0.044743534,NW_023276807.1,1,270901743
77,Lum,59,0.044572004,NW_023276806.1,1,163392996
77,LOC118239130,60,0.044409328,NC_048600.1,7,134321011
77,LOC103158729,61,-0.044272428,NC_048595.1,2,393453267
77,Hgf,62,0.043953317,NW_023276806.1,1,177316031
77,Mab21l3,63,-0.043077782,NW_023276806.1,1,55126179
77,Cdh13,64,-0.04301022,NC_048596.1,3,194959244
77,Pgam1,65,-0.042973701,NC_048596.1,3,19631924
77,Asap2,66,-0.042958645,NC_048600.1,7,27432381
77,Tctn3,67,-0.042263786,NC_048596.1,3,20972353
77,Dusp8,68,-0.042201509,NC_048596.1,3,59089975
77,Plce1,69,-0.041978134,NC_048596.1,3,23036370
77,Entpd7,70,-0.041774509,NC_048596.1,3,17812910
77,Kazald1,71,-0.041244005,NC_048596.1,3,16484710
77,Rab14,72,0.041192709,NC_048599.1,6,146983720
77,LOC100761616,73,0.041174869,NC_048595.1,2,41641526
77,Zfhx3,74,-0.040767872,NC_048596.1,3,185044429
77,LOC113837481,75,0.040204767,NC_048603.1,10,27571175
78,LOC103162414,1,0.10539866,NC_048602.1,9,4740661
78,Dhfr,2,-0.104553321,NC_048595.1,2,311116057
78,Tm4sf19,3,0.09819892,NC_048597.1,4,57126751
78,Thbs1,4,0.086127763,NC_048599.1,6,60390487
78,LOC118239256,5,0.0746528,NC_048601.1,8,21747294
78,Pglyrp1,6,0.070080547,NC_048602.1,9,28487894
78,Cd36,7,0.063339381,NW_023276806.1,1,176252535
78,Rarres2,8,0.060095155,NC_048601.1,8,98691581
78,Snx10,9,0.058515445,NC_048601.1,8,89763740
78,Lcp1,10,0.05753823,NW_023276807.1,1,229565040
78,LOC118239359,11,0.057212403,NC_048603.1,10,25595906
78,Ldhd,12,0.056985308,NC_048596.1,3,188050546
78,LOC118239682,13,0.054436522,NW_023276807.1,1,210242411
78,LOC113835715,14,0.054225165,NC_048598.1,5,148211787
78,LOC113837468,15,0.053604969,NC_048603.1,10,25808864
78,Sting1,16,0.052725522,NC_048595.1,2,201777166
78,LOC100757534,17,0.05233099,NC_048596.1,3,55182398
78,Qrfp,18,0.050633128,NC_048599.1,6,143540839
78,Ddah2,19,0.050426041,NW_023276806.1,1,231577809
78,LOC113832325,20,0.050365729,NW_023276807.1,1,29774432
78,Ranbp3l,21,-0.048793238,NC_048595.1,2,342635682
78,LOC113833723,22,-0.047124885,NC_048595.1,2,7781734
78,LOC113838319,23,0.046558053,NC_048601.1,8,59606168
78,LOC107979936,24,0.046549144,NC_048604.1,X,10218821
78,LOC100750890,25,-0.045885081,NC_048596.1,3,17267051
78,LOC100755423,26,0.045639426,NC_048595.1,2,439658294
78,Grhl2,27,0.044402518,NC_048603.1,10,14259740
78,Fabp4,28,0.043877741,NC_048595.1,2,137723467
78,Gpd1,29,0.043749813,NC_048595.1,2,396155050
78,Acta2,30,0.043545714,NC_048596.1,3,27509683
78,LOC113837295,31,0.043452573,NC_048602.1,9,28272825
78,LOC107979030,32,0.0433366,NW_023276807.1,1,29635231
78,Eml2,33,0.043077332,NC_048602.1,9,28157690
78,Pdpn,34,0.042834522,NC_048595.1,2,9912742
79,LOC113833723,1,0.114562164,NC_048595.1,2,7781734
79,Mir26a-2,2,0.0821042,NW_023276806.1,1,130709485
79,LOC113833914,3,-0.078181133,NC_048595.1,2,22472324
79,Mirlet7c-2,4,-0.071080504,NC_048595.1,2,382521726
79,Mir196a,5,0.070908799,NC_048595.1,2,399348483
79,Mir185,6,0.070433278,NC_048597.1,4,70922936
79,LOC113836325,7,0.069121195,NC_048599.1,6,154014866
79,LOC113831413,8,0.068415675,NC_048596.1,3,203794843
79,LOC113830825,9,0.067802933,NW_023276807.1,1,156804492
79,LOC113832308,10,-0.066878289,NW_023276807.1,1,99861494
79,LOC113834714,11,-0.063928173,NC_048596.1,3,187238786
79,Mir10b,12,0.063746441,NC_048599.1,6,100368175
79,LOC113833639,13,0.063618892,NC_048595.1,2,425634731
79,LOC118239111,14,0.063549587,NC_048599.1,6,102174952
79,Trnak-cuu_49,15,-0.063530726,NC_048603.1,10,8143780
79,LOC118238272,16,0.063014976,NC_048595.1,2,750025
79,Mir27a,17,0.062238593,NC_048596.1,3,160211444
79,LOC113836458,18,-0.061499201,NC_048599.1,6,48333705
79,LOC113834319,19,0.060807531,NC_048595.1,2,41792242
79,Mir193b,20,0.060032031,NC_048600.1,7,33358954
79,Trnaa-agc_2,21,0.059608236,NC_048596.1,3,55665108
79,Mirlet7c-1,22,-0.059575285,NC_048597.1,4,17709826
79,Mir27b,23,0.059309226,NC_048596.1,3,280878053
79,LOC118238654,24,-0.059184759,NC_048597.1,4,100291725
79,LOC113832033,25,-0.058952472,NC_048603.1,10,28717688
79,LOC118239102,26,-0.058868807,NC_048599.1,6,23861235
79,Mir32,27,0.058651177,NC_048595.1,2,86996240
79,Mir505,28,-0.058503107,NC_048604.1,X,12370399
79,LOC113830803,29,0.057689085,NC_048600.1,7,11913783
79,LOC113833655,30,0.057674973,NC_048595.1,2,396230789
79,LOC113831489,31,0.057508245,NW_023276806.1,1,49441956
80,LOC113834724,1,0.09869649,NC_048596.1,3,160454650
80,LOC113831373,2,0.097858985,NC_048600.1,7,91572803
80,LOC113832497,3,0.096271001,NW_023276806.1,1,231770565
80,Mir191,4,0.092158632,NC_048597.1,4,216745486
80,Trnak-cuu_67,5,0.084665323,NW_023276919.1,U,881536
80,LOC113835117,6,0.083925385,NC_048598.1,5,124566020
80,LOC113837101,7,0.078644232,NC_048601.1,8,92636747
80,LOC113835268,8,0.078555083,NC_048597.1,4,133762389
80,LOC113834076,9,0.076717496,NC_048595.1,2,186151517
80,LOC113835445,10,0.073689194,NC_048597.1,4,65822313
80,Mirlet7d,11,-0.073399794,NC_048596.1,3,268318775
80,LOC113836505,12,0.071074022,NC_048599.1,6,12379027
80,LOC118238917,13,0.069298844,NC_048598.1,5,82659263
80,LOC113833143,14,0.069031595,NW_023276806.1,1,68282971
80,LOC100766491,15,0.068561796,NC_048604.1,X,43941774
80,LOC113836194,16,0.068472206,NC_048598.1,5,101957312
80,LOC113833814,17,0.068060904,NC_048595.1,2,156274962
80,LOC113836198,18,0.067491898,NC_048598.1,5,100783489
80,Trnar-ccu,19,0.066777659,NC_048600.1,7,43054634
80,Mir1973,20,0.066519621,NC_048603.1,10,16495623
80,LOC113836220,21,0.066299443,NC_048598.1,5,143156548
80,Trnat-agu_7,22,0.065573098,NC_048602.1,9,3247108
80,LOC113833007,23,0.065561086,NC_048595.1,2,35390497
80,LOC113836789,24,0.064574452,NC_048600.1,7,84366756
80,LOC113835248,25,-0.062637688,NC_048597.1,4,198443789
80,LOC113835840,26,0.062554147,NC_048598.1,5,182488973
80,Lrrc61,27,-0.062414003,NC_048601.1,8,98693396
80,LOC113833051,28,0.062294248,NW_023276806.1,1,129786160
80,LOC103164270,29,0.062011324,NW_023277414.1,U,7857
80,Trnap-agg,30,0.06174807,NC_048596.1,3,100741895
80,LOC113833114,31,0.061387718,NC_048595.1,2,413955053
80,LOC113831474,32,-0.061224393,NC_048596.1,3,51368969
80,LOC113834788,33,0.058866199,NC_048596.1,3,29025366
80,LOC113834111,34,0.056824642,NC_048595.1,2,288143876
80,LOC113831654,35,-0.056703282,NC_048599.1,6,138029549
80,LOC113835076,36,0.056570214,NC_048596.1,3,270595910
80,LOC113834219,37,0.056440012,NC_048595.1,2,339098338
80,LOC113836734,38,-0.055475758,NC_048600.1,7,2669609
80,Mir27a,39,0.055370408,NC_048596.1,3,160211444
80,LOC113835313,40,0.054176854,NC_048597.1,4,162657154
80,LOC113835627,41,-0.053556868,NC_048597.1,4,227219077
80,LOC113830871,42,-0.053551531,NC_048595.1,2,6904447
80,LOC113832627,43,0.053501441,NC_048600.1,7,83202507
80,Trnak-cuu_31,44,0.053412122,NC_048598.1,5,143832098
80,LOC118239111,45,-0.052160815,NC_048599.1,6,102174952
80,LOC118238231,46,0.051954293,NW_023276806.1,1,136071834
80,LOC113834366,47,-0.051909813,NC_048595.1,2,243059571
80,LOC113834983,48,-0.051736612,NC_048596.1,3,51210276
80,LOC113835235,49,0.050752851,NC_048597.1,4,176806030
80,Trnav-cac_6,50,0.049607632,NW_023276806.1,1,60174799
81,Gpnmb,1,0.082093136,NC_048601.1,8,92295270
81,Cd68,2,0.073153787,NC_048600.1,7,83509203
81,Septin3,3,0.06464779,NC_048595.1,2,379416695
81,LOC103162142,4,0.064133167,NC_048601.1,8,23966335
81,Fnip2,5,0.063960408,NW_023276806.1,1,74646667
81,Clu,6,0.063085561,NW_023276807.1,1,220960688
81,Cd36,7,0.061039504,NW_023276806.1,1,176252535
81,Hmox1,8,0.060349806,NC_048596.1,3,150860756
81,LOC100756544,9,0.060323082,NC_048599.1,6,15679658
81,LOC100756791,10,0.060026151,NC_048596.1,3,280151001
81,Deup1,11,0.059768459,NC_048597.1,4,129055930
81,Wdfy4,12,0.057955103,NW_023276807.1,1,186215732
81,LOC100757077,13,0.057536318,NC_048596.1,3,280129751
81,Amdhd2,14,0.056941103,NC_048600.1,7,43697049
81,Fth1,15,0.056828991,NC_048596.1,3,50469662
81,LOC100773005,16,0.056764541,NW_023276806.1,1,21333259
81,Uap1l1,17,0.055064673,NC_048599.1,6,136715398
81,Fa2h,18,0.05424169,NC_048596.1,3,187746650
81,Pstpip1,19,0.054075093,NC_048597.1,4,167621945
81,LOC118239149,20,0.052581747,NC_048600.1,7,10764859
81,Sqstm1,21,0.052510076,NC_048600.1,7,64657865
81,Mt1,22,0.051449167,NC_048596.1,3,170379906
81,Grn,23,0.051447659,NC_048600.1,7,115669357
81,LOC118239313,24,0.051439225,NC_048601.1,8,18091596
81,LOC113835049,25,0.051403166,NC_048596.1,3,279189598
81,LOC103158703,26,0.05133209,NC_048596.1,3,72598747
81,Ctsa,27,0.050960724,NC_048599.1,6,14586915
81,Gem,28,0.050608765,NC_048595.1,2,125839286
81,Rnaset2,29,0.04970939,NC_048595.1,2,292418959
81,LOC113833551,30,0.04958421,NC_048595.1,2,48946937
81,LOC113833198,31,0.048521875,NW_023276806.1,1,57984828
81,Atf3,32,0.047607847,NC_048598.1,5,3849952
81,LOC100765930,33,0.046627138,NC_048599.1,6,78226115
81,Ahnak2,34,0.046607963,NC_048598.1,5,181247912
81,LOC113833602,35,0.046278265,NC_048595.1,2,443293102
81,Ldha,36,-0.046016788,NC_048596.1,3,145001207
81,Ddit3,37,0.045531024,NW_023276806.1,1,130431820
81,Nppb,38,0.045282668,NC_048595.1,2,8480530
81,Cxcl10,39,-0.044878587,NW_023276807.1,1,157135471
81,LOC118239477,40,0.044781846,NW_023276806.1,1,160158653
81,Aqp1,41,-0.044576618,NC_048601.1,8,85972347
81,Cln5,42,0.044517701,NW_023276807.1,1,254723608
81,LOC113831153,43,0.044474704,NC_048598.1,5,82806454
81,LOC118239724,44,0.044464759,NW_023276807.1,1,233516622
81,Bhlhe41,45,0.042683802,NC_048601.1,8,3799185
82,LOC113834403,1,0.185132347,NC_048595.1,2,106628517
82,LOC103159579,2,0.178237524,NC_048595.1,2,455547684
82,LOC113832687,3,0.134352098,NW_023276807.1,1,224050088
82,LOC113832785,4,0.108018228,NW_023276807.1,1,32613906
82,Lrrc8b,5,0.107667277,NC_048600.1,7,276343
82,LOC113834022,6,0.10427363,NC_048595.1,2,203935520
82,Kdelr3,7,0.098706335,NC_048595.1,2,376685607
82,Ctsh,8,0.098034233,NC_048597.1,4,199386001
82,LOC103163383,9,0.097786011,NC_048601.1,8,59168963
82,LOC100766833,10,0.09697632,NC_048596.1,3,199072928
82,LOC107977406,11,0.095150056,NC_048596.1,3,86943088
82,Hoxa9,12,0.087276771,NC_048601.1,8,89119788
82,LOC100751053,13,0.084396671,NC_048597.1,4,162253090
82,LOC100762719,14,0.08142671,NC_048601.1,8,89111185
82,LOC103159933,15,0.080321822,NW_023276807.1,1,10711902
82,Tcf7l1,16,0.07916598,NC_048601.1,8,64358059
82,C1qtnf1,17,-0.079016141,NC_048600.1,7,130975192
82,LOC107976981,18,0.078416635,NC_048597.1,4,150547499
82,Srpx,19,0.078237158,NC_048604.1,X,115786163
82,LOC113837758,20,0.076884148,NC_048604.1,X,116358268
82,Themis,21,0.076817056,NC_048595.1,2,247448582
82,Slitrk5,22,0.076259823,NW_023276807.1,1,262541807
82,LOC113834410,23,0.075774006,NC_048595.1,2,120202626
82,Fam25a,24,0.072623566,NW_023276807.1,1,185015236
82,Rspo3,25,0.072383887,NC_048595.1,2,247967650
82,Gramd1c,26,0.070375301,NC_048597.1,4,46334826
82,LOC107978439,27,0.06942885,NC_048595.1,2,87686409
82,Evl,28,0.066907669,NC_048598.1,5,186085911
82,LOC103160837,29,0.066390878,NC_048596.1,3,137307981
82,LOC100757243,30,0.065927297,NC_048596.1,3,137878752
82,Fabp4,31,-0.063642311,NC_048595.1,2,137723467
82,Apobr,32,-0.063539212,NC_048596.1,3,74193496
82,LOC103163127,33,0.06333047,NC_048598.1,5,141292337
82,Hoxa7,34,0.062689797,NC_048601.1,8,89124422
82,LOC100767530,35,0.062679317,NW_023276806.1,1,49133283
82,LOC113835995,36,0.062312282,NC_048598.1,5,135044929
82,LOC107979212,37,0.062198491,NW_023276806.1,1,206960405
82,LOC100769029,38,0.061684329,NC_048595.1,2,399955531
82,LOC103163470,39,0.061488394,NW_023276807.1,1,90876883
82,Fam237a,40,0.061008781,NC_048595.1,2,417709159
82,Hoxa6,41,0.060859779,NC_048601.1,8,89137233
82,LOC113837761,42,0.060480754,NC_048604.1,X,116402696
82,LOC100768654,43,0.06026302,NC_048596.1,3,40514744
82,Vnn1,44,0.060046107,NC_048595.1,2,243143574
82,LOC118239268,45,0.059972029,NC_048601.1,8,3415336
82,Actn3,46,-0.059682271,NC_048596.1,3,54410396
82,Rarres2,47,0.058674159,NC_048601.1,8,98691581
82,Efemp1,48,0.05629116,NW_023276807.1,1,78363346
82,Mab21l3,49,0.05553807,NW_023276806.1,1,55126179
82,Slc9a9,50,0.055368183,NC_048597.1,4,203352967
82,LOC113834411,51,0.055151528,NC_048595.1,2,120197097
82,Ca3,52,-0.055076199,NC_048595.1,2,134238180
82,Clu,53,0.054641128,NW_023276807.1,1,220960688
82,Ncam1,54,0.054254195,NC_048597.1,4,161286778
82,Anks6,55,0.053989542,NC_048595.1,2,96362321
82,LOC113831008,56,0.053715464,NW_023276806.1,1,79430734
82,Id2,57,0.053076938,NC_048600.1,7,27970665
82,LOC103159336,58,0.053046435,NC_048595.1,2,118269911
82,Znf516,59,0.053044389,NC_048595.1,2,232613491
82,LOC113830878,60,0.052929004,NC_048601.1,8,2348886
82,Gpd1,61,0.05250642,NC_048595.1,2,396155050
82,Pstpip1,62,0.05106073,NC_048597.1,4,167621945
82,Fut8,63,0.050779523,NC_048598.1,5,126069417
82,LOC103163057,64,0.050610293,NW_023276806.1,1,79440137
82,LOC100750571,65,0.050107803,NC_048600.1,7,113818212
82,LOC118239613,66,0.049803863,NW_023276807.1,1,32619435
82,Hoxa5,67,0.049615746,NC_048601.1,8,89141391
82,LOC103162686,68,-0.048993811,NC_048600.1,7,43147575
82,LOC107980239,69,0.048728197,NC_048596.1,3,137271434
82,LOC103158729,70,0.04815866,NC_048595.1,2,393453267
82,LOC118238844,71,0.047656241,NC_048598.1,5,178126388
82,Lrp3,72,0.047227864,NC_048602.1,9,3266496
82,LOC113830896,73,0.047158956,NC_048604.1,X,43755413
82,LOC100759681,74,0.046287996,NC_048597.1,4,150610025
82,LOC103163104,75,0.046130681,NC_048597.1,4,15759960
83,LOC118239130,1,0.09329316,NC_048600.1,7,134321011
83,LOC118239024,2,0.086462719,NW_023276807.1,1,268139097
83,Postn,3,0.081985761,NW_023276806.1,1,96892590
83,Defb124,4,0.079980036,NC_048599.1,6,27389953
83,Spp1,5,0.076817026,NW_023276807.1,1,166251805
83,Areg,6,0.074418306,NW_023276807.1,1,155909229
83,LOC107979030,7,0.072740895,NW_023276807.1,1,29635231
83,Svip,8,0.072698305,NC_048596.1,3,148852017
83,LOC118239129,9,0.069126743,NC_048600.1,7,134318528
83,Angpt4,10,0.068720024,NC_048599.1,6,28071763
83,Mmp3,11,0.067257182,NC_048597.1,4,121905913
83,LOC113831991,12,0.067122808,NC_048603.1,10,19700820
83,Mmp12,13,0.066586107,NC_048597.1,4,121849979
83,LOC100775082,14,0.06621373,NC_048600.1,7,43550486
83,Sulf2,15,0.065771329,NC_048599.1,6,13266048
83,Antxr1,16,0.064368393,NC_048601.1,8,55993491
83,Thbs1,17,0.063754154,NC_048599.1,6,60390487
83,Aqp1,18,0.057853678,NC_048601.1,8,85972347
83,Mlph,19,0.053335956,NC_048595.1,2,442417310
84,LOC100774651,1,0.103764929,NC_048604.1,X,112425666
84,LOC100760278,2,0.101843105,NC_048604.1,X,108842799
84,LOC100689270,3,0.098716683,NC_048597.1,4,152448062
84,LOC100768921,4,0.095385672,NW_023276806.1,1,189740239
84,LOC113833473,5,0.094927653,NW_023276806.1,1,14886725
84,LOC103163795,6,0.094163092,NC_048595.1,2,341888173
84,LOC107979008,7,0.089264699,NC_048597.1,4,56445129
84,LOC100765930,8,0.086392205,NC_048599.1,6,78226115
84,LOC113833533,9,0.086207267,NC_048595.1,2,390977117
84,LOC100765207,10,0.085551763,NC_048596.1,3,19801036
84,LOC113836326,11,0.085033692,NC_048599.1,6,154014071
84,LOC113832760,12,0.082544266,NW_023276807.1,1,138706013
84,LOC100769446,13,0.082006115,NC_048601.1,8,60280641
84,LOC100762137,14,0.081625077,NW_023276807.1,1,254635652
84,LOC107976998,15,0.078820008,NC_048597.1,4,66148918
84,LOC103159882,16,0.077996531,NC_048600.1,7,106887136
84,LOC100769276,17,0.076722755,NC_048596.1,3,155138117
84,LOC100758511,18,0.074036342,NC_048598.1,5,9076914
84,LOC118238714,19,0.072013714,NC_048597.1,4,217660693
84,LOC100766288,20,0.071838192,NC_048598.1,5,128702106
84,LOC103159049,21,0.071447349,NC_048595.1,2,389208166
84,LOC103163922,22,0.070897468,NC_048600.1,7,45189955
84,LOC100760515,23,0.070411131,NW_023276807.1,1,200748733
84,LOC100756490,24,-0.06998989,NW_023276807.1,1,39286388
84,LOC100773904,25,0.068360286,NW_023276806.1,1,80715185
84,LOC100763697,26,0.067986337,NC_048596.1,3,236370867
84,LOC100762200,27,0.06756204,NC_048598.1,5,155512699
84,LOC113833490,28,-0.066245409,NW_023276806.1,1,41700545
84,LOC113835571,29,0.065475975,NC_048597.1,4,174633288
84,LOC100765300,30,0.065471839,NC_048597.1,4,199899193
84,LOC100770435,31,0.065313009,NW_023276807.1,1,84084544
84,LOC113836395,32,-0.064990774,NC_048599.1,6,47835377
84,LOC100755951,33,0.064730897,NC_048595.1,2,362966521
84,LOC118237866,34,0.063970736,NC_048599.1,6,140447559
84,LOC100761739,35,0.063782137,NC_048597.1,4,322278
84,LOC100772755,36,0.06373662,NC_048597.1,4,91925488
84,LOC100769978,37,0.062334656,NC_048599.1,6,39084743
84,LOC100765102,38,0.062069563,NC_048595.1,2,400154060
84,LOC100772445,39,0.061982377,NC_048596.1,3,244808977
84,LOC100766073,40,-0.061462789,NC_048599.1,6,81241331
84,LOC100767038,41,-0.060961635,NC_048604.1,X,54377543
84,LOC100768273,42,0.060159351,NC_048595.1,2,180027579
84,LOC103161736,43,0.059762495,NC_048595.1,2,423534731
84,LOC107978793,44,0.059745053,NW_023276807.1,1,102814891
84,LOC100756207,45,0.059586305,NC_048597.1,4,84013336
84,LOC100772695,46,0.059552596,NW_023276807.1,1,160852083
84,LOC100771208,47,0.059490457,NC_048595.1,2,448005922
84,LOC100753076,48,0.059429569,NC_048596.1,3,93207708
84,LOC100762406,49,0.057931324,NC_048600.1,7,18360166
84,LOC100761291,50,0.057692557,NC_048601.1,8,92607825
84,LOC100764354,51,0.057409212,NC_048600.1,7,2756902
84,LOC103163371,52,0.057199921,NC_048595.1,2,288124664
84,LOC113838088,53,-0.057104776,NW_023276947.1,U,50732
84,LOC100774238,54,0.054490579,NC_048595.1,2,230943715
84,LOC100773511,55,-0.054419201,NC_048595.1,2,344902209
85,LOC113835234,1,0.145067244,NC_048597.1,4,176811001
85,LOC113835235,2,0.135210072,NC_048597.1,4,176806030
85,LOC113836845,3,0.122514894,NC_048600.1,7,100635975
85,LOC113836118,4,0.119420459,NC_048598.1,5,21421316
85,LOC113832536,5,0.117326142,NW_023276807.1,1,53321262
85,LOC113835498,6,0.108995677,NC_048597.1,4,95573463
85,LOC113833645,7,0.108314116,NC_048595.1,2,380046035
85,LOC113832632,8,0.106315326,NC_048600.1,7,82946366
85,LOC113832209,9,0.105047719,NW_023276807.1,1,207297256
85,LOC113831474,10,0.102145411,NC_048596.1,3,51368969
85,LOC113837083,11,0.101845609,NC_048601.1,8,63583867
85,LOC113835513,12,0.099999261,NC_048597.1,4,95574534
85,LOC113833020,13,0.099260998,NC_048595.1,2,35227083
85,LOC113831085,14,0.097537369,NC_048596.1,3,100068099
85,LOC113836853,15,0.096925969,NC_048600.1,7,96502324
85,LOC118237644,16,0.096169648,NW_023276806.1,1,60098085
85,LOC113831025_1,17,0.095986842,NC_048600.1,7,114656946
85,LOC113835445,18,0.094353052,NC_048597.1,4,65822313
85,LOC113831084,19,0.091913299,NC_048596.1,3,100071671
85,LOC113833017,20,0.091689305,NC_048595.1,2,35191053
85,LOC113833916,21,0.091251655,NC_048595.1,2,20946511
85,LOC113833923,22,0.089767757,NC_048595.1,2,20432884
85,LOC113832306,23,0.087739915,NW_023276807.1,1,8687365
85,LOC113832629,24,0.087047042,NC_048600.1,7,83513733
85,LOC113831025,25,0.086672252,NC_048600.1,7,114654121
85,Trnaa-agc_5,26,0.086336044,NC_048596.1,3,243582535
85,LOC113833054,27,0.084396222,NW_023276806.1,1,158729099
85,Trnah-gug_11,28,0.084216631,NW_023276806.1,1,60137307
85,LOC113831079,29,0.08369434,NC_048599.1,6,139224351
85,LOC113833236,30,0.082648048,NW_023276806.1,1,59999727
85,Trnal-caa,31,0.08185868,NC_048596.1,3,243519544
85,LOC113836916,32,0.081814179,NC_048600.1,7,116448707
85,LOC113836324,33,0.080647585,NC_048599.1,6,154014333
85,LOC113836915,34,0.080582168,NC_048600.1,7,116455975
85,LOC113833053,35,0.079853047,NW_023276806.1,1,157188653
85,LOC113832412,36,0.07982078,NW_023276807.1,1,98253355
85,Trnal-caa_1,37,0.078516217,NC_048596.1,3,243560408
85,LOC113835509,38,0.078103886,NC_048597.1,4,109113533
85,LOC113835680,39,0.077766929,NC_048597.1,4,90475644
85,LOC113832844,40,0.076384505,NC_048599.1,6,85166329
85,LOC113835413,41,0.075577806,NC_048597.1,4,65822866
85,LOC113831086,42,0.075362844,NC_048596.1,3,100070586
85,LOC113830994,43,0.074925755,NC_048597.1,4,82671556
85,LOC113830825,44,0.073138328,NW_023276807.1,1,156804492
85,LOC113835098,45,0.073100313,NC_048596.1,3,90656756
85,LOC113833406,46,0.072660355,NW_023276806.1,1,248119690
85,LOC113834045,47,0.072414448,NC_048595.1,2,203655707
85,LOC100689269,48,0.072218034,NC_048597.1,4,152447657
85,LOC113833578,49,0.07098199,NC_048598.1,5,61426260
85,LOC113836041,50,0.070608049,NC_048598.1,5,113327790
85,LOC113836572,51,0.070518581,NC_048600.1,7,110927294
85,LOC113833235,52,0.069612531,NW_023276806.1,1,60158101
85,LOC113836666,53,0.069392568,NC_048600.1,7,44113137
85,LOC113834297,54,0.068657832,NC_048595.1,2,262815402
85,LOC113832593,55,0.068588333,NW_023276807.1,1,187241480
85,LOC113839001,56,0.068140401,NW_023276990.1,U,5778
85,Trnav-uac_1,57,0.06786271,NC_048596.1,3,48564686
85,LOC113836426,58,0.066848351,NC_048600.1,7,129632677
85,LOC113836457,59,0.06649377,NC_048599.1,6,48333387
85,LOC113833918,60,0.065427122,NC_048595.1,2,20946204
85,LOC113833640,61,0.064816783,NC_048595.1,2,425599914
85,LOC113836437,62,0.064428777,NC_048599.1,6,34759821
85,LOC113833145,63,0.064180674,NW_023276806.1,1,64544592
85,Snord14e,64,0.063948078,NC_048597.1,4,152448829
85,LOC113835625,65,0.063659306,NC_048597.1,4,227219640
85,LOC113833676,66,0.063583715,NC_048595.1,2,165133130
85,LOC113834840,67,0.062899824,NC_048598.1,5,70072570
85,LOC113830963,68,0.062641452,NC_048599.1,6,143957296
85,LOC113835168,69,0.062605793,NC_048597.1,4,128821778
85,LOC113833169,70,0.062378431,NW_023276806.1,1,182049729
85,LOC113835627,71,0.06233597,NC_048597.1,4,227219077
85,LOC113835077,72,0.061862427,NC_048596.1,3,269493586
85,Trnay-gua_9,73,0.061796153,NC_048602.1,9,22427907
85,LOC113836664,74,0.061165843,NC_048600.1,7,44305850
85,Trnag-ccc,75,0.060978141,NC_048596.1,3,113510258
86,Efemp1,1,0.110721506,NW_023276807.1,1,78363346
86,LOC113834278,2,-0.098904138,NC_048595.1,2,257676462
86,Hnrnpab,3,0.088503119,NC_048600.1,7,65877383
86,Aldh18a1,4,-0.085917849,NC_048596.1,3,20998018
86,Procr,5,-0.082607829,NC_048599.1,6,23857887
86,LOC100753467,6,-0.082345516,NW_023276807.1,1,24692698
86,LOC100764080,7,0.079396399,NC_048598.1,5,102645474
86,LOC103158925,8,-0.077323467,NC_048603.1,10,29669181
86,Gnao1,9,0.074455262,NC_048596.1,3,170000477
86,Mtfr1,10,0.073100458,NC_048595.1,2,123745833
86,LOC103159905,11,-0.072590532,NC_048596.1,3,264863114
86,Mthfsd,12,0.072251478,NC_048596.1,3,197731893
86,LOC107977406,13,-0.071382193,NC_048596.1,3,86943088
86,Col3a1,14,0.071292325,NC_048595.1,2,401902840
86,Flna,15,0.069982239,NC_048604.1,X,1464028
86,LOC103162856,16,-0.068749397,NC_048595.1,2,257629291
86,LOC107980378,17,-0.068363168,NC_048600.1,7,87538664
86,Thbs1,18,0.068345077,NC_048599.1,6,60390487
86,LOC100768211,19,-0.06780419,NC_048595.1,2,36740039
86,Pdpn,20,0.064877534,NC_048595.1,2,9912742
86,Psma8,21,-0.064859902,NC_048595.1,2,221607367
86,Eif2ak2,22,0.064543176,NC_048600.1,7,5168353
86,LOC113835046,23,-0.064406165,NC_048596.1,3,279901799
86,LOC103159933,24,-0.063671724,NW_023276807.1,1,10711902
86,Arhgef16,25,0.062880283,NC_048595.1,2,2007511
86,LOC113831453,26,-0.062863933,NC_048604.1,X,82793251
86,LOC113837872,27,0.061771429,NW_023277418.1,U,43458
86,LOC107979380,28,-0.061362175,NC_048595.1,2,72348927
86,LOC100762719,29,0.061181925,NC_048601.1,8,89111185
86,LOC107977428,30,-0.059388068,NW_023276806.1,1,223205671
86,LOC103160946,31,-0.059130789,NC_048595.1,2,381983936
86,LOC107978639,32,-0.058975767,NC_048596.1,3,263260039
86,Gsdmd,33,0.058719017,NC_048595.1,2,373153527
86,Acadm,34,0.058644214,NW_023276806.1,1,5453696
86,LOC100755423,35,0.057737642,NC_048595.1,2,439658294
86,LOC113839468,36,-0.055768574,NW_023276807.1,1,237088333
86,Dcn,37,0.055684921,NW_023276806.1,1,163323235
86,LOC100768488,38,-0.054902717,NC_048595.1,2,36728933
86,Hoga1,39,0.054569549,NC_048596.1,3,19478130
86,LOC100750669,40,-0.054243261,NC_048598.1,5,19426694
86,Srpx,41,0.05386838,NC_048604.1,X,115786163
86,LOC118238703,42,-0.053029748,NC_048597.1,4,202320326
86,LOC103162162,43,-0.052629497,NC_048596.1,3,21643694
86,Ereg,44,-0.052528127,NW_023276807.1,1,155844175
86,Fstl3,45,-0.051983868,NC_048598.1,5,100584152
86,Serpinb2,46,-0.051884902,NC_048598.1,5,78295599
87,Adss1,1,0.045340064,NC_048598.1,5,181416806
87,Pde2a,2,-0.044042805,NC_048596.1,3,97986276
87,Txnip,3,0.043832345,NW_023276806.1,1,59939849
87,Icam5,4,0.04287122,NC_048597.1,4,133899196
87,Trnal-aag_3,5,0.041436827,NC_048600.1,7,63508374
87,Tmeff1,6,0.04130278,NC_048595.1,2,94733813
87,Igdcc4,7,0.040844997,NC_048597.1,4,176704966
87,Trnap-agg_1,8,-0.040742876,NC_048596.1,3,244728037
87,LOC100768011,9,-0.039434495,NC_048595.1,2,372646207
87,Fam13b,10,-0.039220035,NC_048595.1,2,202983391
87,Fbxo36,11,0.038980366,NC_048595.1,2,436974105
87,P4ha3,12,0.038956594,NC_048596.1,3,99207197
87,Ccdc24,13,0.038450855,NC_048595.1,2,34450568
87,LOC103163538,14,0.038444662,NC_048595.1,2,434378944
87,LOC118239233,15,-0.038170311,NC_048601.1,8,21789563
87,LOC118239149,16,-0.036916237,NC_048600.1,7,10764859
87,Pycr1,17,0.036284499,NC_048600.1,7,133133491
87,LOC113836466,18,0.036250338,NC_048599.1,6,142143755
87,LOC113836831,19,0.036204036,NC_048600.1,7,76631119
87,Mgarp,20,0.035970436,NW_023276806.1,1,100085207
87,Notch3,21,0.035377076,NC_048598.1,5,99571131
87,LOC103159146,22,-0.035351609,NC_048600.1,7,44112898
87,Cnih2,23,0.035121243,NC_048596.1,3,54190987
87,Serpine1,24,0.034634207,NC_048597.1,4,116005130
87,LOC107977441,25,0.034427858,NC_048596.1,3,2563608
87,Tfrc,26,-0.034238306,NC_048597.1,4,56929493
87,LOC113833389,27,0.033683254,NW_023276806.1,1,248640591
87,LOC103163910,28,0.033362095,NC_048600.1,7,26026480
87,LOC107977165,29,-0.033329802,NC_048603.1,10,29648131
87,LOC103160324,30,0.033147947,NC_048598.1,5,88822778
87,LOC100767645,31,0.03303245,NC_048596.1,3,34162536
87,Septin3,32,0.032696765,NC_048595.1,2,379416695
87,Ier3,33,-0.032540521,NW_023276806.1,1,229728760
87,LOC113834379,34,-0.032411235,NC_048595.1,2,90533227
87,Tmem44,35,0.032246876,NC_048597.1,4,58913110
87,LOC100751267,36,0.032155197,NC_048600.1,7,119231082
87,Synm,37,0.032105856,NC_048596.1,3,129454369
87,Gpx1,38,-0.032021313,NC_048597.1,4,216512617
87,Cers1,39,0.0320047,NW_023276806.1,1,248642254
87,LOC113837384,40,-0.031870957,NC_048602.1,9,11435530
87,Acp5,41,0.031807018,NC_048597.1,4,135025442
87,Mmp11,42,0.031615026,NW_023276806.1,1,262690239
87,Naprt,43,0.031592437,NC_048595.1,2,373178929
87,Mettl26,44,0.031376994,NC_048600.1,7,45501065
87,Mir186,45,-0.031317474,NW_023276806.1,1,2068258
88,LOC113839001,1,0.092296696,NW_023276990.1,U,5778
88,Hmgn5,2,0.072678474,NC_048604.1,X,62294241
88,LOC113838061,3,0.072460859,NW_023277222.1,U,2381
88,LOC100774468,4,-0.062541405,NC_048596.1,3,244844268
88,Pabpc1,5,0.059790771,NC_048603.1,10,14910163
88,Mir1973,6,-0.057542267,NC_048603.1,10,16495623
88,Tfap2a,7,0.05282601,NC_048596.1,3,260398166
88,LOC113833054,8,0.052392435,NW_023276806.1,1,158729099
88,Fus,9,0.051089263,NC_048596.1,3,72796480
88,LOC113838089,10,0.050368976,NW_023276947.1,U,44930
88,Srm,11,0.050243072,NC_048595.1,2,7851761
88,Tcf7l1,12,0.049702049,NC_048601.1,8,64358059
88,Pcbp2,13,0.049419378,NC_048595.1,2,398851045
88,LOC100750550,14,-0.04871883,NC_048596.1,3,244159457
88,Prkar1a,15,0.04836884,NC_048600.1,7,122514859
88,Zfyve21,16,-0.047709006,NC_048598.1,5,182210063
88,Smndc1,17,0.046884834,NC_048596.1,3,8174476
88,Vegfb,18,0.046174906,NC_048596.1,3,52470116
89,Lnx1,1,0.080751836,NW_023276807.1,1,141109567
89,Fabp4,2,0.076778015,NC_048595.1,2,137723467
89,LOC103162635,3,0.074534713,NW_023276807.1,1,15301251
89,Ca3,4,0.074354865,NC_048595.1,2,134238180
89,LOC118238326,5,0.06483026,NC_048595.1,2,106629377
89,LOC107979269,6,0.064811626,NC_048597.1,4,50094100
89,Prxl2a,7,-0.063836492,NW_023276807.1,1,179114373
89,LOC118238321,8,0.061258234,NC_048597.1,4,30222945
89,C1qtnf1,9,-0.058634015,NC_048600.1,7,130975192
89,LOC118238651,10,0.057723272,NW_023276807.1,1,55715217
89,LOC103161537,11,0.057390892,NC_048597.1,4,4878513
89,LOC107979210,12,0.055615391,NW_023276806.1,1,206915182
89,Isg15,13,-0.054417471,NC_048595.1,2,122790
89,LOC113835325,14,0.0529125,NC_048597.1,4,11671426
89,Evl,15,-0.05210315,NC_048598.1,5,186085911
89,LOC113833429,16,0.051743106,NW_023276806.1,1,272419609
89,LOC103161069,17,0.05097288,NC_048595.1,2,65841398
89,LOC103162356,18,0.05059755,NC_048600.1,7,20440331
89,Lama3,19,0.050007035,NC_048595.1,2,223754012
89,Nkd1,20,-0.049761349,NC_048596.1,3,164204324
89,Arhgef16,21,-0.048516957,NC_048595.1,2,2007511
89,LOC113831458,22,-0.048450106,NW_023276806.1,1,38593672
89,LOC103160018,23,0.048433419,NW_023276807.1,1,208139051
89,LOC113838319,24,-0.047756305,NC_048601.1,8,59606168
89,LOC118239591,25,0.047400453,NW_023276806.1,1,206912486
89,LOC113836709,26,-0.04737597,NC_048600.1,7,129252536
89,LOC103163538,27,0.046700676,NC_048595.1,2,434378944
89,Cd36,28,0.046268199,NW_023276806.1,1,176252535
89,LOC118238347,29,0.045864385,NC_048595.1,2,223846567
89,LOC100761756,30,0.045818849,NC_048599.1,6,88218151
89,LOC103160922,31,0.045366024,NC_048597.1,4,161794045
89,Megf10,32,-0.045278118,NC_048595.1,2,181655041
89,Stmn4,33,-0.045205822,NW_023276807.1,1,221347926
89,LOC118239682,34,-0.045192704,NW_023276807.1,1,210242411
89,LOC107978197,35,0.044972686,NC_048595.1,2,231949975
89,Fn1,36,0.044687703,NC_048595.1,2,424970688
89,Pthlh,37,0.044388149,NC_048601.1,8,2431852
89,Htr3a,38,-0.043979736,NC_048597.1,4,160679281
89,LOC103161381,39,0.043909493,NC_048595.1,2,458649047
89,LOC107977215,40,0.043807036,NW_023276807.1,1,160856512
89,LOC113831457,41,-0.043657846,NW_023276806.1,1,38570020
89,LOC118237953,42,-0.043621773,NW_023276806.1,1,38616294
89,Trnak-cuu,43,-0.043612448,NC_048595.1,2,408340
89,Il13ra2,44,0.043611996,NC_048604.1,X,33972477
89,LOC113836506,45,0.043193809,NC_048599.1,6,12381295
89,LOC100754872,46,0.042591176,NW_023276807.1,1,156999749
89,Prr5,47,-0.04225219,NC_048595.1,2,381517986
89,Ddit4l,48,0.042116185,NW_023276806.1,1,21984001
89,LOC100766854,49,0.04209856,NC_048595.1,2,36992964
90,Trib3,1,0.11307553,NC_048599.1,6,27711275
90,Asns,2,0.10897285,NW_023276806.1,1,217469648
90,Atf5,3,0.106527951,NC_048599.1,6,153650222
90,Sesn2,4,0.091315155,NC_048595.1,2,20752768
90,Slc6a9,5,0.089767842,NC_048595.1,2,34454503
90,Ddit4,6,0.088798803,NW_023276807.1,1,1380280
90,Atf4,7,0.088150448,NC_048595.1,2,377418858
90,Ddit3,8,0.077290984,NW_023276806.1,1,130431820
90,Chac1,9,0.07208309,NC_048599.1,6,59125230
90,Stc2,10,0.07178692,NC_048600.1,7,46881278
90,Pycr1,11,0.069006086,NC_048600.1,7,133133491
90,Psat1,12,0.067171322,NC_048596.1,3,45146015
90,Gpt2,13,0.067137115,NC_048596.1,3,161188540
90,LOC103161105,14,0.065608072,NC_048599.1,6,27672518
90,Gadd45a,15,0.06547597,NC_048601.1,8,76186851
90,Yars1,16,0.064241808,NC_048595.1,2,23808577
90,Mthfd2,17,0.063026025,NC_048601.1,8,74800988
90,LOC113834382,18,0.062234878,NC_048595.1,2,97057080
90,Nnmt,19,0.061969488,NC_048597.1,4,160373069
90,Aars1,20,0.061091437,NC_048596.1,3,187438923
90,Pck2,21,0.059490166,NW_023276807.1,1,210746437
90,Cars1,22,0.057892625,NC_048596.1,3,57765607
90,Mir450b,23,-0.057251707,NC_048604.1,X,16982281
90,Gtpbp2,24,0.057057825,NW_023276963.1,U,27543
90,LOC100757077,25,-0.055792864,NC_048596.1,3,280129751
90,LOC113834042,26,0.055648287,NC_048595.1,2,202558922
90,Nupr1,27,0.054810882,NC_048596.1,3,74156692
90,Gars1,28,0.053825231,NC_048601.1,8,86246888
90,Niban1,29,0.053166363,NC_048598.1,5,39864252
90,LOC100772859,30,0.052795963,NC_048598.1,5,119790519
90,Camlg,31,0.052514858,NC_048596.1,3,274599581
90,Iars1,32,0.051572045,NC_048596.1,3,269491778
90,Atf3,33,0.051117186,NC_048598.1,5,3849952
90,LOC113833814,34,-0.050281854,NC_048595.1,2,156274962
90,Slc7a5,35,0.048866443,NC_048596.1,3,198521908
90,Cerk,36,0.047564898,NC_048595.1,2,382951754
90,Slc7a1,37,0.047185766,NC_048597.1,4,84176465
90,Mir23a,38,-0.046739489,NC_048596.1,3,160211611
90,Herpud1,39,0.046339024,NC_048596.1,3,170619322
90,Il33,40,-0.046099994,NC_048596.1,3,31453917
90,LOC103161546,41,0.045837859,NC_048595.1,2,23222299
90,Sars1,42,0.045347192,NW_023276806.1,1,48667355
90,LOC118238565,43,0.045003633,NC_048596.1,3,107134239
90,Slc1a5,44,0.044677178,NC_048602.1,9,11414896
90,Tars1,45,0.043752904,NC_048595.1,2,344513912
90,Psph,46,0.043477329,NC_048597.1,4,109091500
90,Slc3a2,47,0.043477151,NC_048596.1,3,51382394
90,Eif4ebp1,48,0.043301538,NW_023276807.1,1,56578580
90,LOC113834043,49,0.043223056,NC_048595.1,2,202560634
90,Postn,50,-0.043192244,NW_023276806.1,1,96892590
90,LOC118238326,51,0.043072403,NC_048595.1,2,106629377
90,Slc7a7,52,0.042926048,NW_023276807.1,1,209595296
91,LOC103164370,1,0.10612744,NC_048599.1,6,120541166
91,Procr,2,0.099293974,NC_048599.1,6,23857887
91,Cxcl3,3,0.084091256,NW_023276807.1,1,155559516
91,Mir186,4,0.076851245,NW_023276806.1,1,2068258
91,LOC118239130,5,0.07165556,NC_048600.1,7,134321011
91,Thbs1,6,0.066499107,NC_048599.1,6,60390487
91,Mir27a,7,0.063704415,NC_048596.1,3,160211444
91,LOC100771838,8,0.063399285,NC_048595.1,2,397845831
91,Resf1,9,-0.062675787,NC_048601.1,8,364059
91,Dpt,10,0.062306773,NC_048598.1,5,27552951
91,LOC100763261,11,0.061406886,NC_048600.1,7,95480383
91,Fam13c,12,0.061109032,NW_023276806.1,1,267180234
91,C1qtnf1,13,0.057505131,NC_048600.1,7,130975192
91,Ankrd30a,14,-0.05729986,NC_048601.1,8,26352268
91,LOC113836601,15,0.05709107,NC_048600.1,7,23934809
91,Znf248,16,-0.05676273,NC_048601.1,8,26442150
91,LOC103161500,17,0.054751981,NC_048600.1,7,23922319
91,LOC113834386,18,0.054391296,NC_048595.1,2,99869272
91,LOC100757831,19,-0.052975675,NC_048601.1,8,96454
91,Sulf2,20,0.052375924,NC_048599.1,6,13266048
91,LOC113835624,21,-0.05183483,NC_048597.1,4,221658864
91,Ndrg1,22,0.051793829,NC_048603.1,10,21641732
91,Ldhd,23,0.050023686,NC_048596.1,3,188050546
91,LOC118239129,24,0.04999274,NC_048600.1,7,134318528
91,LOC113837466,25,0.049958168,NC_048603.1,10,25568102
91,LOC100757534,26,-0.049846143,NC_048596.1,3,55182398
91,LOC113837437,27,-0.049637499,NC_048603.1,10,16577900
91,P2ry11,28,-0.049047375,NC_048597.1,4,133763992
91,LOC118237706,29,-0.048640076,NC_048601.1,8,54056
92,LOC100762719,1,-0.120202688,NC_048601.1,8,89111185
92,Hoxa9,2,-0.108026895,NC_048601.1,8,89119788
92,LOC103163470,3,0.106010696,NW_023276807.1,1,90876883
92,LOC113833142,4,0.104190521,NW_023276806.1,1,68281497
92,Nrg4,5,-0.103541265,NC_048597.1,4,166833081
92,Hoxa7,6,-0.101535241,NC_048601.1,8,89124422
92,LOC113831372,7,0.089955557,NC_048600.1,7,91574932
92,Hoxa6,8,-0.085981348,NC_048601.1,8,89137233
92,LOC118238377,9,0.078029685,NC_048595.1,2,290714383
92,LOC113833786,10,-0.077219135,NC_048595.1,2,141346251
92,LOC113833802,11,0.074542673,NC_048595.1,2,137909428
92,LOC118238721,12,-0.073190436,NC_048597.1,4,57829445
92,LOC113835571,13,0.07130368,NC_048597.1,4,174633288
92,Hoxa5,14,-0.071265014,NC_048601.1,8,89141391
92,Mir3068,15,0.066753837,NC_048598.1,5,116364712
92,LOC103163104,16,0.065632612,NC_048597.1,4,15759960
92,LOC103159336,17,0.065531597,NC_048595.1,2,118269911
92,LOC113832629,18,-0.064886928,NC_048600.1,7,83513733
92,LOC113833717,19,0.06306658,NC_048595.1,2,199356994
92,LOC107980197,20,0.06238697,NC_048599.1,6,55363357
92,LOC113833913,21,-0.062032569,NC_048595.1,2,22448121
92,LOC113832801,22,0.061623991,NW_023276807.1,1,47737561
92,LOC100766491,23,-0.061066461,NC_048604.1,X,43941774
92,LOC113837712,24,0.059209323,NC_048604.1,X,64744168
92,LOC113831513,25,0.058554605,NW_023276806.1,1,35011432
92,Trnaa-ugc_1,26,0.05823238,NC_048597.1,4,105018406
92,LOC113833011,27,-0.057595997,NC_048595.1,2,35264383
92,LOC103162998,28,0.057417673,NC_048595.1,2,232799076
92,Mir221,29,-0.057126055,NC_048604.1,X,124017931
92,Mir6092,30,0.056305238,NC_048600.1,7,133651933
92,Mirlet7f,31,0.05604487,NC_048596.1,3,268320510
92,LOC113833923,32,0.05592024,NC_048595.1,2,20432884
92,LOC113832752,33,-0.055888494,NW_023276807.1,1,143653031
92,LOC113834042,34,-0.055221912,NC_048595.1,2,202558922
92,LOC113834633,35,0.054988058,NC_048596.1,3,211196321
92,LOC100689270,36,0.054256518,NC_048597.1,4,152448062
92,LOC118239149,37,-0.053774421,NC_048600.1,7,10764859
92,LOC118239500,38,-0.053645914,NW_023276806.1,1,248503563
92,Ptprt,39,0.053593371,NC_048599.1,6,17127641
92,LOC100769029,40,0.053374506,NC_048595.1,2,399955531
92,LOC103161854,41,-0.053222513,NC_048596.1,3,27011353
92,LOC113834111,42,-0.050939532,NC_048595.1,2,288143876
92,LOC113834705,43,0.050842057,NC_048596.1,3,187868508
93,Cd9,1,0.10385186,NC_048601.1,8,20949592
93,LOC103162414,2,0.092153797,NC_048602.1,9,4740661
93,Lgals9,3,-0.091646202,NC_048600.1,7,92372653
93,Gap43,4,0.090518371,NC_048597.1,4,48025692
93,Cd7,5,-0.088795924,NC_048600.1,7,133513691
93,Ptprq,6,0.088316753,NW_023276806.1,1,147416395
93,Wsb1,7,-0.083093419,NC_048600.1,7,92676808
93,Pfkp,8,-0.074542563,NC_048596.1,3,231220995
93,Tmem176b,9,0.072927604,NC_048601.1,8,98412720
93,LOC107977165,10,-0.071822277,NC_048603.1,10,29648131
93,Rarres2,11,-0.069506472,NC_048601.1,8,98691581
93,Dcn,12,0.068340955,NW_023276806.1,1,163323235
93,LOC103159579,13,-0.067319264,NC_048595.1,2,455547684
93,Unc5c,14,0.065575774,NW_023276806.1,1,17930304
93,LOC100751053,15,-0.065512728,NC_048597.1,4,162253090
93,LOC103164370,16,-0.063749282,NC_048599.1,6,120541166
93,C1qtnf1,17,-0.063340919,NC_048600.1,7,130975192
93,Thbs1,18,-0.061108207,NC_048599.1,6,60390487
93,Hpse,19,-0.06070904,NW_023276807.1,1,162740381
93,LOC103160307,20,0.060652816,NC_048596.1,3,23775515
93,Tmem170b,21,-0.059334903,NC_048596.1,3,261291497
93,LOC103163383,22,-0.059032939,NC_048601.1,8,59168963
93,Pxdc1,23,-0.057646649,NC_048596.1,3,254424684
93,LOC100770202,24,-0.057271022,NC_048600.1,7,92788367
93,LOC103163237,25,-0.056815113,NC_048597.1,4,27685839
93,Fgd3,26,-0.055793647,NC_048596.1,3,269058601
93,Lmo2,27,0.055751686,NC_048599.1,6,73657545
93,Serpinf1,28,-0.055577049,NC_048600.1,7,88859911
93,Stmn4,29,-0.05486756,NW_023276807.1,1,221347926
93,Tmem176a,30,0.054059202,NC_048601.1,8,98408602
93,LOC103162193,31,-0.053306418,NC_048604.1,X,78697030
93,Nt5c3b,32,-0.053035233,NC_048600.1,7,113489385
93,Ptpre,33,-0.052999367,NC_048596.1,3,65246754
93,LOC113834403,34,-0.052770547,NC_048595.1,2,106628517
93,LOC113831658,35,0.052695374,NC_048595.1,2,443300178
93,Trnat-cgu_1,36,0.052505352,NC_048596.1,3,243676543
93,LOC103160221,37,-0.051812379,NW_023276807.1,1,186176741
93,Dtx4,38,0.050887827,NC_048596.1,3,48119823
93,LOC113833487,39,-0.05057612,NW_023276806.1,1,44328266
93,Neu2,40,0.050238391,NC_048595.1,2,439225524
93,Ereg,41,-0.050061488,NW_023276807.1,1,155844175
93,LOC100756860,42,-0.049739526,NC_048595.1,2,1006155
93,LOC103162716,43,-0.049299939,NW_023276806.1,1,177112533
93,Oat,44,-0.049292298,NC_048596.1,3,68272487
93,Lbh,45,-0.049271338,NC_048600.1,7,10666807
93,Sdsl,46,-0.048538684,NC_048597.1,4,100269005
93,LOC100759179,47,-0.048204205,NC_048595.1,2,388697855
93,Tnfaip6,48,-0.046712283,NC_048599.1,6,122300477
93,Lrrc8b,49,-0.046609854,NC_048600.1,7,276343
93,Sirpa,50,0.046517869,NC_048599.1,6,48970164
93,Col3a1,51,0.046128803,NC_048595.1,2,401902840
93,Id2,52,0.045885097,NC_048600.1,7,27970665
93,LOC103161473,53,0.045633398,NC_048596.1,3,144192495
93,Col6a2,54,-0.045614448,NW_023276806.1,1,262111617
93,LOC100761616,55,-0.045351964,NC_048595.1,2,41641526
93,Pcgf6,56,-0.045303975,NC_048596.1,3,14498086
93,Dpt,57,0.04526206,NC_048598.1,5,27552951
93,Fam25a,58,-0.044688638,NW_023276807.1,1,185015236
93,LOC100771813,59,-0.044610016,NC_048604.1,X,9744099
93,Mt1,60,0.044490365,NC_048596.1,3,170379906
93,Vegfd,61,0.044370775,NC_048604.1,X,99432160
93,Areg,62,-0.04418792,NW_023276807.1,1,155909229
94,Nppb,1,0.09275989,NC_048595.1,2,8480530
94,Cxcl12,2,0.078935714,NC_048601.1,8,27697629
94,LOC118238307,3,-0.073826426,NC_048595.1,2,58700576
94,LOC100754872,4,0.068053601,NW_023276807.1,1,156999749
94,Cdc42ep2,5,0.066813172,NC_048596.1,3,53420843
94,Mmp9,6,-0.063420544,NC_048599.1,6,14468264
94,LOC100769145,7,0.061401546,NC_048596.1,3,169461212
94,LOC118239682,8,-0.061082031,NW_023276807.1,1,210242411
94,LOC113831259,9,-0.060745038,NC_048599.1,6,130482622
94,Ca3,10,0.060512674,NC_048595.1,2,134238180
94,Mir350,11,-0.060280398,NC_048598.1,5,17017526
94,LOC100757077,12,0.059347989,NC_048596.1,3,280129751
94,LOC103158607,13,-0.058804471,NC_048596.1,3,169783881
94,Fn1,14,0.056011677,NC_048595.1,2,424970688
94,Osr1,15,0.05524226,NC_048600.1,7,19889960
94,Adm,16,0.055168504,NC_048596.1,3,90056690
94,Col6a1,17,0.054663044,NW_023276806.1,1,262015908
94,Angpt4,18,0.051109994,NC_048599.1,6,28071763
94,LOC113834350,19,-0.050943721,NC_048595.1,2,244304675
94,Tinagl1,20,0.04974658,NC_048595.1,2,22865579
94,Col12a1,21,0.049724861,NC_048597.1,4,190530489
94,LOC118239683,22,0.04930951,NW_023276807.1,1,214981872
94,LOC107977033,23,0.049150485,NC_048599.1,6,139575628
94,LOC118238674,24,-0.049041611,NC_048597.1,4,136859156
94,Wnt4,25,0.048331209,NC_048595.1,2,16012983
94,LOC103160221,26,-0.048159,NW_023276807.1,1,186176741
94,Gdpd4,27,-0.046737502,NC_048596.1,3,101533711
94,LOC100769497,28,0.046487895,NW_023276807.1,1,29878486
94,LOC107977831,29,-0.046165438,NC_048601.1,8,76870921
94,Ncald,30,0.045717643,NC_048603.1,10,13871396
94,Medag,31,0.04556299,NC_048597.1,4,85210489
94,LOC100768899,32,0.045262865,NC_048595.1,2,280983634
94,LOC100763130,33,0.044152016,NC_048598.1,5,191189732
94,LOC100755423,34,-0.044084762,NC_048595.1,2,439658294
94,Itih5,35,0.043765743,NC_048596.1,3,227074172
94,Lfng,36,0.043764196,NC_048597.1,4,77213427
94,LOC100773073,37,0.043757955,NW_023276807.1,1,185277442
94,LOC113833861,38,0.043462135,NC_048595.1,2,21323371
94,Mir23a,39,0.042702582,NC_048596.1,3,160211611
94,LOC113834942,40,-0.042685033,NC_048596.1,3,56228585
94,Areg,41,-0.042253185,NW_023276807.1,1,155909229
94,LOC100771221,42,-0.042145345,NC_048600.1,7,42913864
94,LOC113831567,43,-0.042014867,NC_048595.1,2,32710
94,Vgf,44,-0.041543538,NC_048597.1,4,115975711
94,Sytl2,45,-0.041516263,NC_048596.1,3,108680237
94,Sema3b,46,-0.041505139,NC_048597.1,4,215781352
94,LOC107977285,47,-0.041154574,NC_048596.1,3,65742351
94,Htr1b,48,-0.041091176,NC_048597.1,4,192298203
94,Slpi,49,0.040970874,NC_048599.1,6,15126790
94,Dusp4,50,-0.040760891,NW_023276807.1,1,50080846
94,Niban1,51,-0.04065387,NC_048598.1,5,39864252
94,Lpin3,52,-0.040513593,NC_048599.1,6,18567870
94,Gas7,53,0.040442887,NC_048600.1,7,81333211
94,Serpinf1,54,-0.040290546,NC_048600.1,7,88859911
94,LOC113830641,55,-0.040206576,NC_048596.1,3,95363038
94,LOC113832497,56,-0.040141939,NW_023276806.1,1,231770565
94,Slc22a18,57,0.040052315,NC_048596.1,3,57877142
94,LOC103159864,58,-0.04003162,NW_023276807.1,1,8337711
94,Als2cl,59,0.039665017,NC_048597.1,4,218369434
94,Trpm8,60,-0.03959648,NC_048595.1,2,439889997
94,Tinag,61,-0.039253274,NC_048597.1,4,188098403
94,LOC113832251,62,-0.03902053,NW_023276807.1,1,4868476
94,Slc11a1,63,-0.038902472,NC_048595.1,2,427625283
94,LOC118238921,64,0.03888576,NC_048598.1,5,55225713
94,LOC103159501,65,-0.038258012,NC_048595.1,2,37427635
94,LOC103160324,66,-0.038157042,NC_048598.1,5,88822778
94,Upb1,67,-0.038078309,NW_023276806.1,1,263122257
94,LOC100766772,68,0.038075632,NW_023276806.1,1,49112651
94,Actc1,69,-0.037739498,NC_048599.1,6,64427590
94,Ackr3,70,0.037627967,NC_048595.1,2,441745136
94,LOC100756791,71,0.037614301,NC_048596.1,3,280151001
94,LOC100768826,72,-0.037409034,NC_048600.1,7,63534526
94,LOC103163910,73,-0.037364296,NC_048600.1,7,26026480
94,Susd1,74,-0.037194758,NC_048595.1,2,84384549
94,LOC113836458,75,0.037112704,NC_048599.1,6,48333705
94,LOC103163376,76,0.03694991,NC_048595.1,2,91206553
94,LOC100773612,77,-0.036849684,NC_048595.1,2,292461133
94,LOC118238272,78,-0.036493202,NC_048595.1,2,750025
94,LOC100763261,79,0.036424868,NC_048600.1,7,95480383
94,Trnag-ccc_1,80,-0.03640452,NC_048600.1,7,45500638
94,LOC100757534,81,0.036179392,NC_048596.1,3,55182398
94,Calcr,82,-0.036080086,NW_023276806.1,1,221083323
94,Cmklr1,83,0.036040668,NC_048597.1,4,93251024
95,Hspa5,1,0.116841286,NC_048599.1,6,146492189
95,Sdf2l1,2,0.109476431,NC_048597.1,4,72192713
95,Pdia4,3,0.099243831,NC_048601.1,8,99389099
95,Creld2,4,0.098635633,NC_048595.1,2,385581075
95,Herpud1,5,0.094090176,NC_048596.1,3,170619322
95,Hsp90b1,6,0.092178228,NW_023276806.1,1,152705637
95,Hyou1,7,0.089662377,NC_048597.1,4,156066604
95,Manf,8,0.078600472,NC_048597.1,4,215101750
95,Gmppb,9,0.071647618,NC_048597.1,4,216240930
95,Sel1l,10,0.068822123,NC_048598.1,5,113065332
95,Ero1b,11,0.066830244,NC_048596.1,3,236573697
95,Dnajc3,12,0.065494613,NW_023276807.1,1,268951306
95,Piga,13,0.064568407,NC_048604.1,X,99484009
95,Calr,14,0.063456875,NC_048596.1,3,159525663
95,LOC118239130,15,-0.063162886,NC_048600.1,7,134321011
95,Mcf2l,16,0.062033769,NW_023276807.1,1,67746297
95,Ficd,17,0.058377598,NC_048597.1,4,93384490
95,LOC118239129,18,-0.057844938,NC_048600.1,7,134318528
95,Pdia3,19,0.05738085,NC_048599.1,6,56985283
95,Dnajb9,20,0.055323145,NC_048598.1,5,157543843
95,Pdia6,21,0.05506779,NC_048600.1,7,26434822
95,Slc9b2,22,0.05133929,NW_023276806.1,1,24139195
95,LOC118239683,23,0.050226246,NW_023276807.1,1,214981872
95,LOC100757077,24,-0.049892001,NC_048596.1,3,280129751
95,Ddit3,25,0.049379998,NW_023276806.1,1,130431820
95,Cdk2ap2,26,0.048542708,NC_048596.1,3,55157438
95,Trnay-gua_6,27,-0.047376296,NC_048596.1,3,244723518
95,Alg12,28,0.046346517,NC_048595.1,2,385564008
95,Selenos,29,0.045912861,NC_048596.1,3,131187648
95,LOC113830809,30,0.045295938,NC_048600.1,7,11905769
95,Nucb2,31,0.045044412,NC_048596.1,3,84107359
96,Fxyd2,1,0.085963952,NC_048597.1,4,157120071
96,LOC118239682,2,0.073927972,NW_023276807.1,1,210242411
96,Mcemp1,3,0.06970546,NC_048597.1,4,88550691
96,LOC100772378,4,0.068725632,NC_048601.1,8,15868223
96,LOC103161893,5,0.0644343,NC_048598.1,5,21863074
96,LOC100763261,6,0.060713276,NC_048600.1,7,95480383
96,Cd74,7,0.059649061,NC_048595.1,2,178285139
96,LOC100761951,8,0.056487397,NW_023276806.1,1,230376864
96,Pla2g2a,9,0.056348107,NC_048595.1,2,14521849
96,Clec12b,10,0.054624553,NC_048601.1,8,16683523
96,LOC100753836,11,0.052243635,NW_023276806.1,1,228071042
96,LOC118239024,12,-0.051462473,NW_023276807.1,1,268139097
96,LOC113833091,13,0.051152301,NW_023276806.1,1,63456513
96,LOC118239660,14,0.047931044,NW_023276807.1,1,208369643
96,LOC113834367,15,0.047859278,NC_048595.1,2,243059962
96,Mir378,16,0.047503858,NC_048595.1,2,177696953
96,Egr1,17,-0.047060759,NC_048595.1,2,202626935
96,Mir186,18,0.046491612,NW_023276806.1,1,2068258
96,Prnd,19,0.046377654,NC_048599.1,6,46641245
96,LOC100772326,20,0.046024728,NW_023276807.1,1,163704578
96,Mmp2,21,0.045995773,NC_048596.1,3,168543838
96,Mir1973,22,-0.045219346,NC_048603.1,10,16495623
96,Jsrp1,23,0.045101058,NC_048598.1,5,101591056
96,LOC113832552,24,0.044434609,NW_023276807.1,1,196111818
96,LOC103164270,25,-0.043160094,NW_023277414.1,U,7857
96,Gja8,26,0.042370286,NW_023276806.1,1,59571884
96,LOC103161220,27,0.041532614,NC_048597.1,4,144158608
96,Fabp4,28,-0.040982031,NC_048595.1,2,137723467
96,LOC113836831,29,0.040813232,NC_048600.1,7,76631119
96,Nkd1,30,0.04051822,NC_048596.1,3,164204324
97,LOC118239024,1,0.179367301,NW_023276807.1,1,268139097
97,LOC118239683,2,0.13376287,NW_023276807.1,1,214981872
97,LOC118239130,3,0.11956732,NC_048600.1,7,134321011
97,LOC103159905,4,0.08974276,NC_048596.1,3,264863114
97,Adh7,5,0.087939888,NW_023276806.1,1,21406075
97,LOC118239129,6,0.087141706,NC_048600.1,7,134318528
97,Arsg,7,0.080562271,NC_048600.1,7,122295152
97,LOC118238335,8,0.078839221,NC_048595.1,2,168313432
97,LOC113831661,9,0.077996364,NC_048596.1,3,113520232
97,LOC103163383,10,-0.077247938,NC_048601.1,8,59168963
97,LOC103162302,11,0.076392116,NC_048596.1,3,163676308
97,LOC103161500,12,0.075749695,NC_048600.1,7,23922319
97,Mlph,13,-0.074530382,NC_048595.1,2,442417310
97,LOC118238520,14,0.073928671,NC_048596.1,3,10410954
97,LOC113834099,15,0.073860025,NC_048595.1,2,295303804
97,LOC100774468,16,-0.072313535,NC_048596.1,3,244844268
97,LOC113836601,17,0.071732761,NC_048600.1,7,23934809
97,LOC118238651,18,0.071470106,NW_023276807.1,1,55715217
97,LOC118237733,19,0.071133339,NC_048596.1,3,105989153
97,LOC100767818,20,0.071015958,NW_023276806.1,1,49150209
97,LOC113836674,21,0.069991535,NC_048600.1,7,134323471
97,Mettl22,22,0.069261102,NC_048600.1,7,38266696
97,Selenbp1,23,0.068757251,NW_023276806.1,1,61565353
98,Fabp4,1,0.122097576,NC_048595.1,2,137723467
98,LOC100771813,2,0.102030485,NC_048604.1,X,9744099
98,LOC103159189,3,0.093197804,NC_048604.1,X,63082767
98,LOC100763261,4,0.091982974,NC_048600.1,7,95480383
98,LOC113834615,5,0.087565736,NC_048596.1,3,168424119
98,Ncam1,6,-0.086335616,NC_048597.1,4,161286778
98,LOC103163886,7,0.081888539,NC_048597.1,4,228827490
98,Tdgf1,8,0.078075064,NC_048597.1,4,218431369
98,C3,9,0.075369832,NC_048598.1,5,96252915
98,Csf2,10,0.075046761,NC_048600.1,7,68427077
98,LOC107979247,11,0.074428572,NC_048604.1,X,78432282
98,LOC107979936,12,0.068575298,NC_048604.1,X,10218821
98,LOC100772574,13,0.060822499,NC_048596.1,3,271982949
98,LOC113830641,14,0.060586947,NC_048596.1,3,95363038
98,LOC103161069,15,0.059896858,NC_048595.1,2,65841398
98,Ca3,16,-0.059727068,NC_048595.1,2,134238180
98,Hprt1,17,0.058122737,NC_048604.1,X,17007457
98,LOC100769250,18,0.057929237,NC_048596.1,3,181292503
98,Grhl2,19,0.056993316,NC_048603.1,10,14259740
98,C1qtnf1,20,-0.056257358,NC_048600.1,7,130975192
98,LOC103160844,21,0.055076408,NC_048604.1,X,97215009
98,LOC118238818,22,0.054885289,NC_048598.1,5,2975757
98,LOC107978184,23,0.054059219,NC_048601.1,8,26911251
98,LOC103161312,24,0.054035616,NC_048604.1,X,71124390
98,LOC113830882,25,0.053124769,NC_048604.1,X,78496313
98,LOC113834942,26,0.05296738,NC_048596.1,3,56228585
98,LOC100754807,27,0.052784515,NC_048598.1,5,99223137
98,Col8a1,28,-0.052447999,NC_048597.1,4,34465873
98,LOC113830932,29,0.05156158,NC_048604.1,X,59870249
98,Igf2bp2,30,0.050903273,NC_048597.1,4,66742574
98,Tmem176b,31,0.050144191,NC_048601.1,8,98412720
98,LOC100763833,32,0.050079523,NC_048600.1,7,95468788
98,Cavin4,33,-0.050045147,NC_048595.1,2,94723721
98,Id2,34,0.049633357,NC_048600.1,7,27970665
98,LOC118239659,35,0.049465318,NW_023276807.1,1,268074652
98,Ccr7,36,0.049452468,NC_048600.1,7,112231375
98,LOC113832856,37,0.04922897,NW_023276806.1,1,196749982
98,Lmo7,38,-0.049140824,NW_023276807.1,1,253470956
98,Efemp1,39,-0.049100975,NW_023276807.1,1,78363346
98,Akt3,40,-0.049075267,NC_048598.1,5,16566355
98,Stap2,41,0.047359086,NC_048598.1,5,97542305
99,LOC113835862,1,0.06640154,NC_048598.1,5,169146211
99,LOC113837101,2,0.066321074,NC_048601.1,8,92636747
99,Mir503,3,-0.056281027,NC_048604.1,X,16976189
99,Arrdc3,4,0.052008762,NC_048595.1,2,301354724
99,LOC113834043,5,-0.050319021,NC_048595.1,2,202560634
99,Trnak-uuu_4,6,-0.04689441,NC_048596.1,3,243514929
99,Mir146b,7,0.045828238,NC_048596.1,3,15254261
99,Mir21,8,0.04556824,NC_048600.1,7,99827973
99,Txnip,9,0.045347631,NW_023276806.1,1,59939849
99,LOC113834705,10,-0.045248637,NC_048596.1,3,187868508
99,Trnak-cuu_54,11,-0.044480045,NW_023276806.1,1,224915168
99,Ccn1,12,0.044434764,NW_023276806.1,1,13533654
99,LOC113832683,13,0.044238458,NW_023276807.1,1,225307979
99,LOC113834386,14,0.043952507,NC_048595.1,2,99869272
99,Ankrd1,15,0.042799304,NC_048596.1,3,25655699
99,Mir1973,16,0.042319141,NC_048603.1,10,16495623
99,Trnal-uaa_1,17,-0.041684786,NC_048596.1,3,48565738
99,Mir1249,18,-0.041176501,NC_048595.1,2,381796941
99,LOC113837082,19,0.040968886,NC_048601.1,8,64136390
99,LOC118239682,20,0.040570763,NW_023276807.1,1,210242411
99,Mir100,21,0.040035375,NC_048597.1,4,153193229
99,LOC113835429,22,-0.040010193,NC_048597.1,4,72289258
99,Sdcbp2,23,-0.038794376,NC_048599.1,6,28452255
99,Mir674,24,-0.038662276,NC_048599.1,6,61360426
99,Trnan-guu,25,-0.0386529,NC_048595.1,2,215888420
99,Trnac-gca_2,26,0.03851361,NC_048600.1,7,11936002
99,Trnaf-gaa_1,27,0.038203631,NC_048596.1,3,48597420
99,Ddit3,28,0.038194981,NW_023276806.1,1,130431820
99,LOC113833912,29,-0.038177538,NC_048595.1,2,22458584
100,LOC113833723,1,0.097155272,NC_048595.1,2,7781734
100,LOC118237690,2,0.078650735,NW_023276806.1,1,63937209
100,S100a4,3,0.06831293,NW_023276806.1,1,63942758
100,LOC118239129,4,0.067046956,NC_048600.1,7,134318528
100,Ranbp3l,5,0.064122578,NC_048595.1,2,342635682
100,Stmn4,6,0.058031331,NW_023276807.1,1,221347926
100,LOC113833455,7,-0.05687838,NW_023276806.1,1,5475878
100,Testin-2,8,0.055526175,NC_048596.1,3,279959155
100,LOC118239130,9,0.055013084,NC_048600.1,7,134321011
100,LOC100771838,10,0.054710369,NC_048595.1,2,397845831
100,LOC113833050,11,-0.048219369,NW_023276806.1,1,129785047
100,LOC100754872,12,0.048218248,NW_023276807.1,1,156999749
100,LOC113835508,13,-0.047039865,NC_048597.1,4,101066550
100,Arhgef16,14,0.0467731,NC_048595.1,2,2007511
100,LOC118239681,15,-0.045652178,NW_023276807.1,1,40534596
100,LOC103158925,16,-0.044727565,NC_048603.1,10,29669181
100,Pla2g2a,17,0.044177777,NC_048595.1,2,14521849
100,Mir22,18,-0.043945856,NC_048600.1,7,88912691
100,LOC113837466,19,-0.041717887,NC_048603.1,10,25568102
100,Nppb,20,0.041628437,NC_048595.1,2,8480530
100,LOC113832856,21,-0.041176069,NW_023276806.1,1,196749982
100,LOC103159626,22,0.040865065,NC_048596.1,3,60229280
101,LOC103164268,1,0.086528607,NW_023276806.1,1,211857992
101,LOC118239505,2,0.078485348,NW_023276806.1,1,24874016
101,LOC107979116,3,0.077649919,NW_023276807.1,1,12373553
101,LOC113834560,4,0.073277739,NC_048601.1,8,73128461
101,LOC113831299,5,0.072250249,NW_023276806.1,1,24859892
101,LOC113831491,6,0.071143027,NW_023276806.1,1,19541818
101,LOC103160827,7,0.068443143,NC_048598.1,5,24609621
101,LOC118239644,8,0.068233821,NW_023276807.1,1,88637185
101,LOC113832261,9,0.067189228,NW_023276807.1,1,12400095
101,LOC107979474,10,0.067116937,NC_048604.1,X,61701132
101,LOC103164274,11,0.066428059,NC_048597.1,4,47669981
101,Plcxd3,12,0.066322638,NC_048595.1,2,338379162
101,Arhgap25,13,0.06587199,NC_048601.1,8,55762966
101,LOC103163417,14,0.065695777,NW_023276806.1,1,70017907
101,LOC107980247,15,0.063856155,NC_048604.1,X,52847790
101,LOC100763247,16,0.063611219,NC_048600.1,7,87554580
101,LOC103162212,17,0.062781826,NC_048596.1,3,246780992
101,LOC103160010,18,0.062556397,NW_023276806.1,1,33620601
101,LOC103161398,19,0.060172001,NW_023276807.1,1,265369409
101,LOC107980208,20,0.059416283,NW_023276806.1,1,207065388
101,LOC107978216,21,0.058587091,NC_048598.1,5,156261739
101,LOC118239268,22,-0.057241898,NC_048601.1,8,3415336
101,LOC118239562,23,0.05699892,NW_023276806.1,1,63125528
101,LOC118239510,24,0.056492471,NW_023276806.1,1,151953537
101,LOC103163458,25,0.055947909,NC_048597.1,4,37150600
101,LOC113833786,26,0.055717997,NC_048595.1,2,141346251
101,LOC103160625,27,0.05556054,NC_048597.1,4,224549928
101,LOC113836429,28,0.055472691,NC_048599.1,6,88226904
101,LOC113837017,29,0.052839722,NC_048601.1,8,74914017
101,LOC113834517,30,0.052724629,NC_048598.1,5,156242546
101,LOC113836416,31,0.051837694,NC_048599.1,6,70902793
101,Mirlet7c-2,32,0.051698637,NC_048595.1,2,382521726
101,LOC118238766,33,0.051417949,NC_048601.1,8,73166590
101,LOC100757754,34,0.050984137,NC_048597.1,4,139436816
101,LOC103160225,35,0.049676996,NW_023276807.1,1,88609744
101,LOC113835066,36,0.049585053,NC_048596.1,3,265759833
101,Eid3,37,0.04945897,NW_023276806.1,1,152464862
101,LOC103162746,38,0.048962646,NC_048604.1,X,109004691
101,Mir374,39,0.048845557,NC_048604.1,X,66940645
101,Mir1956,40,-0.048558488,NW_023276806.1,1,21052843
101,LOC113833275,41,0.04852498,NW_023276807.1,1,237081940
101,LOC118238829,42,0.048380644,NC_048598.1,5,47275984
101,LOC103160752,43,0.048011394,NC_048598.1,5,10880988
101,LOC107977627,44,0.047876122,NC_048603.1,10,20913172
101,LOC113837162,45,0.047810623,NC_048601.1,8,82388222
101,LOC103160919,46,0.047582742,NW_023276806.1,1,205848391
101,LOC113831587,47,0.047297216,NW_023276806.1,1,25102530
101,LOC103159188,48,0.047144445,NC_048604.1,X,63538301
101,LOC113839468,49,0.047090091,NW_023276807.1,1,237088333
101,LOC103161306,50,0.046181632,NW_023276807.1,1,154783590
101,LOC118238641,51,0.046093352,NC_048599.1,6,49451766
101,LOC113832343,52,0.046016311,NW_023276807.1,1,162102326
101,LOC113834391,53,0.045578077,NC_048596.1,3,263123937
101,LOC107979269,54,0.04545872,NC_048597.1,4,50094100
101,LOC118239506,55,0.045246752,NW_023276806.1,1,24834643
101,Marchf1,56,0.045192412,NW_023276806.1,1,242873812
101,LOC103161883,57,0.045151799,NW_023276806.1,1,168945123
101,LOC103163700,58,0.044742145,NC_048595.1,2,258738927
101,LOC113834422,59,0.04393013,NC_048595.1,2,129720039
101,LOC107978428,60,0.043726728,NC_048597.1,4,47796437
101,LOC113833685,61,0.043529807,NC_048598.1,5,31028623
101,LOC100759383,62,0.043443249,NC_048604.1,X,87651877
101,LOC113834277,63,0.043199433,NC_048603.1,10,3130047
101,LOC113835899,64,0.042392627,NC_048598.1,5,45063138
101,LOC118238272,65,-0.042360495,NC_048595.1,2,750025
101,LOC118238685,66,0.041878082,NC_048597.1,4,165137127
101,LOC103161022,67,0.041535212,NW_023276807.1,1,271257498
101,LOC100760024,68,0.041377081,NW_023276806.1,1,76271802
101,LOC107980349,69,0.041346068,NC_048597.1,4,47752050
101,LOC118238610,70,0.041342335,NC_048596.1,3,253084911
101,LOC113833997,71,0.040929739,NC_048595.1,2,58313777
101,LOC113834284,72,0.040860475,NC_048603.1,10,4551636
101,LOC103162162,73,0.040443094,NC_048596.1,3,21643694
101,LOC113836926,74,0.040410128,NC_048600.1,7,119125700
101,Gsdme,75,0.040211493,NC_048601.1,8,91071502
101,LOC113834421,76,0.040115394,NC_048595.1,2,129674787
102,Uap1l1,1,0.051184422,NC_048599.1,6,136715398
102,Map2k2,2,0.047879701,NC_048598.1,5,101888941
102,LOC118238392,3,-0.04717286,NC_048595.1,2,337470119
102,LOC118238649,4,-0.042918992,NC_048597.1,4,95654479
102,Plat,5,-0.042330454,NW_023276807.1,1,60919542
102,Il33,6,0.042179058,NC_048596.1,3,31453917
102,Arfrp1,7,0.042020511,NC_048599.1,6,543248
102,Gmppb,8,0.040946328,NC_048597.1,4,216240930
102,Yif1a,9,0.040875767,NC_048596.1,3,54197008
102,Jmjd7,10,0.040417236,NC_048599.1,6,58461962
102,Ccdc167,11,0.040348701,NW_023276806.1,1,258153147
102,Spp1,12,-0.039416638,NW_023276807.1,1,166251805
102,Ftl,13,-0.038760418,NC_048599.1,6,154365740
102,Nol12,14,0.038578304,NC_048595.1,2,376045987
102,Ttc14,15,0.038327268,NW_023276806.1,1,115653017
102,Slc25a1,16,0.037511455,NC_048597.1,4,71355417
102,Atpsckmt,17,0.037467922,NC_048595.1,2,361727822
102,LOC113837215,18,0.037388582,NC_048602.1,9,6574431
102,Preb,19,0.037330039,NC_048600.1,7,13418417
102,S100a5,20,0.037309222,NW_023276806.1,1,63934562
102,LOC113830954,21,0.037268152,NC_048597.1,4,82929779
102,Rbm3,22,0.037254192,NC_048604.1,X,114619721
102,Slc25a11,23,0.03705848,NC_048600.1,7,84456376
102,Rnf6,24,0.036922142,NC_048597.1,4,82125761
102,Hspa5,25,-0.036605069,NC_048599.1,6,146492189
102,Gipc1,26,0.036457183,NC_048596.1,3,160752372
102,Mettl26,27,0.036440603,NC_048600.1,7,45501065
102,Efemp2,28,0.036060202,NC_048596.1,3,53859690
102,Phpt1,29,0.0358901,NC_048599.1,6,136924061
102,LOC103160811,30,0.035285658,NC_048598.1,5,150794804
103,Pdpn,1,0.101274322,NC_048595.1,2,9912742
103,Maged1,2,-0.092313313,NC_048604.1,X,75452969
103,LOC103162302,3,0.073492051,NC_048596.1,3,163676308
103,Col4a1,4,-0.073344268,NW_023276807.1,1,69305537
103,LOC107977973,5,0.072948688,NW_023276807.1,1,210998763
103,Vstm4,6,-0.071203085,NW_023276807.1,1,186473226
103,Col4a2,7,-0.070850408,NW_023276807.1,1,69167130
103,Dpt,8,0.06480464,NC_048598.1,5,27552951
103,Swap70,9,-0.062729577,NC_048596.1,3,90429777
103,LOC103163470,10,-0.062708446,NW_023276807.1,1,90876883
103,Stard4,11,-0.062011583,NC_048595.1,2,204244827
103,LOC103159589,12,0.061145202,NC_048598.1,5,108127973
103,LOC118238520,13,0.060484522,NC_048596.1,3,10410954
103,LOC100767818,14,0.060265489,NW_023276806.1,1,49150209
103,Stc2,15,-0.060116008,NC_048600.1,7,46881278
103,LOC107978394,16,0.059977451,NW_023276807.1,1,82420592
103,LOC100759871,17,0.059766559,NC_048595.1,2,401965237
103,Hes2,18,0.059409168,NC_048595.1,2,4205623
103,Eif4e3,19,-0.058924456,NC_048601.1,8,44309775
103,LOC103163630,20,-0.058703426,NW_023276806.1,1,202827189
103,Irs2,21,-0.058189923,NW_023276807.1,1,69605141
103,C1H12orf75,22,-0.057977575,NW_023276806.1,1,151656367
104,Igf2bp2,1,0.153127741,NC_048597.1,4,66742574
104,Fabp4,2,0.133493838,NC_048595.1,2,137723467
104,LOC100751053,3,0.126362286,NC_048597.1,4,162253090
104,Rarres2,4,0.107693084,NC_048601.1,8,98691581
104,LOC113831499,5,-0.092657551,NC_048601.1,8,17547753
104,Ccbe1,6,0.078452105,NC_048595.1,2,173042610
104,Cavin4,7,-0.075589928,NC_048595.1,2,94723721
104,Hoxc10,8,-0.074731628,NC_048595.1,2,399341946
104,Id2,9,0.072455962,NC_048600.1,7,27970665
104,Il33,10,-0.072056465,NC_048596.1,3,31453917
104,Aqp1,11,-0.071447932,NC_048601.1,8,85972347
104,Mmp9,12,-0.066425508,NC_048599.1,6,14468264
104,Hoxc8,13,-0.065189478,NC_048595.1,2,399365638
104,Evl,14,0.064281383,NC_048598.1,5,186085911
104,Wnt4,15,0.06357238,NC_048595.1,2,16012983
104,Spp1,16,-0.062806248,NW_023276807.1,1,166251805
104,LOC100771813,17,-0.060335973,NC_048604.1,X,9744099
104,Ncam1,18,-0.059295967,NC_048597.1,4,161286778
104,Gpd1,19,0.058628281,NC_048595.1,2,396155050
104,LOC100763954,20,-0.056586312,NC_048601.1,8,98311222
105,LOC100763130,1,-0.070964313,NC_048598.1,5,191189732
105,Dusp8,2,0.068026603,NC_048596.1,3,59089975
105,LOC100760218,3,0.062554059,NW_023276806.1,1,231487269
105,LOC113835261,4,0.05773882,NC_048599.1,6,99389932
105,LOC113833112,5,0.056113447,NC_048595.1,2,413964466
105,Isg15,6,-0.055838894,NC_048595.1,2,122790
105,Hsph1,7,0.050016615,NC_048597.1,4,85410260
105,Il6,8,0.048681625,NC_048601.1,8,92711892
105,Csf2,9,0.047586929,NC_048600.1,7,68427077
105,LOC113836194,10,0.047488928,NC_048598.1,5,101957312
105,Clk1,11,0.047325113,NC_048595.1,2,412804890
105,Trnay-gua_6,12,-0.046183223,NC_048596.1,3,244723518
105,Gadd45b,13,0.045903722,NC_048598.1,5,101712675
105,Crispld2,14,0.045562959,NC_048596.1,3,196649190
105,LOC100752852,15,0.045511168,NC_048600.1,7,96490527
105,LOC118237980,16,0.044829972,NW_023276806.1,1,21738537
105,Csrnp1,17,0.044017044,NC_048597.1,4,227063765
105,LOC100689269,18,0.043064048,NC_048597.1,4,152447657
105,Snord14e,19,0.042895176,NC_048597.1,4,152448829
105,LOC118239372,20,0.042661724,NC_048603.1,10,28916458
105,LOC100754516,21,0.041956115,NC_048597.1,4,189508147
105,Nppb,22,0.04184899,NC_048595.1,2,8480530
105,Nr1d1,23,0.041387032,NC_048600.1,7,111853598
105,LOC103160587,24,-0.040557819,NC_048597.1,4,44552378
105,Hspb1,25,0.040018556,NC_048597.1,4,114891858
105,Tnfaip3,26,0.039403723,NC_048595.1,2,270721832
105,LOC113837453,27,0.03904362,NC_048603.1,10,25296669
105,LOC100764653,28,-0.038419966,NC_048597.1,4,565802
105,Serpinf1,29,0.03834893,NC_048600.1,7,88859911
105,Zfand2a,30,0.038198288,NC_048597.1,4,76140237
105,Dnajb1,31,0.038148531,NC_048596.1,3,160785250
105,Bag3,32,0.038064788,NC_048596.1,3,72253498
105,LOC118237898,33,0.037646501,NC_048596.1,3,82344347
105,LOC113832543,34,0.037340088,NW_023276806.1,1,256699277
105,Gpr176,35,0.035778669,NC_048599.1,6,60125165
105,Zc3h6,36,0.035227687,NC_048599.1,6,49545244
105,LOC113833117,37,0.035227084,NC_048595.1,2,413965301
105,Tmem106a,38,0.035222883,NC_048600.1,7,114626266
105,LOC100762293,39,0.035185294,NC_048595.1,2,431080983
105,N4bp2l1,40,0.035018203,NC_048597.1,4,86364824
106,LOC118239328,1,0.841038725,NC_048602.1,9,20257477
107,LOC113833143,1,0.086197599,NW_023276806.1,1,68282971
107,LOC113833013,2,0.084649574,NC_048595.1,2,35263170
107,LOC113836711,3,-0.083815647,NC_048600.1,7,129254036
107,LOC113833675,4,0.083275612,NC_048595.1,2,164920380
107,LOC113833112,5,0.079808388,NC_048595.1,2,413964466
107,LOC113832494,6,-0.078416093,NW_023276806.1,1,231484205
107,LOC113832434,7,0.078019903,NW_023276806.1,1,274474391
107,LOC113836507,8,-0.077875006,NC_048599.1,6,12379325
107,LOC113831475,9,-0.07606409,NC_048596.1,3,51370433
107,LOC113832308,10,-0.074681288,NW_023276807.1,1,99861494
107,LOC100766491,11,-0.074152743,NC_048604.1,X,43941774
107,Zfyve21,12,-0.072814397,NC_048598.1,5,182210063
107,LOC113837721,13,0.072321866,NC_048604.1,X,44476423
107,LOC113837712,14,0.072216796,NC_048604.1,X,64744168
107,Trnay-gua_9,15,-0.072203123,NC_048602.1,9,22427907
107,LOC113833455,16,-0.071799435,NW_023276806.1,1,5475878
107,LOC118237826,17,-0.07000854,NC_048596.1,3,116255463
107,LOC113836829,18,-0.066075628,NC_048600.1,7,63461020
107,LOC113834111,19,0.065797407,NC_048595.1,2,288143876
107,Trnar-ucg_5,20,0.065221075,NC_048600.1,7,128017797
107,LOC113835447,21,0.064778315,NC_048597.1,4,70361187
107,LOC113833681,22,0.063749188,NC_048595.1,2,164919988
107,LOC113834529,23,-0.063280422,NC_048595.1,2,377238543
107,Ankrd61,24,0.062557481,NC_048597.1,4,80337351
107,LOC113832735,25,-0.062181803,NW_023276807.1,1,230237845
107,LOC118239024,26,-0.062004538,NW_023276807.1,1,268139097
107,LOC103164370,27,0.061994467,NC_048599.1,6,120541166
107,LOC113833927,28,0.061910048,NC_048595.1,2,20945868
107,Mir3068,29,0.060439979,NC_048598.1,5,116364712
107,LOC113833116,30,0.059316664,NC_048595.1,2,413956046
107,LOC113837138,31,-0.059288423,NC_048601.1,8,15955316
107,LOC113831734,32,0.059110372,NC_048595.1,2,395006656
107,LOC107977878,33,0.058975265,NC_048596.1,3,51204479
107,LOC113836532,34,0.058376653,NC_048599.1,6,144677964
107,LOC113833052,35,-0.057543318,NW_023276806.1,1,144103957
107,LOC113837437,36,-0.057515327,NC_048603.1,10,16577900
107,LOC113832316,37,0.057273801,NC_048599.1,6,21142816
107,LOC113832994,38,-0.057178419,NC_048596.1,3,199783587
107,LOC113831478,39,-0.05689095,NC_048596.1,3,51369526
107,LOC113835100,40,0.056135004,NC_048596.1,3,91207014
107,Trnan-guu_11,41,-0.055982767,NW_023276806.1,1,60103597
107,Trnaq-uug,42,0.055930224,NC_048596.1,3,243615206
107,LOC113836617,43,-0.055498104,NC_048600.1,7,26701609
107,LOC113836325,44,0.055176636,NC_048599.1,6,154014866
107,LOC113835413,45,0.055042306,NC_048597.1,4,65822866
107,LOC113831476,46,-0.055000638,NC_048596.1,3,51370752
107,LOC113836576,47,0.05462107,NC_048600.1,7,111567514
107,LOC113837556,48,-0.05459222,NC_048604.1,X,29426863
107,LOC118239268,49,0.054105967,NC_048601.1,8,3415336
107,Spn,50,-0.054026395,NC_048596.1,3,73615356
107,LOC118237816,51,-0.053766043,NC_048599.1,6,120488327
107,Trnat-cgu,52,0.053694396,NC_048596.1,3,243611250
107,LOC113836709,53,-0.053548962,NC_048600.1,7,129252536
107,LOC113830993,54,-0.053449272,NC_048597.1,4,82671247
107,LOC113837438,55,0.053270981,NC_048603.1,10,16579761
107,Trnak-uuu_5,56,-0.052523026,NC_048596.1,3,244247882
107,LOC113834011,57,-0.052132847,NC_048595.1,2,61290482
107,LOC113836322,58,0.051836354,NC_048599.1,6,153119535
107,P2ry11,59,0.051300465,NC_048597.1,4,133763992
107,LOC113832687,60,-0.051160212,NW_023276807.1,1,224050088
108,Rarres2,1,0.080394,NC_048601.1,8,98691581
108,LOC113834403,2,0.074080513,NC_048595.1,2,106628517
108,Rcn2,3,0.073376623,NC_048597.1,4,167551140
108,LOC107977831,4,-0.068972444,NC_048601.1,8,76870921
108,LOC103159905,5,-0.062190636,NC_048596.1,3,264863114
108,LOC100760951,6,-0.059047152,NW_023276806.1,1,63384679
108,Col6a1,7,0.056028796,NW_023276806.1,1,262015908
108,LOC103159102,8,0.055896111,NC_048596.1,3,195638601
108,LOC103163846,9,0.052505607,NC_048604.1,X,119343846
108,Tmem144,10,-0.052065089,NW_023276806.1,1,74379603
108,Fn1,11,0.049586585,NC_048595.1,2,424970688
108,Arpp21,12,-0.048120607,NC_048597.1,4,219488477
108,LOC113834062,13,0.04793948,NC_048595.1,2,185366642
108,LOC100762336,14,0.047691967,NW_023276807.1,1,273773199
108,Mt1,15,0.047651918,NC_048596.1,3,170379906
108,Col18a1,16,0.047242221,NW_023276806.1,1,261677499
108,Arpp21_1,17,-0.046460616,NC_048597.1,4,219541498
108,LOC103163628,18,0.046370466,NW_023276806.1,1,204526646
108,Abca1,19,-0.046136789,NC_048595.1,2,90620776
108,LOC107978231,20,-0.04510083,NC_048596.1,3,225669444
108,Sulf2,21,-0.045093278,NC_048599.1,6,13266048
108,LOC100769497,22,0.045027224,NW_023276807.1,1,29878486
108,LOC103159449,23,0.044528608,NC_048597.1,4,33997738
108,LOC103158756,24,0.044476727,NC_048599.1,6,21482173
108,Tp53inp1,25,-0.04362553,NC_048595.1,2,125285550
108,Oasl,26,-0.043469703,NC_048597.1,4,94511795
108,LOC100757077,27,-0.043238529,NC_048596.1,3,280129751
108,Dzip1l,28,0.043192618,NC_048597.1,4,208033356
108,LOC100754872,29,-0.042439956,NW_023276807.1,1,156999749
108,LOC100773612,30,-0.042125897,NC_048595.1,2,292461133
108,Adgrg1,31,0.041845741,NC_048596.1,3,171200501
108,LOC118238648,32,-0.041395057,NC_048597.1,4,94488462
108,LOC103164400,33,0.040715009,NC_048595.1,2,400911468
108,LOC103162356,34,-0.040309077,NC_048600.1,7,20440331
108,F3,35,0.040292512,NW_023276806.1,1,36749216
108,LOC103163910,36,-0.04006334,NC_048600.1,7,26026480
108,Ntn4,37,-0.040035734,NW_023276806.1,1,159647673
108,LOC118238435,38,-0.039694688,NC_048595.1,2,447757163
108,Gh1,39,-0.039531199,NC_048600.1,7,119246509
108,Vnn1,40,0.039469618,NC_048595.1,2,243143574
108,LOC113834136,41,0.039326484,NC_048595.1,2,337472855
108,LOC103160608,42,0.038996218,NC_048595.1,2,60856654
108,Oat,43,0.038933541,NC_048596.1,3,68272487
108,Serpine1,44,0.038387106,NC_048597.1,4,116005130
108,LOC118239683,45,0.038097938,NW_023276807.1,1,214981872
108,Mllt11,46,0.037725588,NW_023276806.1,1,61275905
108,LOC100772574,47,0.037689798,NC_048596.1,3,271982949
108,Pacrgl,48,0.037684414,NW_023276807.1,1,116786175
108,LOC113832674,49,0.037572663,NW_023276807.1,1,231579147
108,Txnip,50,-0.0369091,NW_023276806.1,1,59939849
108,LOC100763249,51,0.036506632,NC_048595.1,2,246878721
108,Cdnf,52,-0.036282509,NC_048596.1,3,220808378
108,LOC103159589,53,-0.036027185,NC_048598.1,5,108127973
108,Sox4,54,-0.036024793,NC_048596.1,3,249666493
108,Medag,55,-0.035978575,NC_048597.1,4,85210489
109,Eef1a1,1,0.047271624,NC_048597.1,4,189545179
109,Actb,2,0.045919982,NC_048597.1,4,79470799
109,Fth1,3,0.044717194,NC_048596.1,3,50469662
109,Hspa8,4,0.042262312,NC_048597.1,4,152445390
109,Eif5a,5,0.041784975,NC_048600.1,7,83766997
109,LOC100754792,6,0.040870907,NW_023276807.1,1,31885762
109,Atp5f1b,7,0.039611395,NW_023276806.1,1,129779781
109,Cfl1,8,0.038517661,NC_048596.1,3,53847675
109,Hsp90aa1,9,0.038137841,NC_048598.1,5,183325582
109,Eif3b,10,0.03791644,NC_048597.1,4,77052142
109,Cct7,11,0.037396832,NC_048601.1,8,75257616
109,LOC100765757,12,0.037287219,NC_048597.1,4,169145258
109,LOC113830659,13,0.036858908,NC_048595.1,2,6125815
109,Aldoa,14,0.036300074,NC_048596.1,3,73942274
110,Rn45s,1,0.104337151,NC_048600.1,7,134357488
110,Ccnd2,2,0.103095381,NC_048601.1,8,19297173
110,LOC113839000,3,0.09710107,NW_023276990.1,U,44672
110,LOC103159579,4,-0.082276219,NC_048595.1,2,455547684
110,S100a16,5,-0.080813716,NW_023276806.1,1,64009793
110,LOC103160608,6,-0.071830888,NC_048595.1,2,60856654
110,LOC118239683,7,-0.070905678,NW_023276807.1,1,214981872
110,Evl,8,0.064837692,NC_048598.1,5,186085911
110,Rab38,9,-0.060749966,NC_048596.1,3,110521555
110,Dpt,10,0.058794091,NC_048598.1,5,27552951
110,LOC100753467,11,-0.058703294,NW_023276807.1,1,24692698
110,LOC103159353,12,-0.057782841,NW_023276807.1,1,183092120
110,Rn5-8s,13,0.057404713,NW_023276990.1,U,11530
110,LOC103159033,14,-0.055683912,NC_048603.1,10,31517215
110,LOC100769715,15,-0.05548064,NC_048596.1,3,169378122
110,Rgs16,16,0.05413027,NC_048598.1,5,37959697
110,LOC107979981,17,-0.054015195,NC_048599.1,6,47499186
110,Resf1,18,0.053104754,NC_048601.1,8,364059
110,Pcgf6,19,-0.05300751,NC_048596.1,3,14498086
110,LOC118238522,20,0.05260311,NC_048596.1,3,14080108
110,LOC113837124,21,0.052252848,NC_048601.1,8,8803433
110,LOC100768921,22,0.052149215,NW_023276806.1,1,189740239
110,LOC103161182,23,-0.051913972,NW_023276807.1,1,101819380
110,Trnas-gcu_1,24,-0.051280994,NC_048596.1,3,54249518
110,LOC103161500,25,-0.0507182,NC_048600.1,7,23922319
110,Sspn,26,0.050483702,NC_048601.1,8,3695999
110,CUNH16orf89,27,-0.050353626,NC_048600.1,7,41470378
110,LOC113836601,28,-0.050330193,NC_048600.1,7,23934809
111,Pdpn,1,0.140221307,NC_048595.1,2,9912742
111,Lum,2,-0.098534103,NW_023276806.1,1,163392996
111,LOC113837466,3,0.09770224,NC_048603.1,10,25568102
111,Pirt,4,0.096272375,NC_048600.1,7,80795999
111,LOC107979021,5,0.095900342,NC_048599.1,6,30505070
111,LOC100769145,6,-0.088078712,NC_048596.1,3,169461212
111,LOC100754646,7,0.08386924,NW_023276806.1,1,63447403
111,Fabp4,8,0.083857493,NC_048595.1,2,137723467
111,LOC107979337,9,0.083428232,NW_023276807.1,1,155459065
111,LOC113830878,10,0.082928845,NC_048601.1,8,2348886
111,LOC113836383,11,0.081716997,NC_048599.1,6,30471270
111,Prrx1,12,0.079117985,NC_048598.1,5,28911874
111,LOC103164015,13,0.07693675,NC_048595.1,2,341555126
111,LOC100759078,14,0.076238162,NW_023276807.1,1,155311794
111,LOC118239359,15,0.076131871,NC_048603.1,10,25595906
111,LOC100754872,16,0.073643392,NW_023276807.1,1,156999749
111,Angpt4,17,-0.072008573,NC_048599.1,6,28071763
111,Gem,18,-0.071254598,NC_048595.1,2,125839286
111,LOC113834379,19,0.07049669,NC_048595.1,2,90533227
111,Adam19,20,0.069933706,NC_048600.1,7,60617485
111,C1qtnf1,21,0.068795994,NC_048600.1,7,130975192
111,Col12a1,22,-0.06780142,NC_048597.1,4,190530489
111,C1H12orf75,23,0.06728124,NW_023276806.1,1,151656367
111,LOC107979981,24,0.06581756,NC_048599.1,6,47499186
111,LOC103159982,25,0.065246985,NC_048598.1,5,69336328
111,Il19,26,0.064606644,NC_048598.1,5,58038778
111,LOC100768654,27,-0.064367386,NC_048596.1,3,40514744
111,Cnksr1,28,0.064051061,NC_048595.1,2,19073703
111,Tp63,29,0.063795616,NC_048597.1,4,63108943
111,LOC103161308,30,0.063791183,NW_023276806.1,1,32237273
111,Mir147,31,0.06297694,NC_048599.1,6,55885113
111,Ccbe1,32,0.062457742,NC_048595.1,2,173042610
111,LOC100760951,33,0.061989417,NW_023276806.1,1,63384679
111,LOC107977033,34,-0.061233787,NC_048599.1,6,139575628
111,Vegfd,35,-0.060935654,NC_048604.1,X,99432160
111,Dpt,36,-0.059840466,NC_048598.1,5,27552951
111,Tnfsf4,37,0.059107969,NC_048598.1,5,30664422
111,Igf2bp3,38,0.058833486,NC_048601.1,8,92129672
111,LOC113835080,39,0.057373142,NC_048596.1,3,89969333
111,LOC100754693,40,0.056876956,NW_023276806.1,1,165760127
111,LOC118238818,41,0.056776217,NC_048598.1,5,2975757
112,LOC100773771,1,0.122223516,NC_048599.1,6,83933114
112,LOC113838319,2,0.114124088,NC_048601.1,8,59606168
112,Megf10,3,-0.093378117,NC_048595.1,2,181655041
112,LOC103160274,4,0.092756084,NC_048602.1,9,23920508
112,LOC103158925,5,0.090902179,NC_048603.1,10,29669181
112,LOC103158717,6,0.086184064,NW_023276862.1,U,16765
112,Tnc,7,-0.086151001,NC_048595.1,2,81846787
112,Clec4f,8,0.084675134,NC_048601.1,8,57672012
112,Ccdc190,9,0.081094358,NC_048598.1,5,22847463
112,LOC107978394,10,0.079928375,NW_023276807.1,1,82420592
112,LOC103161381,11,-0.07814862,NC_048595.1,2,458649047
112,LOC103159033,12,0.075888415,NC_048603.1,10,31517215
112,LOC118238272,13,-0.075121463,NC_048595.1,2,750025
112,LOC113833429,14,0.072882906,NW_023276806.1,1,272419609
112,LOC113834277,15,-0.072653251,NC_048603.1,10,3130047
112,LOC113833786,16,-0.069263807,NC_048595.1,2,141346251
112,Pde1c,17,0.068641074,NC_048601.1,8,84951657
112,LOC118238398,18,0.065464063,NC_048595.1,2,348527933
112,LOC113833681,19,-0.065037746,NC_048595.1,2,164919988
112,LOC103159587,20,0.064371513,NC_048598.1,5,107692096
112,Brinp3,21,0.063068749,NC_048598.1,5,44052487
112,LOC113834042,22,-0.063054469,NC_048595.1,2,202558922
112,LOC113834284,23,-0.062768376,NC_048603.1,10,4551636
112,LOC103159564,24,0.061766084,NC_048600.1,7,95741892
112,LOC118239375,25,0.060937615,NC_048603.1,10,30114846
112,LOC100772540,26,0.060509114,NC_048601.1,8,98539902
112,LOC118238893,27,0.059080124,NC_048598.1,5,107685410
112,LOC113837864,28,0.058837923,NW_023277088.1,U,27078
112,LOC100754835,29,-0.057924159,NC_048604.1,X,3178996
112,Tcim,30,-0.056948561,NW_023276807.1,1,59365803
112,Bpifa3,31,0.056933982,NC_048599.1,6,25495859
112,LOC107979589,32,0.056257189,NW_023276807.1,1,137666725
112,LOC113833702,33,-0.055874962,NC_048598.1,5,31027683
112,LOC100771813,34,0.055700553,NC_048604.1,X,9744099
112,LOC113831598,35,-0.053440031,NW_023277425.1,U,55432
112,LOC113832863,36,0.052874049,NW_023276806.1,1,198480440
112,Fmo2,37,0.052235684,NC_048598.1,5,29260293
112,LOC107978189,38,0.052020768,NW_023276807.1,1,62968380
112,LOC100761793,39,0.050781476,NC_048599.1,6,86484324
112,LOC103161223,40,-0.050700911,NC_048595.1,2,443882681
112,Hvcn1,41,-0.050695758,NC_048597.1,4,102038256
112,LOC118238100,42,0.050321232,NC_048603.1,10,19666904
112,LOC103158764,43,-0.050196243,NC_048595.1,2,226200619
112,Adgrg2,44,-0.049560822,NC_048604.1,X,95364901
112,LOC100762389,45,-0.049550288,NC_048596.1,3,95189074
112,LOC103160471,46,-0.049240942,NW_023276806.1,1,223950651
112,Flnc,47,0.048264756,NW_023276806.1,1,198358447
112,LOC103164274,48,-0.047499367,NC_048597.1,4,47669981
112,LOC103159353,49,0.047498627,NW_023276807.1,1,183092120
112,Arhgef16,50,-0.047181936,NC_048595.1,2,2007511
112,Il21,51,0.047085264,NW_023276806.1,1,112488298
112,Pvrig,52,0.046913937,NW_023277414.1,U,75845
112,Unc5d,53,0.046896969,NW_023276807.1,1,55014143
112,LOC107978855,54,-0.046855596,NC_048599.1,6,113795257
112,Hsd11b1,55,-0.046809056,NC_048598.1,5,1965648
112,LOC118238249,56,0.045797923,NC_048595.1,2,329930032
112,LOC113835640,57,0.045666652,NC_048597.1,4,4374407
112,LOC113837354,58,-0.045089197,NC_048602.1,9,26823445
112,LOC113835267,59,-0.045070385,NC_048597.1,4,133761196
112,Slc6a13,60,0.045047311,NC_048601.1,8,23569175
112,LOC113836505,61,-0.044852123,NC_048599.1,6,12379027
112,LOC103160386,62,0.044322145,NC_048595.1,2,293585605
112,Tmem176a,63,-0.044222528,NC_048601.1,8,98408602
112,Add2,64,0.044198541,NC_048601.1,8,57817163
112,LOC118239581,65,0.0435237,NW_023276806.1,1,115724143
112,Fam13c,66,-0.043479492,NW_023276806.1,1,267180234
112,LOC107977223,67,0.043216689,NC_048596.1,3,202882484
113,Podnl1,1,0.095838953,NC_048596.1,3,160287053
113,S100a16,2,0.082003646,NW_023276806.1,1,64009793
113,Ddit4l,3,0.073935232,NW_023276806.1,1,21984001
113,Ncf4,4,0.07090347,NC_048595.1,2,375359026
113,LOC113836845,5,-0.069136127,NC_048600.1,7,100635975
113,Il33,6,0.06595147,NC_048596.1,3,31453917
113,Prr5,7,0.065185554,NC_048595.1,2,381517986
113,Pglyrp2,8,0.063817945,NC_048598.1,5,99316016
113,Fabp4,9,0.063128052,NC_048595.1,2,137723467
113,Inhbb,10,0.062639013,NC_048598.1,5,69089332
113,Mpeg1,11,0.060859783,NC_048596.1,3,48155816
113,Spn,12,0.060216845,NC_048596.1,3,73615356
113,Mogat2,13,0.059588478,NC_048596.1,3,100310250
113,LOC118237888,14,0.058740222,NC_048595.1,2,10104942
113,Ca3,15,0.058723541,NC_048595.1,2,134238180
113,LOC100768367,16,0.058352139,NC_048596.1,3,40683614
113,Sh3tc1,17,0.057980397,NW_023276807.1,1,104722498
113,LOC118238608,18,0.057764107,NC_048596.1,3,245664887
113,LOC100769255,19,-0.056900667,NC_048595.1,2,36597988
113,Cd36,20,-0.055881377,NW_023276806.1,1,176252535
113,LOC118238818,21,-0.05579106,NC_048598.1,5,2975757
113,LOC103159176,22,0.055426351,NW_023276806.1,1,165606563
113,Mttp,23,0.054944641,NW_023276806.1,1,21493710
113,LOC113833804,24,0.054190975,NC_048595.1,2,150497646
113,Vcam1,25,0.053587676,NW_023276806.1,1,42091634
113,Cavin4,26,0.053329807,NC_048595.1,2,94723721
113,LOC100767530,27,0.052930698,NW_023276806.1,1,49133283
113,S100a4,28,0.052463007,NW_023276806.1,1,63942758
113,B3gnt3,29,0.051823354,NW_023276806.1,1,248068828
113,LOC100760157,30,0.05171053,NW_023276806.1,1,221402752
113,Ecm1,31,0.051074717,NW_023276806.1,1,60767149
114,Adam8,1,0.149732074,NC_048596.1,3,60960076
114,Ldha,2,0.096346177,NC_048596.1,3,145001207
114,CUNH20orf202,3,-0.074556717,NC_048599.1,6,28343928
114,Spp1,4,-0.071275443,NW_023276807.1,1,166251805
114,LOC100762719,5,0.071010582,NC_048601.1,8,89111185
114,LOC100759681,6,-0.067986083,NC_048597.1,4,150610025
114,LOC107976981,7,-0.065653558,NC_048597.1,4,150547499
114,LOC113836198,8,-0.064590206,NC_048598.1,5,100783489
114,Apobr,9,0.063568441,NC_048596.1,3,74193496
114,LOC100768899,10,-0.06324994,NC_048595.1,2,280983634
114,Mmp12,11,0.062660591,NC_048597.1,4,121849979
114,LOC113834942,12,0.061906824,NC_048596.1,3,56228585
114,LOC113839136,13,-0.060592885,NW_023277062.1,U,27332
114,Trnad-guc_7,14,-0.057363965,NC_048598.1,5,21778848
114,Hoxa9,15,0.057358217,NC_048601.1,8,89119788
114,LOC113835123,16,-0.056919663,NC_048596.1,3,151200471
114,LOC118239202,17,-0.055783874,NW_023276806.1,1,60139979
114,LOC100760951,18,0.054581852,NW_023276806.1,1,63384679
114,LOC113838088,19,0.054341938,NW_023276947.1,U,50732
114,LOC113837845,20,0.053201404,NW_023277415.1,U,60131
114,Nedd9,21,-0.05142146,NC_048596.1,3,260970731
114,Tmem40,22,0.051021962,NC_048601.1,8,29090522
114,LOC113830641,23,-0.050462538,NC_048596.1,3,95363038
114,LOC113837769,24,0.049965069,NC_048604.1,X,118273950
114,Acta2,25,0.049785766,NC_048596.1,3,27509683
114,LOC113831885,26,0.049338076,NC_048596.1,3,102909405
114,LOC113833681,27,0.049228064,NC_048595.1,2,164919988
114,Thbs1,28,0.049209703,NC_048599.1,6,60390487
115,LOC118239062,1,0.124223014,NC_048599.1,6,117610651
115,LOC100754039,2,-0.112835714,NC_048598.1,5,104055665
115,Spag4,3,0.11224223,NC_048599.1,6,23513547
115,Trnaq-uug_3,4,0.108526533,NC_048600.1,7,109014419
115,LOC113831048,5,0.107851881,NC_048596.1,3,97592406
115,Rasl10a,6,0.105223898,NW_023276807.1,1,99837700
115,LOC103163071,7,0.104530454,NC_048597.1,4,216775111
115,Slc35g6,8,0.102249123,NC_048600.1,7,83609830
115,Mir1224,9,0.102192415,NC_048597.1,4,68043885
115,LOC113835034,10,0.101655216,NC_048596.1,3,277167577
115,Ptger1,11,0.089480639,NC_048596.1,3,160748539
115,Map3k15,12,0.08907098,NC_048604.1,X,94974001
115,Spata21,13,0.086914186,NC_048595.1,2,12136298
115,Tvp23a,14,0.085366208,NC_048600.1,7,35954
115,Lrrc2,15,0.084306435,NC_048597.1,4,218448695
115,LOC118237919,16,0.083287591,NW_023276806.1,1,36244753
115,Nrip2,17,0.082977165,NC_048601.1,8,18001838
115,LOC103161546,18,-0.082371116,NC_048595.1,2,23222299
115,LOC100755188,19,0.081704895,NC_048599.1,6,89965403
115,Rec8,20,0.081457947,NW_023276807.1,1,210825048
115,Pcif1,21,-0.080844402,NC_048599.1,6,14534989
115,Stkld1,22,0.080467029,NC_048599.1,6,138615688
115,Lgals2,23,0.076560097,NC_048595.1,2,375949026
115,Bricd5,24,0.075941944,NC_048600.1,7,44061587
115,Ppp1r27,25,0.074027808,NC_048600.1,7,133039604
115,Apcdd1l,26,0.073844076,NC_048599.1,6,5206361
115,LOC113836270,27,-0.073661361,NC_048599.1,6,100381838
115,LOC113837724,28,0.072842702,NC_048604.1,X,45494138
115,LOC118239052,29,0.072630484,NC_048599.1,6,27172324
115,Serinc4,30,0.072142599,NC_048599.1,6,56961089
115,LOC100766101,31,-0.071177378,NC_048597.1,4,115112456
115,Grin3b,32,0.070029245,NC_048598.1,5,100765676
115,Sdr39u1,33,0.069802039,NW_023276807.1,1,211088515
115,Cracr2b,34,0.069775404,NC_048596.1,3,59718756
115,LOC118239287,35,-0.068071566,NC_048601.1,8,74414162
115,Rnf25,36,-0.067761004,NC_048595.1,2,427835382
115,LOC118238892,37,0.066919228,NC_048598.1,5,29327672
115,LOC113833723,38,0.0667914,NC_048595.1,2,7781734
115,LOC113834776,39,0.064443767,NC_048596.1,3,32219390
115,Tm6sf1,40,0.064398705,NC_048596.1,3,115668684
115,LOC100770654,41,0.063793231,NC_048595.1,2,7792594
115,Prodh,42,0.062586282,NC_048597.1,4,71175995
115,Kcng2,43,0.062258848,NC_048595.1,2,235014044
115,LOC113835951,44,0.062238867,NW_023276806.1,1,60310412
115,LOC118237936,45,-0.061823012,NC_048599.1,6,121932804
115,Dipk1a,46,0.061684276,NC_048600.1,7,2673450
115,Klhl34,47,0.060936143,NC_048604.1,X,92959711
115,Trnak-cuu_14,48,0.060822579,NC_048596.1,3,47515033
115,Rhoq,49,-0.060538856,NC_048598.1,5,88603311
115,Trnay-gua_4,50,0.060079774,NC_048596.1,3,244717139
115,LOC103159909,51,0.06004063,NC_048597.1,4,58611385
115,Ddb2,52,0.058200518,NC_048599.1,6,85528402
115,Card14,53,0.057857991,NC_048600.1,7,131858176
115,LOC103162003,54,-0.057803662,NC_048595.1,2,386116818
115,Mir1956,55,0.057792385,NW_023276806.1,1,21052843
115,Tmem220,56,0.057665471,NC_048600.1,7,80898224
115,LOC118239024,57,0.057495007,NW_023276807.1,1,268139097
115,LOC113836702,58,-0.056396733,NC_048600.1,7,120708334
115,Stub1,59,-0.054847648,NC_048600.1,7,45447557
115,CUNH17orf49,60,-0.054768916,NC_048600.1,7,84060138
115,LOC118238272,61,-0.054171425,NC_048595.1,2,750025
115,Cmbl,62,0.05405309,NC_048595.1,2,361709469
115,LOC113833549,63,-0.053893864,NC_048595.1,2,379977440
115,Fancd2os,64,0.053413298,NC_048601.1,8,31196570
115,LOC118239369,65,0.053294103,NC_048603.1,10,14531632
115,Ddx49,66,-0.052879857,NW_023276806.1,1,248669456
115,LOC113833019,67,0.052313733,NW_023276806.1,1,129516140
115,LOC113833653,68,0.051715358,NC_048595.1,2,386000827
115,LOC118239729,69,0.051534023,NW_023276807.1,1,75394276
115,LOC100773455,70,-0.051204735,NW_023276806.1,1,232219341
115,Isg15,71,-0.051042556,NC_048595.1,2,122790
115,LOC113831658,72,-0.05070818,NC_048595.1,2,443300178
115,Mir30b,73,0.050069262,NC_048603.1,10,20396947
115,LOC103159724,74,0.049646907,NC_048595.1,2,453284127
115,Gpatch4,75,-0.049358464,NW_023276806.1,1,66416706
115,LOC118238370,76,0.048855215,NC_048595.1,2,283288168
115,Sds,77,0.048791167,NC_048597.1,4,100291323
115,LOC113835824,78,0.048754794,NC_048598.1,5,183279969
115,C2H22orf23,79,0.048578841,NC_048595.1,2,376256987
115,LOC113832416,80,0.048543465,NW_023276807.1,1,98449149
115,C1rl,81,-0.048482254,NC_048601.1,8,21791664
115,Smpd3,82,0.048379814,NC_048596.1,3,182577648
115,LOC100768504,83,0.047901177,NC_048601.1,8,21555955
115,Atp6v1c2,84,0.047697631,NC_048600.1,7,26452926
115,Lctl,85,0.047274279,NC_048597.1,4,175661761
115,LOC113832752,86,0.047203025,NW_023276807.1,1,143653031
115,Abhd1,87,0.047071415,NC_048600.1,7,13422386
115,Morn3,88,0.04688106,NC_048597.1,4,102839136
115,LOC113831371,89,0.046738836,NC_048600.1,7,91642849
115,Higd1b,90,0.046510441,NC_048600.1,7,115285108
115,Ccdc125,91,0.046292337,NC_048595.1,2,319177423
115,Ccdc39,92,0.046144937,NW_023276806.1,1,115617515
115,LOC118238307,93,0.045926462,NC_048595.1,2,58700576
115,LOC103164270,94,-0.045858543,NW_023277414.1,U,7857
115,Nnat,95,0.045535585,NC_048599.1,6,21978964
115,LOC113836929,96,-0.045283769,NC_048601.1,8,21558723
115,Bbs2,97,0.044607684,NC_048596.1,3,170253801
115,Klhdc9,98,0.044504128,NC_048598.1,5,21538774
115,LOC113834997,99,0.044362778,NC_048600.1,7,102121167
115,LOC118238917,100,0.044360612,NC_048598.1,5,82659263
115,Rhoc,101,-0.044336473,NW_023276806.1,1,52181026
115,LOC113833833,102,0.04423515,NC_048595.1,2,34439928
115,LOC107980199,103,0.044216988,NW_023276806.1,1,12654586
115,LOC113834903,104,0.043888748,NC_048596.1,3,274129313
115,Bcl2l1,105,-0.043752779,NC_048599.1,6,27176202
115,Cebpzos,106,-0.043573074,NC_048600.1,7,5125082
115,LOC118238290,107,0.043513842,NC_048595.1,2,23310019
115,Hyal2,108,-0.042935116,NC_048597.1,4,215751882
115,Pdzk1,109,0.042658618,NW_023276806.1,1,59628182
115,LOC118239065,110,0.042221155,NC_048599.1,6,1352405
115,Crip1,111,-0.041965761,NC_048598.1,5,180898179
115,LOC118239612,112,0.041834926,NW_023276807.1,1,100637516
115,Foxp3,113,0.041461217,NC_048604.1,X,114055039
115,LOC107978069,114,0.041028765,NC_048595.1,2,41208725
115,Phykpl,115,0.040587241,NC_048600.1,7,65857957
115,LOC118238499,116,0.040501146,NC_048596.1,3,168060708
115,LOC107978991,117,-0.04041604,NC_048595.1,2,282843312
115,LOC113835819,118,0.040077999,NC_048598.1,5,106012
116,LOC113835564,1,0.072971562,NC_048597.1,4,175720664
116,Mir125b-2,2,0.064934238,NC_048597.1,4,153247346
116,LOC113831414,3,0.062687235,NC_048596.1,3,203777420
116,LOC113833687,4,-0.060854802,NC_048598.1,5,31031386
116,LOC113834983,5,0.059518984,NC_048596.1,3,51210276
116,LOC113831374,6,-0.059123832,NC_048600.1,7,91573215
116,LOC118239162,7,0.058064672,NC_048600.1,7,130971618
116,LOC113834529,8,-0.056744483,NC_048595.1,2,377238543
116,Mir23a,9,0.055789934,NC_048596.1,3,160211611
116,LOC113834712,10,0.055104978,NC_048596.1,3,186203757
116,LOC113832632,11,0.053168423,NC_048600.1,7,82946366
116,Trnac-gca_5,12,0.053101665,NC_048600.1,7,110942005
116,LOC113835448,13,0.052911901,NC_048597.1,4,36046545
116,Trnaa-agc_4,14,0.052541878,NC_048596.1,3,243573187
116,LOC113832495,15,0.052541734,NW_023276806.1,1,231689051
117,Cd99,1,0.23525725,NW_023277415.1,U,377
117,LOC100753456,2,0.212981166,NW_023276808.1,U,8824831
117,LOC103158763,3,0.197131688,NW_023276808.1,U,7084861
117,LOC100762789,4,0.155264149,NW_023276808.1,U,8853008
117,LOC113837845,5,0.149225954,NW_023277415.1,U,60131
117,LOC113838854,6,0.141903147,NW_023277415.1,U,14826
117,LOC113838852,7,0.141683559,NW_023277415.1,U,10421
117,LOC113838082,8,0.13558275,NW_023276849.1,U,77377
117,LOC113839076,9,0.120567008,NW_023276808.1,U,5988468
117,LOC113838541,10,0.117648049,NW_023276919.1,U,9897515
117,LOC113838539,11,0.115146142,NW_023276919.1,U,9912854
117,LOC107977549,12,0.112187795,NW_023276919.1,U,9932220
117,LOC113838105,13,0.110433651,NW_023276808.1,U,8824518
117,LOC113838971,14,0.106699284,NW_023277422.1,U,20896
117,LOC113839047,15,0.105627288,NW_023277422.1,U,110010
117,LOC113837915,16,0.103906545,NW_023276824.1,U,55405
117,LOC113838538,17,0.101347974,NW_023276919.1,U,9885008
117,LOC113838537,18,0.097238553,NW_023276919.1,U,9878922
117,LOC113838677,19,0.097034198,NW_023277424.1,U,42398
117,LOC118239790,20,0.096453245,NW_023276877.1,U,69644
117,LOC113831860,21,0.080463099,NW_023276955.1,U,39692
117,LOC113838916,22,0.076658691,NW_023276950.1,U,15991
117,LOC113838855,23,0.073782298,NW_023277415.1,U,27389
117,Fabp4,24,0.072057053,NC_048595.1,2,137723467
117,LOC118239828,25,0.065440217,NW_023277415.1,U,59117
117,LOC103162695,26,0.063212119,NW_023276808.1,U,8883499
117,LOC113837977,27,0.063198068,NW_023276822.1,U,35041
118,Spp1,1,0.070716948,NW_023276807.1,1,166251805
118,Pltp,2,0.067702524,NC_048599.1,6,14569334
118,B2m,3,0.058650341,NC_048599.1,6,56286745
118,Pros1,4,0.056987947,NC_048597.1,4,30268288
118,Itm2b,5,0.056654312,NW_023276807.1,1,227861136
118,Aebp1,6,0.055898893,NW_023276807.1,1,98964121
118,Gpnmb,7,0.055030097,NC_048601.1,8,92295270
118,Hpse,8,0.054406263,NW_023276807.1,1,162740381
118,LOC100768693,9,0.05271201,NC_048596.1,3,281976547
118,Ctsa,10,0.051481007,NC_048599.1,6,14586915
118,Aplp2,11,0.050231201,NC_048597.1,4,143602363
118,Rnaset2,12,0.05019751,NC_048595.1,2,292418959
118,Sparc,13,0.049615922,NC_048600.1,7,69583734
118,Lgals3bp,14,0.049493644,NC_048600.1,7,130936832
118,Gm2a,15,0.049288573,NC_048600.1,7,69289292
119,Mir1973,1,0.106181007,NC_048603.1,10,16495623
119,LOC113835510,2,0.101855599,NC_048597.1,4,97870482
119,LOC113834848,3,0.097873512,NC_048596.1,3,545123
119,LOC113835840,4,0.090656993,NC_048598.1,5,182488973
119,LOC113831966,5,0.088792849,NW_023277109.1,U,4449
119,LOC118239159,6,-0.084282742,NC_048600.1,7,46606242
119,LOC113837769,7,0.082712883,NC_048604.1,X,118273950
119,LOC113834698,8,0.082691404,NC_048596.1,3,185216017
119,LOC113834109,9,0.081427346,NC_048595.1,2,287511816
119,Mir1949,10,0.078632531,NC_048595.1,2,201953973
119,LOC113835822,11,0.078538458,NC_048598.1,5,2471933
119,Mir664,12,0.076411358,NC_048598.1,5,9458805
119,LOC113836222,13,0.07414062,NC_048598.1,5,147573323
119,LOC113836734,14,0.073315098,NC_048600.1,7,2669609
119,LOC113835408,15,0.072734377,NC_048597.1,4,71016234
119,LOC113832414,16,0.070612112,NW_023276807.1,1,98347425
119,LOC113831553,17,0.06878751,NC_048596.1,3,57846412
119,LOC113833231,18,0.06783392,NW_023276806.1,1,60349878
119,LOC113832735,19,0.067533113,NW_023276807.1,1,230237845
119,LOC113836616,20,0.067063882,NC_048600.1,7,26444694
119,LOC113834111,21,0.066613065,NC_048595.1,2,288143876
119,LOC113830962,22,0.065794837,NC_048599.1,6,143953640
119,LOC113834847,23,0.065475162,NC_048596.1,3,546195
119,LOC113836712,24,0.065438903,NC_048600.1,7,128747075
119,LOC100689270,25,0.065389036,NC_048597.1,4,152448062
119,LOC113830966,26,0.065326045,NC_048604.1,X,1446116
119,LOC113837330,27,0.064900821,NC_048602.1,9,10600535
119,LOC113837232,28,0.064359076,NC_048602.1,9,7536389
119,Trnag-gcc_3,29,0.063906887,NC_048596.1,3,244092501
119,LOC113831801,30,0.062851532,NW_023277109.1,U,3412
119,LOC113836857,31,0.062745912,NC_048600.1,7,100648813
119,LOC113834710,32,0.06174921,NC_048596.1,3,171938061
119,LOC113833013,33,0.061626842,NC_048595.1,2,35263170
119,LOC113832418,34,0.060987255,NW_023276807.1,1,86218080
119,LOC113835076,35,0.060919498,NC_048596.1,3,270595910
119,LOC113830871,36,0.059998361,NC_048595.1,2,6904447
120,LOC113831472,1,0.074852045,NC_048596.1,3,51369771
120,LOC113835453,2,0.071170782,NC_048597.1,4,67968329
120,Trnae-uuc,3,-0.069131272,NC_048596.1,3,139420167
120,LOC113836709,4,0.068520452,NC_048600.1,7,129252536
120,LOC113835099,5,0.067372852,NC_048596.1,3,91206000
120,LOC113833147,6,-0.066518475,NW_023276806.1,1,65843881
120,LOC113835100,7,-0.065803661,NC_048596.1,3,91207014
120,LOC107977878,8,0.065676806,NC_048596.1,3,51204479
120,Trnar-ucu_2,9,0.06492488,NC_048598.1,5,19603355
120,Mir6092,10,0.064896191,NC_048600.1,7,133651933
120,Mirlet7f,11,0.063282684,NC_048596.1,3,268320510
120,LOC113832587,12,-0.061979942,NW_023276807.1,1,170200367
120,LOC113835627,13,0.060971513,NC_048597.1,4,227219077
120,LOC113834367,14,0.05960994,NC_048595.1,2,243059962
120,LOC113832318,15,0.059345234,NC_048599.1,6,22616633
120,LOC113834714,16,0.058378648,NC_048596.1,3,187238786
120,LOC113832306,17,0.058032646,NW_023276807.1,1,8687365
120,Trnas-gcu_3,18,0.057823762,NC_048596.1,3,244328440
120,LOC113836710,19,0.057809107,NC_048600.1,7,129254600
120,LOC113832634,20,0.057756285,NC_048600.1,7,83514590
120,LOC113836316,21,-0.05750612,NC_048599.1,6,154013811
120,LOC113837101,22,0.057254132,NC_048601.1,8,92636747
120,LOC113836865,23,0.056930812,NC_048600.1,7,100546015
120,Trnad-guc_6,24,0.055575902,NC_048598.1,5,21764785
120,LOC113835566,25,0.055390635,NC_048597.1,4,175721080
120,Trnar-acg_1,26,0.054759162,NC_048596.1,3,244364589
120,LOC113836702,27,0.054585037,NC_048600.1,7,120708334
120,Trnap-agg_1,28,0.054115976,NC_048596.1,3,244728037
120,LOC113834219,29,0.053467983,NC_048595.1,2,339098338
120,LOC113832860,30,0.05277008,NW_023276806.1,1,192705969
120,LOC113835704,31,0.052636798,NC_048597.1,4,114243324
120,LOC113833406,32,0.052169142,NW_023276806.1,1,248119690
120,Dpm3,33,0.052079445,NW_023276806.1,1,65285786
120,LOC113832034,34,-0.051978152,NC_048600.1,7,111795225
120,LOC118238393,35,-0.051826594,NC_048595.1,2,337469715
120,LOC113835408,36,0.051098525,NC_048597.1,4,71016234
120,LOC113835562,37,-0.050740998,NC_048597.1,4,175721561
120,Mir10b,38,0.049850123,NC_048599.1,6,100368175
120,LOC113831442,39,0.049191513,NC_048599.1,6,136900195
120,Trnah-gug_7,40,-0.04897646,NW_023276806.1,1,60074801
120,LOC103161562,41,0.048217255,NC_048598.1,5,123181220
120,LOC113833913,42,0.047861375,NC_048595.1,2,22448121
120,Trnak-cuu_49,43,0.047739016,NC_048603.1,10,8143780
120,LOC113833143,44,0.047136372,NW_023276806.1,1,68282971
120,LOC113836713,45,0.04684069,NC_048600.1,7,122315923
120,LOC107977815,46,0.046669859,NW_023276807.1,1,225009246
120,Trnak-cuu_30,47,0.046601292,NC_048598.1,5,142100024
121,LOC118239683,1,0.112801985,NW_023276807.1,1,214981872
121,Fabp4,2,-0.110533577,NC_048595.1,2,137723467
121,LOC113833685,3,-0.083361591,NC_048598.1,5,31028623
121,Colq,4,-0.075677299,NW_023276807.1,1,187567146
121,Id2,5,-0.069554337,NC_048600.1,7,27970665
121,Ldha,6,-0.069256994,NC_048596.1,3,145001207
121,LOC103163886,7,-0.066215897,NC_048597.1,4,228827490
121,LOC113834933,8,-0.064917195,NC_048596.1,3,273578284
121,LOC113833723,9,-0.064790474,NC_048595.1,2,7781734
121,LOC118239712,10,-0.062475734,NW_023276807.1,1,27781819
121,LOC113833009,11,0.062421763,NC_048595.1,2,35262614
121,LOC100769250,12,0.061350419,NC_048596.1,3,181292503
121,LOC118239347,13,0.06134128,NC_048602.1,9,8549149
121,Trnan-guu_11,14,-0.059842991,NW_023276806.1,1,60103597
121,Nrg4,15,-0.059716693,NC_048597.1,4,166833081
121,LOC113831472,16,0.059487958,NC_048596.1,3,51369771
121,LOC118239432,17,0.059308843,NC_048604.1,X,1653556
121,LOC113834219,18,0.058860505,NC_048595.1,2,339098338
121,Igf2bp2,19,-0.054871673,NC_048597.1,4,66742574
121,Ccbe1,20,-0.054595437,NC_048595.1,2,173042610
121,LOC100771813,21,-0.053166216,NC_048604.1,X,9744099
121,Isg15,22,-0.051337169,NC_048595.1,2,122790
121,Tmem176b,23,0.051114993,NC_048601.1,8,98412720
121,B4galt1,24,0.049859084,NC_048595.1,2,101759735
121,CUNH20orf202,25,0.049458323,NC_048599.1,6,28343928
121,C3,26,0.049383507,NC_048598.1,5,96252915
121,LOC100751053,27,-0.048945311,NC_048597.1,4,162253090
121,LOC107980197,28,0.048921091,NC_048599.1,6,55363357
121,Mir92a,29,0.048680142,NW_023276807.1,1,265329206
122,LOC113833913,1,0.091618403,NC_048595.1,2,22448121
122,LOC118238367,2,0.060519668,NC_048595.1,2,282078959
122,LOC113831478,3,-0.058942268,NC_048596.1,3,51369526
122,LOC118239681,4,-0.058511941,NW_023276807.1,1,40534596
123,LOC113834565,1,0.093133827,NC_048596.1,3,73696016
123,LOC100755733,2,0.086210822,NC_048599.1,6,73639041
123,LOC113837023,3,0.08601446,NC_048601.1,8,41547107
123,LOC100757828,4,0.083286515,NC_048596.1,3,123959367
123,LOC107977859,5,0.075594229,NC_048597.1,4,89042669
123,LOC103159947,6,0.069570118,NC_048595.1,2,279456110
123,LOC100755284,7,0.068030893,NC_048600.1,7,90705927
123,LOC113833193,8,0.067795045,NW_023276806.1,1,59997260
123,LOC100753142,9,0.067261294,NC_048604.1,X,74115820
123,LOC113833490,10,0.067096175,NW_023276806.1,1,41700545
123,LOC100756289,11,0.067051223,NC_048604.1,X,74325190
123,LOC100763702,12,0.060838694,NW_023276806.1,1,193273193
123,LOC100758567,13,0.059188311,NC_048599.1,6,15091610
123,S100a11,14,0.057384914,NW_023276806.1,1,62509166
123,LOC100770739,15,0.056225302,NC_048595.1,2,378328411
123,LOC100752397,16,0.056053965,NW_023276806.1,1,59604826
123,LOC100767038,17,0.055632197,NC_048604.1,X,54377543
123,LOC100759247,18,0.054889281,NC_048597.1,4,230384285
123,LOC100751955,19,0.054017302,NC_048595.1,2,460289296
123,LOC100774879,20,0.051916224,NW_023276806.1,1,67132097
123,LOC113838089,21,-0.047853704,NW_023276947.1,U,44930
123,LOC113831671,22,0.04769352,NC_048596.1,3,2577997
123,LOC100772859,23,-0.047383202,NC_048598.1,5,119790519
123,LOC100764007,24,0.047362604,NC_048600.1,7,55870183
123,LOC113832953,25,0.047220586,NW_023276806.1,1,115643932
123,Actg1_1,26,0.046893053,NC_048601.1,8,58059255
123,Ppdpf,27,0.046749494,NC_048599.1,6,714749
123,LOC107979073,28,0.045742798,NW_023276807.1,1,11960322
123,LOC100752071,29,0.04528183,NW_023276806.1,1,51348114
123,LOC113838061,30,-0.04504069,NW_023277222.1,U,2381
123,LOC113839001,31,-0.044939484,NW_023276990.1,U,5778
123,LOC100768457,32,0.044797005,NC_048598.1,5,133735728
123,Tbc1d2b,33,-0.04314722,NC_048597.1,4,199533206
123,LOC107977836,34,0.042103302,NC_048597.1,4,128824762
123,Exosc5,35,0.040674752,NC_048602.1,9,9455349
123,LOC100755794,36,0.040483259,NC_048596.1,3,99379648
123,LOC113831042,37,0.040246292,NC_048598.1,5,149697763
124,LOC103162784,1,0.114016406,NC_048595.1,2,449718394
124,LOC100751053,2,0.088885409,NC_048597.1,4,162253090
124,Wnk3,3,-0.08388871,NC_048604.1,X,108187344
124,Csrp2,4,0.081738121,NW_023276806.1,1,144571595
124,LOC103159579,5,0.064385255,NC_048595.1,2,455547684
124,Gpd1,6,0.063711973,NC_048595.1,2,396155050
124,Evl,7,0.062430196,NC_048598.1,5,186085911
124,Ptprm,8,0.05968203,NC_048595.1,2,455560068
124,Rftn2,9,0.057678387,NC_048595.1,2,409593676
124,Nrg4,10,-0.054809131,NC_048597.1,4,166833081
124,LOC100762270,11,0.053442871,NC_048601.1,8,16917692
124,Mtcl1,12,0.052495813,NC_048595.1,2,455257402
124,LOC100773835,13,0.05236813,NC_048595.1,2,459471907
125,LOC118239683,1,0.104193863,NW_023276807.1,1,214981872
125,LOC113834219,2,0.100280494,NC_048595.1,2,339098338
125,Mirlet7d,3,0.078492806,NC_048596.1,3,268318775
125,LOC113831086,4,0.075840858,NC_048596.1,3,100070586
125,LOC113836830,5,-0.072491202,NC_048600.1,7,63459058
125,LOC113834713,6,0.071664697,NC_048596.1,3,187233171
125,LOC113831373,7,-0.069777736,NC_048600.1,7,91572803
125,LOC107977884,8,0.069241528,NC_048595.1,2,53778176
125,LOC113836317,9,-0.068995965,NC_048599.1,6,154010325
125,LOC113833676,10,0.064084013,NC_048595.1,2,165133130
125,LOC113834983,11,-0.06353503,NC_048596.1,3,51210276
125,LOC113834403,12,-0.063469704,NC_048595.1,2,106628517
125,LOC113833675,13,-0.06346288,NC_048595.1,2,164920380
125,LOC113833802,14,-0.063339727,NC_048595.1,2,137909428
125,LOC113832801,15,-0.062063923,NW_023276807.1,1,47737561
125,LOC113830803,16,0.061655181,NC_048600.1,7,11913783
125,LOC113833117,17,-0.059545823,NC_048595.1,2,413965301
125,LOC113836666,18,-0.058090185,NC_048600.1,7,44113137
125,Mir3068,19,0.057626124,NC_048598.1,5,116364712
125,Mir1285,20,-0.057264011,NC_048601.1,8,88579162
125,Trnak-cuu_67,21,-0.057143747,NW_023276919.1,U,881536
125,LOC113836730,22,0.056511227,NC_048600.1,7,2670245
125,Mir632,23,-0.054955971,NC_048600.1,7,93838790
125,LOC113830994,24,0.054519298,NC_048597.1,4,82671556
125,LOC113831472,25,-0.05430032,NC_048596.1,3,51369771
125,LOC113833011,26,-0.053217272,NC_048595.1,2,35264383
125,LOC113833915,27,-0.053129394,NC_048595.1,2,20947037
125,LOC113834042,28,-0.052470727,NC_048595.1,2,202558922
125,LOC113833697,29,-0.052222065,NC_048598.1,5,31029113
125,LOC113835098,30,-0.05194295,NC_048596.1,3,90656756
125,LOC113836709,31,0.051744448,NC_048600.1,7,129252536
125,Mir338,32,-0.051435594,NC_048600.1,7,132526297
125,LOC113833685,33,0.051058132,NC_048598.1,5,31028623
125,LOC113834367,34,-0.050735715,NC_048595.1,2,243059962
125,LOC100762200,35,0.050461007,NC_048598.1,5,155512699
125,Mir199a,36,0.050347285,NC_048597.1,4,134366549
125,LOC113835862,37,0.050237229,NC_048598.1,5,169146211
125,LOC113835524,38,-0.050003667,NC_048597.1,4,215753543
125,LOC113836665,39,-0.049722505,NC_048600.1,7,44306405
125,LOC113835413,40,0.048957548,NC_048597.1,4,65822866
125,LOC113836832,41,-0.048858583,NC_048600.1,7,76630662
125,LOC113835498,42,-0.048824509,NC_048597.1,4,95573463
125,LOC113835967,43,0.04807411,NC_048598.1,5,46664105
125,LOC118239149,44,-0.04776091,NC_048600.1,7,10764859
125,LOC118238347,45,-0.046341485,NC_048595.1,2,223846567
125,LOC113833871,46,0.046258873,NC_048595.1,2,17564063
125,LOC113837769,47,0.045652283,NC_048604.1,X,118273950
125,LOC118239581,48,-0.04517793,NW_023276806.1,1,115724143
125,LOC113835166,49,0.045020069,NC_048597.1,4,128830040
125,LOC113837220,50,0.044908355,NC_048602.1,9,7505319
125,LOC113832495,51,-0.044808867,NW_023276806.1,1,231689051
125,LOC113836829,52,-0.044461696,NC_048600.1,7,63461020
125,LOC118238158,53,-0.044426837,NC_048600.1,7,13224782
125,LOC113833147,54,-0.043293757,NW_023276806.1,1,65843881
125,Mir374,55,-0.043200741,NC_048604.1,X,66940645
125,LOC118239482,56,-0.042806845,NW_023276806.1,1,48930595
125,LOC118238625,57,0.042687179,NC_048596.1,3,282054384
125,LOC113836426,58,0.042621123,NC_048600.1,7,129632677
126,Fos,1,0.226746904,NC_048598.1,5,118313605
126,Egr1,2,0.206730884,NC_048595.1,2,202626935
126,Egr2,3,0.117320697,NW_023276806.1,1,269915843
126,Btg2,4,0.115911731,NC_048598.1,5,55129512
126,Mir221,5,0.109291277,NC_048604.1,X,124017931
126,Junb,6,0.106386296,NC_048596.1,3,159387536
126,Zfp36,7,0.095491644,NC_048602.1,9,7510119
126,Ccn1,8,0.083846363,NW_023276806.1,1,13533654
126,LOC113834847,9,0.078370394,NC_048596.1,3,546195
126,LOC113834001,10,0.077345379,NC_048595.1,2,53812416
126,Sgk1,11,0.073121714,NC_048595.1,2,267811093
126,LOC118239683,12,0.06728397,NW_023276807.1,1,214981872
126,LOC113834724,13,-0.066812501,NC_048596.1,3,160454650
126,Mir21,14,0.065171157,NC_048600.1,7,99827973
126,Cxcl1,15,0.062606657,NW_023276807.1,1,155673934
126,LOC113834219,16,0.062545293,NC_048595.1,2,339098338
126,LOC113835562,17,0.060902055,NC_048597.1,4,175721561
126,LOC100752904,18,0.059791648,NC_048596.1,3,244997651
126,LOC113833921,19,0.059594416,NC_048595.1,2,29710363
126,LOC113833231,20,0.059546825,NW_023276806.1,1,60349878
126,Dusp5,21,0.058543992,NC_048596.1,3,8018536
126,Ptgs2,22,0.057578622,NC_048598.1,5,41410101
127,LOC113839000,1,0.311990767,NW_023276990.1,U,44672
127,LOC113838088,2,0.30941,NW_023276947.1,U,50732
127,Rn5-8s,3,0.266088723,NW_023276990.1,U,11530
127,LOC113838060,4,0.233523694,NW_023277222.1,U,1098
127,LOC113839001,5,0.201367332,NW_023276990.1,U,5778
127,Rn45s,6,0.191829088,NC_048600.1,7,134357488
127,Rn45s_1,7,0.191019644,NW_023277167.1,U,24094
127,Mir1973,8,0.167160633,NC_048603.1,10,16495623
127,LOC113838061,9,0.166842383,NW_023277222.1,U,2381
127,Rn28s1,10,0.139872318,NW_023276990.1,U,41594
127,LOC113838089,11,0.125511489,NW_023276947.1,U,44930
127,LOC113834297,12,0.067809664,NC_048595.1,2,262815402
127,Trnap-ugg_2,13,0.05718301,NC_048600.1,7,43076937
127,LOC113836198,14,0.056769515,NC_048598.1,5,100783489
127,LOC118239347,15,0.054993401,NC_048602.1,9,8549149
128,Lrp3,1,0.121044147,NC_048602.1,9,3266496
128,Sulf2,2,0.113249605,NC_048599.1,6,13266048
128,LOC103160010,3,0.101301028,NW_023276806.1,1,33620601
128,Ocel1,4,0.089122865,NW_023276806.1,1,247597206
128,LOC100762719,5,-0.084552178,NC_048601.1,8,89111185
128,Rftn2,6,0.08386,NC_048595.1,2,409593676
128,LOC113835460,7,-0.078004864,NC_048597.1,4,74500111
128,Nrg4,8,-0.077703347,NC_048597.1,4,166833081
128,Pdlim2,9,0.074960588,NW_023276807.1,1,224830303
128,LOC103163470,10,-0.073326588,NW_023276807.1,1,90876883
128,LOC113836317,11,-0.072383972,NC_048599.1,6,154010325
128,Hoxa9,12,-0.070497759,NC_048601.1,8,89119788
128,LOC113838105,13,0.067994318,NW_023276808.1,U,8824518
128,LOC113833913,14,0.067132499,NC_048595.1,2,22448121
128,Cd36,15,0.064456986,NW_023276806.1,1,176252535
128,LOC113838082,16,0.063961334,NW_023276849.1,U,77377
128,LOC100752592_1,17,0.062102841,NW_023276989.1,U,570
128,LOC103160608,18,0.061735147,NC_048595.1,2,60856654
128,LOC100767530,19,0.06146192,NW_023276806.1,1,49133283
128,LOC118239790,20,0.054717287,NW_023276877.1,U,69644
128,LOC100765207,21,0.054192875,NC_048596.1,3,19801036
128,LOC113831499,22,0.05407739,NC_048601.1,8,17547753
128,Kctd15,23,0.054064586,NC_048602.1,9,3862141
128,LOC100752107,24,-0.053722385,NC_048596.1,3,279690996
128,LOC113832116,25,0.052558324,NW_023276951.1,U,39454
128,Lmo2,26,0.052192876,NC_048599.1,6,73657545
128,Hoxa7,27,-0.052058101,NC_048601.1,8,89124422
128,LOC113832494,28,-0.051751625,NW_023276806.1,1,231484205
128,Lpl,29,0.051371111,NW_023276806.1,1,245575832
128,LOC118239586,30,0.051276286,NW_023276806.1,1,113647762
128,LOC113833786,31,-0.050471116,NC_048595.1,2,141346251
129,LOC118238654,1,0.085944089,NC_048597.1,4,100291725
129,LOC100772509,2,0.071619613,NC_048596.1,3,27054887
129,Ccl5,3,0.070017326,NC_048600.1,7,96771545
129,Cfap53,4,0.064425453,NC_048595.1,2,165490070
129,Trnak-uuu_1,5,-0.064160929,NC_048596.1,3,48566920
129,LOC118238393,6,0.061841232,NC_048595.1,2,337469715
129,LOC113835261,7,0.060341811,NC_048599.1,6,99389932
129,Prlh,8,0.059656069,NC_048595.1,2,442466547
129,Pygm,9,0.057010998,NC_048596.1,3,52957005
129,Ccdc154,10,0.056707085,NC_048600.1,7,44770842
129,LOC113832571,11,0.055154718,NW_023276807.1,1,186429398
129,LOC113832434,12,0.0540555,NW_023276806.1,1,274474391
129,LOC118238648,13,0.053386286,NC_048597.1,4,94488462
129,LOC113834136,14,0.052825284,NC_048595.1,2,337472855
129,LOC113832536,15,0.052411739,NW_023276807.1,1,53321262
129,Mirlet7c-2,16,-0.051880257,NC_048595.1,2,382521726
129,LOC107980199,17,0.051453323,NW_023276806.1,1,12654586
129,LOC113833686,18,-0.050795415,NC_048598.1,5,31027949
129,LOC113833861,19,0.049986894,NC_048595.1,2,21323371
129,Cxcl10,20,0.049627683,NW_023276807.1,1,157135471
129,LOC118238646,21,0.049477505,NC_048597.1,4,89987836
129,LOC113837220,22,0.049419079,NC_048602.1,9,7505319
129,Ankrd61,23,0.049230694,NC_048597.1,4,80337351
129,CUNH2orf81,24,0.047748886,NC_048601.1,8,74329436
129,LOC118239656,25,0.047512339,NW_023276807.1,1,172019324
129,Ftl,26,0.047008023,NC_048599.1,6,154365740
129,CUNH3orf62,27,0.045883406,NC_048597.1,4,216560631
129,Ctsk,28,0.045869329,NW_023276806.1,1,60997662
129,Cxcl3,29,0.045721296,NW_023276807.1,1,155559516
129,Lyzl6,30,0.04558565,NC_048600.1,7,116676768
129,Ifit2,31,0.04554888,NC_048596.1,3,27215035
129,LOC113833676,32,-0.04511649,NC_048595.1,2,165133130
129,C1qtnf12,33,0.044942887,NC_048595.1,2,345598
129,Mirlet7f,34,-0.044051087,NC_048596.1,3,268320510
129,Amhr2,35,0.04377262,NC_048595.1,2,398823196
129,LOC100689270,36,-0.043275635,NC_048597.1,4,152448062
129,LOC118237826,37,0.043232978,NC_048596.1,3,116255463
129,Mir1285,38,-0.042925704,NC_048601.1,8,88579162
129,LOC118239724,39,0.042790884,NW_023276807.1,1,233516622
129,Cxcl1,40,0.042257087,NW_023276807.1,1,155673934
129,LOC113834739,41,0.041964456,NC_048596.1,3,27095628
129,Shd,42,0.04103321,NC_048598.1,5,97568526
129,LOC100769139,43,0.040865447,NC_048596.1,3,188099793
129,Pabpc1l,44,0.040693336,NC_048599.1,6,15469462
129,LOC118238692,45,0.040229289,NC_048597.1,4,177505436
129,Nrg4,46,-0.040182108,NC_048597.1,4,166833081
129,Cdo1,47,0.039921503,NC_048595.1,2,191337220
129,Nacad,48,0.039877684,NW_023276807.1,1,98266336
129,Pla2g2a,49,-0.039778607,NC_048595.1,2,14521849
129,LOC113833183,50,0.039660831,NW_023276806.1,1,61506684
129,LOC118238554,51,0.039622084,NC_048596.1,3,86435643
130,Adapt15,1,0.1523162,NC_048597.1,4,198443174
130,S100a16,2,0.144965076,NW_023276806.1,1,64009793
130,Ncam1,3,0.136784613,NC_048597.1,4,161286778
130,Ctsh,4,0.133414234,NC_048597.1,4,199386001
130,Adamts7,5,0.130510335,NC_048597.1,4,199490339
130,Cd7,6,-0.121753414,NC_048600.1,7,133513691
130,C1qtnf5,7,0.10633791,NC_048597.1,4,155811231
130,Nppb,8,0.104182196,NC_048595.1,2,8480530
130,Pirt,9,0.099833705,NC_048600.1,7,80795999
130,LOC100751053,10,0.097148545,NC_048597.1,4,162253090
130,Slc35f2,11,0.09317345,NC_048597.1,4,165495552
130,Efemp1,12,0.09249845,NW_023276807.1,1,78363346
130,Rarres2,13,0.090828128,NC_048601.1,8,98691581
130,Igf2bp2,14,0.087735168,NC_048597.1,4,66742574
130,C1qtnf1,15,-0.086248924,NC_048600.1,7,130975192
130,Fabp4,16,0.084929606,NC_048595.1,2,137723467
130,Zbtb32,17,0.084899936,NC_048602.1,9,5239057
130,Adam8,18,-0.07534666,NC_048596.1,3,60960076
130,Col7a1,19,0.074860009,NC_048597.1,4,217068431
130,LOC103160386,20,0.071911456,NC_048595.1,2,293585605
130,Clu,21,-0.07181045,NW_023276807.1,1,220960688
130,Cfap99,22,-0.070443019,NW_023276807.1,1,103282592
130,Rftn2,23,0.067711456,NC_048595.1,2,409593676
130,LOC113835048,24,0.067468753,NC_048596.1,3,279308392
130,LOC113834615,25,0.065458047,NC_048596.1,3,168424119
130,LOC118238703,26,0.064164247,NC_048597.1,4,202320326
130,Nrg4,27,-0.063942477,NC_048597.1,4,166833081
130,Evl,28,0.062686552,NC_048598.1,5,186085911
130,Kdelr3,29,0.061844689,NC_048595.1,2,376685607
130,Id3,30,0.058878698,NC_048595.1,2,17164510
130,Nppa,31,0.058635967,NC_048595.1,2,8467809
130,Fgfr1,32,0.057391528,NW_023276807.1,1,58203128
130,LOC100768367,33,0.057314302,NC_048596.1,3,40683614
130,LOC118239268,34,0.05689005,NC_048601.1,8,3415336
130,Slc25a36,35,0.056435795,NC_048597.1,4,205636008
130,Peli2,36,0.055451162,NW_023276807.1,1,204137871
130,Cgnl1,37,-0.055194102,NC_048597.1,4,183139966
130,LOC100757920,38,0.054889865,NW_023276807.1,1,155542513
130,Col12a1,39,0.05483314,NC_048597.1,4,190530489
130,LOC118239159,40,-0.053056868,NC_048600.1,7,46606242
130,Ap1s2,41,-0.052334913,NC_048604.1,X,98736637
130,Pik3ap1,42,0.051774196,NC_048596.1,3,20173098
130,Sirpa,43,0.051747243,NC_048599.1,6,48970164
130,Ccr7,44,0.051203923,NC_048600.1,7,112231375
130,LOC100755596,45,-0.05004063,NC_048596.1,3,55308927
130,Mmp9,46,0.049352916,NC_048599.1,6,14468264
130,Pygo1,47,0.04816901,NC_048597.1,4,184365362
130,LOC100773073,48,0.048060857,NW_023276807.1,1,185277442
130,Gnpda2,49,0.047748989,NW_023276807.1,1,136508471
130,LOC113835995,50,0.04726714,NC_048598.1,5,135044929
130,Syap1,51,-0.047185588,NC_048604.1,X,97747710
130,Gfra3,52,-0.047144495,NC_048595.1,2,202775681
130,Spp1,53,0.047020597,NW_023276807.1,1,166251805
130,Znf280d,54,0.046873594,NC_048597.1,4,183698080
130,Zrsr2,55,-0.046145986,NC_048604.1,X,98758185
130,Retreg1,56,0.045687337,NC_048595.1,2,356644545
130,LOC113835248,57,0.045634711,NC_048597.1,4,198443789
130,Ehd3,58,0.045407492,NC_048600.1,7,9836371
130,Cacna2d2,59,0.045149291,NC_048597.1,4,215578895
130,Cd36,60,0.044819683,NW_023276806.1,1,176252535
130,LOC103159766,61,-0.043745494,NC_048596.1,3,254393152
130,Pfkfb4,62,0.04373159,NC_048597.1,4,217103602
130,Minar1,63,0.042801851,NC_048597.1,4,198948704
131,Mir21,1,0.091600131,NC_048600.1,7,99827973
131,LOC113833914,2,0.083916204,NC_048595.1,2,22472324
131,P2ry11,3,0.077082942,NC_048597.1,4,133763992
131,LOC113837553,4,0.07412268,NC_048604.1,X,30086550
131,LOC113834713,5,0.072371343,NC_048596.1,3,187233171
131,LOC113836711,6,0.070961033,NC_048600.1,7,129254036
131,LOC118239049,7,-0.069181349,NC_048599.1,6,146729334
131,LOC113831553,8,0.067570811,NC_048596.1,3,57846412
131,Mir98,9,0.06730507,NC_048604.1,X,107583763
131,LOC113835445,10,-0.066877565,NC_048597.1,4,65822313
131,LOC113836709,11,0.062325146,NC_048600.1,7,129252536
131,Trnas-cga_1,12,-0.06231063,NC_048600.1,7,82984001
131,LOC113830762,13,0.061740533,NC_048595.1,2,374561893
131,LOC113832048,14,0.061164283,NC_048603.1,10,28809277
131,Mir350,15,0.060209342,NC_048598.1,5,17017526
131,LOC113833701,16,0.058714251,NC_048598.1,5,31030632
131,LOC113836434,17,0.058316252,NC_048599.1,6,48335094
131,LOC113834853,18,0.058065337,NC_048596.1,3,135288965
131,Mir3068,19,0.057205769,NC_048598.1,5,116364712
131,LOC113835501,20,0.0570618,NC_048597.1,4,102564960
131,LOC113830811,21,0.056207516,NC_048600.1,7,11905060
131,Mir10b,22,-0.055807679,NC_048599.1,6,100368175
131,LOC107977878,23,-0.055213316,NC_048596.1,3,51204479
131,Mir219b,24,0.055182343,NC_048599.1,6,141505138
131,LOC113834273,25,0.055012654,NC_048597.1,4,46496572
131,LOC113833687,26,0.054567963,NC_048598.1,5,31031386
131,LOC113835166,27,0.054307254,NC_048597.1,4,128830040
131,LOC113832495,28,0.05368789,NW_023276806.1,1,231689051
131,LOC113836835,29,0.05301937,NC_048600.1,7,69664305
131,Mir25,30,-0.05283153,NC_048597.1,4,116886837
131,LOC113836094,31,0.052697606,NC_048598.1,5,15758158
131,LOC113831655,32,-0.051711597,NC_048599.1,6,138030702
131,LOC113834525,33,0.051293508,NC_048595.1,2,373510425
131,LOC118237816,34,-0.049136754,NC_048599.1,6,120488327
131,LOC113836118,35,-0.048903218,NC_048598.1,5,21421316
131,LOC113836570,36,0.048779167,NC_048600.1,7,110804839
131,Trnap-ugg_4,37,-0.0486403,NW_023276806.1,1,100118996
131,LOC113837441,38,0.048553066,NC_048603.1,10,16511616
131,LOC113832587,39,-0.048069683,NW_023276807.1,1,170200367
131,LOC113833467,40,0.047445449,NW_023276807.1,1,58153862
131,LOC113834529,41,0.046273255,NC_048595.1,2,377238543
131,LOC113836325,42,0.046111542,NC_048599.1,6,154014866
131,Mirlet7f,43,-0.046063865,NC_048596.1,3,268320510
131,LOC113830809,44,0.045946349,NC_048600.1,7,11905769
132,Syt9,1,0.076703667,NC_048596.1,3,92725144
132,LOC107979210,2,0.072391296,NW_023276806.1,1,206915182
132,LOC113838990,3,0.060616797,NW_023276985.1,U,40763
132,LOC113836998,4,0.059140478,NC_048601.1,8,55346997
132,Synpr,5,0.058903595,NW_023276807.1,1,171273359
132,Rn45s_1,6,-0.057105325,NW_023277167.1,U,24094
132,LOC118239591,7,0.056632991,NW_023276806.1,1,206912486
132,LOC113833142,8,-0.053843052,NW_023276806.1,1,68281497
132,Mir27a,9,-0.053725082,NC_048596.1,3,160211444
132,LOC113833723,10,0.053559657,NC_048595.1,2,7781734
132,LOC113833675,11,0.052643537,NC_048595.1,2,164920380
132,Spn,12,-0.051068713,NC_048596.1,3,73615356
132,Rn45s,13,0.0492458,NC_048600.1,7,134357488
132,LOC103162671,14,0.049161149,NW_023276807.1,1,237084361
132,Mir1973,15,-0.04914636,NC_048603.1,10,16495623
132,Mir23a,16,-0.04895306,NC_048596.1,3,160211611
132,Tfrc,17,0.048053311,NC_048597.1,4,56929493
132,LOC113836709,18,0.047652371,NC_048600.1,7,129252536
132,LOC113834136,19,0.046954015,NC_048595.1,2,337472855
132,LOC113838060,20,-0.046648008,NW_023277222.1,U,1098
132,LOC113833050,21,0.04593987,NW_023276806.1,1,129785047
132,LOC118238307,22,0.045677184,NC_048595.1,2,58700576
132,LOC113833681,23,0.045671992,NC_048595.1,2,164919988
132,LOC113837215,24,0.04558878,NC_048602.1,9,6574431
132,LOC100759693,25,0.04558544,NC_048598.1,5,45321637
132,LOC107977056,26,0.04536802,NC_048598.1,5,19783900
132,LOC113832935,27,-0.045083691,NW_023276806.1,1,127410386
132,Mirlet7c-2,28,-0.044301305,NC_048595.1,2,382521726
132,Abhd1,29,0.044218017,NC_048600.1,7,13422386
132,LOC118239081,30,-0.043952592,NC_048599.1,6,70545239
132,LOC113836322,31,0.043889198,NC_048599.1,6,153119535
132,LOC100772445,32,0.04373399,NC_048596.1,3,244808977
132,LOC113836458,33,0.043505813,NC_048599.1,6,48333705
132,LOC113833312,34,0.043362654,NW_023276806.1,1,242006554
132,LOC113830843,35,0.043208825,NC_048599.1,6,138595293
132,LOC100766946,36,-0.043207203,NC_048596.1,3,201330730
132,Snord14e,37,0.042304207,NC_048597.1,4,152448829
132,Actg1_1,38,-0.042277629,NC_048601.1,8,58059255
132,Pate1,39,0.042192094,NC_048597.1,4,147969184
132,LOC113833913,40,0.042068097,NC_048595.1,2,22448121
132,LOC113836011,41,-0.041635534,NC_048598.1,5,119626575
132,LOC113837872,42,0.041606954,NW_023277418.1,U,43458
132,LOC100773485_1,43,-0.041568928,NC_048602.1,9,48093
132,Trnal-uag_1,44,0.041541297,NC_048596.1,3,79816187
133,LOC118238625,1,0.087665812,NC_048596.1,3,282054384
133,LOC100760278,2,0.076353766,NC_048604.1,X,108842799
133,Mir652,3,0.070647884,NC_048604.1,X,37839815
133,LOC113830871,4,0.07015393,NC_048595.1,2,6904447
133,LOC113835566,5,0.064416706,NC_048597.1,4,175721080
133,LOC113837062,6,0.063245147,NC_048601.1,8,29046719
133,LOC103160404,7,0.060992282,NC_048599.1,6,65764902
133,LOC107977836,8,-0.059863465,NC_048597.1,4,128824762
133,Ccny_1,9,0.059629776,NW_023276960.1,U,2076
133,LOC113833456,10,0.05840595,NW_023276806.1,1,5477281
133,LOC113836037,11,0.055081391,NC_048598.1,5,127004422
133,LOC103159629,12,-0.053351728,NC_048596.1,3,59020213
133,LOC113832500,13,-0.05062311,NW_023276806.1,1,231483722
133,LOC113833691,14,-0.049649835,NC_048598.1,5,31028359
133,LOC118238714,15,0.048801878,NC_048597.1,4,217660693
133,Mir23a,16,-0.04787313,NC_048596.1,3,160211611
133,LOC100689270,17,-0.046528685,NC_048597.1,4,152448062
133,LOC113833675,18,-0.045543452,NC_048595.1,2,164920380
133,LOC113834219,19,-0.045292553,NC_048595.1,2,339098338
133,LOC113832600,20,-0.045014734,NW_023276807.1,1,188693934
133,LOC113832434,21,0.044534887,NW_023276806.1,1,274474391
133,LOC113836435,22,0.044148024,NC_048599.1,6,23423856
133,LOC113834714,23,0.043062287,NC_048596.1,3,187238786
133,Ndufb4,24,0.042042499,NC_048597.1,4,52411325
133,LOC113832801,25,0.041288668,NW_023276807.1,1,47737561
133,LOC113832597,26,-0.041190078,NW_023276807.1,1,188694791
133,LOC100765692,27,-0.040497101,NW_023276807.1,1,121557743
133,LOC113833686,28,-0.040461584,NC_048598.1,5,31027949
133,LOC113836730,29,-0.040193389,NC_048600.1,7,2670245
133,LOC100765930,30,0.04011092,NC_048599.1,6,78226115
133,LOC113831475,31,-0.039285462,NC_048596.1,3,51370433
133,LOC113832320,32,-0.039281316,NC_048599.1,6,21144717
133,LOC113833702,33,-0.03874469,NC_048598.1,5,31027683
133,LOC113831476,34,-0.038607082,NC_048596.1,3,51370752
133,LOC113836709,35,-0.038480696,NC_048600.1,7,129252536
134,LOC118238844,1,0.106812047,NC_048598.1,5,178126388
134,LOC113834022,2,0.102104916,NC_048595.1,2,203935520
134,LOC113832785,3,0.10177992,NW_023276807.1,1,32613906
134,LOC113835995,4,0.094341992,NC_048598.1,5,135044929
134,LOC113834410,5,0.080944262,NC_048595.1,2,120202626
134,LOC118239613,6,0.078671433,NW_023276807.1,1,32619435
134,LOC113834411,7,0.075200523,NC_048595.1,2,120197097
134,LOC118238207,8,0.073426876,NC_048595.1,2,437064439
134,LOC107977836,9,-0.072456122,NC_048597.1,4,128824762
134,LOC118239448,10,0.071037952,NW_023276806.1,1,91175648
134,LOC113834714,11,-0.068986488,NC_048596.1,3,187238786
134,LOC103164270,12,0.065946034,NW_023277414.1,U,7857
134,LOC118239618,13,0.063511455,NW_023276807.1,1,164169651
134,LOC113835040,14,0.061465181,NC_048596.1,3,282784473
134,LOC113835850,15,0.059503035,NC_048598.1,5,98582501
134,LOC113836458,16,-0.058652489,NC_048599.1,6,48333705
134,LOC118239124,17,0.055617929,NC_048600.1,7,61780960
134,Mir186,18,0.055345137,NW_023276806.1,1,2068258
134,LOC113834408,19,0.05464571,NC_048595.1,2,116395781
134,LOC113834350,20,-0.054142421,NC_048595.1,2,244304675
134,LOC113836324,21,-0.052315599,NC_048599.1,6,154014333
134,LOC113833916,22,-0.051421073,NC_048595.1,2,20946511
134,LOC100689270,23,0.050305613,NC_048597.1,4,152448062
134,LOC113833702,24,-0.050068289,NC_048598.1,5,31027683
134,Igf2bp2,25,-0.050046151,NC_048597.1,4,66742574
134,Nrg4,26,0.050010977,NC_048597.1,4,166833081
134,Spn,27,0.049913746,NC_048596.1,3,73615356
134,LOC113835195,28,0.049053273,NC_048597.1,4,178456225
134,LOC113833012,29,-0.049014174,NC_048595.1,2,35264008
134,LOC103161595,30,0.048909468,NC_048598.1,5,124929982
134,Fabp4,31,0.047694335,NC_048595.1,2,137723467
134,LOC118239699,32,0.046875029,NW_023276807.1,1,196013385
134,Rarres2,33,0.04596382,NC_048601.1,8,98691581
134,LOC113833455,34,-0.045236909,NW_023276806.1,1,5475878
134,LOC118238646,35,-0.045234227,NC_048597.1,4,89987836
134,Gpd1,36,0.044874907,NC_048595.1,2,396155050
134,LOC113831885,37,0.043874996,NC_048596.1,3,102909405
134,Trnap-agg,38,0.043501625,NC_048596.1,3,100741895
134,LOC118238830,39,0.041219501,NC_048598.1,5,35895197
134,LOC113836320,40,-0.040941943,NC_048599.1,6,153119215
134,LOC118239683,41,-0.040864631,NW_023276807.1,1,214981872
134,LOC118238721,42,0.040828139,NC_048597.1,4,57829445
134,LOC100766946,43,-0.040752812,NC_048596.1,3,201330730
134,LOC118239049,44,-0.040726097,NC_048599.1,6,146729334
134,LOC113831639,45,0.040642783,NC_048600.1,7,91684481
134,LOC113833456,46,0.039669523,NW_023276806.1,1,5477281
134,LOC103160499,47,0.039660732,NC_048598.1,5,97232486
134,LOC113835076,48,0.039526347,NC_048596.1,3,270595910
134,Ddit4,49,-0.039518046,NW_023276807.1,1,1380280
134,LOC113831194,50,0.039377109,NC_048596.1,3,199772798
134,LOC113831374,51,-0.039236002,NC_048600.1,7,91573215
134,LOC100757772,52,0.038807276,NW_023276806.1,1,60277181
134,LOC113831476,53,-0.038508989,NC_048596.1,3,51370752
135,LOC113834042,1,0.143827585,NC_048595.1,2,202558922
135,LOC118239111,2,0.117734609,NC_048599.1,6,102174952
135,LOC118238721,3,0.113921555,NC_048597.1,4,57829445
135,LOC113836198,4,0.105240651,NC_048598.1,5,100783489
135,Mir3068,5,0.096678526,NC_048598.1,5,116364712
135,LOC113837769,6,0.093613558,NC_048604.1,X,118273950
135,LOC113831837,7,0.092904646,NW_023276806.1,1,21112520
135,Mir6092,8,0.090277823,NC_048600.1,7,133651933
135,LOC113836317,9,-0.087703943,NC_048599.1,6,154010325
135,Mir1973,10,-0.086289376,NC_048603.1,10,16495623
135,LOC113834367,11,0.083428779,NC_048595.1,2,243059962
135,LOC113835163,12,0.0760998,NC_048597.1,4,128823845
135,LOC113833116,13,0.074102545,NC_048595.1,2,413956046
135,LOC107980199,14,0.073825849,NW_023276806.1,1,12654586
135,LOC113834529,15,0.072349594,NC_048595.1,2,377238543
135,P2ry11,16,0.066024352,NC_048597.1,4,133763992
135,LOC113835967,17,0.065875308,NC_048598.1,5,46664105
135,LOC113830843,18,-0.065444688,NC_048599.1,6,138595293
135,LOC113835453,19,0.064816158,NC_048597.1,4,67968329
135,LOC113834525,20,0.064302922,NC_048595.1,2,373510425
135,LOC113831734,21,0.062323294,NC_048595.1,2,395006656
135,LOC113834219,22,0.060871268,NC_048595.1,2,339098338
135,LOC113836458,23,-0.05981332,NC_048599.1,6,48333705
135,LOC113835414,24,-0.058665297,NC_048597.1,4,65824788
135,LOC100762783,25,-0.057937536,NC_048604.1,X,2708748
135,LOC113833916,26,0.055504696,NC_048595.1,2,20946511
135,Mir22,27,0.055053239,NC_048600.1,7,88912691
135,LOC113835524,28,-0.054849235,NC_048597.1,4,215753543
135,LOC100689270,29,0.054421257,NC_048597.1,4,152448062
135,LOC118239039,30,0.054252915,NC_048599.1,6,73936008
135,LOC113837556,31,0.054082947,NC_048604.1,X,29426863
135,LOC113830962,32,0.053463622,NC_048599.1,6,143953640
136,Pirt,1,-0.109476587,NC_048600.1,7,80795999
136,Asns,2,-0.105137286,NW_023276806.1,1,217469648
136,Trnak-uuu_1,3,-0.09357555,NC_048596.1,3,48566920
136,LOC113833142,4,-0.088873015,NW_023276806.1,1,68281497
136,Mirlet7c-2,5,-0.087824633,NC_048595.1,2,382521726
136,LOC113837470,6,0.085786306,NC_048603.1,10,21821553
136,LOC113835267,7,-0.085502621,NC_048597.1,4,133761196
136,Aqp1,8,0.077784171,NC_048601.1,8,85972347
136,LOC113834219,9,0.066325932,NC_048595.1,2,339098338
136,LOC100768165,10,-0.064071455,NC_048604.1,X,44759034
136,Iyd,11,0.064057428,NC_048595.1,2,281351422
136,LOC113832434,12,-0.064038436,NW_023276806.1,1,274474391
136,Bgn,13,0.062567335,NC_048604.1,X,2240956
136,LOC113833011,14,-0.061177128,NC_048595.1,2,35264383
136,Cldn15,15,0.060745837,NC_048597.1,4,115910985
136,LOC118239586,16,0.060508651,NW_023276806.1,1,113647762
136,LOC113833999,17,-0.060230726,NC_048595.1,2,55147142
136,LOC113834386,18,0.058232846,NC_048595.1,2,99869272
136,Mirlet7f,19,-0.056696434,NC_048596.1,3,268320510
136,Mirlet7d,20,-0.055761303,NC_048596.1,3,268318775
136,Ccbe1,21,0.05547934,NC_048595.1,2,173042610
136,Mir21,22,0.053875105,NC_048600.1,7,99827973
136,LOC113833675,23,-0.053506845,NC_048595.1,2,164920380
136,Pdlim2,24,0.05313433,NW_023276807.1,1,224830303
136,LOC118239149,25,0.053008379,NC_048600.1,7,10764859
136,LOC113835905,26,0.052498473,NC_048598.1,5,54239877
136,Pon2,27,0.052460657,NW_023276806.1,1,219556027
136,LOC118239039,28,0.05165151,NC_048599.1,6,73936008
136,LOC113833676,29,-0.051433648,NC_048595.1,2,165133130
136,LOC103163470,30,0.051127169,NW_023276807.1,1,90876883
136,LOC113831028,31,-0.05111327,NC_048595.1,2,150261847
136,LOC113837721,32,0.050789751,NC_048604.1,X,44476423
136,Il33,33,-0.050552198,NC_048596.1,3,31453917
136,LOC100752430,34,-0.050507958,NW_023276806.1,1,148105385
136,Mir1973,35,-0.050345608,NC_048603.1,10,16495623
137,LOC118238272,1,-0.120461981,NC_048595.1,2,750025
137,LOC113836830,2,-0.112149892,NC_048600.1,7,63459058
137,LOC113836831,3,-0.110572875,NC_048600.1,7,76631119
137,LOC113836194,4,0.108556706,NC_048598.1,5,101957312
137,Mir25,5,-0.098443279,NC_048597.1,4,116886837
137,Mir92a,6,-0.094162581,NW_023276807.1,1,265329206
137,LOC113832498,7,-0.082961362,NW_023276806.1,1,231772785
137,LOC113832735,8,-0.082306765,NW_023276807.1,1,230237845
137,LOC113831473,9,0.078026652,NC_048596.1,3,51369265
137,LOC113834003,10,-0.077487765,NC_048595.1,2,48026196
137,LOC113835076,11,-0.074972123,NC_048596.1,3,270595910
137,LOC113831478,12,0.073267621,NC_048596.1,3,51369526
137,LOC113837769,13,-0.070759778,NC_048604.1,X,118273950
137,LOC113833927,14,-0.069764516,NC_048595.1,2,20945868
137,LOC113834475,15,-0.06681436,NC_048595.1,2,101378301
137,LOC113836317,16,0.064939992,NC_048599.1,6,154010325
137,LOC113831735,17,0.063827289,NC_048595.1,2,394997333
137,LOC113830994,18,0.063121333,NC_048597.1,4,82671556
137,LOC113833681,19,0.062555274,NC_048595.1,2,164919988
137,LOC113831655,20,0.062444685,NC_048599.1,6,138030702
137,LOC113836735,21,0.062297817,NC_048600.1,7,2672699
137,LOC113830844,22,-0.060317504,NC_048599.1,6,138593728
137,LOC118238596,23,-0.059807187,NC_048596.1,3,211400148
137,LOC113833009,24,0.059118013,NC_048595.1,2,35262614
137,LOC113836711,25,-0.057995396,NC_048600.1,7,129254036
137,Trnak-uuu_1,26,-0.057937035,NC_048596.1,3,48566920
137,LOC113835169,27,-0.05624874,NC_048597.1,4,128822709
137,Mirlet7b,28,-0.055716766,NC_048595.1,2,382522427
137,LOC113833455,29,-0.055271696,NW_023276806.1,1,5475878
138,LOC113831478,1,0.058377354,NC_048596.1,3,51369526
138,Cdhr4,2,-0.054220071,NC_048597.1,4,216179810
138,Trnaq-uug,3,0.050720357,NC_048596.1,3,243615206
138,LOC113834379,4,-0.050662021,NC_048595.1,2,90533227
138,Mir1285,5,-0.047934247,NC_048601.1,8,88579162
138,LOC113832500,6,0.046182589,NW_023276806.1,1,231483722
138,LOC107978675,7,0.044567519,NC_048595.1,2,445437998
138,S100a4,8,-0.044322383,NW_023276806.1,1,63942758
138,Mir23a,9,-0.044282218,NC_048596.1,3,160211611
138,LOC113833631,10,0.042446144,NC_048595.1,2,417283858
138,LOC107979531,11,0.042209477,NC_048595.1,2,89003588
138,LOC113832325,12,-0.041056204,NW_023276807.1,1,29774432
138,LOC118239039,13,0.040518437,NC_048599.1,6,73936008
138,LOC113834062,14,0.040415813,NC_048595.1,2,185366642
138,LOC113833183,15,0.04001219,NW_023276806.1,1,61506684
138,LOC113833861,16,0.039678889,NC_048595.1,2,21323371
138,LOC103160307,17,-0.038772334,NC_048596.1,3,23775515
138,LOC118239681,18,-0.038619111,NW_023276807.1,1,40534596
138,LOC113834386,19,-0.03855786,NC_048595.1,2,99869272
138,LOC103161682,20,-0.038388978,NC_048595.1,2,342664806
138,Mir450a,21,0.038113946,NC_048604.1,X,16982118
138,LOC100760218,22,-0.038046627,NW_023276806.1,1,231487269
138,LOC113832033,23,0.037679565,NC_048603.1,10,28717688
138,Nupr1,24,-0.036967027,NC_048596.1,3,74156692
138,Trnar-ucg,25,-0.036796773,NC_048596.1,3,118138904
138,LOC113836326,26,-0.036649525,NC_048599.1,6,154014071
138,Retsat,27,-0.036595777,NC_048601.1,8,64329683
139,Cxcl10,1,0.122395985,NW_023276807.1,1,157135471
139,LOC100752806,2,0.10304402,NW_023276806.1,1,16714591
139,LOC100762078,3,0.097148432,NC_048595.1,2,178751204
139,Cxcl9,4,0.091050795,NW_023276807.1,1,157119427
139,LOC100762860,5,0.081843015,NW_023276806.1,1,16550762
139,LOC100767905,6,-0.080727501,NC_048597.1,4,100599059
139,LOC100760047,7,0.07134951,NC_048595.1,2,178766481
139,LOC100750355,8,0.071229848,NW_023276806.1,1,16766244
139,LOC100774003,9,0.069220926,NW_023276807.1,1,76278875
139,LOC100768312,10,0.065184047,NC_048596.1,3,51826453
139,LOC107977370,11,0.06450777,NC_048596.1,3,49407490
139,LOC100762574,12,0.064314034,NW_023276806.1,1,16606146
139,LOC100771979,13,0.064012837,NC_048600.1,7,63562214
139,LOC100769624,14,-0.063998482,NC_048597.1,4,100625426
139,LOC100763261,15,0.063463046,NC_048600.1,7,95480383
139,LOC100763791,16,0.06198422,NC_048595.1,2,178629787
139,Ifit2,17,0.061182334,NC_048596.1,3,27215035
139,Oas2,18,-0.060139905,NC_048597.1,4,100540490
139,LOC100762377,19,0.057960389,NC_048595.1,2,178937423
139,LOC100759759,20,0.05786183,NC_048595.1,2,178779138
139,Gbp5,21,0.05692957,NW_023276806.1,1,17254913
139,Tspan7,22,0.056800864,NC_048604.1,X,116198430
139,Tfpi2,23,0.05488,NW_023276806.1,1,220872718
139,LOC113834739,24,0.054129665,NC_048596.1,3,27095628
139,LOC100761326,25,0.053731429,NC_048595.1,2,178687912
139,LOC100754939,26,0.053360045,NC_048600.1,7,72263719
139,LOC100763130,27,0.051672348,NC_048598.1,5,191189732
139,Ccn2,28,0.050148922,NC_048595.1,2,243783381
139,Adam8,29,0.049601427,NC_048596.1,3,60960076
139,Mmp13,30,0.049460797,NC_048597.1,4,121805002
139,Ttpa,31,0.048977773,NC_048595.1,2,121191841
139,Wars1,32,0.048302042,NC_048598.1,5,185915478
139,LOC113836317,33,0.046694258,NC_048599.1,6,154010325
139,Mir221,34,0.046589945,NC_048604.1,X,124017931
139,Mirlet7c-2,35,0.046570363,NC_048595.1,2,382521726
139,Cxcl1,36,0.04620172,NW_023276807.1,1,155673934
139,LOC100768437,37,0.045407571,NC_048595.1,2,178648847
139,LOC113835267,38,0.045305333,NC_048597.1,4,133761196
139,Irf1,39,0.045182531,NC_048600.1,7,67921955
139,LOC113834367,40,-0.044479533,NC_048595.1,2,243059962
139,LOC100766554,41,0.044439699,NW_023276806.1,1,17196383
139,Setdb2,42,-0.044109975,NW_023276807.1,1,214340420
139,LOC100763954,43,0.043058937,NC_048601.1,8,98311222
139,Mt1,44,-0.042598928,NC_048596.1,3,170379906
139,Csf3,45,0.042534388,NC_048600.1,7,111784341
139,LOC100761048,46,-0.042487313,NC_048597.1,4,100778208
139,LOC100756544,47,-0.042073935,NC_048599.1,6,15679658
139,Mmp12,48,0.042057144,NC_048597.1,4,121849979
139,LOC113833112,49,-0.041985482,NC_048595.1,2,413964466
139,Ube2l6,50,-0.041551807,NC_048599.1,6,90725220
139,Trnad-guc_7,51,0.041429417,NC_048598.1,5,21778848
139,Il15ra,52,0.041283295,NC_048596.1,3,228465005
139,LOC100760157,53,0.041186655,NW_023276806.1,1,221402752
139,LOC100759682,54,0.040516011,NW_023276806.1,1,16495353
140,LOC113837721,1,0.105344549,NC_048604.1,X,44476423
140,LOC113833631,2,0.104858701,NC_048595.1,2,417283858
140,LOC113837101,3,0.100021592,NC_048601.1,8,92636747
140,Mir378,4,0.098064194,NC_048595.1,2,177696953
140,LOC113836617,5,0.092700095,NC_048600.1,7,26701609
140,LOC113831473,6,-0.087541309,NC_048596.1,3,51369265
140,Mir25,7,0.084661144,NC_048597.1,4,116886837
140,LOC103164270,8,0.082718749,NW_023277414.1,U,7857
140,LOC113836321,9,0.082623635,NC_048599.1,6,153116513
140,LOC113832495,10,0.076473362,NW_023276806.1,1,231689051
140,B3gnt4,11,0.067732473,NC_048597.1,4,103273319
140,LOC113830842,12,0.067140974,NC_048599.1,6,138594959
140,LOC113834041,13,0.066595202,NC_048595.1,2,201951601
140,LOC118239054,14,0.066127441,NC_048599.1,6,11915387
140,LOC113835248,15,0.065614505,NC_048597.1,4,198443789
140,LOC100765102,16,-0.06500463,NC_048595.1,2,400154060
140,LOC113835169,17,0.063866624,NC_048597.1,4,128822709
140,LOC103163611,18,0.063099416,NC_048604.1,X,24577194
140,Zfyve21,19,-0.062916407,NC_048598.1,5,182210063
140,LOC113831373,20,0.060747852,NC_048600.1,7,91572803
140,LOC113834391,21,0.060653795,NC_048596.1,3,263123937
140,LOC100766590,22,0.060010905,NW_023276806.1,1,100078578
140,LOC118239049,23,0.05995569,NC_048599.1,6,146729334
140,LOC113835627,24,-0.059888494,NC_048597.1,4,227219077
140,LOC113832498,25,0.05961081,NW_023276806.1,1,231772785
140,LOC113833814,26,0.059443046,NC_048595.1,2,156274962
140,LOC113832320,27,0.058594276,NC_048599.1,6,21144717
140,LOC113833920,28,0.058578941,NC_048595.1,2,29708519
140,LOC113832597,29,-0.058552693,NW_023276807.1,1,188694791
140,LOC113833117,30,-0.058461985,NC_048595.1,2,413965301
140,LOC113835164,31,-0.058411206,NC_048597.1,4,128824547
140,LOC113835571,32,0.058310073,NC_048597.1,4,174633288
140,LOC113837438,33,0.057403482,NC_048603.1,10,16579761
140,LOC113837138,34,0.057304054,NC_048601.1,8,15955316
140,LOC100762200,35,0.056723142,NC_048598.1,5,155512699
140,LOC113836322,36,0.056551017,NC_048599.1,6,153119535
140,Mirlet7d,37,0.056506168,NC_048596.1,3,268318775
140,LOC113835624,38,0.056419576,NC_048597.1,4,221658864
140,LOC113838060,39,0.055766335,NW_023277222.1,U,1098
140,LOC113836735,40,0.055402205,NC_048600.1,7,2672699
140,LOC113830832,41,0.054941065,NW_023276807.1,1,142738143
140,LOC113835313,42,0.054477169,NC_048597.1,4,162657154
140,LOC113832494,43,0.054168263,NW_023276806.1,1,231484205
140,LOC113834983,44,0.053315056,NC_048596.1,3,51210276
140,LOC113832571,45,0.052657995,NW_023276807.1,1,186429398
140,LOC113836924,46,-0.052505977,NC_048600.1,7,119454576
140,LOC113832735,47,-0.052107978,NW_023276807.1,1,230237845
140,LOC113834847,48,0.052032128,NC_048596.1,3,546195
140,LOC113834530,49,-0.051961901,NC_048595.1,2,377234496
140,Mir22,50,0.051791046,NC_048600.1,7,88912691
140,LOC103163274_1,51,0.051778054,NC_048603.1,10,13685307
140,LOC113832863,52,0.051747129,NW_023276806.1,1,198480440
140,Mir674,53,0.051345105,NC_048599.1,6,61360426
140,LOC113835077,54,0.050942406,NC_048596.1,3,269493586
140,LOC113833013,55,-0.050834307,NC_048595.1,2,35263170
140,LOC100764707,56,0.050359284,NC_048596.1,3,118582273
140,LOC113832298,57,0.050275858,NW_023276807.1,1,101949568
140,LOC113833923,58,0.049952722,NC_048595.1,2,20432884
140,LOC113836505,59,0.049737853,NC_048599.1,6,12379027
140,LOC100761291,60,0.049574809,NC_048601.1,8,92607825
140,LOC113834045,61,0.049505918,NC_048595.1,2,203655707
140,LOC113836829,62,-0.049301146,NC_048600.1,7,63461020
140,LOC113832321,63,0.049273782,NC_048599.1,6,21141092
140,LOC113832596,64,0.048887439,NW_023276807.1,1,188692732
140,Trnah-gug_6,65,0.048678351,NW_023276806.1,1,60052257
140,LOC118238642,66,0.04828985,NC_048599.1,6,49791087
140,LOC113832306,67,0.047725923,NW_023276807.1,1,8687365
140,LOC113830932,68,-0.047480123,NC_048604.1,X,59870249
140,LOC113832308,69,0.047369174,NW_023276807.1,1,99861494
140,Mir19b,70,0.047121847,NW_023276807.1,1,265329089
140,LOC113835267,71,0.046439609,NC_048597.1,4,133761196
141,Slc7a11,1,0.113764979,NW_023276806.1,1,100993187
141,LOC100753467,2,0.102431525,NW_023276807.1,1,24692698
141,LOC100757262,3,0.101200414,NW_023276806.1,1,193536960
141,Cxcl1,4,0.091554025,NW_023276807.1,1,155673934
141,Akr1b8,5,0.087801751,NW_023276806.1,1,193587750
141,Nqo1,6,0.07481781,NC_048596.1,3,183701484
141,Gstp1,7,0.069228692,NC_048596.1,3,55201459
141,Adm,8,0.064221912,NC_048596.1,3,90056690
141,LOC100773795,9,0.063929742,NC_048595.1,2,161968153
141,Ereg,10,0.063387433,NW_023276807.1,1,155844175
141,Ephx1,11,0.062957172,NC_048598.1,5,13314073
141,Adam8,12,-0.062232262,NC_048596.1,3,60960076
141,Slc6a9,13,0.057864542,NC_048595.1,2,34454503
141,Osgin1,14,0.05662572,NC_048596.1,3,196071852
141,Plk2,15,0.055776664,NC_048595.1,2,328369178
141,Hmox1,16,0.054699532,NC_048596.1,3,150860756
141,LOC113833620,17,0.054284349,NC_048595.1,2,436721660
141,LOC113834954,18,0.054220568,NC_048596.1,3,60510251
141,Mmp13,19,0.054155497,NC_048597.1,4,121805002
141,LOC100757534,20,0.052973694,NC_048596.1,3,55182398
141,LOC118239649,21,-0.052841421,NW_023276807.1,1,225107038
141,Slc40a1,22,0.052724284,NC_048595.1,2,402438982
141,Prdx1,23,0.052709522,NC_048595.1,2,35700206
141,LOC118239514,24,0.052279911,NW_023276806.1,1,193612036
141,Ggt1,25,0.051714223,NW_023276806.1,1,263003735
141,Ptgs2,26,0.051545893,NC_048598.1,5,41410101
141,Gclm,27,0.051316161,NW_023276806.1,1,36250938
142,Olfm4,1,0.074453337,NW_023276807.1,1,234327380
142,Fxyd2,2,0.070789818,NC_048597.1,4,157120071
142,Il1r2,3,0.06903583,NW_023276807.1,1,8086540
142,LOC100760951,4,-0.067990307,NW_023276806.1,1,63384679
142,LOC103162356,5,-0.067888314,NC_048600.1,7,20440331
142,LOC113834219,6,0.067067498,NC_048595.1,2,339098338
142,LOC113833009,7,0.058668497,NC_048595.1,2,35262614
142,Trnad-guc_7,8,0.057485309,NC_048598.1,5,21778848
142,Cxcl3,9,-0.056984214,NW_023276807.1,1,155559516
142,LOC113834297,10,-0.055863031,NC_048595.1,2,262815402
142,Prxl2a,11,0.055744501,NW_023276807.1,1,179114373
142,LOC118238818,12,-0.052565597,NC_048598.1,5,2975757
142,LOC118238307,13,0.050743144,NC_048595.1,2,58700576
142,LOC100754646,14,-0.048412195,NW_023276806.1,1,63447403
142,Mir1973,15,0.048083303,NC_048603.1,10,16495623
142,Mmd,16,0.047742504,NC_048600.1,7,103370016
142,Ereg,17,0.04693263,NW_023276807.1,1,155844175
142,LOC103159484,18,0.046646598,NC_048599.1,6,1364341
142,Areg,19,0.046370781,NW_023276807.1,1,155909229
142,Fabp4,20,0.044581068,NC_048595.1,2,137723467
142,LOC103164270,21,0.044377515,NW_023277414.1,U,7857
142,Evl,22,0.044031788,NC_048598.1,5,186085911
142,LOC103161682,23,0.043498904,NC_048595.1,2,342664806
142,LOC113834367,24,-0.04312772,NC_048595.1,2,243059962
142,LOC118238648,25,0.042947605,NC_048597.1,4,94488462
142,LOC113832674,26,-0.041927881,NW_023276807.1,1,231579147
142,LOC100762406,27,0.041767637,NC_048600.1,7,18360166
142,LOC113834724,28,-0.041421869,NC_048596.1,3,160454650
142,LOC118238382,29,0.040900405,NC_048595.1,2,299429001
142,LOC113836248,30,0.040194622,NC_048599.1,6,1367528
142,LOC118239024,31,-0.040073943,NW_023276807.1,1,268139097
142,LOC118238896,32,0.040005666,NC_048600.1,7,103370287
142,LOC118238468,33,0.039808609,NC_048596.1,3,230812831
142,Ranbp3l,34,0.039347794,NC_048595.1,2,342635682
142,Cxcl1,35,-0.039249446,NW_023276807.1,1,155673934
142,Spon2,36,-0.038906771,NW_023276807.1,1,102246867
142,LOC107979030,37,-0.038858971,NW_023276807.1,1,29635231
142,Trnap-ugg_2,38,0.038839498,NC_048600.1,7,43076937
142,LOC100763954,39,0.03848557,NC_048601.1,8,98311222
142,LOC118238646,40,0.038452103,NC_048597.1,4,89987836
142,Trnak-uuu,41,-0.038222103,NC_048595.1,2,287051603
142,LOC113836505,42,-0.038138643,NC_048599.1,6,12379027
143,Mir2424,1,0.117612511,NC_048601.1,8,21234660
143,LOC113831047,2,0.087088067,NC_048595.1,2,439412385
143,LOC113831009,3,0.086370991,NW_023276806.1,1,48568739
143,Mirlet7f,4,0.077433181,NC_048596.1,3,268320510
143,LOC113835102,5,0.075228603,NC_048596.1,3,89606598
143,LOC113835808,6,0.073097937,NC_048598.1,5,190002885
143,Trnap-ugg_1,7,0.072919832,NC_048600.1,7,43065965
143,LOC113834713,8,0.069751024,NC_048596.1,3,187233171
143,LOC113834849,9,0.068550414,NC_048596.1,3,17438525
143,LOC113832627,10,0.066950476,NC_048600.1,7,83202507
143,LOC113835167,11,0.066821788,NC_048597.1,4,128830229
143,LOC113838088,12,-0.064997367,NW_023276947.1,U,50732
143,LOC113831046,13,0.064933572,NC_048595.1,2,439421456
143,LOC118237931,14,0.064537539,NC_048596.1,3,53549694
143,Trnaq-cug_1,15,0.064032849,NC_048596.1,3,243519061
143,Mir21,16,0.062367055,NC_048600.1,7,99827973
143,LOC113837712,17,0.061599514,NC_048604.1,X,64744168
143,Trnay-gua_9,18,-0.05912481,NC_048602.1,9,22427907
143,LOC118237644,19,0.058733417,NW_023276806.1,1,60098085
143,LOC113832912,20,0.056925081,NW_023276806.1,1,84022226
143,Trnal-aag_3,21,-0.055648725,NC_048600.1,7,63508374
143,LOC107979446,22,-0.055123823,NW_023276806.1,1,60284926
143,Mir503,23,0.054010873,NC_048604.1,X,16976189
143,Isg15,24,0.053168533,NC_048595.1,2,122790
143,LOC113832543,25,0.053100278,NW_023276806.1,1,256699277
143,LOC113833009,26,0.052004034,NC_048595.1,2,35262614
143,LOC113832418,27,0.051534336,NW_023276807.1,1,86218080
143,LOC113836949,28,0.050435058,NC_048601.1,8,21692679
143,LOC113834076,29,0.05039914,NC_048595.1,2,186151517
144,LOC113833912,1,-0.083683164,NC_048595.1,2,22458584
144,LOC113831473,2,0.080157281,NC_048596.1,3,51369265
144,Trnan-guu_11,3,-0.079508341,NW_023276806.1,1,60103597
144,LOC113833114,4,-0.076561232,NC_048595.1,2,413955053
144,Trnar-acg_5,5,-0.066181097,NW_023276807.1,1,209737181
144,LOC113833920,6,0.065204573,NC_048595.1,2,29708519
144,LOC113832298,7,-0.065140876,NW_023276807.1,1,101949568
144,LOC113836666,8,0.064390513,NC_048600.1,7,44113137
144,LOC113834933,9,-0.06285726,NC_048596.1,3,273578284
144,LOC113831837,10,-0.062302799,NW_023276806.1,1,21112520
144,LOC113833011,11,0.060909619,NC_048595.1,2,35264383
144,LOC113832321,12,0.060863066,NC_048599.1,6,21141092
144,Trnaa-ugc_8,13,-0.06031277,NC_048604.1,X,43913615
144,LOC113833052,14,-0.059026871,NW_023276806.1,1,144103957
144,LOC113835565,15,-0.058359038,NC_048597.1,4,175722151
144,LOC113836709,16,0.056922349,NC_048600.1,7,129252536
144,LOC113831372,17,0.056138215,NC_048600.1,7,91574932
144,Mir191,18,0.054871346,NC_048597.1,4,216745486
144,LOC113830755,19,-0.054851676,NC_048604.1,X,2689652
144,LOC113835429,20,0.054767405,NC_048597.1,4,72289258
144,LOC113830842,21,-0.053421089,NC_048599.1,6,138594959
144,LOC113835408,22,0.053024014,NC_048597.1,4,71016234
144,Trnaa-agc_13,23,-0.05223372,NC_048596.1,3,244704875
144,LOC113833004,24,-0.051743034,NC_048595.1,2,35212055
144,Trnaa-ugc_2,25,-0.050025329,NC_048597.1,4,105023486
144,LOC113835165,26,-0.04977218,NC_048597.1,4,128822434
145,Txnip,1,0.060167266,NW_023276806.1,1,59939849
145,LOC113831885,2,0.052435415,NC_048596.1,3,102909405
145,LOC103163029,3,0.048001475,NC_048599.1,6,142271917
145,Ttc39a,4,0.046439226,NC_048595.1,2,40380560
145,LOC113832571,5,0.046236268,NW_023276807.1,1,186429398
145,Tnfrsf9,6,-0.045459433,NC_048595.1,2,5449338
145,Mmp12,7,-0.044826787,NC_048597.1,4,121849979
145,Mir221,8,0.044542138,NC_048604.1,X,124017931
145,Gem,9,0.043808994,NC_048595.1,2,125839286
145,Ankrd37,10,0.043742917,NW_023276807.1,1,40567534
145,Il7r,11,-0.042119293,NC_048595.1,2,342895494
145,LOC113832259,12,0.040955187,NW_023276807.1,1,11625174
145,Aqp1,13,0.040951136,NC_048601.1,8,85972347
145,LOC118239682,14,-0.040831253,NW_023276807.1,1,210242411
145,LOC118239586,15,-0.040606518,NW_023276806.1,1,113647762
146,LOC118238412,1,0.067299158,NC_048595.1,2,380142285
146,LOC113833676,2,0.06302589,NC_048595.1,2,165133130
146,LOC113833912,3,-0.061804191,NC_048595.1,2,22458584
146,Zfyve21,4,0.061725876,NC_048598.1,5,182210063
146,LOC113834136,5,0.05977779,NC_048595.1,2,337472855
146,LOC113833116,6,-0.055147468,NC_048595.1,2,413956046
146,Cd36,7,-0.053660337,NW_023276806.1,1,176252535
146,LOC118239683,8,-0.051559234,NW_023276807.1,1,214981872
146,LOC113833685,9,-0.050798192,NC_048598.1,5,31028623
146,Trnal-cag_4,10,0.050390538,NC_048598.1,5,21758568
146,LOC103164270,11,0.049530488,NW_023277414.1,U,7857
146,LOC103163788,12,-0.049028505,NC_048598.1,5,17886006
146,LOC113832600,13,-0.048970003,NW_023276807.1,1,188693934
146,LOC107978682,14,-0.047712808,NC_048595.1,2,377646986
146,Adam12,15,-0.047281888,NC_048596.1,3,66666894
146,Dok5,16,-0.04723021,NC_048599.1,6,8452967
146,LOC100756207,17,-0.046782609,NC_048597.1,4,84013336
146,LOC113836320,18,-0.046769802,NC_048599.1,6,153119215
146,LOC113832494,19,-0.046016369,NW_023276806.1,1,231484205
146,Pstpip1,20,0.045516975,NC_048597.1,4,167621945
146,LOC100769145,21,-0.045436828,NC_048596.1,3,169461212
146,Pdpn,22,-0.044889193,NC_048595.1,2,9912742
146,LOC113838061,23,0.044701943,NW_023277222.1,U,2381
146,LOC113832316,24,0.044357437,NC_048599.1,6,21142816
146,LOC113837211,25,-0.043910843,NC_048602.1,9,6852755
146,LOC113832994,26,-0.043856089,NC_048596.1,3,199783587
146,LOC118238393,27,0.043712049,NC_048595.1,2,337469715
146,Mir484,28,-0.043131367,NW_023276807.1,1,75332547
146,LOC113832844,29,0.042722576,NC_048599.1,6,85166329
146,Id3,30,0.042693254,NC_048595.1,2,17164510
146,LOC103163611,31,0.042039348,NC_048604.1,X,24577194
146,LOC113836037,32,0.041745378,NC_048598.1,5,127004422
146,Trnae-cuc_10,33,0.041268679,NC_048598.1,5,21784920
146,LOC118238335,34,0.041084277,NC_048595.1,2,168313432
146,LOC113839001,35,0.040924664,NW_023276990.1,U,5778
146,Fgf7,36,-0.040452168,NC_048599.1,6,52460845
146,LOC113831085,37,-0.040430982,NC_048596.1,3,100068099
146,LOC118239236,38,0.039747765,NC_048601.1,8,93097943
146,Gas7,39,0.039701555,NC_048600.1,7,81333211
146,Trnap-agg_1,40,-0.038892008,NC_048596.1,3,244728037
146,Nt5c3b,41,-0.038821465,NC_048600.1,7,113489385
146,LOC113833674,42,0.038147151,NC_048595.1,2,164919581
146,LOC100761692,43,-0.037941286,NC_048601.1,8,16903938
146,LOC113835271,44,-0.037799306,NC_048597.1,4,133835736
147,LOC100762336,1,-0.066924709,NW_023276807.1,1,273773199
147,Cdkn3,2,-0.066564994,NW_023276807.1,1,202783197
147,Ccnb2,3,-0.066388243,NC_048597.1,4,181956000
147,LOC118238272,4,0.06232726,NC_048595.1,2,750025
147,Cxcl1,5,0.055402644,NW_023276807.1,1,155673934
147,LOC118239659,6,-0.053892353,NW_023276807.1,1,268074652
147,Mmp12,7,0.053360147,NC_048597.1,4,121849979
147,LOC113833676,8,0.051626962,NC_048595.1,2,165133130
147,Dcn,9,0.051348356,NW_023276806.1,1,163323235
147,Ube2c,10,-0.050136338,NC_048599.1,6,14655875
147,Slpi,11,0.050031258,NC_048599.1,6,15126790
147,Mmp13,12,0.048685725,NC_048597.1,4,121805002
147,Mmp10,13,0.048676625,NC_048597.1,4,121939116
147,LOC118239359,14,-0.047838175,NC_048603.1,10,25595906
147,Zfyve21,15,0.047152541,NC_048598.1,5,182210063
147,LOC113836938,16,0.046872624,NC_048601.1,8,17664443
147,LOC113834936,17,0.046393258,NC_048596.1,3,53500981
147,LOC113835169,18,-0.04434835,NC_048597.1,4,128822709
147,LOC103163726,19,-0.044303895,NC_048599.1,6,138029010
147,LOC100772378,20,0.043861804,NC_048601.1,8,15868223
147,LOC100773862,21,-0.043121492,NC_048604.1,X,112121489
147,LOC103159462,22,-0.042974232,NC_048599.1,6,12378081
147,LOC103160417,23,-0.042548599,NW_023276806.1,1,231482965
147,LOC113830878,24,-0.0424556,NC_048601.1,8,2348886
147,Ccna2,25,-0.04125788,NW_023276806.1,1,113097923
147,Nusap1,26,-0.040961846,NC_048599.1,6,58838839
147,Knstrn,27,-0.040897818,NC_048599.1,6,59661676
147,Spp1,28,0.040814687,NW_023276807.1,1,166251805
147,LOC118239477,29,-0.040148672,NW_023276806.1,1,160158653
147,Sod2,30,0.039983118,NC_048595.1,2,288053207
147,LOC100762270,31,0.039953955,NC_048601.1,8,16917692
147,Cenpa,32,-0.039465544,NC_048600.1,7,13680259
147,Il33,33,-0.038604777,NC_048596.1,3,31453917
147,Ggt1,34,0.038549713,NW_023276806.1,1,263003735
147,LOC113837466,35,-0.038225963,NC_048603.1,10,25568102
147,LOC100763954,36,-0.037973099,NC_048601.1,8,98311222
147,LOC113836666,37,-0.037462318,NC_048600.1,7,44113137
147,C3,38,0.037305616,NC_048598.1,5,96252915
147,LOC113836324,39,-0.037180404,NC_048599.1,6,154014333
147,Ccnb1,40,-0.036865048,NC_048595.1,2,319287474
147,Ccne2,41,0.036730229,NC_048595.1,2,125320629
147,Mmp3,42,0.036421853,NC_048597.1,4,121905913
147,LOC103162356,43,-0.036333168,NC_048600.1,7,20440331
147,Cited1,44,-0.036306791,NC_048604.1,X,67993924
