iModulon,Gene,Rank,Loading,Chr_name,Chromosome,Location
0,Pdpn,1,0.142343306166893,NC_048595.1,2,9912742
0,Fabp4,2,0.0960498221479702,NC_048595.1,2,137723467
0,LOC113837466,3,0.0952285778133293,NC_048603.1,10,25568102
0,LOC107979021,4,0.093003714752891,NC_048599.1,6,30505070
0,Pirt,5,0.08765587547979,NC_048600.1,7,80795999
0,LOC113836383,6,0.0818752687851382,NC_048599.1,6,30471270
0,LOC100769145,7,-0.0785768704555829,NC_048596.1,3,169461212
0,Adam19,8,0.0781403661261557,NC_048600.1,7,60617485
0,Lum,9,-0.0778006839692683,NW_023276806.1,1,163392996
0,LOC118238818,10,0.0771333115853776,NC_048598.1,5,2975757
0,LOC107979337,11,0.0770353477213548,NW_023276807.1,1,155459065
0,Col12a1,12,-0.0749878031178109,NC_048597.1,4,190530489
0,Igf2bp3,13,0.0729253009151516,NC_048601.1,8,92129672
0,Spn,14,0.0728084264703118,NC_048596.1,3,73615356
0,LOC103164015,15,0.0724329202395679,NC_048595.1,2,341555126
0,C1H12orf75,16,0.0714418247987935,NW_023276806.1,1,151656367
0,LOC100754646,17,0.0713933267644078,NW_023276806.1,1,63447403
0,LOC118239359,18,0.0704579973426584,NC_048603.1,10,25595906
0,LOC100759078,19,0.069146359848326,NW_023276807.1,1,155311794
0,C1qtnf1,20,0.0679610887290984,NC_048600.1,7,130975192
0,Prrx1,21,0.0675740773835968,NC_048598.1,5,28911874
0,Cnksr1,22,0.0669141224385326,NC_048595.1,2,19073703
0,LOC103161308,23,0.0655982313406012,NW_023276806.1,1,32237273
0,Tp63,24,0.0647159166879982,NC_048597.1,4,63108943
0,LOC113830878,25,0.0640418713816343,NC_048601.1,8,2348886
0,LOC107979981,26,0.0634204681492419,NC_048599.1,6,47499186
0,LOC107977033,27,-0.0620138155753951,NC_048599.1,6,139575628
0,Il19,28,0.0618134772652907,NC_048598.1,5,58038778
0,Tnfsf4,29,0.0614772252544972,NC_048598.1,5,30664422
0,Gem,30,-0.0614286886057943,NC_048595.1,2,125839286
0,Angpt4,31,-0.0613775488954408,NC_048599.1,6,28071763
0,LOC113835080,32,0.0606043633011329,NC_048596.1,3,89969333
0,Prnp,33,0.0603028267145005,NC_048599.1,6,46663955
0,LOC100754693,34,0.060128823784701,NW_023276806.1,1,165760127
0,LOC103164066,35,-0.0598742229283012,NC_048596.1,3,136281948
0,LOC100773795,36,0.0595958166749195,NC_048595.1,2,161968153
0,Id2,37,0.0594735476807658,NC_048600.1,7,27970665
0,Gpnmb,38,0.0584786618570019,NC_048601.1,8,92295270
0,Agt,39,-0.0581920723122023,NC_048596.1,3,201284400
0,LOC100754872,40,0.0576981496023567,NW_023276807.1,1,156999749
0,Evl,41,0.0571757597350894,NC_048598.1,5,186085911
0,Ereg,42,0.0561651751379911,NW_023276807.1,1,155844175
0,Slc38a4,43,0.0559906590156323,NC_048595.1,2,393493840
1,Mir671,1,0.0570378974795292,NC_048601.1,8,97922620
1,Ndufa11,2,0.0548694591868558,NC_048598.1,5,96828112
1,LOC113836924,3,0.0509382778170255,NC_048600.1,7,119454576
1,LOC103160498,4,0.0508875290809748,NC_048598.1,5,96935750
1,Rplp1,5,0.0499189767850439,NC_048597.1,4,173449675
1,Mif,6,0.0489664681802632,NW_023276806.1,1,262752429
1,Lamtor4,7,0.0487155455466895,NC_048597.1,4,116736813
1,LOC113836832,8,0.0472948607743964,NC_048600.1,7,76630662
1,Fkbp8,9,0.0466769687798598,NW_023276806.1,1,248450800
1,LOC100764983,10,0.0463026388204221,NC_048595.1,2,58853404
1,Rps9,11,0.0462951476341154,NC_048602.1,9,21629191
1,Mbd3,12,0.0461967764675037,NC_048598.1,5,101187485
1,Mir1306,13,0.0457753497143749,NC_048597.1,4,70977452
1,LOC113837251,14,0.0446055375707487,NC_048602.1,9,23312694
1,Rpl28,15,0.0444383999020734,NC_048602.1,9,23435513
1,Rps18,16,0.0435381244712137,NW_023276806.1,1,232060442
1,Josd2,17,0.0426348736882116,NC_048599.1,6,153336216
1,Elob,18,0.0423686244978752,NC_048600.1,7,43341502
1,LOC113830993,19,-0.0422264132905303,NC_048597.1,4,82671247
1,Timm13,20,0.042223735671661,NC_048598.1,5,101683515
1,Aldh16a1,21,0.0413779576701725,NC_048599.1,6,154031320
1,LOC113837666,22,0.0409446223609624,NC_048604.1,X,96357750
1,Lrfn4,23,0.0407918792265379,NC_048596.1,3,54670489
1,Abhd17a,24,0.0390976251969521,NC_048598.1,5,101370926
1,Tspo,25,0.0388746327361205,NC_048595.1,2,380458755
1,LOC100756490,26,0.0387773964665602,NW_023276807.1,1,39286388
1,Fzr1,27,0.0383208766556145,NC_048598.1,5,102141401
1,Ccdc85b,28,0.0382540842706591,NC_048596.1,3,53883863
1,Sf3b5,29,0.0377962696425537,NC_048595.1,2,275868912
1,Ndufs7,30,0.037700288833225,NC_048598.1,5,101042965
1,Dohh,31,0.0376811991689133,NC_048598.1,5,102157039
1,Mt1,32,0.0374992857044198,NC_048596.1,3,170379906
1,LOC100767529,33,0.037224761338896,NC_048595.1,2,413975782
1,Raver1,34,0.0370318413337899,NC_048597.1,4,133933047
1,Ndufb7,35,0.037025495745132,NC_048596.1,3,160829919
1,Tmem132a,36,0.0369295117264113,NC_048596.1,3,49580210
1,Siva1,37,0.0367218408287423,NC_048598.1,5,181408411
1,Dus3l,38,0.0366380444534448,NC_048598.1,5,96779166
1,Hspb1,39,0.0366339978297033,NC_048597.1,4,114891858
1,Chpf,40,0.0365068243954254,NC_048595.1,2,428618125
1,Ube2s,41,0.0361358969990384,NC_048602.1,9,23448369
1,Ubtd1,42,0.0360992548993507,NC_048596.1,3,19514313
1,LOC100766073,43,0.0360509498615796,NC_048599.1,6,81241331
1,Ccdc124,44,0.0360422315740047,NW_023276806.1,1,248142172
1,Emilin1,45,0.0358753919254916,NC_048600.1,7,13454564
1,Rplp2,46,0.0358373253508665,NC_048596.1,3,59733439
1,Antkmt,47,0.0356974723299898,NC_048600.1,7,45410913
1,Rnf126,48,0.0355734097274268,NC_048598.1,5,100567302
1,Bckdha,49,0.0355100405587474,NC_048602.1,9,9464031
1,Isyna1,50,0.0351130365127598,NW_023276806.1,1,248398938
1,Rps5,51,0.0350643299363382,NC_048602.1,9,25509066
1,Slc39a3,52,0.0349669997025707,NC_048598.1,5,101816313
1,Cdc34,53,0.0348572720993361,NC_048598.1,5,100493428
2,LOC100773005,1,0.0741117882293085,NW_023276806.1,1,21333259
2,Gpnmb,2,0.0667636152474297,NC_048601.1,8,92295270
2,Cd36,3,0.0661568836985285,NW_023276806.1,1,176252535
2,Amdhd2,4,0.065424063541962,NC_048600.1,7,43697049
2,Wdfy4,5,0.0649856868419589,NW_023276807.1,1,186215732
2,Fnip2,6,0.0642754431358054,NW_023276806.1,1,74646667
2,LOC103162142,7,0.0617497432927818,NC_048601.1,8,23966335
2,Cd68,8,0.0597469327745826,NC_048600.1,7,83509203
2,Fa2h,9,0.0595561121942357,NC_048596.1,3,187746650
2,LOC100756544,10,0.0572108505334687,NC_048599.1,6,15679658
2,Gem,11,0.0569563856976126,NC_048595.1,2,125839286
2,Uap1l1,12,0.0566900421215717,NC_048599.1,6,136715398
2,Sqstm1,13,0.0554675767445291,NC_048600.1,7,64657865
2,Deup1,14,0.0552142927084039,NC_048597.1,4,129055930
2,LOC118239477,15,0.0543859972302702,NW_023276806.1,1,160158653
2,LOC113833198,16,0.0540723615123938,NW_023276806.1,1,57984828
2,LOC113833551,17,0.0538237490513682,NC_048595.1,2,48946937
2,LOC113835049,18,0.0537731222382713,NC_048596.1,3,279189598
2,Clu,19,0.0513742986496439,NW_023276807.1,1,220960688
2,Septin3,20,0.0505719081448073,NC_048595.1,2,379416695
2,LOC100756791,21,0.0499613989706773,NC_048596.1,3,280151001
2,Hmox1,22,0.0493263538241347,NC_048596.1,3,150860756
2,LOC118239724,23,0.0492966412145505,NW_023276807.1,1,233516622
2,LOC113831153,24,0.0492798285586231,NC_048598.1,5,82806454
2,Pstpip1,25,0.0488452295747508,NC_048597.1,4,167621945
2,Cln5,26,0.0487171594348825,NW_023276807.1,1,254723608
2,Fth1,27,0.0468712756342595,NC_048596.1,3,50469662
2,Gpd1,28,0.0468000433952678,NC_048595.1,2,396155050
2,Rnaset2,29,0.0467593874545363,NC_048595.1,2,292418959
2,LOC118237931,30,0.0464267480354429,NC_048596.1,3,53549694
2,Grn,31,0.0459043438335452,NC_048600.1,7,115669357
2,Flcn,32,0.0446083028284346,NC_048600.1,7,73905203
2,LOC100765930,33,0.0444916576210574,NC_048599.1,6,78226115
2,Aqp1,34,-0.0441587585871626,NC_048601.1,8,85972347
2,LOC113831892,35,0.0438687474603632,NC_048597.1,4,151060449
2,Atf3,36,0.04332544376045,NC_048598.1,5,3849952
2,Ddit3,37,0.0431237643589855,NW_023276806.1,1,130431820
2,LOC100773862,38,0.042532791961904,NC_048604.1,X,112121489
2,LOC118239202,39,-0.0422097056405618,NW_023276806.1,1,60139979
2,Arsa,40,0.04209308718994,NC_048595.1,2,386201581
2,Dpp7,41,0.0419087739439575,NC_048599.1,6,136703588
2,Mfsd11,42,0.0416771453540736,NC_048600.1,7,129423695
2,Mt1,43,0.0412304725628528,NC_048596.1,3,170379906
2,Mroh1,44,0.0410343209835861,NC_048595.1,2,373687062
2,Mpzl1,45,0.0408423932553632,NC_048598.1,5,26839598
2,Neurl2,46,0.0407973269869315,NC_048599.1,6,14593021
2,Ctsa,47,0.0406744731009507,NC_048599.1,6,14586915
2,LOC100757077,48,0.0406545441200625,NC_048596.1,3,280129751
2,LOC103158703,49,0.0405340834484357,NC_048596.1,3,72598747
2,LOC113835137,50,0.0403493500461412,NC_048596.1,3,197020764
3,LOC118237931,1,0.073150338870374,NC_048596.1,3,53549694
3,LOC113833717,2,0.0684099184416245,NC_048595.1,2,199356994
3,LOC113832912,3,0.0592480305937958,NW_023276806.1,1,84022226
3,LOC118239049,4,-0.0570717177369116,NC_048599.1,6,146729334
3,LOC103159011,5,-0.0557107732803852,NW_023276869.1,U,56589
3,LOC113836920,6,-0.0529406151390353,NC_048600.1,7,119454319
3,LOC118238367,7,-0.0514439930682743,NC_048595.1,2,282078959
3,LOC113839000,8,0.0514142647562715,NW_023276990.1,U,44672
3,LOC113833009,9,-0.0480333058434125,NC_048595.1,2,35262614
3,LOC113835024,10,-0.0478752780167457,NC_048596.1,3,244718318
3,LOC113838088,11,0.0476697900817621,NW_023276947.1,U,50732
3,LOC113833677,12,0.0468352456862991,NC_048595.1,2,165132903
3,LOC113837553,13,0.0463866528080432,NC_048604.1,X,30086550
3,LOC113831478,14,-0.0456787624489471,NC_048596.1,3,51369526
3,Eif5b,15,0.044927840430253,NW_023276807.1,1,10200866
3,Mirlet7a-1,16,0.0448543268220687,NC_048596.1,3,268320862
3,LOC113835167,17,0.0447444893305928,NC_048597.1,4,128830229
3,LOC113835102,18,0.0443845175698522,NC_048596.1,3,89606598
3,Atrx,19,0.0439027032146539,NC_048604.1,X,64832590
3,Ankrd12,20,0.0430846842637134,NC_048595.1,2,454893558
3,Arl9,21,0.0428552896066506,NW_023276807.1,1,143416806
3,Rn5-8s,22,0.0421134393657467,NW_023276990.1,U,11530
3,LOC113831042,23,0.0420713952308426,NC_048598.1,5,149697763
3,LOC113833687,24,0.0415118200027322,NC_048598.1,5,31031386
3,LOC113835414,25,0.0414908572290613,NC_048597.1,4,65824788
3,Hmgn5,26,0.0413129029505264,NC_048604.1,X,62294241
3,LOC113838095,27,0.041294997914596,NW_023277277.1,U,685
3,LOC113831009,28,0.0404488004256843,NW_023276806.1,1,48568739
3,LOC113837101,29,0.0404428379695421,NC_048601.1,8,92636747
3,Mir2424,30,0.040106025084876,NC_048601.1,8,21234660
4,Hspa5,1,0.107603782556354,NC_048599.1,6,146492189
4,Sdf2l1,2,0.095064263696125,NC_048597.1,4,72192713
4,Creld2,3,0.0847401576000172,NC_048595.1,2,385581075
4,Pdia4,4,0.0827047491570618,NC_048601.1,8,99389099
4,Hsp90b1,5,0.0816191281283532,NW_023276806.1,1,152705637
4,Herpud1,6,0.0814328554154418,NC_048596.1,3,170619322
4,Hyou1,7,0.0795479452836748,NC_048597.1,4,156066604
4,Sel1l,8,0.0674813040553775,NC_048598.1,5,113065332
4,Manf,9,0.0666050595817147,NC_048597.1,4,215101750
4,Gmppb,10,0.0662651822833841,NC_048597.1,4,216240930
4,Ero1b,11,0.063657979183078,NC_048596.1,3,236573697
4,LOC118239049,12,0.0608779911334946,NC_048599.1,6,146729334
4,Piga,13,0.057879695336699,NC_048604.1,X,99484009
4,Dnajc3,14,0.0574141535333701,NW_023276807.1,1,268951306
4,Calr,15,0.0544748754731455,NC_048596.1,3,159525663
4,Slc9b2,16,0.050275668773764,NW_023276806.1,1,24139195
4,LOC113833674,17,0.0489421670554019,NC_048595.1,2,164919581
4,Pdia3,18,0.0477167664453754,NC_048599.1,6,56985283
4,Ficd,19,0.0476564663567113,NC_048597.1,4,93384490
4,LOC113837639,20,-0.047583204116455,NC_048602.1,9,5618232
4,LOC118238159,21,0.0475214960581762,NC_048595.1,2,19015179
4,LOC113836616,22,0.0466841975957764,NC_048600.1,7,26444694
4,Mcf2l,23,0.0465711555626817,NW_023276807.1,1,67746297
4,LOC113833814,24,0.04566775702352,NC_048595.1,2,156274962
4,LOC100750381,25,0.0455731564478919,NC_048598.1,5,19525210
4,Edem1,26,0.0450666532348799,NC_048601.1,8,35626742
4,LOC113836194,27,-0.044765673981772,NC_048598.1,5,101957312
4,Mir1956,28,0.044675311923315,NW_023276806.1,1,21052843
4,Gpnmb,29,-0.0444382769376646,NC_048601.1,8,92295270
4,Ddit3,30,0.044373713494194,NW_023276806.1,1,130431820
4,LOC113833691,31,-0.0439727432613582,NC_048598.1,5,31028359
4,Nucb2,32,0.0437624019279372,NC_048596.1,3,84107359
4,Pdia6,33,0.043106806989432,NC_048600.1,7,26434822
4,LOC113835100,34,-0.0425231005743674,NC_048596.1,3,91207014
4,Dnajb9,35,0.04141655100724,NC_048598.1,5,157543843
4,Surf4,36,0.0414055482517201,NC_048599.1,6,138602393
4,Selenos,37,0.0410257989399405,NC_048596.1,3,131187648
4,LOC113831088,38,-0.0410166651495126,NW_023276807.1,1,140579599
4,Abhd6,39,0.0404723996814019,NW_023276807.1,1,75944043
4,Egr1,40,-0.0403609118861369,NC_048595.1,2,202626935
4,Alg12,41,0.0403497117657872,NC_048595.1,2,385564008
4,LOC118238721,42,0.0401135939340966,NC_048597.1,4,57829445
4,LOC118239603,43,0.0398849582385733,NW_023276806.1,1,12715105
5,Kmt2d,1,0.0614871691194944,NC_048595.1,2,395304818
5,Hspg2,2,0.0610352358725332,NC_048595.1,2,15770774
5,Dst,3,0.0579194706153544,NW_023276807.1,1,13681916
5,Ahnak,4,0.0576438605789281,NC_048596.1,3,51022477
5,Lrp1,5,0.0572901899045287,NW_023276806.1,1,130127763
5,Dync1h1,6,0.0571007569607119,NC_048598.1,5,183355478
5,Ubr4,7,0.055480553977444,NC_048595.1,2,13793693
5,Kmt2a,8,0.0537615806814689,NC_048597.1,4,156480711
5,Wdfy3,9,0.0536158710920969,NW_023276807.1,1,163864887
5,Rnf213,10,0.0536127404393043,NC_048600.1,7,131933568
5,Huwe1,11,0.0531695040915393,NC_048604.1,X,107561090
5,Fat1,12,0.0530434583557173,NW_023276807.1,1,41391632
5,LOC118239049,13,0.0495724619039411,NC_048599.1,6,146729334
5,Cbl,14,0.0493977890917016,NC_048597.1,4,155855429
5,Trrap,15,0.0489115390199324,NC_048597.1,4,81174264
5,Lama5,16,0.0478936500454049,NC_048599.1,6,1714225
5,Birc6,17,0.0472066219752664,NC_048600.1,7,8997190
5,Mycbp2,18,0.0468694016512253,NW_023276807.1,1,254770031
5,Ep300,19,0.0463128973741537,NC_048595.1,2,378731365
5,Syne2,20,0.04577320605222,NC_048598.1,5,127373175
5,Herc2,21,0.045439847959057,NC_048596.1,3,141432455
5,LOC113834516,22,0.0452494936114173,NC_048595.1,2,373465118
5,Smg1,23,0.0450648797959527,NC_048596.1,3,82408037
5,LOC100767704,24,0.0450613804225665,NC_048596.1,3,43868674
5,Hectd4,25,0.044892998268494,NC_048597.1,4,101082573
5,Macf1,26,0.0442225052464084,NC_048595.1,2,29326063
5,LOC100752965,27,0.0437921443222994,NW_023276806.1,1,112644839
5,Kmt2c,28,0.0437682146784208,NC_048601.1,8,97048604
5,Mdn1,29,0.0429049690196791,NC_048595.1,2,109242809
5,Spen,30,0.0428990085283569,NC_048595.1,2,11721750
5,Flnb,31,0.0424493435297704,NW_023276807.1,1,75742134
5,Map1b,32,0.0422713345263588,NC_048595.1,2,318201175
5,LOC118238367,33,0.0419731971857168,NC_048595.1,2,282078959
5,Notch2,34,0.041964331852209,NW_023276806.1,1,58332411
5,Mki67,35,0.0418207949171225,NC_048596.1,3,65213595
5,Trnap-agg_1,36,0.0415912321825448,NW_023276806.1,1,198432447
5,Vps13d,37,0.0413497707300768,NC_048595.1,2,8757074
5,Ep400,38,0.0409896777248084,NC_048597.1,4,90444450
5,Hipk2,39,0.0406541989290215,NW_023276806.1,1,189297034
5,Utrn,40,0.0406324206027216,NC_048595.1,2,276004802
5,Tanc2,41,0.0404266867837226,NC_048600.1,7,118560838
5,Nav2,42,0.0399555727505356,NC_048596.1,3,146271831
5,Col12a1,43,0.039837469347978,NC_048597.1,4,190530489
5,Stard9,44,0.0397032032806359,NC_048599.1,6,57763852
5,Pkd1,45,0.0395619684760716,NC_048600.1,7,44132253
5,Herc1,46,0.0393940827914608,NC_048597.1,4,177966869
5,Fn1,47,0.0390068681261507,NC_048595.1,2,424970688
6,Igf2bp2,1,0.171562776432404,NC_048597.1,4,66742574
6,Mir22,2,-0.104630619081752,NC_048600.1,7,88912691
6,LOC113836326,3,0.0843354858305582,NC_048599.1,6,154014071
6,Zfyve21,4,-0.0842805953480135,NC_048598.1,5,182210063
6,LOC103164270,5,-0.0809958981721221,NW_023277414.1,U,7857
6,Hoxa9,6,0.0797671750682892,NC_048601.1,8,89119788
6,Col3a1,7,0.0771122475456982,NC_048595.1,2,401902840
6,LOC100762719,8,0.0749004812099738,NC_048601.1,8,89111185
6,LOC113833013,9,0.0714640501133064,NC_048595.1,2,35263170
6,C1qtnf1,10,-0.0676701964504033,NC_048600.1,7,130975192
6,Cd53,11,-0.0676477796777121,NW_023276806.1,1,50315584
6,LOC113833681,12,0.0649371467256693,NC_048595.1,2,164919988
6,Gpd1,13,-0.0640658221015916,NC_048595.1,2,396155050
6,LOC113837470,14,-0.0637626084985737,NC_048603.1,10,21821553
6,LOC113836270,15,0.0629222244537541,NC_048599.1,6,100381838
6,LOC107979342,16,0.0617149604771413,NC_048595.1,2,63977630
6,Was,17,-0.0614193370103339,NC_048604.1,X,114556899
6,LOC113833702,18,-0.0601087718148157,NC_048598.1,5,31027683
6,Trnay-gua_6,19,0.0596715501942839,NC_048596.1,3,244719286
6,Apobr,20,-0.0581035713840084,NC_048596.1,3,74193496
6,Mir3068,21,0.0539833807164751,NC_048598.1,5,116364712
6,Mir221,22,-0.053769016915511,NC_048604.1,X,124017931
6,LOC113833921,23,-0.0534689063458901,NC_048595.1,2,29710363
6,Slitrk5,24,0.0533892157438631,NW_023276807.1,1,262541807
6,LOC113835564,25,-0.0511902986040769,NC_048597.1,4,175720664
6,LOC113836198,26,0.0494593810116603,NC_048598.1,5,100783489
7,LOC113839001,1,0.282856866593376,NW_023276990.1,U,5778
7,Rn28s1,2,0.27431357038753,NW_023276990.1,U,41594
7,LOC113838089,3,0.228235233118385,NW_023276947.1,U,44930
7,LOC113838061,4,0.211143283546086,NW_023277222.1,U,2381
7,Rn45s_1,5,0.21031689174192,NW_023277167.1,U,24094
7,Rn5-8s,6,0.132340421303611,NW_023276990.1,U,11530
7,Mir1973,7,0.0968632709803977,NC_048603.1,10,16495623
7,LOC113838088,8,0.0940459215318576,NW_023276947.1,U,50732
7,LOC113834297,9,0.0893065877900809,NC_048595.1,2,262815402
7,LOC113839000,10,0.0879447700610641,NW_023276990.1,U,44672
7,LOC113838060,11,0.0809294597287766,NW_023277222.1,U,1098
7,LOC113835100,12,-0.0690678698570792,NC_048596.1,3,91207014
7,LOC113836830,13,-0.0678128509716896,NC_048600.1,7,63459058
7,Rn45s,14,0.0609971691142708,NC_048600.1,7,134357488
8,Cd99,1,0.233542288913188,NW_023277415.1,U,377
8,LOC100753456,2,0.21823405322186,NW_023276808.1,U,8824831
8,LOC103158763,3,0.198993261136232,NW_023276808.1,U,7084861
8,LOC100762789,4,0.163170646975919,NW_023276808.1,U,8853008
8,LOC113837845,5,0.151793495539814,NW_023277415.1,U,60131
8,LOC113838854,6,0.143441450001164,NW_023277415.1,U,14826
8,LOC113838082,7,0.142723542779656,NW_023276849.1,U,77377
8,LOC113838852,8,0.140065555837765,NW_023277415.1,U,10421
8,LOC113839076,9,0.12105943408152,NW_023276808.1,U,5988468
8,LOC113838539,10,0.115661587966479,NW_023276919.1,U,9912854
8,LOC113838541,11,0.114808817842124,NW_023276919.1,U,9897515
8,LOC113838971,12,0.114506373934753,NW_023277422.1,U,20896
8,LOC107977549,13,0.111696514845099,NW_023276919.1,U,9932220
8,LOC113839047,14,0.10881619536046,NW_023277422.1,U,110010
8,LOC113838105,15,0.105230615685581,NW_023276808.1,U,8824518
8,LOC113837915,16,0.104072623044671,NW_023276824.1,U,55405
8,LOC113838538,17,0.0997686679287007,NW_023276919.1,U,9885008
8,LOC113838677,18,0.0971836868222904,NW_023277424.1,U,42398
8,LOC118239790,19,0.0964052569138645,NW_023276877.1,U,69644
8,LOC113838537,20,0.0941974222646877,NW_023276919.1,U,9878922
8,LOC113838916,21,0.0821217684858029,NW_023276950.1,U,15991
8,LOC113831860,22,0.0819948119098996,NW_023276955.1,U,39692
8,LOC113838855,23,0.0793801340029626,NW_023277415.1,U,27389
8,LOC118239828,24,0.0730140400096099,NW_023277415.1,U,59117
8,LOC113837977,25,0.0675132493625591,NW_023276822.1,U,35041
8,LOC113839100,26,0.0662212088941014,NW_023276822.1,U,71103
8,Clu,27,0.0660180382268423,NW_023276807.1,1,220960688
8,LOC103162695,28,0.0657297159052871,NW_023276808.1,U,8883499
8,Nudt14,29,0.0634694338782485,NC_048598.1,5,181115283
8,LOC100752592,30,0.0596383555633724,NW_023276808.1,U,6783771
8,LOC113838814,31,0.0581371526016395,NW_023276843.1,U,18981
8,LOC113838108,32,0.0570424318914691,NW_023277291.1,U,8582
8,LOC118239802,33,0.0558795345757356,NW_023276951.1,U,36339
8,LOC113837940,34,0.0540111910507465,NW_023276808.1,U,530913
8,LOC113838057,35,0.0536916124917436,NW_023277437.1,U,16029
8,LOC113832116,36,0.0525932801448397,NW_023276951.1,U,39454
8,LOC113834219,37,-0.0525867901961566,NC_048595.1,2,339098338
9,Rps21,1,0.055918053378442,NC_048599.1,6,1685171
9,Rps24,2,0.0554429949082065,NW_023276807.1,1,195285629
9,Rpl32,3,0.0537661348202894,NC_048601.1,8,29045949
9,Rps25,4,0.0537285547690002,NC_048597.1,4,156093695
9,Rpl39,5,0.0532027123950333,NC_048604.1,X,29424338
9,Rpl9,6,0.052967293209032,NW_023276807.1,1,132423887
9,Rps14,7,0.0519029564736207,NC_048595.1,2,178315222
9,Rps12,8,0.0515846716634972,NC_048595.1,2,243059396
9,S100a4,9,0.0512620386429152,NW_023276806.1,1,63942758
9,Rps23,10,0.0498882397082268,NC_048595.1,2,309765125
9,Rpl14,11,0.0496533419805198,NC_048597.1,4,227645994
9,Rpl37,12,0.0491733326792894,NC_048595.1,2,339096275
9,Rpl17,13,0.0489782036323852,NC_048595.1,2,164917786
9,Rpl27,14,0.0488633146472102,NC_048600.1,7,114486737
9,Rps27a,15,0.0487364034546497,NW_023276807.1,1,77732756
9,Rpl22,16,0.0487298560749658,NC_048595.1,2,4030558
9,Rpl13a,17,0.0485311553077186,NC_048599.1,6,154013378
9,Rpl34,18,0.0483745763719474,NW_023276806.1,1,28198556
9,Rpl30,19,0.0477624106106936,NC_048603.1,10,16574836
9,Rpl23,20,0.0476658866098601,NC_048600.1,7,110924640
9,S100a5,21,0.0472496374430962,NW_023276806.1,1,63934562
9,Rpl26,22,0.0470684658113982,NC_048600.1,7,82786557
9,Prdx1,23,0.0466284809742158,NC_048595.1,2,35700206
9,Rpl24,24,0.0465273387573519,NC_048597.1,4,36105481
9,Rps3a,25,0.0451498907856016,NW_023276806.1,1,68279364
9,Rpl35a,26,0.0447483039238576,NC_048597.1,4,56493202
9,Rpl11,27,0.0445996622425954,NC_048595.1,2,17259764
9,Rps27,28,0.0444894753234546,NW_023276806.1,1,64346446
9,Rps11,29,0.044260554923709,NC_048599.1,6,154009510
9,Rpl13,30,0.0439918773841479,NC_048596.1,3,199783182
9,Rplp0,31,0.043898206966162,NC_048597.1,4,95653979
9,Rps26,32,0.0432077870034443,NW_023276806.1,1,129282851
9,Rps6,33,0.0429688650277196,NC_048595.1,2,61064803
9,Txn,34,0.0426790577108517,NC_048595.1,2,85909757
9,Rps3,35,0.0421339458398723,NC_048596.1,3,100067290
9,Rps4x,36,0.0420714685191911,NC_048604.1,X,68057873
9,Rps16,37,0.0420538181203469,NC_048602.1,9,7535133
9,Rps8,38,0.0418832285097742,NC_048595.1,2,35262243
9,Rpl37a,39,0.0418735764973939,NC_048595.1,2,426025922
9,Rps17,40,0.041788175619959,NC_048596.1,3,116231682
10,LOC113834403,1,0.105485506887238,NC_048595.1,2,106628517
10,Rarres2,2,0.0939550692538984,NC_048601.1,8,98691581
10,Rcn2,3,0.091155768338263,NC_048597.1,4,167551140
10,LOC107977831,4,-0.0761196789566782,NC_048601.1,8,76870921
10,Fn1,5,0.0743917331165863,NC_048595.1,2,424970688
10,LOC103159102,6,0.0650002053555479,NC_048596.1,3,195638601
10,LOC103158756,7,0.0629665149137959,NC_048599.1,6,21482173
10,Tmem144,8,-0.0623135962823586,NW_023276806.1,1,74379603
10,LOC103160608,9,0.0615365305603659,NC_048595.1,2,60856654
10,LOC103159905,10,-0.0608396091779427,NC_048596.1,3,264863114
10,Arpp21,11,-0.0572574738866763,NC_048597.1,4,219488477
10,Arpp21_1,12,-0.0564960788935077,NC_048597.1,4,219541498
10,LOC103163846,13,0.0564553300295643,NC_048604.1,X,119343846
10,LOC107978231,14,-0.0562613640563986,NC_048596.1,3,225669444
10,LOC113834062,15,0.0562434536075315,NC_048595.1,2,185366642
10,LOC103159449,16,0.0539290735297923,NC_048597.1,4,33997738
10,LOC103159579,17,0.0538104758259937,NC_048595.1,2,455547684
10,LOC100769497,18,0.0528249667929229,NW_023276807.1,1,29878486
10,Gh1,19,-0.0501916430432288,NC_048600.1,7,119246509
10,LOC100760951,20,-0.0501096178787001,NW_023276806.1,1,63384679
10,Oat,21,0.0499750052312657,NC_048596.1,3,68272487
10,Col18a1,22,0.0497870060773011,NW_023276806.1,1,261677499
10,Vnn1,23,0.0484136350059687,NC_048595.1,2,243143574
10,Rn5-8s,24,-0.0482647543381606,NW_023276990.1,U,11530
10,Mt1,25,0.0477307319134901,NC_048596.1,3,170379906
10,Pacrgl,26,0.0473828024754724,NW_023276807.1,1,116786175
10,Dzip1l,27,0.0466418081249934,NC_048597.1,4,208033356
10,LOC103162302,28,0.0463905733806632,NC_048596.1,3,163676308
10,LOC118239049,29,-0.0456888591904795,NC_048599.1,6,146729334
10,Cdnf,30,-0.0450921536260302,NC_048596.1,3,220808378
10,LOC103160761,31,0.0447436681002223,NW_023276806.1,1,15236041
11,LOC103162784,1,0.112893673875634,NC_048595.1,2,449718394
11,Wnk3,2,-0.0866571035309464,NC_048604.1,X,108187344
11,Gpd1,3,0.0865577812300167,NC_048595.1,2,396155050
11,Csrp2,4,0.0736122616057393,NW_023276806.1,1,144571595
11,Evl,5,0.070828965930028,NC_048598.1,5,186085911
11,LOC100751053,6,0.0689468139692216,NC_048597.1,4,162253090
11,LOC103159579,7,0.0632451700769127,NC_048595.1,2,455547684
11,Hoxa9,8,0.0627512815872785,NC_048601.1,8,89119788
11,LOC100762719,9,0.0607630165478286,NC_048601.1,8,89111185
11,Ptprm,10,0.0590287756510304,NC_048595.1,2,455560068
11,Id2,11,-0.0548686132727253,NC_048600.1,7,27970665
11,Rftn2,12,0.0538082622167045,NC_048595.1,2,409593676
11,St8sia4,13,0.0535385776194112,NC_048595.1,2,446511076
11,Kdelr3,14,0.0531059883264454,NC_048595.1,2,376685607
11,Spp1,15,-0.0530190460505585,NW_023276807.1,1,166251805
11,Hdlbp,16,0.0521943828123119,NC_048595.1,2,444876806
11,Mtcl1,17,0.052104130224219,NC_048595.1,2,455257402
11,LOC100773835,18,0.0520154094154618,NC_048595.1,2,459471907
11,LOC100754872,19,0.0517765295473206,NW_023276807.1,1,156999749
11,LOC100762270,20,0.0517729099752643,NC_048601.1,8,16917692
11,LOC103161381,21,0.0512486230329265,NC_048595.1,2,458649047
11,LOC103158703,22,0.0507704904062316,NC_048596.1,3,72598747
11,Rnpepl1,23,0.0501363400644353,NC_048595.1,2,444407374
11,LOC103162686,24,0.0500635252171125,NC_048600.1,7,43147575
11,Rab12,25,0.0498932250290487,NC_048595.1,2,455411415
11,Mterf4,26,0.049571281696527,NC_048595.1,2,444766238
11,D2hgdh,27,0.0494053559025735,NC_048595.1,2,445257720
11,Gpc1,28,0.0493176254231522,NC_048595.1,2,444322438
11,Txnip,29,0.0492241124216367,NW_023276806.1,1,59939849
11,Cops9,30,0.0488368121206089,NC_048595.1,2,444128172
11,LOC103161103,31,0.0483995706405655,NC_048595.1,2,446323504
11,LOC100757684,32,-0.0482387054596961,NC_048601.1,8,12217897
11,LOC113833607,33,0.0480935147132791,NC_048595.1,2,446888912
11,Ndufa10,34,0.0479138228555714,NC_048595.1,2,443934007
11,Ppp1r7,35,0.0474104988952774,NC_048595.1,2,444812353
11,LOC113830641,36,0.0473705109229505,NC_048596.1,3,95363038
11,Fbxl17,37,0.0471176517548595,NC_048595.1,2,452329355
11,Septin2,38,0.0468834693467063,NC_048595.1,2,444940396
11,Rarres2,39,0.0464623677933297,NC_048601.1,8,98691581
11,Mlph,40,-0.0459740898920888,NC_048595.1,2,442417310
11,LOC100767530,41,0.045453945505963,NW_023276806.1,1,49133283
11,LOC103160386,42,0.0449723736182441,NC_048595.1,2,293585605
11,Eml2,43,-0.0448658118975176,NC_048602.1,9,28157690
11,LOC100763261,44,-0.0448274748312018,NC_048600.1,7,95480383
11,Slc9a9,45,-0.043874060302098,NC_048597.1,4,203352967
11,Stk25,46,0.0437129147787664,NC_048595.1,2,445066909
11,Fer,47,0.0435261341088548,NC_048595.1,2,453022832
12,Fos,1,0.231608801695751,NC_048598.1,5,118313605
12,Egr1,2,0.218399312183815,NC_048595.1,2,202626935
12,Egr2,3,0.127031944177741,NW_023276806.1,1,269915843
12,Btg2,4,0.120152964724288,NC_048598.1,5,55129512
12,Junb,5,0.108332021811278,NC_048596.1,3,159387536
12,Zfp36,6,0.099564275243532,NC_048602.1,9,7510119
12,Ccn1,7,0.0932545158147301,NW_023276806.1,1,13533654
12,LOC113834001,8,0.0920682431321134,NC_048595.1,2,53812416
12,LOC113834847,9,0.0770038871489195,NC_048596.1,3,546195
12,Sgk1,10,0.0762258929233065,NC_048595.1,2,267811093
12,Trnap-agg_1,11,-0.0754895441762447,NW_023276806.1,1,198432447
12,LOC113835562,12,0.0747208623988878,NC_048597.1,4,175721561
12,Mir221,13,0.0700059759324657,NC_048604.1,X,124017931
12,LOC113836316,14,0.0664794390855618,NC_048599.1,6,154013811
12,LOC118237816,15,0.0662945308626754,NC_048599.1,6,120488327
12,Snord14e,16,0.0648192673835812,NC_048597.1,4,152448829
12,Dusp5,17,0.0638094055570234,NC_048596.1,3,8018536
12,LOC113833117,18,0.0630345208898904,NC_048595.1,2,413965301
12,Cxcl1,19,0.0609989693202579,NW_023276807.1,1,155673934
13,LOC113834219,1,0.0698187329664641,NC_048595.1,2,339098338
13,LOC113831088,2,0.0489318189076386,NW_023276807.1,1,140579599
13,LOC113835267,3,-0.0473429237589939,NC_048597.1,4,133761196
13,LOC113831372,4,-0.0462730833200065,NC_048600.1,7,91574932
13,LOC113830993,5,-0.0459531880187552,NC_048597.1,4,82671247
13,LOC107977878,6,-0.0441860486634505,NC_048596.1,3,51204479
13,LOC113833802,7,-0.0427820114300619,NC_048595.1,2,137909428
13,LOC113836326,8,-0.0422106277615517,NC_048599.1,6,154014071
13,LOC113835571,9,-0.041984739768301,NC_048597.1,4,174633288
13,LOC113832600,10,0.0415384294927919,NW_023276807.1,1,188693934
13,Lypla1,11,0.0414661249111099,NC_048595.1,2,158060493
13,LOC113834847,12,0.0397413942846965,NC_048596.1,3,546195
13,LOC113833050,13,-0.0393638589070615,NW_023276806.1,1,129785047
13,LOC113833275,14,0.0392099803714333,NW_023276807.1,1,237081940
13,Tmem41b,15,0.0391808960054808,NC_048596.1,3,90718700
13,Yipf4,16,0.0377412735282628,NC_048600.1,7,9212144
13,Cbfb,17,0.0376259312390333,NC_048596.1,3,181458774
13,LOC113831476,18,-0.0375778146240864,NC_048596.1,3,51370752
13,Tmed5,19,0.0375264547480258,NC_048600.1,7,2872060
13,LOC113833143,20,0.0374979628962651,NW_023276806.1,1,68282971
13,Mir1973,21,0.0370008828560573,NC_048603.1,10,16495623
13,LOC118239482,22,-0.0369238317441153,NW_023276806.1,1,48930595
13,Trnal-cag_4,23,0.0368896655366374,NC_048598.1,5,21758568
13,Snord14e,24,-0.0362981950798684,NC_048597.1,4,152448829
14,LOC113834403,1,0.192800380237245,NC_048595.1,2,106628517
14,LOC103159579,2,0.173324530190097,NC_048595.1,2,455547684
14,LOC113832687,3,0.13945531048617,NW_023276807.1,1,224050088
14,Lrrc8b,4,0.106882023801202,NC_048600.1,7,276343
14,Ctsh,5,0.104953438803241,NC_048597.1,4,199386001
14,LOC113832785,6,0.103614326097833,NW_023276807.1,1,32613906
14,LOC100766833,7,0.102946919154126,NC_048596.1,3,199072928
14,LOC113834022,8,0.0998413301629353,NC_048595.1,2,203935520
14,Kdelr3,9,0.0988712766120805,NC_048595.1,2,376685607
14,LOC107977406,10,0.0971507988316725,NC_048596.1,3,86943088
14,LOC103163383,11,0.095127847958462,NC_048601.1,8,59168963
14,LOC100751053,12,0.0875856432514545,NC_048597.1,4,162253090
14,Srpx,13,0.0871339144498085,NC_048604.1,X,115786163
14,Hoxa9,14,0.085915568220544,NC_048601.1,8,89119788
14,Fabp4,15,-0.0843915204104823,NC_048595.1,2,137723467
14,LOC100762719,16,0.083659478792404,NC_048601.1,8,89111185
14,LOC113837758,17,0.0819979981721129,NC_048604.1,X,116358268
14,Themis,18,0.0814889257504793,NC_048595.1,2,247448582
14,LOC103159933,19,0.0796460032005767,NW_023276807.1,1,10711902
14,Hoxa6,20,0.0767704994272295,NC_048601.1,8,89137233
14,Tcf7l1,21,0.076445799363945,NC_048601.1,8,64358059
14,Rspo3,22,0.0762638251504754,NC_048595.1,2,247967650
14,LOC107976981,23,0.0750810238422511,NC_048597.1,4,150547499
14,C1qtnf1,24,-0.0723939138640952,NC_048600.1,7,130975192
14,LOC113834410,25,0.0715984227128274,NC_048595.1,2,120202626
14,Fam25a,26,0.0714391251599635,NW_023276807.1,1,185015236
14,Gramd1c,27,0.0714304566040408,NC_048597.1,4,46334826
14,LOC107978439,28,0.0709974246180084,NC_048595.1,2,87686409
14,LOC103163127,29,0.0695189055460436,NC_048598.1,5,141292337
14,Slitrk5,30,0.0686275086965588,NW_023276807.1,1,262541807
14,Hoxa7,31,0.0685853189051371,NC_048601.1,8,89124422
14,LOC100757243,32,0.0673414471330742,NC_048596.1,3,137878752
14,LOC118239268,33,0.0659773457314698,NC_048601.1,8,3415336
14,Apobr,34,-0.0658004969812217,NC_048596.1,3,74193496
14,LOC103160837,35,0.0649730933766108,NC_048596.1,3,137307981
14,LOC113837761,36,0.0645126577539367,NC_048604.1,X,116402696
14,Igf2bp2,37,-0.0629632564390798,NC_048597.1,4,66742574
14,Evl,38,0.0627135368230667,NC_048598.1,5,186085911
14,Actn3,39,-0.0595635027244811,NC_048596.1,3,54410396
14,Mab21l3,40,0.0595020198466992,NW_023276806.1,1,55126179
14,Anks6,41,0.0594770608421733,NC_048595.1,2,96362321
14,LOC107979212,42,0.0588701955217539,NW_023276806.1,1,206960405
14,Ca3,43,-0.0571995765740434,NC_048595.1,2,134238180
14,LOC113835995,44,0.0569610092538842,NC_048598.1,5,135044929
14,LOC103163470,45,0.0568190049422582,NW_023276807.1,1,90876883
14,Clu,46,0.056189544661757,NW_023276807.1,1,220960688
14,Ncam1,47,0.0559738869891775,NC_048597.1,4,161286778
14,LOC100769029,48,0.0549910855283286,NC_048595.1,2,399955531
14,Slc9a9,49,0.054838629288521,NC_048597.1,4,203352967
14,Fam237a,50,0.0548366809540599,NC_048595.1,2,417709159
14,LOC113830878,51,0.0537574871815942,NC_048601.1,8,2348886
14,LOC113831008,52,0.0534363105407497,NW_023276806.1,1,79430734
14,LOC103162686,53,-0.0531366085191436,NC_048600.1,7,43147575
14,LOC100768654,54,0.0527538891441631,NC_048596.1,3,40514744
14,Hoxa5,55,0.0523083035294427,NC_048601.1,8,89141391
14,Marcks,56,0.0521294707940835,NC_048595.1,2,259966999
14,Znf516,57,0.0516137320798682,NC_048595.1,2,232613491
14,LOC113834411,58,0.0511199539633846,NC_048595.1,2,120197097
14,LOC107980239,59,0.0510643819084908,NC_048596.1,3,137271434
14,LOC100767530,60,0.0506289925089037,NW_023276806.1,1,49133283
14,Lrp3,61,0.0501281517481558,NC_048602.1,9,3266496
14,Vnn1,62,0.0500498007973799,NC_048595.1,2,243143574
14,LOC103159336,63,0.0495179165249528,NC_048595.1,2,118269911
14,LOC103163057,64,0.0492126068358609,NW_023276806.1,1,79440137
14,LOC118238393,65,-0.0479240916846527,NC_048595.1,2,337469715
14,Efemp1,66,0.0478086563110757,NW_023276807.1,1,78363346
14,Chst2,67,0.0476803900620587,NC_048597.1,4,204037360
15,Dpt,1,0.148964568593539,NC_048598.1,5,27552951
15,Lum,2,0.13688962078189,NW_023276806.1,1,163392996
15,Fabp4,3,0.121266316862473,NC_048595.1,2,137723467
15,LOC118239130,4,-0.113581632302293,NC_048600.1,7,134321011
15,Col6a1,5,0.103463318824335,NW_023276806.1,1,262015908
15,LOC113836601,6,0.0907535591837913,NC_048600.1,7,23934809
15,LOC103161500,7,0.084178684350552,NC_048600.1,7,23922319
15,Fgf7,8,0.0808331864000157,NC_048599.1,6,52460845
15,Ndrg1,9,0.0805682090807115,NC_048603.1,10,21641732
15,LOC118239129,10,-0.0803195301191216,NC_048600.1,7,134318528
15,LOC100769145,11,0.0774818733659313,NC_048596.1,3,169461212
15,Id2,12,0.0768898688557419,NC_048600.1,7,27970665
15,LOC100768654,13,0.0750811034775506,NC_048596.1,3,40514744
15,LOC118238818,14,0.0717598503297711,NC_048598.1,5,2975757
15,Hmgcs2,15,0.0703189090666217,NW_023276806.1,1,58184506
15,Sulf2,16,0.069391273832728,NC_048599.1,6,13266048
15,LOC100773795,17,0.0674249228763638,NC_048595.1,2,161968153
15,Ephx1,18,0.0657373188018641,NC_048598.1,5,13314073
15,Pirt,19,-0.0644410423427346,NC_048600.1,7,80795999
15,Mir147,20,-0.0638298815760475,NC_048599.1,6,55885113
15,Vegfd,21,0.0625655509992745,NC_048604.1,X,99432160
15,LOC107977165,22,-0.0603205330379149,NC_048603.1,10,29648131
15,LOC100769255,23,0.0602769355334437,NC_048595.1,2,36597988
15,Unc5b,24,0.0599987171344861,NW_023276807.1,1,582414
15,LOC113836674,25,-0.0580289129352719,NC_048600.1,7,134323471
15,Evl,26,0.0575824812826782,NC_048598.1,5,186085911
15,LOC100754646,27,-0.0564988766014005,NW_023276806.1,1,63447403
15,LOC113834403,28,-0.0562940168370879,NC_048595.1,2,106628517
15,Oat,29,-0.0554378086514131,NC_048596.1,3,68272487
15,LOC113833922,30,0.0544280598369048,NC_048595.1,2,20979234
15,Nmnat2,31,-0.0537079443749221,NC_048598.1,5,38518377
15,LOC100767391,32,-0.0532462466559835,NC_048597.1,4,117117121
15,LOC100772282,33,0.0532267685885722,NC_048596.1,3,134578983
15,Selenbp1,34,0.0528784688459636,NW_023276806.1,1,61565353
15,LOC113833912,35,0.0523249528291109,NC_048595.1,2,22458584
15,LOC100769497,36,0.0522524444353997,NW_023276807.1,1,29878486
16,Pclaf,1,0.0980800814724002,NC_048597.1,4,177505781
16,Pbk,2,0.0775168865277475,NW_023276807.1,1,220798895
16,Cdca5,3,0.0775135841853511,NC_048596.1,3,53259211
16,Ccna2,4,0.072444603633265,NW_023276806.1,1,113097923
16,Top2a,5,0.0722384468734365,NC_048600.1,7,112071654
16,Ube2c,6,0.0717399054573769,NC_048599.1,6,14655875
16,Ube2t,7,0.0696657290318337,NC_048598.1,5,54271403
16,Nuf2,8,0.0694013385306053,NC_048598.1,5,23239140
16,Kif15,9,0.0689558886247227,NC_048597.1,4,229889928
16,Cdkn3,10,0.0685668232408563,NW_023276807.1,1,202783197
16,Kif2c,11,0.0684878817274173,NC_048595.1,2,35230497
16,Nusap1,12,0.0683706041263507,NC_048599.1,6,58838839
16,Cdt1,13,0.0683687565095225,NC_048596.1,3,199219413
16,Rrm2,14,0.0681129907829172,NC_048600.1,7,26959218
16,Mxd3,15,0.067976858103748,NC_048596.1,3,274315314
16,Aurkb,16,0.0668823616238264,NC_048600.1,7,82922180
16,Cdc45,17,0.06648054971612,NC_048597.1,4,70387112
16,Esco2,18,0.0656268407363371,NW_023276807.1,1,220811535
16,Knstrn,19,0.0650244097013711,NC_048599.1,6,59661676
16,Ccnb2,20,0.0650125220546923,NC_048597.1,4,181956000
16,Cenpa,21,0.0649301465339513,NC_048600.1,7,13680259
16,Prc1,22,0.0646743573352297,NC_048596.1,3,117289939
16,Tacc3,23,0.0645107056653984,NW_023276807.1,1,102720190
16,Spag5,24,0.0644137690965149,NC_048600.1,7,91694687
16,Ccnb1,25,0.0642225665753844,NC_048595.1,2,319287474
16,Asf1b,26,0.0638708496288327,NC_048596.1,3,160448768
16,Rad54l,27,0.0637997896970099,NC_048595.1,2,36216249
16,Dlgap5,28,0.0633327644883886,NW_023276807.1,1,203429989
16,Plk1,29,0.063250663526377,NC_048596.1,3,78499839
16,Mki67,30,0.0626446941129046,NC_048596.1,3,65213595
16,Clspn,31,0.062242342389076,NC_048595.1,2,26444494
16,Traip,32,0.0621996834100885,NC_048597.1,4,216138740
16,Cenpk,33,0.061871564755204,NC_048595.1,2,322502420
16,Parpbp,34,0.0613030989080866,NW_023276806.1,1,154109617
16,Gins4,35,0.0612432548138541,NW_023276807.1,1,60497925
16,Cenpn,36,0.0610651106636941,NC_048596.1,3,193531111
17,LOC100774651,1,0.100011897904737,NC_048604.1,X,112425666
17,LOC118238714,2,0.0996815093308889,NC_048597.1,4,217660693
17,LOC103163795,3,0.0971785451550425,NC_048595.1,2,341888173
17,LOC103159882,4,0.0892756930255368,NC_048600.1,7,106887136
17,LOC100755951,5,0.0888166699652155,NC_048595.1,2,362966521
17,LOC113835571,6,0.087687435089293,NC_048597.1,4,174633288
17,LOC100765207,7,0.0853251571762937,NC_048596.1,3,19801036
17,LOC107979008,8,0.0841450137075783,NC_048597.1,4,56445129
17,LOC103159049,9,0.0827334035033447,NC_048595.1,2,389208166
17,LOC100760278,10,0.0823756394506892,NC_048604.1,X,108842799
17,LOC100769978,11,0.0804487427486111,NC_048599.1,6,39084743
17,LOC100758511,12,0.0804196945640932,NC_048598.1,5,9076914
17,LOC113833473,13,0.0757961033666101,NW_023276806.1,1,14886725
17,LOC100769446,14,0.0723096325749915,NC_048601.1,8,60280641
17,LOC100760515,15,0.0718240530830033,NW_023276807.1,1,200748733
17,LOC100762200,16,0.0704327432708231,NC_048598.1,5,155512699
17,Rn28s1,17,-0.0690424750193507,NW_023276990.1,U,41594
17,LOC103162111,18,0.0653144203864294,NW_023276806.1,1,100118214
17,LOC100766288,19,0.0638757209829433,NC_048598.1,5,128702106
17,LOC113830871,20,0.063855119187649,NC_048595.1,2,6904447
17,LOC113835167,21,0.0635186387110463,NC_048597.1,4,128830229
17,LOC100762137,22,0.0623665088318161,NW_023276807.1,1,254635652
17,LOC100751223,23,0.0605870958153813,NC_048604.1,X,107103749
17,LOC113831028,24,0.0596870063961618,NC_048595.1,2,150261847
17,LOC113832801,25,0.0595846401680325,NW_023276807.1,1,47737561
17,LOC100759921,26,0.0576646631683819,NC_048595.1,2,117816299
17,LOC113836326,27,0.0572841453098238,NC_048599.1,6,154014071
17,LOC113833490,28,-0.0558564530791023,NW_023276806.1,1,41700545
17,LOC100753244,29,0.0557681651482249,NC_048596.1,3,51138666
17,LOC100772445,30,0.0534077531153142,NC_048596.1,3,244808977
17,Ldha,31,-0.0522645803771754,NC_048596.1,3,145001207
17,LOC100762406,32,0.0519851838920525,NC_048600.1,7,18360166
17,LOC100772695,33,0.051396347081,NW_023276807.1,1,160852083
17,LOC107978682,34,0.0513478846194124,NC_048595.1,2,377646986
17,Mirlet7c-2,35,0.0511351683028077,NC_048595.1,2,382521726
17,LOC113832760,36,0.0508629645535704,NW_023276807.1,1,138706013
17,LOC113833533,37,0.05082114592207,NC_048595.1,2,390977117
17,LOC100765102,38,0.0506734182767299,NC_048595.1,2,400154060
17,LOC113838692,39,0.0491650582257099,NW_023276871.1,U,51537
17,LOC107978793,40,0.0489887551103806,NW_023276807.1,1,102814891
17,Mirlet7f,41,-0.0488503510286666,NC_048596.1,3,268320510
17,LOC100689270,42,0.048584683288874,NC_048597.1,4,152448062
17,LOC100772755,43,0.0484568206973027,NC_048597.1,4,91925488
17,LOC100759487,44,0.0483883541086848,NC_048599.1,6,135439151
17,LOC100765300,45,0.0483051845367619,NC_048597.1,4,199899193
17,Slitrk5,46,-0.0482749330579788,NW_023276807.1,1,262541807
17,LOC100760405,47,0.0477722933904396,NC_048601.1,8,960975
17,LOC113834136,48,0.0475185776438143,NC_048595.1,2,337472855
17,S100a16,49,0.0474184615903693,NW_023276806.1,1,64009793
17,LOC100753076,50,0.0466734504188993,NC_048596.1,3,93207708
17,LOC100773904,51,0.0466178018058463,NW_023276806.1,1,80715185
17,LOC100765930,52,0.0465814052747587,NC_048599.1,6,78226115
17,LOC113835170,53,0.0465381416316092,NC_048597.1,4,128824157
17,LOC100769276,54,0.0456817226602619,NC_048596.1,3,155138117
17,LOC103161736,55,0.0454639209646725,NC_048595.1,2,423534731
17,LOC100761291,56,0.0452691014328317,NC_048601.1,8,92607825
18,Slpi,1,0.0747392928502377,NC_048599.1,6,15126790
18,LOC100763954,2,-0.0699655294606517,NC_048601.1,8,98311222
18,LOC118239049,3,0.061621667790741,NC_048599.1,6,146729334
18,LOC100761692,4,-0.0601326854996725,NC_048601.1,8,16903938
18,LOC113834936,5,0.0598709286145331,NC_048596.1,3,53500981
18,LOC113836576,6,-0.0579178097230899,NC_048600.1,7,111567514
18,Cdkn3,7,-0.0577005713595038,NW_023276807.1,1,202783197
18,LOC100762336,8,-0.0564614530891779,NW_023276807.1,1,273773199
18,LOC100689269,9,-0.0562717468064205,NC_048597.1,4,152447657
18,LOC100772378,10,0.0555055792668428,NC_048601.1,8,15868223
18,LOC113833456,11,-0.0539839424994122,NW_023276806.1,1,5477281
18,Pclaf,12,-0.0491152184154844,NC_048597.1,4,177505781
18,LOC118238721,13,0.0485524264478961,NC_048597.1,4,57829445
18,Mt1,14,0.0484827308604954,NC_048596.1,3,170379906
18,LOC113833675,15,0.0484799412855431,NC_048595.1,2,164920380
18,Ccnb2,16,-0.0474631219801513,NC_048597.1,4,181956000
18,Cxcl1,17,0.0466016538215742,NW_023276807.1,1,155673934
18,LOC113830878,18,-0.0455237556110249,NC_048601.1,8,2348886
18,LOC118239129,19,-0.0447670887803728,NC_048600.1,7,134318528
18,LOC107978153,20,0.0440759110774774,NC_048601.1,8,56710835
18,LOC113836832,21,-0.0434402722710518,NC_048600.1,7,76630662
18,LOC118238654,22,-0.0429762161113475,NC_048597.1,4,100291725
18,LOC100689270,23,-0.0426041149175681,NC_048597.1,4,152448062
18,LOC118238648,24,0.0422042071913242,NC_048597.1,4,94488462
18,LOC118239477,25,-0.0420668864287289,NW_023276806.1,1,160158653
18,Spp1,26,0.0418582456711155,NW_023276807.1,1,166251805
18,LOC103162380,27,-0.0417168478917958,NW_023276807.1,1,155434725
18,LOC118238367,28,0.0412517979983877,NC_048595.1,2,282078959
18,LOC100756921,29,0.0408177007837075,NC_048596.1,3,185944994
18,LOC103160417,30,-0.040063522021201,NW_023276806.1,1,231482965
18,Ier3,31,0.0400002197297181,NW_023276806.1,1,229728760
18,LOC113836938,32,0.0399629793482852,NC_048601.1,8,17664443
18,LOC113837466,33,-0.0393039093816956,NC_048603.1,10,25568102
18,Sod2,34,0.0392378403590723,NC_048595.1,2,288053207
18,LOC100773349,35,0.038285045968573,NC_048601.1,8,16496378
18,LOC118238272,36,0.0382342756021996,NC_048595.1,2,750025
18,LOC100756289,37,-0.037996852525259,NC_048604.1,X,74325190
18,Mettl26,38,0.0376622806122971,NC_048600.1,7,45501065
18,LOC113834379,39,0.0375438837869102,NC_048595.1,2,90533227
19,Bgn,1,0.119426923222506,NC_048604.1,X,2240956
19,LOC113838319,2,0.087691053776265,NC_048601.1,8,59606168
19,LOC118239130,3,0.0849876309168623,NC_048600.1,7,134321011
19,LOC100773771,4,0.0810942653500164,NC_048599.1,6,83933114
19,Trem1,5,0.0776922888722294,NW_023276806.1,1,255031078
19,Cd82,6,0.07685633345321,NC_048599.1,6,83270531
19,Il11,7,0.0735445122249727,NC_048602.1,9,23412186
19,Sema4d,8,0.0708672127786924,NC_048596.1,3,270643460
19,Bcat1,9,0.0649390857097103,NC_048601.1,8,4552654
19,Ca3,10,-0.0639058069457555,NC_048595.1,2,134238180
19,Fabp4,11,-0.0608543092974841,NC_048595.1,2,137723467
19,Treml4,12,0.0599012055593066,NW_023276806.1,1,255003610
19,LOC100751926,13,-0.0593692579998308,NW_023276807.1,1,211180047
19,LOC113838496,14,0.0589412273013233,NC_048601.1,8,60575555
19,LOC103164262,15,0.0573615854154232,NC_048601.1,8,2047799
19,LOC118239129,16,0.0569050237667398,NC_048600.1,7,134318528
19,Zfyve21,17,-0.0567637625263861,NC_048598.1,5,182210063
19,LOC103160274,18,0.0559785636736221,NC_048602.1,9,23920508
19,Psma8,19,-0.0558364281200638,NC_048595.1,2,221607367
19,LOC100770025,20,-0.0553271123230495,NC_048596.1,3,181320202
19,LOC103158703,21,-0.0542150892125764,NC_048596.1,3,72598747
19,LOC113836326,22,0.0537354375365254,NC_048599.1,6,154014071
19,LOC100754885,23,-0.0535571287405915,NW_023276807.1,1,211189700
19,C3,24,0.0528431102210977,NC_048598.1,5,96252915
19,Tfec,25,-0.052518375946068,NW_023276806.1,1,209638105
20,Id3,1,0.0962815259679674,NC_048595.1,2,17164510
20,Nrg4,2,-0.0831824050456229,NC_048597.1,4,166833081
20,Nt5c3b,3,0.0761445695941726,NC_048600.1,7,113489385
20,Igfbp4,4,0.0719522336694647,NC_048600.1,7,112132648
20,Ankrd1,5,0.0717200471926982,NC_048596.1,3,25655699
20,Ccr7,6,0.0705530789045346,NC_048600.1,7,112231375
20,LOC113834942,7,0.0698852060196604,NC_048596.1,3,56228585
20,LOC118238412,8,-0.0698219606043797,NC_048595.1,2,380142285
20,Testin-2,9,0.0671047145922124,NC_048596.1,3,279959155
20,LOC100769145,10,-0.0668901559318245,NC_048596.1,3,169461212
20,LOC100750890,11,-0.0666295062072716,NC_048596.1,3,17267051
20,LOC113835176,12,0.0634798762206909,NC_048597.1,4,206802650
20,LOC103163515,13,0.0631702918441971,NC_048600.1,7,117013109
20,F3,14,-0.0622299622319134,NW_023276806.1,1,36749216
20,LOC113832577,15,0.0603494734364641,NW_023276807.1,1,190816257
20,LOC113834403,16,0.0600889697513331,NC_048595.1,2,106628517
20,LOC100759171,17,-0.0588980647190621,NC_048597.1,4,120111084
20,LOC103162302,18,0.0586660464742319,NC_048596.1,3,163676308
20,Thbs1,19,-0.0583036855958966,NC_048599.1,6,60390487
20,Gjb5,20,0.0572792200912753,NC_048595.1,2,25672111
20,C3,21,-0.0555959617021173,NC_048598.1,5,96252915
20,Areg,22,-0.054446738431309,NW_023276807.1,1,155909229
20,Adgrd1,23,0.0532400052526763,NC_048597.1,4,108479351
20,Fcer2,24,0.0531758184694944,NC_048597.1,4,88568668
20,LOC103160687,25,-0.0525693469145456,NC_048595.1,2,34296696
20,Olfml2b,26,0.0524424545075232,NC_048598.1,5,22156422
20,Sdc2,27,0.0515700244915189,NC_048603.1,10,17522825
20,Arhgef16,28,-0.0514062016825701,NC_048595.1,2,2007511
20,Col18a1,29,0.0510774544839803,NW_023276806.1,1,261677499
21,S100a16,1,0.106687326494328,NW_023276806.1,1,64009793
21,C3,2,0.0961134535398818,NC_048598.1,5,96252915
21,Nrg4,3,-0.0958513500899479,NC_048597.1,4,166833081
21,Cd36,4,-0.0935033730983188,NW_023276806.1,1,176252535
21,Gpd1,5,-0.0881038242183641,NC_048595.1,2,396155050
21,Cd109,6,-0.0878610247797665,NC_048597.1,4,189648432
21,LOC118239129,7,-0.0853538546566498,NC_048600.1,7,134318528
21,Lmo7,8,-0.085161500231418,NW_023276807.1,1,253470956
21,Tdgf1,9,0.0815101821868865,NC_048597.1,4,218431369
21,LOC100763261,10,0.0802126748010899,NC_048600.1,7,95480383
21,Pirt,11,0.0759796780220661,NC_048600.1,7,80795999
21,LOC107979936,12,0.0722113026006643,NC_048604.1,X,10218821
21,LOC103159189,13,0.0683532835156546,NC_048604.1,X,63082767
21,Fam13a,14,-0.0647180474556167,NC_048601.1,8,83187565
21,Tmem176b,15,0.0643393938362642,NC_048601.1,8,98412720
21,LOC113832752,16,0.0613867376035731,NW_023276807.1,1,143653031
21,Csrp2,17,-0.0613560728823803,NW_023276806.1,1,144571595
21,C1qtnf1,18,-0.0610982329079404,NC_048600.1,7,130975192
21,LOC100760951,19,0.060893799391581,NW_023276806.1,1,63384679
21,Colq,20,-0.0588679687601129,NW_023276807.1,1,187567146
21,Ccbe1,21,-0.0578416056731308,NC_048595.1,2,173042610
21,LOC118239049,22,-0.0576495799886385,NC_048599.1,6,146729334
21,LOC113831499,23,0.0575705922517768,NC_048601.1,8,17547753
21,Cd82,24,0.0562451143194703,NC_048599.1,6,83270531
21,LOC100763954,25,0.055004960217136,NC_048601.1,8,98311222
21,Ccr7,26,0.0546705360481383,NC_048600.1,7,112231375
21,LOC100767575,27,0.0543724932594814,NC_048599.1,6,14766084
21,LOC103163357,28,0.0534951961009993,NC_048595.1,2,152613170
21,LOC107979493,29,0.0516552165696941,NC_048604.1,X,109667082
21,LOC118239683,30,0.0505375297655404,NW_023276807.1,1,214981872
21,LOC100763833,31,0.0491384441742662,NC_048600.1,7,95468788
21,Phactr1,32,0.0491311941065221,NC_048596.1,3,262373021
21,Tsga13,33,0.0488983711297018,NW_023276806.1,1,196653236
22,Rn45s_1,1,0.120620944157507,NW_023277167.1,U,24094
22,Trnak-cuu_67,2,-0.117512337789453,NW_023276919.1,U,881536
22,LOC100758276,3,0.108271171972588,NW_023276807.1,1,257496171
22,LOC100759921,4,0.108015681179053,NC_048595.1,2,117816299
22,Snrpd2,5,-0.106708481371953,NC_048602.1,9,28212771
22,LOC100756750,6,0.106580735051334,NC_048600.1,7,90915166
22,LOC107980311,7,-0.0969961700035166,NC_048600.1,7,42978666
22,LOC113839000,8,0.0966215104099034,NW_023276990.1,U,44672
22,LOC100755951,9,0.0921015365470764,NC_048595.1,2,362966521
22,Rn28s1,10,0.0910891397787615,NW_023276990.1,U,41594
22,LOC100755978,11,0.088752419106528,NC_048597.1,4,128866192
22,LOC113836883,12,0.0872785334099347,NC_048600.1,7,116664409
22,LOC100755196,13,0.0818700164888667,NW_023276807.1,1,96671517
22,LOC100763702,14,-0.0814747387949123,NW_023276806.1,1,193273193
22,LOC118239081,15,-0.0800940490866162,NC_048599.1,6,70545239
22,LOC113837438,16,-0.0783563638285515,NC_048603.1,10,16579761
22,LOC113834006,17,0.0771724484206116,NC_048595.1,2,58893559
22,LOC100769680,18,0.0762241496630182,NC_048595.1,2,329566456
22,LOC100765587,19,-0.0761685924295005,NW_023276807.1,1,140606469
22,LOC100762856,20,0.0760078587558961,NC_048597.1,4,187351359
22,LOC113831892,21,0.0749261856218791,NC_048597.1,4,151060449
22,LOC100760757,22,0.0735917939250559,NW_023276806.1,1,89289138
22,LOC113833685,23,-0.0724111476137911,NC_048598.1,5,31028623
22,LOC107977859,24,-0.071655577861203,NC_048597.1,4,89042669
22,LOC100759247,25,0.0712322516228779,NC_048597.1,4,230384285
22,LOC113833802,26,-0.0705925040528974,NC_048595.1,2,137909428
22,LOC100757781,27,-0.0689867217591009,NW_023276806.1,1,273674484
22,LOC100765911,28,-0.0674219506006413,NC_048604.1,X,14823732
22,LOC113837769,29,-0.066915843355772,NC_048604.1,X,118273950
22,LOC100774172,30,-0.066387948462932,NC_048603.1,10,18788219
22,LOC100759156,31,-0.064777296994151,NC_048598.1,5,74483577
22,LOC113832801,32,-0.0633265719000253,NW_023276807.1,1,47737561
22,LOC100762200,33,0.0630798083679372,NC_048598.1,5,155512699
22,LOC100765930,34,0.0627569220189162,NC_048599.1,6,78226115
22,LOC100769604,35,0.0626762954388879,NC_048595.1,2,267616304
22,LOC113837667,36,-0.0623859959162205,NC_048604.1,X,85556996
22,LOC100772332,37,0.0619335809519861,NW_023276806.1,1,169557181
22,LOC100771114,38,0.0606249498618033,NC_048595.1,2,409780415
22,LOC113837793,39,-0.0596919246497564,NC_048604.1,X,14144683
22,LOC113833918,40,-0.0595000013002855,NC_048595.1,2,20946204
22,LOC113836576,41,-0.0591897075397277,NC_048600.1,7,111567514
22,LOC100755019,42,-0.0584648838133587,NC_048604.1,X,89552708
22,LOC113831474,43,-0.0580503457284699,NC_048596.1,3,51368969
22,LOC113835571,44,-0.0572495420421109,NC_048597.1,4,174633288
22,LOC100764541,45,0.0561304214586704,NC_048598.1,5,14752566
22,Trnak-cuu_16,46,0.0561293505922864,NC_048595.1,2,24257659
22,LOC100756490,47,0.0559046761316945,NW_023276807.1,1,39286388
22,LOC100766582,48,0.0554774494109162,NW_023276806.1,1,274702569
22,LOC100766073,49,-0.0554640137357335,NC_048599.1,6,81241331
22,LOC100757758,50,-0.0550091090558815,NW_023276807.1,1,152568132
22,LOC113831472,51,-0.0550052802749038,NC_048596.1,3,51369771
22,LOC113837706,52,0.0541918499375484,NC_048604.1,X,55273969
22,LOC113834529,53,0.0537022699859659,NC_048595.1,2,377238543
22,LOC103159764,54,0.053518503091846,NC_048604.1,X,32739418
22,LOC100762406,55,0.0533649995454242,NC_048600.1,7,18360166
22,LOC113838089,56,0.0532713703758656,NW_023276947.1,U,44930
22,LOC107980155,57,0.053034661030146,NC_048595.1,2,289274378
22,LOC100760082,58,0.0528111712792874,NC_048598.1,5,69217954
22,LOC100755284,59,0.052394856255332,NC_048600.1,7,90705927
23,LOC113831478,1,-0.0736453405887765,NC_048596.1,3,51369526
23,LOC113836507,2,-0.0729518853514846,NC_048599.1,6,12379325
23,Trnay-gua_9,3,-0.072951381741018,NC_048600.1,7,13487843
23,LOC113833013,4,0.0694450593062852,NC_048595.1,2,35263170
23,LOC118238326,5,-0.0683989351056692,NC_048595.1,2,106629377
23,LOC113830993,6,-0.0678866184509186,NC_048597.1,4,82671247
23,LOC113836711,7,-0.0667612810212415,NC_048600.1,7,129254036
23,LOC113831734,8,0.065168753618455,NC_048595.1,2,395006656
23,LOC113833675,9,0.0647639588699528,NC_048595.1,2,164920380
23,LOC113834529,10,-0.0639063630671387,NC_048595.1,2,377238543
23,Trnar-ucg_5,11,0.0620113754364,NC_048600.1,7,128017797
23,LOC113833685,12,-0.0618657343937499,NC_048598.1,5,31028623
23,LOC113837721,13,0.0617315556204124,NC_048604.1,X,44476423
23,LOC113833112,14,0.0613347229804683,NC_048595.1,2,413964466
23,Zfyve21,15,-0.0603220452996981,NC_048598.1,5,182210063
23,LOC113832434,16,0.0602477072297286,NW_023276806.1,1,274474391
23,LOC113833116,17,0.0592328199339756,NC_048595.1,2,413956046
23,LOC113836709,18,-0.0591358220896376,NC_048600.1,7,129252536
23,LOC113832634,19,-0.0589234460983159,NC_048600.1,7,83514590
23,LOC113835100,20,0.0586148987709896,NC_048596.1,3,91207014
23,LOC118239039,21,-0.0583057329174473,NC_048599.1,6,73936008
23,LOC113831476,22,-0.0581751771689794,NC_048596.1,3,51370752
23,LOC113836532,23,0.0580878421813079,NC_048599.1,6,144677964
23,LOC113834011,24,-0.0573068461295075,NC_048595.1,2,61290482
23,LOC100759247,25,0.0571716478769215,NC_048597.1,4,230384285
23,Mir186,26,-0.056743621414466,NW_023276806.1,1,2068258
23,LOC113832494,27,-0.056646392976497,NW_023276806.1,1,231484205
23,LOC113833927,28,0.0566060018501098,NC_048595.1,2,20945868
23,Trnan-guu_11,29,-0.0565349590793136,NC_048597.1,4,85037390
23,Ankrd61,30,0.0565277874223095,NC_048597.1,4,80337351
23,LOC118239268,31,0.0560639093214352,NC_048601.1,8,3415336
23,LOC100766491,32,-0.0560055634903139,NC_048604.1,X,43941774
23,Spn,33,-0.055791239022077,NC_048596.1,3,73615356
23,LOC113834847,34,-0.0555816709039834,NC_048596.1,3,546195
23,Mir3068,35,0.0554415674857244,NC_048598.1,5,116364712
23,LOC113833143,36,0.055025248775472,NW_023276806.1,1,68282971
23,LOC113833052,37,-0.0549985591955482,NW_023276806.1,1,144103957
23,LOC103164370,38,0.054808726808125,NC_048599.1,6,120541166
23,LOC113831475,39,-0.0546387847511075,NC_048596.1,3,51370433
23,LOC113835445,40,0.0544560154299162,NC_048597.1,4,65822313
23,LOC113836842,41,0.0543252452119282,NC_048600.1,7,99739296
23,LOC113836666,42,-0.0542484065380961,NC_048600.1,7,44113137
23,Trnaq-uug,43,0.0542336756009908,NC_048596.1,3,243615206
23,LOC113835447,44,0.0541289079062261,NC_048597.1,4,70361187
23,LOC113836325,45,0.0540238520756215,NC_048599.1,6,154014866
23,LOC113831753,46,-0.0538380925410634,NW_023276806.1,1,221175579
23,LOC113832687,47,-0.0534175991640806,NW_023276807.1,1,224050088
23,Trnaa-ugc_12,48,0.0528984996299814,NW_023276865.1,U,45309
23,LOC113836780,49,-0.0525039970175379,NC_048600.1,7,90202950
23,LOC118237816,50,-0.0524430663124939,NC_048599.1,6,120488327
23,LOC107978793,51,0.0515972254859093,NW_023276807.1,1,102814891
23,LOC100765626,52,-0.0515242226704289,NW_023276806.1,1,72828312
23,LOC113836617,53,-0.0514656885724244,NC_048600.1,7,26701609
23,LOC113834041,54,-0.0513195343531827,NC_048595.1,2,201951601
23,LOC113832308,55,-0.0509769133244471,NW_023276807.1,1,99861494
23,LOC113833681,56,0.0506987180562762,NC_048595.1,2,164919988
23,LOC113836576,57,0.0506540411775329,NC_048600.1,7,111567514
23,LOC113831025_1,58,0.0506278879976046,NC_048600.1,7,114656946
23,LOC103162683,59,0.0504459194055802,NC_048599.1,6,109817628
23,LOC113831654,60,0.0503984343661142,NC_048599.1,6,138029549
23,Mir30c-2,61,-0.0500804101289538,NW_023276807.1,1,22871026
23,LOC113837556,62,-0.0495905984771769,NC_048604.1,X,29426863
23,LOC118238625,63,0.0492548487964826,NC_048596.1,3,282054384
23,LOC100689270,64,-0.0486905414541978,NC_048597.1,4,152448062
23,LOC113837138,65,-0.048043602392046,NC_048601.1,8,15955316
23,LOC118239024,66,-0.0478659863971102,NW_023276807.1,1,268139097
23,Trnas-uga_1,67,-0.0478411205215729,NC_048596.1,3,244264019
23,LOC113833802,68,-0.0478086239082718,NC_048595.1,2,137909428
23,LOC118239111,69,-0.0473017682862531,NC_048599.1,6,102174952
23,Trnak-uuu_5,70,-0.0471279404239024,NC_048596.1,3,244247882
23,LOC113833580,71,-0.0471032158899113,NC_048595.1,2,399401173
23,LOC113839198,72,0.0468872880137314,NC_048595.1,2,162301084
23,LOC113830842,73,-0.0465171728720529,NC_048599.1,6,138594959
23,LOC113830891,74,-0.0464609921865047,NC_048595.1,2,101598126
23,LOC118237844,75,-0.04639203269554,NC_048597.1,4,109272045
23,LOC113835413,76,0.0458482847467525,NC_048597.1,4,65822866
23,LOC113835173,77,0.0455595877449129,NC_048597.1,4,128824827
23,LOC107977878,78,0.0455558003299976,NC_048596.1,3,51204479
23,LOC113836829,79,-0.0453443164185425,NC_048600.1,7,63461020
23,LOC113831226,80,0.0452625883556573,NC_048595.1,2,438020415
23,LOC113834111,81,0.0452434577154735,NC_048595.1,2,288143876
23,Lrrc61,82,-0.0447294702242172,NC_048601.1,8,98693396
23,LOC113833455,83,-0.0447111436493973,NW_023276806.1,1,5475878
23,LOC118237936,84,-0.0445050458025646,NC_048599.1,6,121932804
23,LOC113832994,85,-0.0444812864843441,NC_048596.1,3,199783587
23,LOC113836987,86,-0.0443145507336846,NC_048601.1,8,94621869
23,LOC113836324,87,0.0440937464309787,NC_048599.1,6,154014333
23,LOC113837437,88,-0.0438792381664693,NC_048603.1,10,16577900
23,LOC113837712,89,0.0436309442063523,NC_048604.1,X,64744168
23,Trnad-guc_6,90,-0.0436263414606137,NC_048597.1,4,105023159
23,LOC113835313,91,-0.0434769097657874,NC_048597.1,4,162657154
23,Trnav-aac_3,92,-0.0433923017271538,NC_048595.1,2,91083973
23,LOC118239201,93,0.0429429114511233,NC_048600.1,7,112012551
23,LOC113836949,94,-0.0427813820365731,NC_048601.1,8,21692679
23,LOC100765498,95,0.0427558495633611,NC_048596.1,3,19781169
23,LOC113837438,96,0.0425072285291638,NC_048603.1,10,16579761
23,LOC118239250,97,-0.0423546528622535,NC_048601.1,8,58532089
23,LOC118239102,98,0.0421973261110435,NC_048599.1,6,23861235
23,LOC100762699,99,0.0420981326715726,NC_048599.1,6,10217583
24,Adam8,1,0.204053966176667,NC_048596.1,3,60960076
24,Fabp4,2,0.159958965980923,NC_048595.1,2,137723467
24,Ldha,3,0.141867030906698,NC_048596.1,3,145001207
24,LOC100751053,4,0.0705771715099104,NC_048597.1,4,162253090
24,Tmem40,5,0.0662221547113309,NC_048601.1,8,29090522
24,Nrg4,6,-0.065083839688413,NC_048597.1,4,166833081
24,Sardh,7,0.0645772499875151,NC_048599.1,6,138868103
24,LOC118239149,8,0.0601161258827113,NC_048600.1,7,10764859
24,Pdlim2,9,0.0595421964840928,NW_023276807.1,1,224830303
24,LOC107976981,10,-0.0583114421954344,NC_048597.1,4,150547499
24,C1qtnf1,11,0.0578697500097866,NC_048600.1,7,130975192
24,LOC107978642,12,0.0578517441957409,NC_048601.1,8,43794369
24,Wnt4,13,0.0568872514993443,NC_048595.1,2,16012983
24,LOC100771813,14,0.0551798457319131,NC_048604.1,X,9744099
24,Ca3,15,0.0548145080160423,NC_048595.1,2,134238180
24,Spp1,16,-0.0543495021559962,NW_023276807.1,1,166251805
24,Serpinf1,17,0.0539623695555815,NC_048600.1,7,88859911
24,Mmp12,18,0.0517317666691928,NC_048597.1,4,121849979
25,LOC100774845,1,0.116597276242031,NW_023276806.1,1,60259228
25,LOC100761268,2,0.112428822525162,NC_048596.1,3,244862747
25,LOC100760690,3,0.110492378494896,NC_048596.1,3,244827632
25,LOC113834297,4,0.107238526238545,NC_048595.1,2,262815402
25,LOC100773020,5,0.105319286475267,NC_048596.1,3,244830538
25,LOC100752605,6,0.104745595910247,NC_048596.1,3,244962897
25,LOC100775043,7,0.103612503393312,NC_048596.1,3,244862020
25,LOC100754396,8,0.103139162439851,NC_048596.1,3,245018075
25,LOC100774468,9,0.10226252827811,NC_048596.1,3,244844268
25,LOC100751440,10,0.100243241500851,NC_048596.1,3,244874796
25,LOC100750560,11,0.0983495524820222,NC_048596.1,3,244866258
25,LOC100750854,12,0.0980370944819267,NC_048596.1,3,244874073
25,LOC100772735,13,0.0944940140818995,NC_048596.1,3,244829848
25,LOC100751726,14,0.0941629350953423,NC_048596.1,3,244948024
25,LOC100762720,15,0.0931657626604375,NC_048596.1,3,245020252
25,LOC100751148,16,0.0911296019671997,NC_048596.1,3,244875534
25,LOC100753804,17,0.0890999393068689,NC_048596.1,3,245011651
25,Mir2424,18,0.0886427385199124,NC_048601.1,8,21234660
25,LOC100773886,19,0.0873486708175237,NC_048596.1,3,244834654
25,LOC100768756,20,0.0863243465970144,NC_048596.1,3,244397474
25,LOC100755357,21,0.0860117411266263,NC_048601.1,8,12221011
25,LOC113833236,22,0.085738119202375,NW_023276806.1,1,59999727
25,LOC100757772,23,0.0838136927167546,NW_023276806.1,1,60277181
25,LOC100754104,24,0.0825052236732398,NC_048596.1,3,245012945
25,LOC100768462,25,0.0814385933522285,NC_048596.1,3,244393651
25,LOC113831047,26,0.0811263054126029,NC_048595.1,2,439412385
25,LOC113831009,27,0.0810014716090555,NW_023276806.1,1,48568739
25,LOC113832627,28,0.0806922462701375,NC_048600.1,7,83202507
25,LOC113833235,29,0.0805679626389776,NW_023276806.1,1,60158101
25,LOC100753502,30,0.0780759345288047,NC_048596.1,3,245006571
25,LOC100757491,31,0.0777523206583867,NW_023276806.1,1,60259769
25,LOC113835102,32,0.0774331556020169,NC_048596.1,3,89606598
25,LOC100773314,33,0.0768924469322979,NC_048596.1,3,244832190
25,LOC100773314_1,34,0.0739613141101294,NC_048596.1,3,244836216
25,LOC113836915,35,0.0734427480359096,NC_048600.1,7,116455975
25,Trnar-ucu_2,36,0.0725391471248882,NC_048596.1,3,244257699
25,Rn45s,37,0.072394155851563,NC_048600.1,7,134357488
25,LOC100752904,38,0.071832057822035,NC_048596.1,3,244997651
25,LOC113832912,39,0.0714437101817656,NW_023276806.1,1,84022226
25,LOC100750550,40,0.0710412062611594,NC_048596.1,3,244159457
25,LOC113836845,41,0.0697044444899891,NC_048600.1,7,100635975
25,LOC113834849,42,0.0696203324686387,NC_048596.1,3,17438525
25,LOC100768185,43,0.068607945401587,NC_048596.1,3,244392953
25,LOC113836041,44,0.0666303539675813,NC_048598.1,5,113327790
25,LOC113835808,45,0.0640961347846493,NC_048598.1,5,190002885
25,Trnar-ccu_3,46,0.0599037305469493,NC_048600.1,7,43079287
25,Trnaq-cug_1,47,0.0598608123753486,NW_023276806.1,1,60156035
25,LOC113835498,48,0.0594259189225294,NC_048597.1,4,95573463
25,LOC107977157,49,0.0590970484259254,NC_048596.1,3,244161445
25,LOC113831025_1,50,0.0587920521391276,NC_048600.1,7,114656946
25,LOC113836949,51,0.0585668572543788,NC_048601.1,8,21692679
25,LOC113831046,52,0.057548359174266,NC_048595.1,2,439421456
25,Trnak-cuu_53,53,0.0575146575152828,NC_048600.1,7,43077871
25,Trnak-cuu_49,54,0.0565462942154679,NC_048600.1,7,43058222
25,LOC107979446,55,0.0558197254788845,NW_023276806.1,1,60284926
25,Trnah-gug_8,56,0.0555861854007722,NC_048595.1,2,65178240
25,Trnar-ucg_5,57,0.0554231790415796,NC_048600.1,7,128017797
25,LOC113836853,58,0.0552914021804112,NC_048600.1,7,96502324
25,LOC113835167,59,0.0538150190432772,NC_048597.1,4,128830229
25,Hmgn5,60,-0.052966424226429,NC_048604.1,X,62294241
25,LOC113833639,61,0.0528993068746988,NC_048595.1,2,425634731
25,LOC113835625,62,0.0522488006172525,NC_048597.1,4,227219640
25,LOC113835513,63,0.0515912045186866,NC_048597.1,4,95574534
26,Mir21,1,0.0572543882990617,NC_048600.1,7,99827973
26,LOC113836832,2,0.0536431908921113,NC_048600.1,7,76630662
26,LOC113837639,3,-0.0507607697850896,NC_048602.1,9,5618232
26,LOC113836176,4,0.0500364449598632,NC_048598.1,5,100789536
26,Mgst3,5,0.0500152542747909,NC_048598.1,5,25281440
26,Mir671,6,-0.0478698495129227,NC_048601.1,8,97922620
26,Acd,7,0.0471896549787223,NC_048596.1,3,181980961
26,LOC113836829,8,0.0454014153523993,NC_048600.1,7,63461020
26,Tmem184c,9,0.0447533079155043,NC_048596.1,3,153363119
26,Ndufs5,10,0.0439526144741838,NC_048595.1,2,29294065
26,Chchd1,11,0.0424918690265097,NW_023276807.1,1,200279306
26,LOC113830756,12,0.0419405076537116,NW_023276985.1,U,4019
26,Scamp2,13,0.0403409934211264,NC_048597.1,4,169187629
26,LOC100755733,14,-0.0401987519256669,NC_048599.1,6,73639041
26,LOC113836576,15,-0.0399873975593549,NC_048600.1,7,111567514
26,Mmp10,16,-0.0395557869654095,NC_048597.1,4,121939116
26,Mirlet7b,17,-0.0395424938710682,NC_048595.1,2,382522427
26,Trnap-agg_1,18,0.0390995997269908,NW_023276806.1,1,198432447
26,Nubp1,19,0.0386906175567836,NC_048600.1,7,69314
26,Isg20l2,20,0.0385475822167514,NW_023276806.1,1,66527959
26,Tnfsf9,21,0.0370858071480317,NC_048598.1,5,96454207
26,Impdh1,22,0.0366938248031736,NW_023276806.1,1,198599349
27,LOC118239683,1,0.179110838441804,NW_023276807.1,1,214981872
27,LOC118239130,2,0.116222772335296,NC_048600.1,7,134321011
27,LOC118239049,3,0.107582304078171,NC_048599.1,6,146729334
27,S100a16,4,-0.0753471984637713,NW_023276806.1,1,64009793
27,LOC107979589,5,0.075169400076665,NW_023276807.1,1,137666725
27,LOC113834903,6,0.073162957952548,NC_048596.1,3,274129313
27,LOC118238272,7,0.069346777896973,NC_048595.1,2,750025
27,Clu,8,0.0661906763341441,NW_023276807.1,1,220960688
27,Tspan7,9,0.0661641337241489,NC_048604.1,X,116198430
27,Fgfr1,10,0.0657172426195484,NW_023276807.1,1,58203128
27,LOC113831598,11,0.065697785468166,NW_023277425.1,U,55432
27,LOC118239129,12,0.0649077584674096,NC_048600.1,7,134318528
27,CUNH20orf202,13,0.0648878878009582,NC_048599.1,6,28343928
27,LOC107977441,14,0.0642708985502479,NC_048596.1,3,2563608
27,Prnp,15,0.063887930590773,NC_048599.1,6,46663955
27,LOC103161312,16,0.0619285229709212,NC_048604.1,X,71124390
27,Trnad-guc_7,17,0.0609848615271143,NC_048598.1,5,21758035
27,LOC113837437,18,-0.0603749685801271,NC_048603.1,10,16577900
27,LOC103158703,19,0.0599404886361132,NC_048596.1,3,72598747
27,Lmo2,20,0.0597705121559283,NC_048599.1,6,73657545
27,Id2,21,-0.059308664846934,NC_048600.1,7,27970665
27,Ncam1,22,0.0570705739920292,NC_048597.1,4,161286778
27,LOC118237888,23,0.0557400445852478,NC_048595.1,2,10104942
27,LOC118239039,24,-0.0551336587035858,NC_048599.1,6,73936008
27,Fgf12,25,0.0548413046929349,NC_048597.1,4,60916246
28,Dusp8,1,0.0767174327159049,NC_048596.1,3,59089975
28,LOC100763130,2,-0.0684114407211664,NC_048598.1,5,191189732
28,LOC100760218,3,0.0667820679977599,NW_023276806.1,1,231487269
28,Hsph1,4,0.0515614078555543,NC_048597.1,4,85410260
28,LOC113835261,5,0.0507511302994717,NC_048599.1,6,99389932
28,Nppb,6,0.0490951662094772,NC_048595.1,2,8480530
28,Clk1,7,0.049002292646586,NC_048595.1,2,412804890
28,Crispld2,8,0.0475269824628124,NC_048596.1,3,196649190
28,Serpinf1,9,0.0471125587563282,NC_048600.1,7,88859911
28,LOC107978991,10,0.0452937901899512,NC_048595.1,2,282843312
28,Il6,11,0.0452787670593065,NC_048601.1,8,92711892
28,Cd68,12,0.0452139396059425,NC_048600.1,7,83509203
28,Csf2,13,0.0446708732884605,NC_048600.1,7,68427077
28,LOC100754516,14,0.0446193337885995,NC_048597.1,4,189508147
28,Bag3,15,0.0426124288466761,NC_048596.1,3,72253498
28,LOC118239372,16,0.0421935275288177,NC_048603.1,10,28916458
28,Dnajb1,17,0.0421468970423351,NC_048596.1,3,160785250
28,Csrnp1,18,0.0420789558519302,NC_048597.1,4,227063765
28,Gpr176,19,0.0411029147601089,NC_048599.1,6,60125165
28,LOC113833112,20,0.0410248301233194,NC_048595.1,2,413964466
28,LOC100689269,21,0.0406942622126501,NC_048597.1,4,152447657
28,LOC113837453,22,0.0406060251651434,NC_048603.1,10,25296669
28,Snord14e,23,0.0403147413635167,NC_048597.1,4,152448829
28,Isg15,24,-0.0396677401755663,NC_048595.1,2,122790
29,Fabp4,1,0.155453697571427,NC_048595.1,2,137723467
29,LOC100771813,2,0.120851167631456,NC_048604.1,X,9744099
29,Ncam1,3,-0.0972861050319676,NC_048597.1,4,161286778
29,LOC103163886,4,0.0825749886619499,NC_048597.1,4,228827490
29,Colq,5,0.0784956258655596,NW_023276807.1,1,187567146
29,Grhl2,6,0.0766229706485186,NC_048603.1,10,14259740
29,LOC113834615,7,0.0745318911454174,NC_048596.1,3,168424119
29,Efemp1,8,-0.0731041586047099,NW_023276807.1,1,78363346
29,Id2,9,0.072394808378298,NC_048600.1,7,27970665
29,LOC107979247,10,0.0704940982781894,NC_048604.1,X,78432282
29,LOC103161069,11,0.0682408721386793,NC_048595.1,2,65841398
29,LOC113837470,12,0.068203719754549,NC_048603.1,10,21821553
29,LOC100763261,13,0.0675474611656931,NC_048600.1,7,95480383
29,LOC100754807,14,0.0662474890961575,NC_048598.1,5,99223137
29,Spn,15,0.0638887291443407,NC_048596.1,3,73615356
29,LOC118239659,16,0.0635357275287157,NW_023276807.1,1,268074652
29,LOC113836842,17,0.0597539823370407,NC_048600.1,7,99739296
29,S100a16,18,-0.0589115622851269,NW_023276806.1,1,64009793
29,LOC118239712,19,0.0565768317334388,NW_023276807.1,1,27781819
29,LOC113830932,20,0.0565700366069783,NC_048604.1,X,59870249
29,Ca3,21,-0.0563572224472684,NC_048595.1,2,134238180
29,LOC100751053,22,0.0547750849926484,NC_048597.1,4,162253090
29,LOC100772574,23,0.0545870229619482,NC_048596.1,3,271982949
29,Csf2,24,0.0538411014895762,NC_048600.1,7,68427077
29,LOC103160844,25,0.0535944057823914,NC_048604.1,X,97215009
29,Sardh,26,0.0529424656194673,NC_048599.1,6,138868103
29,Igf2bp2,27,0.0522623973103807,NC_048597.1,4,66742574
29,LOC100757491,28,-0.0521727504163776,NW_023276806.1,1,60259769
29,LOC113830641,29,0.0510923369896201,NC_048596.1,3,95363038
29,Akt3,30,-0.0509053819354617,NC_048598.1,5,16566355
29,LOC107977779,31,0.0508851800540656,NC_048604.1,X,63475873
29,LOC118239129,32,0.0498152797063481,NC_048600.1,7,134318528
29,LOC113835450,33,-0.0485991651300844,NC_048597.1,4,65821996
29,LOC103159189,34,0.0469914344376645,NC_048604.1,X,63082767
29,Lcp1,35,0.0468118522856374,NW_023276807.1,1,229565040
29,LOC100768845,36,0.0466409861248475,NC_048604.1,X,49202492
30,Lrp3,1,0.127160216055396,NC_048602.1,9,3266496
30,Sulf2,2,0.11168761913841,NC_048599.1,6,13266048
30,LOC103160010,3,0.109704302586684,NW_023276806.1,1,33620601
30,Ocel1,4,0.106991500001902,NW_023276806.1,1,247597206
30,LOC103163470,5,-0.106972043414479,NW_023276807.1,1,90876883
30,Rftn2,6,0.106567333394328,NC_048595.1,2,409593676
30,LOC113835460,7,-0.0838808221583938,NC_048597.1,4,74500111
30,LOC100767530,8,0.0801823184477711,NW_023276806.1,1,49133283
30,LOC100762719,9,-0.0719260582503584,NC_048601.1,8,89111185
30,Pdlim2,10,0.0717372546103756,NW_023276807.1,1,224830303
30,LOC100752107,11,-0.0678404166359486,NC_048596.1,3,279690996
30,Nrg4,12,-0.0642202654340234,NC_048597.1,4,166833081
30,LOC113838082,13,0.0615410194531863,NW_023276849.1,U,77377
30,LOC113831499,14,0.0603166492179873,NC_048601.1,8,17547753
30,Hoxa9,15,-0.0600749040602267,NC_048601.1,8,89119788
30,LOC103160608,16,0.0595516671630028,NC_048595.1,2,60856654
30,LOC113838105,17,0.058793287088142,NW_023276808.1,U,8824518
30,LOC100765207,18,0.0569006894027122,NC_048596.1,3,19801036
30,Mir23a,19,0.0558488622424172,NC_048596.1,3,160211611
30,LOC100752592_1,20,0.0554821062321702,NW_023276989.1,U,570
30,Lpl,21,0.053832644924819,NW_023276806.1,1,245575832
30,LOC113830932,22,-0.0532288958995237,NC_048604.1,X,59870249
31,LOC113834936,1,0.0836998662820649,NC_048596.1,3,53500981
31,LOC118239233,2,0.0665846100674045,NC_048601.1,8,21789563
31,LOC113833156,3,0.0596867192256587,NW_023276806.1,1,172752276
31,LOC113833697,4,0.0579616272708411,NC_048598.1,5,31029113
31,Atg9b,5,0.0559810926828955,NC_048601.1,8,98130402
31,Col7a1,6,0.0554081072697003,NC_048597.1,4,217068431
31,LOC113833272,7,0.0553988739115975,NW_023276807.1,1,245218557
31,LOC113836438,8,0.0553065846187286,NC_048599.1,6,48334176
31,LOC113832597,9,0.0545584918691501,NW_023276807.1,1,188694791
31,LOC113830966,10,0.0540623014758402,NC_048604.1,X,1446116
31,LOC113830843,11,0.053443080541526,NC_048599.1,6,138595293
31,LOC103159353,12,0.0530713452540398,NW_023276807.1,1,183092120
31,Plekhn1,13,0.0528104347015176,NC_048595.1,2,94924
31,Slc9a5,14,0.0512913157368739,NC_048596.1,3,181637378
31,Mir221,15,0.0511674382873607,NC_048604.1,X,124017931
31,Ccnl2,16,0.0510444541863986,NC_048595.1,2,458510
31,Amt,17,0.0507217010214985,NC_048597.1,4,216475791
31,LOC113833688,18,0.0505924486811837,NC_048598.1,5,31029421
31,LOC113835170,19,0.0504600104075177,NC_048597.1,4,128824157
31,LOC113836702,20,0.0497534303930256,NC_048600.1,7,120708334
31,LOC100762940,21,0.0496504460612191,NC_048601.1,8,92634983
31,LOC103161941,22,0.0492656070942668,NC_048599.1,6,90787768
31,LOC100774417,23,0.0488792788244494,NC_048602.1,9,22408195
31,LOC118238326,24,-0.0488208886272184,NC_048595.1,2,106629377
31,LOC100772574,25,0.0486057379288452,NC_048596.1,3,271982949
31,LOC113830993,26,0.0484560001766396,NC_048597.1,4,82671247
31,LOC113837124,27,0.0480788938015844,NC_048601.1,8,8803433
31,Apbb3,28,0.0480440191118418,NC_048595.1,2,200847965
31,LOC118238393,29,0.047641650570437,NC_048595.1,2,337469715
31,LOC107977605,30,0.0475805842002174,NC_048596.1,3,40979795
31,Rhof,31,0.0475673823025478,NC_048597.1,4,102918492
31,LOC113835171,32,0.0472071517467542,NC_048597.1,4,128823458
31,Mir3535,33,0.0471432037066874,NC_048595.1,2,438021009
31,LOC113836098,34,0.0468145385224556,NW_023276806.1,1,61538069
32,LOC118239683,1,0.0885410039228166,NW_023276807.1,1,214981872
32,LOC113834219,2,0.0870725226630037,NC_048595.1,2,339098338
32,LOC113831373,3,-0.0715911057088095,NC_048600.1,7,91572803
32,LOC113831086,4,0.0680531841274444,NC_048596.1,3,100070586
32,Mir3068,5,0.0657171507016725,NC_048598.1,5,116364712
32,LOC113832596,6,-0.0650726043906596,NW_023276807.1,1,188692732
32,Mir1285,7,-0.0646867311811683,NC_048601.1,8,88579162
32,LOC113834042,8,-0.0608573948060455,NC_048595.1,2,202558922
32,LOC113836832,9,-0.0595315275818024,NC_048600.1,7,76630662
32,LOC107977884,10,0.0593557840290461,NC_048595.1,2,53778176
32,Mir338,11,-0.058966902507803,NC_048600.1,7,132526297
32,Trnak-cuu_67,12,-0.0588726157622164,NW_023276919.1,U,881536
32,LOC113834713,13,0.0581498607907197,NC_048596.1,3,187233171
32,LOC113836665,14,-0.0578658659245232,NC_048600.1,7,44306405
32,LOC113834403,15,-0.0576758950302607,NC_048595.1,2,106628517
32,LOC113836666,16,-0.0576458061954311,NC_048600.1,7,44113137
32,LOC113835163,17,-0.0567103281843197,NC_048597.1,4,128823845
32,LOC113836709,18,0.0565778553791223,NC_048600.1,7,129252536
32,LOC113834983,19,-0.0561007922143804,NC_048596.1,3,51210276
32,LOC113833802,20,-0.0556063335760861,NC_048595.1,2,137909428
32,LOC113833871,21,0.0554462828379728,NC_048595.1,2,17564063
32,LOC113833915,22,-0.0553751033583093,NC_048595.1,2,20947037
32,LOC113835967,23,0.0548448589771368,NC_048598.1,5,46664105
32,LOC113835498,24,-0.054575305381665,NC_048597.1,4,95573463
32,LOC113832801,25,-0.0532803861525703,NW_023276807.1,1,47737561
32,LOC113834367,26,-0.0532542581788929,NC_048595.1,2,243059962
32,LOC118238347,27,-0.0531767923090359,NC_048595.1,2,223846567
32,LOC113830803,28,0.0528513651453657,NC_048600.1,7,11913783
32,Mir374,29,-0.0526575411201418,NC_048604.1,X,66940645
32,LOC118239681,30,-0.0524823483170557,NW_023276807.1,1,40534596
32,Mir199a,31,0.0521552863960509,NC_048597.1,4,134366549
32,LOC113835862,32,0.0515246948636984,NC_048598.1,5,169146211
32,LOC113835450,33,-0.0514655579117708,NC_048597.1,4,65821996
32,LOC113830994,34,0.0514401605304344,NC_048597.1,4,82671556
32,LOC113831472,35,-0.0512589538245632,NC_048596.1,3,51369771
32,LOC113833011,36,-0.0497880797993543,NC_048595.1,2,35264383
32,Mir632,37,-0.0497065620668554,NC_048600.1,7,93838790
32,LOC113833676,38,0.0492297753307056,NC_048595.1,2,165133130
32,Mirlet7d,39,0.0489776627533242,NC_048596.1,3,268318775
33,LOC113835562,1,0.128974540989232,NC_048597.1,4,175721561
33,Tspan7,2,0.106310103798002,NC_048604.1,X,116198430
33,LOC118238646,3,0.101184955217988,NC_048597.1,4,89987836
33,LOC113830809,4,-0.092359060817177,NC_048600.1,7,11905769
33,LOC113835169,5,-0.0897698895791332,NC_048597.1,4,128822709
33,Mir2424,6,0.081730193107061,NC_048601.1,8,21234660
33,LOC113836734,7,0.0811476522281747,NC_048600.1,7,2669609
33,Col8a1,8,0.0799960737058015,NC_048597.1,4,34465873
33,Trnap-agg_1,9,0.0758400547675311,NW_023276806.1,1,198432447
33,LOC100762336,10,0.0742719125022858,NW_023276807.1,1,273773199
33,Aff2,11,0.073229925861273,NC_048604.1,X,5725806
33,Il19,12,-0.0718159312759859,NC_048598.1,5,58038778
33,LOC103158756,13,0.0709634558306309,NC_048599.1,6,21482173
33,Ptprz1,14,0.0703169396987889,NW_023276806.1,1,204218865
33,LOC103161518,15,-0.064241110743126,NW_023276806.1,1,230279477
33,S100a16,16,0.0630927976725233,NW_023276806.1,1,64009793
33,Rarres2,17,-0.0623092815591571,NC_048601.1,8,98691581
33,LOC107978642,18,-0.0588065874601784,NC_048601.1,8,43794369
33,LOC100763833,19,-0.0579965995531855,NC_048600.1,7,95468788
33,LOC113834476,20,-0.0568195236213542,NC_048595.1,2,101380399
33,LOC100766491,21,0.0563927266686291,NC_048604.1,X,43941774
33,LOC113837466,22,-0.0543529178622415,NC_048603.1,10,25568102
33,LOC113833685,23,-0.0543085812525228,NC_048598.1,5,31028623
33,LOC118238370,24,-0.0541272075809802,NC_048595.1,2,283288168
33,LOC100769505,25,0.0540914774771892,NW_023276807.1,1,125461679
33,Ccn2,26,-0.0539367018662058,NC_048595.1,2,243783381
33,LOC113831472,27,0.0535800102911594,NC_048596.1,3,51369771
33,LOC118239359,28,-0.0533928846407132,NC_048603.1,10,25595906
33,Trnar-ucg_5,29,-0.0533039668343302,NC_048600.1,7,128017797
33,LOC113837769,30,0.05329063236664,NC_048604.1,X,118273950
33,LOC100754872,31,-0.0531735532065321,NW_023276807.1,1,156999749
33,LOC113833631,32,0.0530751512137515,NC_048595.1,2,417283858
33,LOC113831513,33,-0.0530333265181631,NW_023276806.1,1,35011432
33,LOC113836632,34,-0.0527487293416737,NC_048600.1,7,59137049
33,Plscr4,35,0.0523481556203163,NC_048597.1,4,201437839
33,Slpi,36,-0.0513952717167477,NC_048599.1,6,15126790
33,Sema3a,37,0.0509718028172609,NW_023276806.1,1,179425538
33,Mir21,38,-0.0508450453800659,NC_048600.1,7,99827973
34,LOC113830993,1,-0.0874255862314454,NC_048597.1,4,82671247
34,LOC113835117,2,0.0860943244533701,NC_048598.1,5,124566020
34,Trnap-agg,3,0.0855673988201984,NW_023276806.1,1,100118051
34,LOC113834076,4,0.0750660721901236,NC_048595.1,2,186151517
34,LOC113834724,5,0.0736260386138929,NC_048596.1,3,160454650
34,LOC113835166,6,0.0731410433681142,NC_048597.1,4,128830040
34,LOC118238917,7,0.0725353204405084,NC_048598.1,5,82659263
34,LOC113833814,8,0.072056914066305,NC_048595.1,2,156274962
34,LOC113833147,9,0.0709684940542352,NW_023276806.1,1,65843881
34,LOC113833051,10,0.0679298083115156,NW_023276806.1,1,129786160
34,Trnat-agu_7,11,0.0678227953645308,NC_048602.1,9,3247108
34,LOC113832596,12,0.0664102567121533,NW_023276807.1,1,188692732
34,LOC113836532,13,-0.065425786557293,NC_048599.1,6,144677964
34,LOC113836949,14,0.0649240708223852,NC_048601.1,8,21692679
34,Trnar-ccu,15,0.0640666426280842,NW_023276806.1,1,189628901
34,LOC100766491,16,0.0640292999386927,NC_048604.1,X,43941774
34,Trnak-cuu_31,17,0.0626458519034543,NC_048596.1,3,244727567
34,LOC113836198,18,0.0617517878664513,NC_048598.1,5,100783489
34,LOC113832627,19,0.0613989771751722,NC_048600.1,7,83202507
34,LOC113834111,20,0.061232047209033,NC_048595.1,2,288143876
34,LOC113835509,21,0.0602963022660808,NC_048597.1,4,109113533
34,Lrrc61,22,-0.0602820073367825,NC_048601.1,8,98693396
34,LOC113832633,23,-0.0600881945595721,NC_048600.1,7,83512704
34,LOC113831654,24,-0.0599367277155995,NC_048599.1,6,138029549
34,Mir27a,25,0.0595892551600491,NC_048596.1,3,160211444
34,Trnak-cuu_67,26,0.0583958307782138,NW_023276919.1,U,881536
34,LOC113836505,27,0.0579631905031252,NC_048599.1,6,12379027
34,LOC113836220,28,0.0575145028342674,NC_048598.1,5,143156548
34,LOC113835235,29,0.0575043929754915,NC_048597.1,4,176806030
34,LOC113833007,30,0.0572085543989895,NC_048595.1,2,35390497
34,Mir191,31,0.0571914215966319,NC_048597.1,4,216745486
34,Mir186,32,0.0568712738595931,NW_023276806.1,1,2068258
34,LOC113831639,33,0.0567832425279014,NC_048600.1,7,91684481
34,LOC113834788,34,0.0567124693418888,NC_048596.1,3,29025366
34,LOC113832634,35,0.0564380046179314,NC_048600.1,7,83514590
34,LOC118239102,36,0.0564311748678247,NC_048599.1,6,23861235
34,LOC113832603,37,0.05620306169428,NW_023276807.1,1,62391068
34,Mir1973,38,0.0559795663561095,NC_048603.1,10,16495623
34,LOC113831477,39,0.0559087122807204,NC_048596.1,3,51371025
34,LOC103164270,40,0.0553704876427115,NW_023277414.1,U,7857
34,LOC113836617,41,0.0548052962600233,NC_048600.1,7,26701609
34,LOC113836317,42,-0.0541443201937653,NC_048599.1,6,154010325
34,LOC113831474,43,-0.0534276939908159,NC_048596.1,3,51368969
34,Trnav-cac_6,44,0.0526761496609253,NC_048596.1,3,244742295
34,LOC113831587,45,0.0515156533234697,NW_023276806.1,1,25102530
34,LOC113835625,46,0.0505092750317331,NC_048597.1,4,227219640
34,LOC103159146,47,-0.0502819563174229,NC_048600.1,7,44112898
34,LOC113835076,48,0.0501257281216705,NC_048596.1,3,270595910
34,LOC118238367,49,-0.0496997950429238,NC_048595.1,2,282078959
34,LOC118239571,50,0.0494546256702895,NW_023276806.1,1,70622343
34,LOC100765626,51,-0.0493567840334813,NW_023276806.1,1,72828312
34,LOC113833632,52,-0.0492863707697797,NC_048595.1,2,417284238
34,LOC100753948,53,0.0490981149759679,NC_048595.1,2,373455991
34,LOC113831373,54,0.0489416585173799,NC_048600.1,7,91572803
34,LOC118237928,55,0.048693899426987,NC_048597.1,4,152485319
34,LOC118237866,56,-0.0479612590795845,NC_048599.1,6,140447559
34,LOC113831735,57,-0.0478397512920545,NC_048595.1,2,394997333
35,Txnip,1,-0.0702424134605042,NW_023276806.1,1,59939849
35,Ccnb2,2,0.0654339183064254,NC_048597.1,4,181956000
35,Ube2c,3,0.0609940341363303,NC_048599.1,6,14655875
35,Cdkn3,4,0.0580311428979291,NW_023276807.1,1,202783197
35,Trnak-uuu_5,5,0.0514574977398529,NC_048596.1,3,244247882
35,Prc1,6,0.048845497027139,NC_048596.1,3,117289939
35,Cenpa,7,0.0484421213193965,NC_048600.1,7,13680259
35,LOC100689269,8,-0.0479403622161485,NC_048597.1,4,152447657
35,Dlgap5,9,0.0458087897290968,NW_023276807.1,1,203429989
35,Knstrn,10,0.045795382784954,NC_048599.1,6,59661676
35,Nusap1,11,0.0455684589067913,NC_048599.1,6,58838839
35,Tfrc,12,-0.0453263913834635,NC_048597.1,4,56929493
35,Ccnb1,13,0.044885903352445,NC_048595.1,2,319287474
35,LOC113836734,14,0.043381731004142,NC_048600.1,7,2669609
35,LOC118239347,15,-0.0433771664173837,NC_048602.1,9,8549149
35,LOC100765102,16,-0.0432254656226225,NC_048595.1,2,400154060
35,Phyhd1,17,0.0430012860990468,NC_048599.1,6,141926125
35,LOC113831473,18,-0.0429856731962503,NC_048596.1,3,51369265
35,Plk1,19,0.0428649216976365,NC_048596.1,3,78499839
35,LOC113833631,20,0.0423794046116515,NC_048595.1,2,417283858
35,S100a16,21,0.0417753470406453,NW_023276806.1,1,64009793
35,Mir191,22,-0.0407898285160188,NC_048597.1,4,216745486
35,LOC118238721,23,0.040293315710491,NC_048597.1,4,57829445
35,LOC100689270,24,-0.0398565383960818,NC_048597.1,4,152448062
35,Mir22,25,0.0397587740875169,NC_048600.1,7,88912691
35,Tacc3,26,0.039683263159314,NW_023276807.1,1,102720190
35,Kif2c,27,0.0395756048891957,NC_048595.1,2,35230497
35,LOC118239739,28,-0.0393282472682116,NW_023276807.1,1,29373025
35,Pole,29,-0.0393161012845367,NC_048597.1,4,90079493
35,LOC113836320,30,-0.0386706384845085,NC_048599.1,6,153119215
35,LOC113836665,31,0.0385736180202918,NC_048600.1,7,44306405
35,Ccne2,32,-0.0380195269211172,NC_048595.1,2,125320629
35,LOC113833702,33,-0.0376208755585742,NC_048598.1,5,31027683
35,Trnap-cgg_1,34,-0.0375640282326825,NC_048600.1,7,43068123
35,Adam8,35,0.0375534937114683,NC_048596.1,3,60960076
35,LOC113835562,36,0.0375468363508064,NC_048597.1,4,175721561
35,Ranbp3l,37,0.0374980825304186,NC_048595.1,2,342635682
35,Dna2,38,-0.0373530956260431,NW_023276806.1,1,273888896
35,LOC113835267,39,-0.0373226408952908,NC_048597.1,4,133761196
35,LOC113837721,40,0.0369107577038219,NC_048604.1,X,44476423
35,LOC118238219,41,0.0366999152937711,NC_048595.1,2,85272003
35,Ccna2,42,0.0362820294499456,NW_023276806.1,1,113097923
35,Ccn2,43,0.0361970902757759,NC_048595.1,2,243783381
35,LOC113836833,44,-0.036099606019751,NC_048600.1,7,96528589
35,Cdca8,45,0.0360593322105466,NC_048595.1,2,28119983
35,Mir1973,46,-0.0359324383427935,NC_048603.1,10,16495623
35,Trnat-agu_7,47,0.0358221333413569,NC_048602.1,9,3247108
35,LOC103163310,48,-0.0354944613720378,NC_048595.1,2,20383558
35,LOC118238646,49,0.0354892846402621,NC_048597.1,4,89987836
35,LOC103161220,50,-0.0354284209374475,NC_048597.1,4,144158608
35,Trnal-caa_1,51,0.03540737284084,NC_048596.1,3,243560408
35,Cited1,52,0.0351661097106755,NC_048604.1,X,67993924
35,Rn5-8s,53,-0.0351087672957281,NW_023276990.1,U,11530
35,Snord14e,54,-0.0350971513017936,NC_048597.1,4,152448829
35,LOC100761946,55,0.035032016801122,NC_048595.1,2,337079410
35,LOC118239682,56,0.0347670503725653,NW_023276807.1,1,210242411
35,Corin,57,0.0346124047867858,NW_023276807.1,1,138870235
35,Bard1,58,-0.0345674498861727,NC_048595.1,2,424469689
35,Top2a,59,0.0344186499745628,NC_048600.1,7,112071654
36,Ldha,1,0.115417488438099,NC_048596.1,3,145001207
36,Id2,2,-0.079971600507865,NC_048600.1,7,27970665
36,Serpinf1,3,0.0724011674521769,NC_048600.1,7,88859911
36,Nppb,4,-0.060689534030606,NC_048595.1,2,8480530
36,LOC113836194,5,0.060416576634665,NC_048598.1,5,101957312
36,Nppa,6,-0.0601648497767103,NC_048595.1,2,8467809
36,LOC100761692,7,0.0592441024105345,NC_048601.1,8,16903938
36,LOC118239052,8,-0.0576213898097199,NC_048599.1,6,27172324
36,LOC113834615,9,-0.0529878062692868,NC_048596.1,3,168424119
36,LOC103163365,10,-0.0520179984389671,NW_023276806.1,1,136107061
36,LOC107979337,11,-0.0518953931350721,NW_023276807.1,1,155459065
36,LOC118238355,12,0.0513028251469748,NC_048595.1,2,252889683
36,Spon2,13,0.0504453676332919,NW_023276807.1,1,102246867
37,Fth1,1,0.0464569838210136,NC_048596.1,3,50469662
37,Eef1a1,2,0.0453341577061356,NC_048597.1,4,189545179
37,Actb,3,0.0439903307582418,NC_048597.1,4,79470799
37,Eif5a,4,0.0431496637171358,NC_048600.1,7,83766997
37,Hspa8,5,0.0430789608443486,NC_048597.1,4,152445390
37,LOC100754792,6,0.0421027176331993,NW_023276807.1,1,31885762
37,Hsp90aa1,7,0.0406208021744829,NC_048598.1,5,183325582
37,Eif3b,8,0.0389250244188707,NC_048597.1,4,77052142
37,Atp5f1b,9,0.0387280648279986,NW_023276806.1,1,129779781
37,LOC113830659,10,0.0379790650363143,NC_048595.1,2,6125815
37,LOC100773511,11,0.0374550522488059,NC_048595.1,2,344902209
37,Cfl1,12,0.0372971115443298,NC_048596.1,3,53847675
37,LOC100765757,13,0.0372370314849116,NC_048597.1,4,169145258
37,Cct7,14,0.037094314537768,NC_048601.1,8,75257616
38,LOC113837626,1,0.153170774324194,NC_048604.1,X,620574
38,Enah,2,-0.126209749621362,NC_048598.1,5,12360709
38,Tarbp1,3,-0.114404867871756,NC_048596.1,3,203234488
38,LOC107977237,4,0.106435977361839,NC_048604.1,X,90363560
38,LOC118239129,5,0.105205170960637,NC_048600.1,7,134318528
38,LOC113832856,6,0.103066753218161,NW_023276806.1,1,196749982
38,LOC103162230,7,0.0986534079270398,NC_048597.1,4,50397554
38,Fgf7,8,-0.0946839241796681,NC_048599.1,6,52460845
38,Gpd1,9,-0.0892717937497628,NC_048595.1,2,396155050
38,Themis,10,-0.0882790370560698,NC_048595.1,2,247448582
38,LOC100750571,11,-0.0850654307508193,NC_048600.1,7,113818212
38,Pirt,12,-0.0848310418281191,NC_048600.1,7,80795999
38,LOC103163846,13,0.0787127692188195,NC_048604.1,X,119343846
38,Ldhd,14,0.0775674729571021,NC_048596.1,3,188050546
38,Cd109,15,-0.0765441496732161,NC_048597.1,4,189648432
38,LOC107979342,16,0.0745298202883622,NC_048595.1,2,63977630
38,Slc66a2,17,-0.0735019763485036,NC_048595.1,2,235037122
38,Id2,18,0.0716267355783218,NC_048600.1,7,27970665
38,Trnap-ugg_2,19,0.0702065584637943,NC_048596.1,3,100742110
38,Nrg4,20,-0.0699874349895581,NC_048597.1,4,166833081
38,Pros1,21,-0.0692442687986548,NC_048597.1,4,30268288
38,LOC107979452,22,0.0649407618236741,NC_048599.1,6,34559429
38,LOC100771813,23,0.063551437865375,NC_048604.1,X,9744099
38,LOC103163238,24,0.061497674201364,NC_048597.1,4,27915424
38,Vangl2,25,-0.0577065468686566,NC_048598.1,5,20830877
38,Arhgap32,26,-0.057026915943722,NC_048597.1,4,144433882
38,LOC103163886,27,0.0559959262949311,NC_048597.1,4,228827490
38,LOC107978189,28,0.0552591026490045,NW_023276807.1,1,62968380
38,LOC113830878,29,0.0549189829353718,NC_048601.1,8,2348886
38,Mt1,30,-0.0544573840880468,NC_048596.1,3,170379906
38,LOC113831088,31,0.0533784604379448,NW_023276807.1,1,140579599
38,Was,32,-0.0517003793580534,NC_048604.1,X,114556899
38,Efemp1,33,-0.051223399367571,NW_023276807.1,1,78363346
38,Rftn2,34,-0.0504466788616121,NC_048595.1,2,409593676
38,LOC103161595,35,0.0495138557685804,NC_048598.1,5,124929982
38,Mgat5,36,-0.0494221207662726,NC_048598.1,5,61306441
39,LOC100773073,1,0.0848274058257793,NW_023276807.1,1,185277442
39,LOC100751672,2,0.0830592118091025,NC_048596.1,3,145028818
39,LOC118237644,3,0.0801101191932148,NW_023276806.1,1,60098085
39,Fos,4,-0.0677040584408754,NC_048598.1,5,118313605
39,Inka2,5,0.0594541092063742,NW_023276806.1,1,51287063
39,Eda2r,6,0.0546010522354091,NC_048604.1,X,73023336
39,Sesn2,7,0.0535041296720791,NC_048595.1,2,20752768
39,LOC103161050,8,0.0517299268901759,NW_023276806.1,1,49323904
39,LOC100769250,9,0.0514195438507937,NC_048596.1,3,181292503
39,Ccdc122,10,0.0500293444688332,NW_023276807.1,1,231429314
39,LOC100753502,11,-0.0479079439261433,NC_048596.1,3,245006571
39,Mir22,12,0.0462540644467028,NC_048600.1,7,88912691
39,Rbm3,13,0.0462388556417715,NC_048604.1,X,114619721
39,Hoatz,14,0.0458284822712467,NC_048597.1,4,162829025
39,Moxd1,15,0.0454582997300121,NC_048595.1,2,243455029
39,LOC100754104,16,-0.0451141794443888,NC_048596.1,3,245012945
39,Tbc1d8,17,0.0446009268129059,NW_023276807.1,1,8763081
39,LOC100755639,18,0.044400967715674,NC_048595.1,2,403097637
39,Mdm2,19,0.0438251719987012,NW_023276806.1,1,138651658
39,LOC107979446,20,-0.0437159241529574,NW_023276806.1,1,60284926
39,Ccng1,21,0.0436862138707829,NC_048600.1,7,55623864
39,LOC118238272,22,0.0435851844320889,NC_048595.1,2,750025
39,LOC118239039,23,-0.0434124549237621,NC_048599.1,6,73936008
39,Btg2,24,0.0432643391255743,NC_048598.1,5,55129512
39,Rhbdl2,25,0.0430105109127713,NC_048595.1,2,29173090
39,Smim4,26,0.0429357612211168,NW_023276807.1,1,188585689
39,Mirlet7b,27,-0.0428300808020013,NC_048595.1,2,382522427
39,LOC100753804,28,-0.0426749886325998,NC_048596.1,3,245011651
40,Cxcl10,1,0.134677621851314,NW_023276807.1,1,157135471
40,LOC100762078,2,0.104491311632583,NC_048595.1,2,178751204
40,LOC100752806,3,0.101794318989489,NW_023276806.1,1,16714591
40,LOC100767905,4,-0.10006723292918,NC_048597.1,4,100599059
40,Ifit2,5,0.0834380011933112,NC_048596.1,3,27215035
40,Oas2,6,-0.0792092931723123,NC_048597.1,4,100540490
40,LOC100769624,7,-0.0782397402242677,NC_048597.1,4,100625426
40,LOC100760047,8,0.0781486064080092,NC_048595.1,2,178766481
40,LOC100762860,9,0.0752023379624297,NW_023276806.1,1,16550762
40,LOC100750355,10,0.0723685640125879,NW_023276806.1,1,16766244
40,LOC113834739,11,0.0717392213154501,NC_048596.1,3,27095628
40,Ccn2,12,0.066932382753805,NC_048595.1,2,243783381
40,LOC100763791,13,0.0667225474364576,NC_048595.1,2,178629787
40,LOC107977370,14,0.0642002396413567,NC_048596.1,3,49407490
40,LOC100768312,15,0.0626812347846769,NC_048596.1,3,51826453
40,LOC100754939,16,0.0612823220254678,NC_048600.1,7,72263719
40,Tspan7,17,0.0610012777640244,NC_048604.1,X,116198430
40,LOC100774003,18,0.0608177412818933,NW_023276807.1,1,76278875
40,LOC100762377,19,0.0605718472878749,NC_048595.1,2,178937423
40,LOC113835267,20,0.0603635853863127,NC_048597.1,4,133761196
40,Cxcl9,21,0.0595284580814776,NW_023276807.1,1,157119427
40,LOC100759759,22,0.0592105460489072,NC_048595.1,2,178779138
40,LOC100761048,23,-0.059153472200016,NC_048597.1,4,100778208
40,LOC100771979,24,0.0571437733139815,NC_048600.1,7,63562214
40,LOC100761326,25,0.0565305126475712,NC_048595.1,2,178687912
40,Gbp5,26,0.0562967846599141,NW_023276806.1,1,17254913
40,LOC100762574,27,0.0559535816304722,NW_023276806.1,1,16606146
41,LOC113838319,1,0.101296801272789,NC_048601.1,8,59606168
41,LOC113838496,2,0.0942444760805009,NC_048601.1,8,60575555
41,Adgrl2,3,0.0914584976348558,NW_023276806.1,1,10244010
41,Skap2,4,0.0872847690087948,NC_048601.1,8,89331433
41,Prkag2,5,0.0827894380529852,NC_048601.1,8,97403786
41,LOC107977165,6,0.0726118465215264,NC_048603.1,10,29648131
41,Psma8,7,0.0686694669854177,NC_048595.1,2,221607367
41,Dok5,8,0.0678328119798095,NC_048599.1,6,8452967
41,Vamp5,9,0.0662836573043105,NC_048601.1,8,64102472
41,LOC113831598,10,0.063227160335986,NW_023277425.1,U,55432
41,Il6,11,0.0626340157235194,NC_048601.1,8,92711892
41,Ndrg1,12,-0.0623699333404417,NC_048603.1,10,21641732
41,Ldha,13,0.0618484327863982,NC_048596.1,3,145001207
41,Unc5b,14,-0.060945220363685,NW_023276807.1,1,582414
41,Dpt,15,0.0604747887980324,NC_048598.1,5,27552951
41,LOC100767818,16,0.0588073891827381,NW_023276806.1,1,49150209
41,Ptx3,17,0.0570100544882887,NW_023276806.1,1,86728592
41,Mmp12,18,-0.0566149375395544,NC_048597.1,4,121849979
41,Rarres2,19,0.0557182291697017,NC_048601.1,8,98691581
41,Znf783,20,0.0540237454571269,NC_048601.1,8,99249279
41,Ccn1,21,0.0534620348866322,NW_023276806.1,1,13533654
41,LOC100773005,22,-0.0531355092992133,NW_023276806.1,1,21333259
41,Trim54,23,0.0528409245932694,NC_048600.1,7,13243617
41,Spn,24,-0.0527219845964963,NC_048596.1,3,73615356
41,LOC103163376,25,-0.0516214931626872,NC_048595.1,2,91206553
41,Bmp5,26,0.0513539423383049,NC_048597.1,4,186986138
41,Cask,27,0.0513245560962147,NC_048604.1,X,119083632
41,Adgrd1,28,0.051323561940221,NC_048597.1,4,108479351
41,LOC100756214,29,-0.0510642759904243,NC_048599.1,6,146592929
42,Mmp10,1,0.157352462127454,NC_048597.1,4,121939116
42,Il33,2,0.151762931124961,NC_048596.1,3,31453917
42,Nppb,3,0.115288041841076,NC_048595.1,2,8480530
42,Neu2,4,0.0994610928001198,NC_048595.1,2,439225524
42,Fabp4,5,-0.0978444634438237,NC_048595.1,2,137723467
42,Mmp12,6,0.0933621373115458,NC_048597.1,4,121849979
42,LOC103160221,7,0.0854603129734915,NW_023276807.1,1,186176741
42,Ldha,8,0.0852840688303316,NC_048596.1,3,145001207
42,Mmp3,9,0.0848176221538637,NC_048597.1,4,121905913
42,Id3,10,-0.08473076476563,NC_048595.1,2,17164510
42,LOC100754872,11,0.0837844441000614,NW_023276807.1,1,156999749
42,Nppa,12,0.0765406793894895,NC_048595.1,2,8467809
42,Glipr1,13,0.0727229284463055,NW_023276806.1,1,143607467
42,Timp1,14,0.0712044044846286,NC_048604.1,X,125724453
42,Cd82,15,0.0709299050600902,NC_048599.1,6,83270531
42,LOC113830878,16,0.0680637349251868,NC_048601.1,8,2348886
42,LOC103163365,17,0.0678139192182095,NW_023276806.1,1,136107061
42,Ptgs2,18,0.0664114826894297,NC_048598.1,5,41410101
42,LOC100761692,19,0.0630671746137237,NC_048601.1,8,16903938
42,Errfi1,20,0.0624033286630539,NC_048595.1,2,5520562
43,LOC118238268,1,0.238819341778347,NC_048595.1,2,489787
43,LOC118237995,2,0.164401232815216,NC_048595.1,2,7303017
43,Fabp4,3,-0.13614758037164,NC_048595.1,2,137723467
43,Ctsd,4,-0.11778952293127,NC_048596.1,3,58875076
43,LOC103161891,5,-0.117033436949675,NC_048598.1,5,21801351
43,LOC118237929,6,0.111065210155894,NC_048595.1,2,2561979
43,Maged2,7,-0.101837582413181,NC_048604.1,X,108704873
43,Tmem88b,8,0.0981411617339365,NC_048595.1,2,495676
43,Stxbp6,9,-0.0976288917285857,NC_048598.1,5,156823151
43,Tinagl1,10,-0.0975876351399136,NC_048595.1,2,22865579
43,LOC118238016,11,0.0974048860472379,NC_048595.1,2,8080882
43,Aga,12,-0.0883823609247719,NW_023276807.1,1,33988509
43,Nrg4,13,-0.0880896130611736,NC_048597.1,4,166833081
43,Erp29,14,-0.0863007319063255,NC_048597.1,4,101318639
43,Csrp2,15,0.0862531866920256,NW_023276806.1,1,144571595
43,LOC107980024,16,-0.085209541043436,NC_048598.1,5,17161133
43,Mcc,17,-0.0797842652152076,NC_048595.1,2,193208080
43,Tmem63a,18,-0.0783858429813087,NC_048598.1,5,13330738
43,Syn2,19,-0.0779632325527099,NC_048601.1,8,29559312
43,LOC113837481,20,-0.0744840737359536,NC_048603.1,10,27571175
43,Zdhhc4,21,-0.0734594743173496,NC_048597.1,4,79849979
43,Lgmn,22,-0.0704123153968573,NC_048598.1,5,103618504
43,LOC113832687,23,0.0691268698716731,NW_023276807.1,1,224050088
43,LOC100767530,24,-0.0683477715025235,NW_023276806.1,1,49133283
43,LOC113834615,25,-0.0683471816881195,NC_048596.1,3,168424119
43,LOC113833999,26,-0.0682303518051262,NC_048595.1,2,55147142
43,LOC113834284,27,-0.0672884775660862,NC_048603.1,10,4551636
43,Smyd3,28,-0.0666441625607887,NC_048598.1,5,14676689
43,LOC100766031,29,-0.0650378839878903,NC_048596.1,3,236690990
43,Slitrk5,30,-0.0618557255351063,NW_023276807.1,1,262541807
43,LOC118238445,31,0.0603206896381306,NC_048595.1,2,9165353
43,Cd36,32,0.0602922479643213,NW_023276806.1,1,176252535
44,LOC118238392,1,0.053288854699484,NC_048595.1,2,337470119
44,Uap1l1,2,-0.04524056076997,NC_048599.1,6,136715398
44,Map2k2,3,-0.044407410273156,NC_048598.1,5,101888941
44,LOC118238649,4,0.0424267998837149,NC_048597.1,4,95654479
44,LOC113830954,5,-0.0423301432100061,NC_048597.1,4,82929779
44,Pla2g2a,6,0.0420498792846551,NC_048595.1,2,14521849
44,Gipc1,7,-0.0396859233226728,NC_048596.1,3,160752372
44,Ttc14,8,-0.0394687381928926,NW_023276806.1,1,115653017
44,Spp1,9,0.0393984208329173,NW_023276807.1,1,166251805
44,Rbm3,10,-0.0386919878656249,NC_048604.1,X,114619721
44,Plat,11,0.0383262474746127,NW_023276807.1,1,60919542
44,Arfrp1,12,-0.0381011904152361,NC_048599.1,6,543248
44,Nol12,13,-0.0377093803081949,NC_048595.1,2,376045987
44,Ftl,14,0.0376419026711141,NC_048599.1,6,154365740
44,Jmjd7,15,-0.0374660012806793,NC_048599.1,6,58461962
44,Slc25a1,16,-0.0373722147323622,NC_048597.1,4,71355417
44,Rnf6,17,-0.0373514177184117,NC_048597.1,4,82125761
44,S100a5,18,-0.0369799189248408,NW_023276806.1,1,63934562
44,Efemp2,19,-0.036882188452238,NC_048596.1,3,53859690
44,LOC113837215,20,-0.0363917368505807,NC_048602.1,9,6574431
44,Echs1,21,-0.0363778262352774,NC_048596.1,3,60854946
44,Ankrd37,22,0.0362367180616662,NW_023276807.1,1,40567534
44,Slc25a11,23,-0.0357649259878249,NC_048600.1,7,84456376
44,Atpsckmt,24,-0.0357370789469193,NC_048595.1,2,361727822
44,Hspa5,25,0.0357354099375224,NC_048599.1,6,146492189
44,Phpt1,26,-0.0356191771119114,NC_048599.1,6,136924061
44,LOC113832529,27,0.0354600417275141,NW_023276806.1,1,232730529
44,Ccdc167,28,-0.0354553517033982,NW_023276806.1,1,258153147
44,Gmppb,29,-0.0353377817575698,NC_048597.1,4,216240930
44,LOC103160811,30,-0.0351511152465076,NC_048598.1,5,150794804
45,LOC107979116,1,0.0844572573757742,NW_023276807.1,1,12373553
45,LOC103164268,2,0.0841430220985425,NW_023276806.1,1,211857992
45,LOC118239505,3,0.0794349001085608,NW_023276806.1,1,24874016
45,Mir374,4,0.075754787253143,NC_048604.1,X,66940645
45,LOC103163417,5,0.0744321617181009,NW_023276806.1,1,70017907
45,LOC113834560,6,0.0726080274660743,NC_048601.1,8,73128461
45,LOC113831491,7,0.0700395367173024,NW_023276806.1,1,19541818
45,LOC107979474,8,0.0681598701275499,NC_048604.1,X,61701132
45,Arhgap25,9,0.0670529157087288,NC_048601.1,8,55762966
45,LOC113832261,10,0.065667704122582,NW_023276807.1,1,12400095
45,Plcxd3,11,0.0656170140824884,NC_048595.1,2,338379162
45,LOC107980208,12,0.0655398533101946,NW_023276806.1,1,207065388
45,LOC118239644,13,0.0654806648653948,NW_023276807.1,1,88637185
45,LOC103163458,14,0.0653089838815304,NC_048597.1,4,37150600
45,LOC107980247,15,0.0637832860758716,NC_048604.1,X,52847790
45,LOC113831299,16,0.0629082552278285,NW_023276806.1,1,24859892
45,LOC118238829,17,0.0623808951510011,NC_048598.1,5,47275984
45,LOC100763247,18,0.0614503951582376,NC_048600.1,7,87554580
45,LOC103160827,19,0.0610574638417376,NC_048598.1,5,24609621
45,LOC103164274,20,0.0605695926214267,NC_048597.1,4,47669981
45,LOC113837017,21,0.0603112522689278,NC_048601.1,8,74914017
45,Mirlet7c-2,22,0.0596645546143573,NC_048595.1,2,382521726
45,LOC103162212,23,0.0595192874616329,NC_048596.1,3,246780992
45,LOC118239359,24,0.058646725521844,NC_048603.1,10,25595906
45,LOC103160010,25,0.0573296847166741,NW_023276806.1,1,33620601
45,LOC113834517,26,0.0569642219984673,NC_048598.1,5,156242546
45,Marchf1,27,0.0556331379333607,NW_023276806.1,1,242873812
45,Eid3,28,0.0555142089615482,NW_023276806.1,1,152464862
45,LOC113833674,29,-0.055080760568333,NC_048595.1,2,164919581
45,LOC113837162,30,0.0547755263299137,NC_048601.1,8,82388222
45,LOC113833275,31,0.0537091614051951,NW_023276807.1,1,237081940
45,LOC107978216,32,0.0528333742941001,NC_048598.1,5,156261739
45,LOC113832343,33,0.0528122853083228,NW_023276807.1,1,162102326
45,LOC118239510,34,0.052752978842673,NW_023276806.1,1,151953537
45,LOC113836429,35,0.0518280923898484,NC_048599.1,6,88226904
45,LOC118238917,36,0.0512844996939971,NC_048598.1,5,82659263
45,LOC113837101,37,-0.0511081628055925,NC_048601.1,8,92636747
45,LOC113836926,38,0.0505469657159919,NC_048600.1,7,119125700
45,LOC113834422,39,0.0504030693671275,NC_048595.1,2,129720039
45,LOC113837758,40,0.0501268021430158,NC_048604.1,X,116358268
45,LOC113836416,41,0.0500012155710802,NC_048599.1,6,70902793
45,LOC113835169,42,0.0494873458545089,NC_048597.1,4,128822709
45,Mir3068,43,0.049333604154653,NC_048598.1,5,116364712
45,LOC107979269,44,0.0492563390647117,NC_048597.1,4,50094100
45,LOC100759383,45,0.0490940083908887,NC_048604.1,X,87651877
45,LOC118238766,46,0.0488584945748943,NC_048601.1,8,73166590
45,LOC118239506,47,0.0488512209363941,NW_023276806.1,1,24834643
45,LOC113834127,48,0.0481946573364862,NC_048595.1,2,348393711
45,LOC113833112,49,0.0480130223680434,NC_048595.1,2,413964466
45,LOC113835899,50,0.0477766384849265,NC_048598.1,5,45063138
45,LOC103160625,51,0.0476772791851575,NC_048597.1,4,224549928
45,LOC113832735,52,-0.0473547185168487,NW_023276807.1,1,230237845
45,Zbtb20,53,0.0471964902204276,NC_048597.1,4,46722164
45,LOC113839468,54,0.0471786724311374,NW_023276807.1,1,237088333
45,LOC113831587,55,0.0471053141541409,NW_023276806.1,1,25102530
45,LOC113833913,56,0.0468531607699748,NC_048595.1,2,22448121
45,LOC113837543,57,0.0468192085015846,NC_048604.1,X,76382834
45,LOC103161022,58,0.0467433351187256,NW_023276807.1,1,271257498
45,LOC103161398,59,0.0466585175220657,NW_023276807.1,1,265369409
45,LOC103161883,60,0.0464197303253699,NW_023276806.1,1,168945123
45,LOC113832495,61,0.0457735371037468,NW_023276806.1,1,231689051
45,LOC113832752,62,0.0455321760650262,NW_023276807.1,1,143653031
45,LOC103159201,63,0.0452854671077205,NW_023276806.1,1,117421075
45,LOC107977627,64,0.0451748210226486,NC_048603.1,10,20913172
45,LOC118239235,65,0.0447967374122014,NC_048601.1,8,6579773
45,LOC118239562,66,0.0447173384116427,NW_023276806.1,1,63125528
46,LOC118239328,1,0.807980624821485,NC_048602.1,9,20257477
46,LOC113830993,2,0.064663275357362,NC_048597.1,4,82671247
47,Ncl,1,-0.0355493814409673,NC_048595.1,2,438018225
47,LOC103161269,2,0.0350304874536881,NC_048603.1,10,15449844
47,Ddit4,3,0.0344059611554712,NW_023276807.1,1,1380280
47,Ppm1g,4,-0.0334588154667772,NC_048600.1,7,13168833
47,LOC103158861,5,0.0330029281094848,NC_048595.1,2,305895750
47,Dpm3,6,0.0325366717315804,NW_023276806.1,1,65285786
47,LOC100773172,7,0.031864521274621,NW_023276806.1,1,232312697
47,Atp6v1f,8,0.0313532953880498,NW_023276806.1,1,198350320
47,Elob,9,0.0310858563061091,NC_048600.1,7,43341502
47,Ier3,10,0.0310845485717879,NW_023276806.1,1,229728760
47,Pabpc1,11,-0.0309737787855109,NC_048603.1,10,14910163
47,Asah1,12,0.0309036907297882,NW_023276807.1,1,44480612
47,Ssrp1,13,-0.0303408472404836,NC_048599.1,6,90490267
47,Rnf10,14,-0.0299917594034306,NC_048597.1,4,94822308
47,LOC113837438,15,0.0297166514216189,NC_048603.1,10,16579761
47,Cks2,16,0.0296936480301467,NC_048596.1,3,270592891
47,Trim28,17,-0.029472207652272,NC_048602.1,9,25591853
47,Set,18,-0.0292389672492705,NC_048599.1,6,141730783
47,Chchd1,19,0.0291628684032147,NW_023276807.1,1,200279306
47,Fmc1,20,0.0290139607203074,NW_023276806.1,1,189623810
47,LOC100752010,21,0.0289716083917063,NC_048596.1,3,244948745
47,LOC113831473,22,0.0287967268642082,NC_048596.1,3,51369265
47,Fau,23,0.0287131894523453,NC_048596.1,3,53293257
47,Ubtf,24,-0.0282065355268686,NC_048600.1,7,115788203
47,Smc1a,25,-0.0281485377552839,NC_048604.1,X,107444647
47,Tkt,26,-0.0280632496478859,NW_023276807.1,1,189168603
47,Surf4,27,-0.0280556012843086,NC_048599.1,6,138602393
47,Commd6,28,0.0280252545528012,NW_023276807.1,1,253305842
47,LOC100751590,29,0.027934228009068,NC_048596.1,3,51217120
47,Adapt15,30,0.0278601853727432,NC_048597.1,4,198443174
47,Mcm7,31,-0.0278032032183144,NC_048597.1,4,116880176
47,Uba1,32,-0.0276629875173579,NC_048604.1,X,125470851
47,Hddc3,33,0.0276565496794643,NC_048596.1,3,117262761
47,LOC113836832,34,0.0276117555058998,NC_048600.1,7,76630662
47,LOC100764983,35,0.0275963638137574,NC_048595.1,2,58853404
47,Mcm3,36,-0.0275559158280321,NW_023276807.1,1,25168039
47,Borcs8,37,0.0274524244879426,NW_023276806.1,1,248816952
48,Fgfbp1,1,0.0688649162241877,NW_023276807.1,1,112611357
48,LOC113836194,2,-0.058406329735514,NC_048598.1,5,101957312
48,LOC118238703,3,0.0566761761506883,NC_048597.1,4,202320326
48,Mro,4,0.0536692239210855,NC_048595.1,2,165903460
48,LOC100768654,5,0.0515401183441137,NC_048596.1,3,40514744
48,LOC100766081,6,0.0510432116963391,NC_048597.1,4,45488253
48,LOC100754872,7,0.0504378227373788,NW_023276807.1,1,156999749
48,Casp4,8,-0.0500500962365033,NC_048597.1,4,120141959
48,Cnn1,9,0.048005470389434,NC_048597.1,4,134991814
48,LOC100759171,10,-0.0465617048033915,NC_048597.1,4,120111084
48,Angpt4,11,0.0460776252742082,NC_048599.1,6,28071763
48,LOC100758980,12,0.0456049252114638,NC_048596.1,3,99020414
48,LOC118239098,13,0.0447813231799063,NC_048599.1,6,1711900
48,LOC113832209,14,0.0444493915883305,NW_023276807.1,1,207297256
48,Mab21l3,15,-0.0444399698700332,NW_023276806.1,1,55126179
48,LOC103158925,16,0.0443340608984493,NC_048603.1,10,29669181
48,LOC113837712,17,-0.0440259836550749,NC_048604.1,X,64744168
48,LOC100760951,18,0.043007956428489,NW_023276806.1,1,63384679
48,Slc13a3,19,0.0427530527050688,NC_048599.1,6,13970055
48,Nt5c3b,20,0.0426707266459443,NC_048600.1,7,113489385
48,LOC103159353,21,-0.0422126529688771,NW_023276807.1,1,183092120
48,Fgf7,22,0.0422096959293369,NC_048599.1,6,52460845
48,LOC113832856,23,0.0419060960759988,NW_023276806.1,1,196749982
48,LOC118238559,24,0.0415921482913717,NC_048596.1,3,99303174
48,Spn,25,0.0413320060313606,NC_048596.1,3,73615356
48,Iyd,26,0.0404556766186726,NC_048595.1,2,281351422
48,LOC100755951,27,-0.0403327042090511,NC_048595.1,2,362966521
48,Slc9a3r2,28,0.0402395878379137,NC_048600.1,7,44227027
48,Cdh7,29,-0.040169554517804,NC_048598.1,5,80610758
48,CUNH10orf82,30,0.0397662989769434,NC_048596.1,3,2577498
48,LOC113833675,31,-0.0396263361355987,NC_048595.1,2,164920380
48,Mmp11,32,0.0384948824531512,NW_023276806.1,1,262690239
48,Tspan11,33,0.0382975430125666,NC_048601.1,8,18470499
48,LOC118238486,34,-0.0381457260785516,NC_048599.1,6,70240117
48,LOC113834367,35,-0.0380987038936933,NC_048595.1,2,243059962
48,LOC118239624,36,0.0380315442716552,NW_023276807.1,1,206853881
48,Col4a1,37,-0.0373343427905731,NW_023276807.1,1,69305537
48,LOC113835627,38,-0.0371340278329982,NC_048597.1,4,227219077
48,LOC103161500,39,-0.0370239795580195,NC_048600.1,7,23922319
48,LOC103164370,40,-0.0365896352792824,NC_048599.1,6,120541166
48,Them6,41,0.036412779810851,NC_048595.1,2,372382992
48,LOC100761082,42,0.0361249981262404,NW_023276806.1,1,230203354
48,Ccl1,43,0.0359757527173544,NC_048600.1,7,95611319
48,Gabrr3,44,0.0359402676142972,NC_048597.1,4,33063026
48,LOC118238347,45,0.0359261238234551,NC_048595.1,2,223846567
48,Cgnl1,46,0.0359196132150155,NC_048597.1,4,183139966
48,Slc25a23,47,0.0358559200856849,NC_048598.1,5,96500977
48,LOC103163538,48,0.0358045374512928,NC_048595.1,2,434378944
48,Itga9,49,0.0357197611740387,NC_048597.1,4,225679794
48,Lbh,50,0.0355093759384886,NC_048600.1,7,10666807
48,LOC103160221,51,0.0354870434710605,NW_023276807.1,1,186176741
48,Mirlet7f,52,-0.035406905143649,NC_048596.1,3,268320510
48,Jsrp1,53,0.0353881760442499,NC_048598.1,5,101591056
48,LOC118238412,54,-0.0353757983625914,NC_048595.1,2,380142285
48,LOC100751267,55,0.0352579171886864,NC_048600.1,7,119231082
48,Napsa,56,0.035228846662618,NC_048599.1,6,153442673
48,Nts,57,0.0351198294678517,NW_023276806.1,1,167735514
48,Fndc4,58,0.0349994346746235,NC_048600.1,7,13091798
48,LOC107980197,59,-0.0349284498373168,NC_048599.1,6,55363357
48,Prnd,60,0.0349268739230914,NC_048599.1,6,46641245
48,LOC118239651,61,-0.034760796042964,NW_023276807.1,1,114063268
48,Sulf2,62,0.0345617254230991,NC_048599.1,6,13266048
48,LOC103160685,63,0.0343064512914618,NC_048595.1,2,33717591
48,LOC118239268,64,0.0342602218416183,NC_048601.1,8,3415336
49,Asns,1,0.18103237852462,NW_023276806.1,1,217469648
49,Bgn,2,-0.146801909902579,NC_048604.1,X,2240956
49,Pirt,3,0.136370242984296,NC_048600.1,7,80795999
49,LOC100768165,4,0.106528010222889,NC_048604.1,X,44759034
49,LOC113833999,5,0.105249201041507,NC_048595.1,2,55147142
49,Aqp1,6,-0.0927749437168442,NC_048601.1,8,85972347
49,Iyd,7,-0.0912663676531411,NC_048595.1,2,281351422
49,LOC103163104,8,0.0895003901494233,NC_048597.1,4,15759960
49,LOC113836830,9,-0.0860954022701286,NC_048600.1,7,63459058
49,Trnay-gua_6,10,0.0779385388556019,NC_048596.1,3,244719286
49,Mmp3,11,0.0758410453188222,NC_048597.1,4,121905913
49,Cfap20dc,12,0.0708107552613677,NW_023276807.1,1,166837630
49,Ppfibp2,13,-0.0606634553907612,NC_048596.1,3,92491890
49,Zbtb32,14,-0.060629009586824,NC_048602.1,9,5239057
49,Sardh,15,0.0594759352375891,NC_048599.1,6,138868103
49,LOC113836160,16,-0.0593932053688278,NW_023276959.1,U,29026
49,LOC113833674,17,0.059198223373171,NC_048595.1,2,164919581
49,Il33,18,0.0579788560916894,NC_048596.1,3,31453917
49,LOC118239138,19,-0.0574618401601665,NC_048600.1,7,84353107
49,LOC113833802,20,0.0571532030618817,NC_048595.1,2,137909428
49,LOC113830993,21,-0.05619521511822,NC_048597.1,4,82671247
49,LOC113833114,22,0.0547290581589959,NC_048595.1,2,413955053
49,Gpr27,23,-0.054683344754068,NC_048601.1,8,44281172
49,LOC118239201,24,-0.0545910548513249,NC_048600.1,7,112012551
49,LOC113831885,25,-0.0542886733486499,NC_048596.1,3,102909405
49,Pdlim2,26,-0.0538550812032652,NW_023276807.1,1,224830303
49,Znf18,27,-0.0535454474421389,NC_048600.1,7,79714252
49,LOC103160608,28,-0.0533495088769559,NC_048595.1,2,60856654
50,Mmp2,1,0.0745590258177631,NC_048596.1,3,168543838
50,LOC113833747,2,-0.0691666426451459,NC_048595.1,2,562913
50,LOC107979337,3,0.0676473978091016,NW_023276807.1,1,155459065
50,LOC118239586,4,-0.0664549426331318,NW_023276806.1,1,113647762
50,LOC113834367,5,0.065058342514618,NC_048595.1,2,243059962
50,LOC113833686,6,-0.0599954063758376,NC_048598.1,5,31027949
50,Pecam1,7,0.056537555891791,NC_048600.1,7,119598591
50,LOC113835408,8,-0.0557517816267616,NC_048597.1,4,71016234
50,LOC113835076,9,-0.0536797685892932,NC_048596.1,3,270595910
50,LOC118238648,10,0.0531715704035459,NC_048597.1,4,94488462
50,Angptl8,11,0.050666403081728,NC_048597.1,4,134719565
50,LOC100762783,12,0.0490714145598338,NC_048604.1,X,2708748
50,LOC113837138,13,0.0488033208374485,NC_048601.1,8,15955316
50,LOC113835173,14,-0.0483523703221624,NC_048597.1,4,128824827
50,LOC113831892,15,-0.0481263484302218,NC_048597.1,4,151060449
51,LOC113833723,1,0.151562469467713,NC_048595.1,2,7781734
51,LOC103159011,2,-0.11577663263961,NW_023276869.1,U,56589
51,LOC100689270,3,-0.110105734846603,NC_048597.1,4,152448062
51,LOC113833698,4,-0.0990744474384734,NC_048598.1,5,31030858
51,LOC113831474,5,-0.0946423635179054,NC_048596.1,3,51368969
51,LOC113836320,6,0.0879693058716082,NC_048599.1,6,153119215
51,LOC113830844,7,-0.0768518120197956,NC_048599.1,6,138593728
51,LOC113833702,8,-0.076101919863541,NC_048598.1,5,31027683
51,Mir22,9,0.0747719086546887,NC_048600.1,7,88912691
51,LOC113833697,10,-0.0698135081691732,NC_048598.1,5,31029113
51,LOC118238272,11,-0.0691938685135883,NC_048595.1,2,750025
51,LOC113836437,12,0.066710333196883,NC_048599.1,6,34759821
51,LOC113831414,13,0.0666996754595655,NC_048596.1,3,203777420
51,Trnak-cuu_37,14,0.0660261569871912,NC_048597.1,4,199447115
51,LOC113836458,15,-0.0636368911142419,NC_048599.1,6,48333705
51,LOC118237936,16,0.062766237426394,NC_048599.1,6,121932804
51,LOC107977878,17,0.0612551399597472,NC_048596.1,3,51204479
51,LOC118238307,18,0.0609234485038589,NC_048595.1,2,58700576
51,LOC118239662,19,0.0602886520947302,NW_023276807.1,1,57950558
51,LOC113832320,20,-0.0591076789728108,NC_048599.1,6,21144717
51,LOC113832494,21,0.0580463091167024,NW_023276806.1,1,231484205
51,Mir6092,22,0.0573974888800781,NC_048600.1,7,133651933
51,LOC113832994,23,-0.0572828174979536,NC_048596.1,3,199783587
51,LOC107980197,24,0.0571351312885297,NC_048599.1,6,55363357
52,Bgn,1,0.094957262351331,NC_048604.1,X,2240956
52,LOC113834278,2,0.0868272327717966,NC_048595.1,2,257676462
52,LOC100755834,3,0.0866803738369291,NC_048603.1,10,21693509
52,LOC100750890,4,-0.0818259793678826,NC_048596.1,3,17267051
52,Mpp6,5,-0.0807131174341554,NC_048601.1,8,91138278
52,Col3a1,6,-0.078250000631262,NC_048595.1,2,401902840
52,Aebp1,7,0.077289699852092,NW_023276807.1,1,98964121
52,Cnrip1,8,-0.0769469145742418,NW_023276807.1,1,89176350
52,Cadm1,9,0.0763450815890108,NC_048597.1,4,159295673
52,LOC100766583,10,0.0749502246961373,NC_048599.1,6,30149206
52,LOC103163886,11,-0.0737808974206025,NC_048597.1,4,228827490
52,LOC113833950,12,0.0726191866009124,NC_048595.1,2,361378525
52,Btg3,13,-0.0725810411469576,NC_048597.1,4,17037629
52,LOC100769497,14,-0.0716363336136139,NW_023276807.1,1,29878486
52,LOC103160641,15,0.0715459957893568,NC_048595.1,2,321008432
52,LOC113836802,16,0.0704214163399757,NC_048600.1,7,75140605
52,LOC103159228,17,0.0702991506997178,NW_023276807.1,1,241205630
52,Rcn2,18,-0.0699407689814018,NC_048597.1,4,167551140
52,LOC118237777,19,0.068934203131441,NC_048597.1,4,146344020
52,Kdelr3,20,-0.0670042973555904,NC_048595.1,2,376685607
52,LOC107980378,21,0.0669448319158193,NC_048600.1,7,87538664
52,LOC103160599,22,-0.0661966987610131,NC_048604.1,X,110671215
52,Dcn,23,-0.0660693470106198,NW_023276806.1,1,163323235
52,Ckmt1b,24,0.0654885061590186,NC_048599.1,6,57059530
52,Col6a2,25,0.063595708097178,NW_023276806.1,1,262111617
52,Mtss1,26,-0.0620967207846133,NC_048603.1,10,28555128
52,Col4a2,27,0.061519930223884,NW_023276807.1,1,69167130
52,LOC103162856,28,0.0612989903119911,NC_048595.1,2,257629291
52,Kitlg,29,-0.0607479541619048,NW_023276806.1,1,165661409
52,Uck1,30,-0.0605968414129065,NC_048599.1,6,143986805
52,Ctps2,31,-0.0605411138281139,NC_048604.1,X,97803321
52,LOC100757158,32,-0.0605315557560055,NC_048596.1,3,72785822
52,Lgalsl,33,-0.0603984054008061,NW_023276807.1,1,85697326
52,Tes,34,-0.0602369883712038,NW_023276806.1,1,209445347
52,Nrn1,35,0.0592873057614391,NC_048596.1,3,256435226
52,LOC103162162,36,0.0590574820206684,NC_048596.1,3,21643694
52,LOC100753467,37,0.0581405170662714,NW_023276807.1,1,24692698
52,Noxa1,38,-0.0577731330453516,NC_048599.1,6,136436144
53,LOC118238412,1,0.0973955318732188,NC_048595.1,2,380142285
53,LOC107977973,2,0.0942342439412359,NW_023276807.1,1,210998763
53,Ppt1,3,-0.0857560835488865,NC_048595.1,2,30136467
53,Plcz1,4,0.0851577956504376,NC_048601.1,8,9128095
53,Cda,5,0.0713593722597309,NC_048595.1,2,14988198
53,Col3a1,6,-0.0672375559123829,NC_048595.1,2,401902840
53,Eva1b,7,-0.0635600907525757,NC_048595.1,2,26895601
53,Aqp1,8,0.0614748048872391,NC_048601.1,8,85972347
53,LOC113834849,9,0.0607160095243976,NC_048596.1,3,17438525
53,Sinhcaf,10,-0.0603351733288332,NC_048601.1,8,781690
53,Bmp5,11,0.0600424735787436,NC_048597.1,4,186986138
53,LOC113835715,12,0.0596938279174598,NC_048598.1,5,148211787
54,Trib3,1,0.116838174572361,NC_048599.1,6,27711275
54,Sesn2,2,0.0935687176151304,NC_048595.1,2,20752768
54,Slc6a9,3,0.0931660284649012,NC_048595.1,2,34454503
54,Asns,4,0.091469416494532,NW_023276806.1,1,217469648
54,Atf5,5,0.0821682436124567,NC_048599.1,6,153650222
54,Ddit3,6,0.0820726903412108,NW_023276806.1,1,130431820
54,Ddit4,7,0.0813072319450385,NW_023276807.1,1,1380280
54,Atf4,8,0.0758730103510396,NC_048595.1,2,377418858
54,Chac1,9,0.0750240511280751,NC_048599.1,6,59125230
54,Gadd45a,10,0.0734745146633927,NC_048601.1,8,76186851
54,Pycr1,11,0.071334540764133,NC_048600.1,7,133133491
54,Gpt2,12,0.0709254689280279,NC_048596.1,3,161188540
54,Stc2,13,0.0667211156025389,NC_048600.1,7,46881278
54,Atf3,14,0.0646904588485962,NC_048598.1,5,3849952
54,Yars1,15,0.0625110429248134,NC_048595.1,2,23808577
54,Pck2,16,0.062466939028875,NW_023276807.1,1,210746437
54,LOC103161105,17,0.0615990427549974,NC_048599.1,6,27672518
54,Nnmt,18,0.0615326366621014,NC_048597.1,4,160373069
54,Psat1,19,0.0613713012140098,NC_048596.1,3,45146015
54,Mthfd2,20,0.0599221920515368,NC_048601.1,8,74800988
54,Gtpbp2,21,0.0595995684516464,NW_023276963.1,U,27543
54,Camlg,22,0.0589971487805095,NC_048596.1,3,274599581
54,LOC113834382,23,0.0578487406899534,NC_048595.1,2,97057080
54,Herpud1,24,0.0556785263437106,NC_048596.1,3,170619322
54,Aars1,25,0.0556116751064817,NC_048596.1,3,187438923
54,Slc3a2,26,0.0521835030638539,NC_048596.1,3,51382394
54,LOC113834136,27,-0.0513591515220355,NC_048595.1,2,337472855
54,Il33,28,-0.0512744987835898,NC_048596.1,3,31453917
54,Iars1,29,0.0512093882291148,NC_048596.1,3,269491778
54,Slc7a5,30,0.0511684353145656,NC_048596.1,3,198521908
54,Gars1,31,0.0507666441727229,NC_048601.1,8,86246888
54,LOC100772859,32,0.0506036912314432,NC_048598.1,5,119790519
54,Cars1,33,0.0499106117291985,NC_048596.1,3,57765607
54,Slc1a5,34,0.0496746580899308,NC_048602.1,9,11414896
54,Mir450b,35,-0.0477962458056295,NC_048604.1,X,16982281
54,Niban1,36,0.0474678374138031,NC_048598.1,5,39864252
54,Slc7a1,37,0.0474091619405991,NC_048597.1,4,84176465
54,Zswim3,38,0.0453199365931194,NC_048599.1,6,14604060
54,Sars1,39,0.0447330128886151,NW_023276806.1,1,48667355
54,Ppp1r15a,40,0.0443682442567617,NC_048599.1,6,154425451
54,Tars1,41,0.0442981881069729,NC_048595.1,2,344513912
54,Nupr1,42,0.0440867122230855,NC_048596.1,3,74156692
54,Psph,43,0.0440117974253317,NC_048597.1,4,109091500
54,Eif4ebp1,44,0.0439451278686725,NW_023276807.1,1,56578580
54,Abhd6,45,0.0437284908832183,NW_023276807.1,1,75944043
54,Slc7a7,46,0.0429770485232993,NW_023276807.1,1,209595296
54,Slc1a4,47,0.0428696628481699,NW_023276807.1,1,86163408
54,LOC118238565,48,0.042716052114626,NC_048596.1,3,107134239
54,Hspa8,49,-0.0419270162580509,NC_048597.1,4,152445390
54,Cerk,50,0.0418678989597459,NC_048595.1,2,382951754
54,Adapt15,51,0.0415979584303167,NC_048597.1,4,198443174
54,Mir27a,52,-0.0411873935547963,NC_048596.1,3,160211444
54,Xpot,53,0.0408914156092604,NW_023276806.1,1,135260065
54,LOC118239039,54,0.0395990603785978,NC_048599.1,6,73936008
54,LOC100750542,55,0.0394490164904754,NC_048595.1,2,5738718
54,Shmt2,56,0.0393548533930523,NW_023276806.1,1,130227455
54,Nars1,57,0.0391996524475704,NC_048595.1,2,174729846
54,Lars1,58,0.0385459317200482,NC_048595.1,2,195652396
54,LOC113833112,59,0.0384955358700148,NC_048595.1,2,413964466
54,LOC113837180,60,0.0383671640053522,NC_048602.1,9,3440360
54,Mknk1,61,0.0382598164471998,NC_048595.1,2,36460106
54,Chst12,62,-0.0379373637549805,NC_048597.1,4,77128860
54,Mir23a,63,-0.0376567381383694,NC_048596.1,3,160211611
55,Mir652,1,0.0774516219913726,NC_048604.1,X,37839815
55,LOC100760278,2,0.0753383794549845,NC_048604.1,X,108842799
55,LOC113830871,3,0.0708293208103118,NC_048595.1,2,6904447
55,LOC118238625,4,0.0687803453115032,NC_048596.1,3,282054384
55,LOC113837062,5,0.0669393643972832,NC_048601.1,8,29046719
55,Ccny_1,6,0.0620874298797888,NW_023276960.1,U,2076
55,LOC103160404,7,0.0593581509404404,NC_048599.1,6,65764902
55,LOC113835566,8,0.0565627281625561,NC_048597.1,4,175721080
55,LOC113832494,9,-0.0552924690644659,NW_023276806.1,1,231484205
55,LOC113832500,10,-0.0504220883701985,NW_023276806.1,1,231483722
55,LOC103159629,11,-0.049639554103369,NC_048596.1,3,59020213
55,LOC113833454,12,0.0491303300594853,NW_023276806.1,1,5476301
55,LOC113836326,13,-0.0490046687156038,NC_048599.1,6,154014071
55,LOC113833675,14,-0.0487665344101678,NC_048595.1,2,164920380
55,LOC113833686,15,-0.0467540371677423,NC_048598.1,5,31027949
55,LOC100689270,16,-0.0458508526616745,NC_048597.1,4,152448062
55,LOC100765692,17,-0.0456419992164,NW_023276807.1,1,121557743
55,LOC113836435,18,0.0453755056635411,NC_048599.1,6,23423856
55,LOC113836037,19,0.0453065741827053,NC_048598.1,5,127004422
55,LOC113831475,20,-0.0443446101168919,NC_048596.1,3,51370433
55,LOC113836434,21,0.0436172932888985,NC_048599.1,6,48335094
55,Ndufb4,22,0.0435669229797396,NC_048597.1,4,52411325
55,LOC113833691,23,-0.0434584856751232,NC_048598.1,5,31028359
55,LOC113833456,24,0.0431856976259681,NW_023276806.1,1,5477281
55,LOC100765207,25,0.0423010672520842,NC_048596.1,3,19801036
55,LOC100772980,26,0.0417484057667588,NC_048595.1,2,315134868
55,Mir25,27,-0.0395735556796451,NC_048597.1,4,116886837
55,LOC103160417,28,-0.0392360559205993,NW_023276806.1,1,231482965
55,LOC113834714,29,0.0389811918410735,NC_048596.1,3,187238786
55,LOC100768885,30,0.0385313811937247,NC_048600.1,7,53101252
55,LOC113836730,31,-0.0382380948464303,NC_048600.1,7,2670245
55,LOC100769978,32,-0.0381277633609697,NC_048599.1,6,39084743
55,LOC113832597,33,-0.0380682549617803,NW_023276807.1,1,188694791
55,LOC113833702,34,-0.0374459935370495,NC_048598.1,5,31027683
55,Chtf8,35,0.0366167287523789,NC_048596.1,3,183201258
55,LOC100774773,36,0.0360471745753575,NW_023276807.1,1,100199801
55,LOC100769162,37,0.0358527574297803,NC_048595.1,2,395816863
55,LOC113831372,38,-0.0355307079387682,NC_048600.1,7,91574932
55,LOC113832600,39,-0.0352485578165366,NW_023276807.1,1,188693934
55,LOC113836734,40,-0.0350594905440768,NC_048600.1,7,2669609
55,LOC103159882,41,-0.0350143275720419,NC_048600.1,7,106887136
55,Ndufa6,42,0.0349648429027793,NC_048595.1,2,379498661
55,LOC100765930,43,0.0345954209356216,NC_048599.1,6,78226115
55,LOC100754445,44,0.0342617481899178,NC_048597.1,4,189179649
55,LOC113832320,45,-0.0340560319625295,NC_048599.1,6,21144717
55,LOC113832603,46,0.0332682568669115,NW_023276807.1,1,62391068
55,LOC113836665,47,0.0331873604012983,NC_048600.1,7,44306405
55,Rpl4_1,48,0.0329799237453587,NW_023276855.1,U,23373
55,Rn45s,49,-0.032936799327085,NC_048600.1,7,134357488
55,Rpa3,50,-0.0327263778305981,NW_023276806.1,1,216933464
55,Ppdpf,51,0.0327255109489189,NC_048599.1,6,714749
55,Scand1,52,-0.0326893227783195,NC_048599.1,6,23288496
55,LOC100762070,53,0.032650321253872,NC_048604.1,X,77492226
55,LOC113839000,54,-0.0326209906262603,NW_023276990.1,U,44672
55,LOC118238844,55,-0.0324502906001732,NC_048598.1,5,178126388
56,LOC113831373,1,0.0640528416523826,NC_048600.1,7,91572803
56,Fabp4,2,-0.0598924318373652,NC_048595.1,2,137723467
56,LOC113835350,3,0.0567423934215762,NC_048597.1,4,66620229
56,Trnap-agg_1,4,0.055373438771637,NW_023276806.1,1,198432447
56,LOC113832785,5,0.0547959620166178,NW_023276807.1,1,32613906
56,LOC118237931,6,-0.0546129154577199,NC_048596.1,3,53549694
56,LOC113836427,7,-0.0517331950688683,NC_048599.1,6,85867528
56,LOC107979337,8,0.050790801977601,NW_023276807.1,1,155459065
56,LOC118238272,9,-0.0502359795459694,NC_048595.1,2,750025
56,LOC113839000,10,-0.050157765108281,NW_023276990.1,U,44672
56,LOC118238625,11,0.049049692702417,NC_048596.1,3,282054384
56,LOC113836505,12,0.0484232707806676,NC_048599.1,6,12379027
56,LOC100754734,13,-0.047620324575677,NC_048595.1,2,122749746
56,LOC103161381,14,-0.0475660658949113,NC_048595.1,2,458649047
56,LOC113836317,15,0.047275901048032,NC_048599.1,6,154010325
56,Ldha,16,0.0469238591556461,NC_048596.1,3,145001207
56,LOC113837101,17,-0.0458332563998069,NC_048601.1,8,92636747
56,LOC113835176,18,-0.0453604047769232,NC_048597.1,4,206802650
56,Mir484,19,0.045356812018859,NW_023276807.1,1,75332547
56,Rn5-8s,20,-0.0453507758739646,NW_023276990.1,U,11530
56,Mir1973,21,-0.0447334199420451,NC_048603.1,10,16495623
56,LOC113832033,22,-0.0439365168571957,NC_048603.1,10,28717688
56,Mbp,23,-0.0435222287594897,NC_048595.1,2,232977503
56,LOC103159589,24,0.0434768062524208,NC_048598.1,5,108127973
56,Map1a,25,-0.0433504653643813,NC_048599.1,6,57111034
56,LOC118239562,26,-0.0430778007181389,NW_023276806.1,1,63125528
56,Hyal1,27,-0.042453969486119,NC_048597.1,4,215758953
56,LOC118238646,28,-0.0422856478370586,NC_048597.1,4,89987836
56,Lama3,29,-0.0419838269199831,NC_048595.1,2,223754012
56,LOC100760951,30,0.0419759524176872,NW_023276806.1,1,63384679
56,LOC118238549,31,0.0417513763935405,NC_048596.1,3,73530707
56,Trnav-aac,32,0.0413359631319523,NW_023276806.1,1,119244042
56,LOC113831617,33,0.0407198559395565,NC_048600.1,7,133169334
56,Hivep3,34,-0.040341829599926,NC_048595.1,2,32047823
56,S100a16,35,-0.0403072986962081,NW_023276806.1,1,64009793
56,LOC113832678,36,0.0401462333670124,NW_023276807.1,1,228839421
56,LOC103162302,37,0.0400403597225973,NC_048596.1,3,163676308
56,LOC100763247,38,0.0398094085345482,NC_048600.1,7,87554580
56,LOC107980378,39,-0.0397453832459578,NC_048600.1,7,87538664
56,Pcdh15,40,-0.0397156727934607,NW_023276806.1,1,263783110
56,LOC113838319,41,-0.0391809635665614,NC_048601.1,8,59606168
56,LOC107978006,42,0.038933395810689,NC_048596.1,3,183913725
56,LOC113833142,43,-0.0388815380135932,NW_023276806.1,1,68281497
56,LOC113831734,44,0.0385569387194125,NC_048595.1,2,395006656
57,Slc7a11,1,0.109221797301087,NW_023276806.1,1,100993187
57,LOC100753467,2,0.0992839751935572,NW_023276807.1,1,24692698
57,LOC100757262,3,0.0873263305819308,NW_023276806.1,1,193536960
57,Akr1b8,4,0.0795765858935725,NW_023276806.1,1,193587750
57,Ephx1,5,0.0663078507652789,NC_048598.1,5,13314073
57,Mir22,6,0.0660986088663685,NC_048600.1,7,88912691
57,Osgin1,7,0.0649423747579344,NC_048596.1,3,196071852
57,Nqo1,8,0.061989838443009,NC_048596.1,3,183701484
57,Prdx1,9,0.0619048990521475,NC_048595.1,2,35700206
57,Hmox1,10,0.0579857724905742,NC_048596.1,3,150860756
57,Gstp1,11,0.0574529119314161,NC_048596.1,3,55201459
57,LOC113833620,12,0.0562332532963116,NC_048595.1,2,436721660
57,LOC113834954,13,0.0552203524245133,NC_048596.1,3,60510251
57,LOC113830843,14,-0.0538496896296883,NC_048599.1,6,138595293
57,Fmo4,15,0.0524169458539339,NC_048598.1,5,29329692
57,Gclm,16,0.0524060852134346,NW_023276806.1,1,36250938
57,LOC113836439,17,-0.0521697788271694,NC_048599.1,6,48335963
57,LOC118239514,18,0.0520701996577806,NW_023276806.1,1,193612036
57,LOC113833455,19,0.0506945063297253,NW_023276806.1,1,5475878
57,Slc1a4,20,0.0495997364459571,NW_023276807.1,1,86163408
57,Slc40a1,21,0.0482468528248541,NC_048595.1,2,402438982
57,Slc11a1,22,0.0482407635707997,NC_048595.1,2,427625283
57,Txnrd1,23,0.0460418505463099,NW_023276806.1,1,152440231
57,LOC118238393,24,0.0458416591079611,NC_048595.1,2,337469715
57,LOC113835168,25,-0.045840976689753,NC_048597.1,4,128821778
57,LOC107980209,26,0.0449253989001818,NC_048597.1,4,5086042
57,Tfrc,27,-0.044883084042777,NC_048597.1,4,56929493
57,F2rl2,28,0.0435551191200966,NC_048595.1,2,314376411
57,LOC100761504,29,0.0435282570423323,NC_048600.1,7,48301738
57,Col3a1,30,-0.0427611872526338,NC_048595.1,2,401902840
57,LOC103163886,31,0.0423491690458493,NC_048597.1,4,228827490
57,LOC100762200,32,0.0422910428329629,NC_048598.1,5,155512699
57,Slc6a9,33,0.0421632544659659,NC_048595.1,2,34454503
57,LOC118238469,34,0.0411586375005884,NC_048596.1,3,231144610
57,Pir,35,0.0409992973549077,NC_048604.1,X,99328349
57,LOC113831753,36,0.0403839350119663,NW_023276806.1,1,221175579
57,LOC113836317,37,0.0397018957432556,NC_048599.1,6,154010325
57,LOC113834366,38,0.0396791192425422,NC_048595.1,2,243059571
57,LOC107980199,39,0.0395157730266915,NW_023276806.1,1,12654586
57,Esd,40,0.0394934854168412,NW_023276807.1,1,229142957
57,LOC103158689,41,0.0391331699979137,NC_048595.1,2,402376782
57,Ngf,42,0.0389075280626239,NW_023276806.1,1,54426746
57,Adam8,43,-0.0387177586395863,NC_048596.1,3,60960076
57,LOC113832308,44,-0.0383131796976255,NW_023276807.1,1,99861494
57,LOC103164066,45,0.0380361038689124,NC_048596.1,3,136281948
57,Slc48a1,46,0.0379136430440301,NC_048595.1,2,394283308
57,G6pd,47,0.0377612250086943,NC_048604.1,X,1293500
57,LOC113836835,48,0.0376936992675084,NC_048600.1,7,69664305
57,LOC113835524,49,0.0375717564869479,NC_048597.1,4,215753543
57,Cat,50,0.0374933096616892,NC_048599.1,6,74157675
57,Trnan-guu_11,51,0.0373952367377035,NC_048597.1,4,85037390
57,LOC113836616,52,0.0372815668506189,NC_048600.1,7,26444694
57,LOC113832497,53,0.0372157490860645,NW_023276806.1,1,231770565
57,Srxn1,54,0.0370750850591307,NC_048599.1,6,27913291
57,LOC100755423,55,0.0370259863461398,NC_048595.1,2,439658294
57,Abcb6,56,0.0370018784783775,NC_048595.1,2,428329131
57,LOC113835625,57,-0.0369645457478445,NC_048597.1,4,227219640
58,Procr,1,0.124833973253685,NC_048599.1,6,23857887
58,LOC103164370,2,0.119865883837616,NC_048599.1,6,120541166
58,LOC100771838,3,0.113935974932474,NC_048595.1,2,397845831
58,LOC103158736,4,-0.0954629572626453,NC_048595.1,2,407595948
58,Cd36,5,-0.0850500875596709,NW_023276806.1,1,176252535
58,Fam13c,6,0.0837515161892934,NW_023276806.1,1,267180234
58,LOC113833455,7,0.0815160250553241,NW_023276806.1,1,5475878
58,LOC113836601,8,0.0787259396450838,NC_048600.1,7,23934809
58,Pfkp,9,0.0768648221499085,NC_048596.1,3,231220995
58,LOC103161500,10,0.0741684012656606,NC_048600.1,7,23922319
58,Cxcl3,11,0.0736198229361137,NW_023276807.1,1,155559516
58,LOC118239130,12,0.0729747952043056,NC_048600.1,7,134321011
58,LOC113832856,13,-0.0706480849704435,NW_023276806.1,1,196749982
58,Adgrl2,14,-0.0668337894120781,NW_023276806.1,1,10244010
58,Znf248,15,-0.0658014034335194,NC_048601.1,8,26442150
58,Ppfibp2,16,-0.064956920763916,NC_048596.1,3,92491890
58,Trnas-aga_1,17,-0.063345037359811,NC_048596.1,3,244259519
58,Selenbp1,18,0.0629690196844817,NW_023276806.1,1,61565353
58,LOC100763261,19,0.0609859892297034,NC_048600.1,7,95480383
58,LOC100757534,20,-0.0603404587191506,NC_048596.1,3,55182398
58,LOC103159033,21,-0.0599322649056099,NC_048603.1,10,31517215
58,Sulf2,22,0.0591269696258201,NC_048599.1,6,13266048
58,Dok5,23,-0.0583585405780578,NC_048599.1,6,8452967
58,Spn,24,0.057496838367083,NC_048596.1,3,73615356
58,LOC100768165,25,0.0550813379963179,NC_048604.1,X,44759034
58,Thbs1,26,0.0544176268269205,NC_048599.1,6,60390487
58,LOC103158561,27,0.0542388611401311,NC_048595.1,2,9552891
58,Mir147,28,-0.0538643216272844,NC_048599.1,6,55885113
58,LOC103159579,29,0.0533944946014889,NC_048595.1,2,455547684
58,Ankrd30a,30,-0.0528951499853581,NC_048601.1,8,26352268
58,Ndrg1,31,0.052116933701801,NC_048603.1,10,21641732
58,Tle1,32,0.050465550668513,NC_048595.1,2,74297649
58,Ldhd,33,0.0499538725265565,NC_048596.1,3,188050546
58,C1qtnf1,34,0.0497239243682974,NC_048600.1,7,130975192
58,LOC100763833,35,0.049403467178784,NC_048600.1,7,95468788
58,Sinhcaf,36,0.049021440031469,NC_048601.1,8,781690
58,LOC113833004,37,-0.0487278118184703,NC_048595.1,2,35212055
58,Trnan-guu_6,38,-0.0486841478346041,NW_023276806.1,1,60172589
58,Trnar-ucg_2,39,-0.0484013535776506,NC_048596.1,3,244798527
58,LOC103158756,40,0.0478874984382706,NC_048599.1,6,21482173
58,Mir29b,41,-0.0477925164270979,NW_023276806.1,1,196815409
58,Trnas-aga_3,42,-0.045731325688967,NC_048596.1,3,244275365
58,LOC113830878,43,0.0453972575314857,NC_048601.1,8,2348886
58,Rarres2,44,0.0453817711753644,NC_048601.1,8,98691581
58,Cdsn,45,0.0440383981756881,NW_023276806.1,1,229493901
58,Tpgs2,46,-0.0436146896869793,NC_048595.1,2,211969436
58,Ctnna2,47,-0.0436011546297671,NC_048601.1,8,68436331
59,LOC113836458,1,0.110229401469941,NC_048599.1,6,48333705
59,LOC118239683,2,-0.104529865997083,NW_023276807.1,1,214981872
59,Zfyve21,3,0.0967394207394019,NC_048598.1,5,182210063
59,Trnal-cag_4,4,0.0910105109228146,NC_048598.1,5,21758568
59,LOC113836322,5,-0.0788952481430891,NC_048599.1,6,153119535
59,LOC113834933,6,0.0768505018253946,NC_048596.1,3,273578284
59,LOC113836920,7,0.0726427362337553,NC_048600.1,7,119454319
59,LOC113833921,8,0.0719611361109146,NC_048595.1,2,29710363
59,LOC113836572,9,-0.0688653475871922,NC_048600.1,7,110927294
59,Mir1285,10,-0.067576994412049,NC_048601.1,8,88579162
59,LOC113831553,11,0.0643172984224424,NC_048596.1,3,57846412
59,LOC113834041,12,-0.0638884498091764,NC_048595.1,2,201951601
59,LOC113835267,13,0.0615421385014364,NC_048597.1,4,133761196
59,LOC113835168,14,-0.0610711195603737,NC_048597.1,4,128821778
59,LOC113831373,15,0.0598975984847847,NC_048600.1,7,91572803
59,B3gnt4,16,0.0598583061095468,NC_048597.1,4,103273319
59,LOC113832495,17,-0.059504388742136,NW_023276806.1,1,231689051
59,Mirlet7d,18,0.0591475096945732,NC_048596.1,3,268318775
59,Trnak-cuu_32,19,0.058934085588453,NC_048596.1,3,274485149
59,LOC113831079,20,0.0570754586504449,NC_048599.1,6,139224351
60,Plekhm1,1,-0.0764542447694526,NC_048600.1,7,114739632
60,Nrg4,2,0.0758755934375104,NC_048597.1,4,166833081
60,Dlx4,3,-0.0716364099073861,NC_048600.1,7,108316391
60,Serpinf1,4,-0.0655665350299548,NC_048600.1,7,88859911
60,Cd36,5,0.0595358595308646,NW_023276806.1,1,176252535
60,LOC103163127,6,0.0571337536789335,NC_048598.1,5,141292337
60,Sulf2,7,-0.0558598679812042,NC_048599.1,6,13266048
60,Ncam1,8,-0.0556600500773776,NC_048597.1,4,161286778
60,Epb41,9,-0.0548339359346417,NC_048595.1,2,21189391
60,LOC100763833,10,-0.0538098634051324,NC_048600.1,7,95468788
60,LOC100752904,11,0.052675726661372,NC_048596.1,3,244997651
60,She,12,0.0522517750584954,NW_023276806.1,1,64711483
60,Lat,13,-0.0509116687942331,NC_048596.1,3,74439297
60,Dok5,14,-0.0506533950981365,NC_048599.1,6,8452967
60,LOC118238393,15,-0.0505418025051189,NC_048595.1,2,337469715
60,Csrp2,16,-0.0500564945666723,NW_023276806.1,1,144571595
60,LOC100752010,17,0.0492486758340612,NC_048596.1,3,244948745
60,Id3,18,0.0470999764392873,NC_048595.1,2,17164510
60,Cxcl3,19,-0.04663589210434,NW_023276807.1,1,155559516
60,Rhou,20,-0.046283426021362,NC_048596.1,3,200336398
60,Vangl2,21,-0.0461966280153689,NC_048598.1,5,20830877
60,LOC118239586,22,0.0457400758882078,NW_023276806.1,1,113647762
60,LOC118238818,23,-0.0454998347937729,NC_048598.1,5,2975757
60,Tnfrsf9,24,-0.0449397611671379,NC_048595.1,2,5449338
60,Prnp,25,0.0448832734207835,NC_048599.1,6,46663955
60,Arhgap32,26,-0.0447491134612822,NC_048597.1,4,144433882
60,Ctsh,27,-0.0446461576688473,NC_048597.1,4,199386001
60,Fabp4,28,0.0446184951026224,NC_048595.1,2,137723467
60,Tdgf1,29,-0.0442938314245024,NC_048597.1,4,218431369
60,Sphk1,30,-0.042961013302723,NC_048600.1,7,129110436
61,LOC118239129,1,0.158488685196221,NC_048600.1,7,134318528
61,Fabp4,2,0.111082404704072,NC_048595.1,2,137723467
61,LOC113835640,3,0.0978059341360562,NC_048597.1,4,4374407
61,LOC118239493,4,0.0941753277727158,NW_023276806.1,1,221664047
61,Serpinf1,5,-0.0757264946029849,NC_048600.1,7,88859911
61,LOC113833723,6,0.0747386913836358,NC_048595.1,2,7781734
61,S100a16,7,-0.068693045343164,NW_023276806.1,1,64009793
61,Fn3k,8,0.0662762779696439,NC_048600.1,7,133886710
61,LOC113834737,9,0.0647251721642825,NC_048596.1,3,25282113
61,LOC118238536,10,0.0637069068444672,NC_048596.1,3,42864803
61,LOC103161182,11,0.0625954403648355,NW_023276807.1,1,101819380
61,Ptprt,12,0.0615138422088195,NC_048599.1,6,17127641
61,LOC118238818,13,0.0593744088240773,NC_048598.1,5,2975757
61,LOC107979929,14,0.0579464400643747,NW_023276806.1,1,45636937
62,LOC113837470,1,0.132471576068371,NC_048603.1,10,21821553
62,Pon2,2,0.126390713156384,NW_023276806.1,1,219556027
62,Spn,3,-0.117756783215956,NC_048596.1,3,73615356
62,LOC103163470,4,0.10613889784306,NW_023276807.1,1,90876883
62,Cldn15,5,0.104210261501386,NC_048597.1,4,115910985
62,Tacc1,6,0.0987322280066704,NW_023276807.1,1,58535104
62,Nppb,7,-0.0924312049297397,NC_048595.1,2,8480530
62,Spp1,8,0.0910984589328513,NW_023276807.1,1,166251805
62,Pstpip1,9,0.08159571056881,NC_048597.1,4,167621945
62,LOC103158729,10,0.080896353509818,NC_048595.1,2,393453267
62,Aqp1,11,0.0794137703183762,NC_048601.1,8,85972347
62,Tlr3,12,0.0746165899528454,NW_023276807.1,1,41075533
62,LOC113836458,13,-0.074401742589193,NC_048599.1,6,48333705
62,Hvcn1,14,0.0729783047471384,NC_048597.1,4,102038256
62,Ccbe1,15,0.0712796715307061,NC_048595.1,2,173042610
62,LOC100757805,16,-0.0684810660766434,NC_048604.1,X,63908126
62,LOC100752430,17,-0.0595336852989626,NW_023276806.1,1,148105385
62,LOC103162998,18,-0.0591132801037497,NC_048595.1,2,232799076
62,Trnak-uuu_4,19,0.0578997921303951,NC_048596.1,3,243514929
62,Kctd15,20,-0.0576634155007482,NC_048602.1,9,3862141
62,LOC113832704,21,-0.0575311040339304,NW_023276807.1,1,210781064
62,LOC118239149,22,0.0572878464151121,NC_048600.1,7,10764859
62,LOC113834251,23,-0.0569382688155204,NC_048595.1,2,278633964
62,Ptgs2,24,-0.0549970239628839,NC_048598.1,5,41410101
62,LOC113837721,25,0.0537174887825991,NC_048604.1,X,44476423
62,LOC113831374,26,-0.0535221398756691,NC_048600.1,7,91573215
62,LOC118238398,27,0.0531060376600299,NC_048595.1,2,348527933
62,Creg1,28,0.0521139457650469,NC_048598.1,5,26700444
63,LOC113831042,1,0.111215722925,NC_048598.1,5,149697763
63,Trnag-ucc_4,2,0.110827447275637,NC_048598.1,5,21785637
63,Trnak-cuu_1,3,0.0985436038694542,NW_023276806.1,1,224915168
63,LOC113837917,4,0.0962863207453733,NW_023277109.1,U,18750
63,Trnak-cuu_39,5,0.0937881345086122,NC_048598.1,5,19111412
63,LOC113831966,6,0.0917816618014677,NW_023277109.1,U,4449
63,LOC113831655,7,0.0729521953129545,NC_048599.1,6,138030702
63,LOC113832752,8,-0.072764514327652,NW_023276807.1,1,143653031
63,LOC113833231,9,0.0707084899325385,NW_023276806.1,1,60349878
63,LOC113835720,10,-0.0689386747851089,NC_048598.1,5,147588665
63,LOC113835607,11,0.0686155223794069,NC_048600.1,7,66548553
63,Trnai-aau_1,12,0.0682149112914602,NC_048596.1,3,153756156
63,LOC113832434,13,-0.0681161774409614,NW_023276806.1,1,274474391
63,LOC113836221,14,0.0674558938040596,NC_048598.1,5,147572286
63,LOC113836576,15,0.0627217407109454,NC_048600.1,7,111567514
63,LOC113837330,16,0.0623572320452398,NC_048602.1,9,10600535
63,Mir664,17,0.0617947729257671,NC_048598.1,5,9458805
63,LOC113837769,18,0.0612389556316536,NC_048604.1,X,118273950
63,LOC113837232,19,0.0612093641582675,NC_048602.1,9,7536389
63,LOC113833632,20,0.0610867420665638,NC_048595.1,2,417284238
63,LOC113835499,21,0.0608102319535297,NC_048597.1,4,102998544
63,LOC113836317,22,-0.0606920244230987,NC_048599.1,6,154010325
63,LOC113831800,23,0.0595225853588841,NC_048598.1,5,147587628
63,LOC113831972,24,-0.0592407923993009,NC_048600.1,7,116485334
63,LOC113833215,25,0.0586127117523757,NW_023276806.1,1,60043075
63,Trnag-gcc_3,26,0.0578188082060159,NC_048596.1,3,187019785
63,LOC113834847,27,0.0577951590663666,NC_048596.1,3,546195
63,LOC113836319,28,0.057080733629469,NC_048599.1,6,153118872
63,LOC113830803,29,0.0570807091176418,NC_048600.1,7,11913783
63,LOC113836215,30,0.0566616271513557,NC_048598.1,5,147566431
63,LOC113835100,31,0.0559729878750257,NC_048596.1,3,91207014
63,Trnat-ugu,32,0.0558984733274274,NW_023276807.1,1,206742177
64,LOC100774337,1,0.132165293478435,NW_023276807.1,1,122051130
64,LOC107977812,2,0.12144569873367,NC_048600.1,7,81946534
64,LOC100766073,3,0.116277718276022,NC_048599.1,6,81241331
64,LOC100767286,4,0.107540494135344,NC_048604.1,X,75366227
64,LOC100759693,5,0.0980967420943415,NC_048598.1,5,45321637
64,LOC113837666,6,0.0979715035887157,NC_048604.1,X,96357750
64,LOC113837639,7,0.0976320277471631,NC_048602.1,9,5618232
64,LOC107980311,8,0.095397894719507,NC_048600.1,7,42978666
64,LOC100756946,9,0.0951272397103688,NC_048595.1,2,201811956
64,LOC113836333,10,0.0903774730760783,NC_048599.1,6,71114647
64,Rn45s_1,11,0.0879571010957904,NW_023277167.1,U,24094
64,LOC100757828,12,0.0879214082686898,NC_048596.1,3,123959367
64,LOC107980146,13,0.0870958865579269,NW_023276807.1,1,76216546
64,LOC113838061,14,0.0868330221833533,NW_023277222.1,U,2381
64,LOC118238714,15,-0.0855615744841438,NC_048597.1,4,217660693
64,LOC100761941,16,0.0853746646038733,NC_048595.1,2,249996851
64,LOC113839000,17,-0.0853528470749188,NW_023276990.1,U,44672
64,LOC118239081,18,0.0845271456717967,NC_048599.1,6,70545239
64,LOC107978571,19,0.0818616587828931,NC_048600.1,7,113841368
64,LOC100752312,20,0.081422501743398,NC_048600.1,7,118134850
64,LOC100762631,21,0.0786763606777069,NW_023276806.1,1,68235486
64,LOC100762856,22,0.0741799876470332,NC_048597.1,4,187351359
64,LOC113834954,23,0.0729281832705748,NC_048596.1,3,60510251
64,LOC100763702,24,0.0708873755447141,NW_023276806.1,1,193273193
64,LOC100757758,25,0.0699584796889119,NW_023276807.1,1,152568132
64,LOC113833490,26,0.0680701620766363,NW_023276806.1,1,41700545
64,LOC100768642_1,27,0.067735343837003,NC_048600.1,7,112789258
64,LOC100759156,28,0.066807253748862,NC_048598.1,5,74483577
64,LOC100762406,29,0.0665235579823367,NC_048600.1,7,18360166
64,LOC100757824,30,0.066025122554979,NW_023276807.1,1,172207256
64,LOC100752901,31,0.0659821426588344,NC_048596.1,3,213941857
64,LOC113837023,32,0.0656315111872265,NC_048601.1,8,41547107
64,LOC103159011,33,0.0652512601405546,NW_023276869.1,U,56589
64,LOC100756057,34,0.0643199954893031,NC_048595.1,2,62995141
64,LOC100767038,35,0.0636690284468429,NC_048604.1,X,54377543
64,LOC113837022,36,0.06348000441532,NC_048601.1,8,51826967
64,LOC100752397,37,0.0629469759858577,NW_023276806.1,1,59604826
64,LOC100770366,38,0.0619213918657819,NC_048597.1,4,88750512
64,LOC100769775,39,0.0616038632610439,NC_048595.1,2,262668684
64,LOC113837706,40,0.0615340031909527,NC_048604.1,X,55273969
64,LOC100760019,41,0.0608682925777118,NC_048600.1,7,89340846
64,LOC100772563,42,0.0603832006658149,NC_048601.1,8,70073194
64,Trnak-cuu_67,43,0.0603616685941472,NW_023276919.1,U,881536
64,LOC113835350,44,0.06023846588968,NC_048597.1,4,66620229
64,LOC113836540,45,0.0597310636669037,NC_048600.1,7,42838630
64,LOC113836395,46,0.0597102791842443,NC_048599.1,6,47835377
64,LOC113833698,47,0.0591651264193508,NC_048598.1,5,31030858
64,LOC113831475,48,0.0582482390474183,NC_048596.1,3,51370433
64,LOC100764707,49,0.0580839685421586,NC_048596.1,3,118582273
64,LOC100758511,50,0.0579698492466839,NC_048598.1,5,9076914
64,LOC103159764,51,0.0579135489933305,NC_048604.1,X,32739418
64,LOC100759534,52,0.0578218562500812,NW_023277201.1,U,5359
64,LOC100762101,53,0.0568283721823721,NW_023277030.1,U,1854744
64,LOC100767106,54,0.0567362811688831,NW_023276807.1,1,204719074
64,LOC100765587,55,0.0558537568275232,NW_023276807.1,1,140606469
64,LOC100773485,56,0.0557998763232759,NC_048598.1,5,67027
64,LOC100760472,57,0.0555777454397149,NC_048595.1,2,361268918
64,LOC100768740,58,0.0553493928468396,NC_048597.1,4,165843759
64,LOC113832602,59,0.0550925324628111,NW_023276807.1,1,62332903
64,LOC113832596,60,0.0547899835217854,NW_023276807.1,1,188692732
64,LOC100765626,61,0.0544724623353838,NW_023276806.1,1,72828312
64,LOC107978793,62,0.0543537963566347,NW_023276807.1,1,102814891
64,LOC100765007,63,0.0543435166192338,NC_048595.1,2,247781235
64,LOC100759921,64,-0.0539047615112414,NC_048595.1,2,117816299
64,LOC100758569,65,0.053844059965515,NW_023276806.1,1,179281467
64,LOC113833838,66,0.0523881757931388,NC_048595.1,2,32977553
64,LOC100773485_1,67,0.0521906381628893,NC_048602.1,9,48093
64,LOC100751634,68,0.0521257252671966,NC_048595.1,2,336529559
64,LOC100755951,69,-0.0519434170525468,NC_048595.1,2,362966521
64,LOC113837667,70,0.0519147139668571,NC_048604.1,X,85556996
64,Rn5-8s,71,-0.0514766557518568,NW_023276990.1,U,11530
64,LOC113833725,72,0.0511727852731952,NC_048595.1,2,9619006
64,LOC100768330,73,0.0503149749245663,NC_048599.1,6,28706014
64,Gng5,74,0.0502698385162818,NC_048597.1,4,42346693
64,LOC113833112,75,0.0500596577818615,NC_048595.1,2,413964466
64,LOC100771117,76,0.0499890620138592,NC_048604.1,X,124226886
64,LOC100768894,77,0.0496019660197774,NC_048596.1,3,52796356
64,LOC100761493,78,0.0495193076031751,NW_023276807.1,1,116064389
64,LOC100765911,79,0.049233441471343,NC_048604.1,X,14823732
64,LOC103164511,80,0.0490726310516766,NC_048604.1,X,58836333
64,LOC100756207,81,0.0482443766735535,NC_048597.1,4,84013336
64,LOC100764637,82,0.0481769397845964,NC_048598.1,5,150419531
64,LOC107977878,83,-0.0469039115987736,NC_048596.1,3,51204479
64,LOC100770811,84,0.0468377429292172,NC_048595.1,2,358777803
64,LOC100756515,85,0.0465173000642925,NC_048597.1,4,171944613
64,LOC100765498,86,0.0465013001777885,NC_048596.1,3,19781169
64,LOC103159216,87,0.0464946805312547,NW_023276807.1,1,255444329
64,LOC100755948,88,0.0458939470583517,NW_023276807.1,1,50191232
64,LOC100755641,89,0.0458758965801293,NC_048599.1,6,101560699
64,LOC103162762,90,0.0456182256455177,NW_023276806.1,1,173251914
64,LOC107979073,91,0.0455991903880291,NW_023276807.1,1,11960322
64,LOC100752071,92,0.0455949476321395,NW_023276806.1,1,51348114
64,LOC100762699,93,0.0451903593202993,NC_048599.1,6,10217583
64,LOC113834983,94,-0.045060237324969,NC_048596.1,3,51210276
64,LOC100768274,95,0.0450441251673822,NW_023276807.1,1,123826694
64,LOC113837457,96,0.044837779939399,NC_048603.1,10,22975677
64,LOC118239159,97,0.0444271463816818,NC_048600.1,7,46606242
65,Maged1,1,0.0893021382299371,NC_048604.1,X,75452969
65,LOC107977973,2,-0.0761692708925415,NW_023276807.1,1,210998763
65,Pdpn,3,-0.0759005573839082,NC_048595.1,2,9912742
65,Vstm4,4,0.0748442663025204,NW_023276807.1,1,186473226
65,LOC103162302,5,-0.066429478419733,NC_048596.1,3,163676308
65,Dpt,6,-0.0650343124021357,NC_048598.1,5,27552951
65,Col4a1,7,0.0619042221318835,NW_023276807.1,1,69305537
65,Zmat4,8,-0.0609318343981489,NW_023276807.1,1,59719023
65,Col4a2,9,0.0607665362230356,NW_023276807.1,1,69167130
65,LOC107978394,10,-0.0606360321730767,NW_023276807.1,1,82420592
65,Swap70,11,0.0600283089513771,NC_048596.1,3,90429777
65,LOC118238520,12,-0.0599517071138585,NC_048596.1,3,10410954
65,C1H12orf75,13,0.0594081681568669,NW_023276806.1,1,151656367
65,Stc2,14,0.0591763702714065,NC_048600.1,7,46881278
65,Eif4e3,15,0.0586572301465249,NC_048601.1,8,44309775
65,Hes2,16,-0.0580213913046838,NC_048595.1,2,4205623
65,LOC100767818,17,-0.0574255300419306,NW_023276806.1,1,49150209
65,Morn4,18,0.0568568917685789,NC_048596.1,3,19464213
65,Nppb,19,0.0560195944899344,NC_048595.1,2,8480530
65,LOC100759871,20,-0.0556970713731827,NC_048595.1,2,401965237
65,LOC100750890,21,-0.0549683342036416,NC_048596.1,3,17267051
65,Znf605,22,0.0549461037475319,NC_048597.1,4,89913407
65,Stard4,23,0.0548928008414683,NC_048595.1,2,204244827
65,Kctd15,24,0.0533783461576029,NC_048602.1,9,3862141
65,LOC103163886,25,-0.0533295411629307,NC_048597.1,4,228827490
65,Serpinf1,26,-0.0531360888136018,NC_048600.1,7,88859911
65,Irs2,27,0.0530743634784095,NW_023276807.1,1,69605141
65,Cdh2,28,-0.052765335662467,NC_048595.1,2,219652264
65,Znf365,29,0.0517360679856901,NW_023276806.1,1,269570225
65,Smim1,30,0.0510607919936278,NC_048595.1,2,2283568
65,Tarbp1,31,0.0507865026401091,NC_048596.1,3,203234488
65,Fbxl16,32,0.0505616780966615,NC_048600.1,7,45426428
65,LOC118238519,33,-0.050258641315431,NC_048596.1,3,10408559
65,Zfyve16,34,0.0495108148183258,NC_048595.1,2,311243221
65,LOC100772326,35,-0.0488824679108099,NW_023276807.1,1,163704578
65,B4galt6,36,0.0487392760544911,NC_048595.1,2,216279550
65,Syt14,37,-0.0485434034313068,NC_048598.1,5,2242071
65,Gpr160,38,-0.0481459348910844,NW_023276806.1,1,119541899
65,LOC118238553,39,-0.0475527683614705,NC_048596.1,3,82363432
65,Slc2a9,40,-0.0475376873982202,NW_023276807.1,1,107297537
65,Slc44a5,41,-0.0475296460933706,NW_023276806.1,1,5164449
65,Msh3,42,0.0470762997905458,NC_048595.1,2,310960470
65,CUNH1orf87,43,-0.0468753519093081,NC_048595.1,2,52605965
65,Ngef,44,-0.0464819877856924,NC_048595.1,2,439116714
65,Adam12,45,0.0463904602724055,NC_048596.1,3,66666894
65,Ddit4l,46,-0.0459698355431445,NW_023276806.1,1,21984001
65,Fam151b,47,0.0458154793423884,NC_048595.1,2,311205282
65,LOC118239660,48,-0.0457769237301578,NW_023276807.1,1,208369643
65,Gnpda2,49,0.0455808338533979,NW_023276807.1,1,136508471
65,LOC113832678,50,0.0454855177470586,NW_023276807.1,1,228839421
65,LOC118238893,51,-0.0450512248286438,NC_048598.1,5,107685410
65,Ampd3,52,-0.0449207658082556,NC_048596.1,3,89860496
65,LOC103163470,53,0.0448014740123514,NW_023276807.1,1,90876883
65,LOC100769145,54,-0.044770031529301,NC_048596.1,3,169461212
65,LOC103163630,55,0.0445613925318661,NW_023276806.1,1,202827189
65,LOC113835325,56,0.0444642939345525,NC_048597.1,4,11671426
65,Retreg1,57,-0.0443118921135637,NC_048595.1,2,356644545
65,Kdelr3,58,0.0442210219461268,NC_048595.1,2,376685607
65,LOC103159589,59,-0.0439453687715776,NC_048598.1,5,108127973
65,LOC100753862,60,0.0437976669094284,NC_048604.1,X,111583801
65,LOC103159587,61,-0.0437475940390056,NC_048598.1,5,107692096
65,LOC113835123,62,-0.0437047622905945,NC_048596.1,3,151200471
65,Htr3a,63,-0.0436189202750173,NC_048597.1,4,160679281
65,Cldn15,64,0.0435820685297889,NC_048597.1,4,115910985
65,Twist1,65,-0.0435538987016927,NC_048598.1,5,167819569
65,Slc15a3,66,-0.043027435746633,NC_048596.1,3,49591666
65,Clcn5,67,-0.0429904613762275,NC_048604.1,X,113620275
65,LOC113833667,68,0.0429667875808982,NC_048595.1,2,161695608
65,Rab44,69,-0.0429100593842408,NW_023276806.1,1,257621865
65,Mpeg1,70,-0.0426670643897206,NC_048596.1,3,48155816
65,LOC113834099,71,0.0425571372525311,NC_048595.1,2,295303804
65,LOC103162826,72,-0.0425528843239579,NC_048598.1,5,115659018
65,Epb41,73,0.0423504583395337,NC_048595.1,2,21189391
65,Bicc1,74,0.0422546308279628,NW_023276806.1,1,266671710
65,Pipox,75,-0.0421872220855546,NC_048600.1,7,91279622
65,Hsd11b1,76,-0.0421821614355065,NC_048598.1,5,1965648
65,LOC103161127,77,0.0420144900146797,NC_048601.1,8,89184236
65,LOC113832370,78,-0.0417731635881641,NW_023276807.1,1,71340451
65,LOC100753770,79,-0.0416527093079209,NW_023276807.1,1,24672551
66,LOC118239033,1,0.158522047288746,NC_048598.1,5,9295576
66,LOC118239665,2,0.141727687463172,NW_023276807.1,1,248739317
66,Gpc6,3,-0.098785404442182,NW_023276807.1,1,266952365
66,Armcx3,4,-0.0985858281417082,NC_048604.1,X,45335697
66,LOC100768165,5,-0.0855767466032808,NC_048604.1,X,44759034
66,Tbc1d4,6,-0.0845098624004528,NW_023276807.1,1,253120191
66,LOC113832687,7,0.0836686398388326,NW_023276807.1,1,224050088
66,Marcks,8,-0.0835979174666061,NC_048595.1,2,259966999
66,LOC118238268,9,-0.0769470780710692,NC_048595.1,2,489787
66,Minar1,10,-0.0727343909306934,NC_048597.1,4,198948704
66,Hdgfl3,11,0.0721723793877922,NC_048596.1,3,115609675
66,LOC103160386,12,0.0693412169987509,NC_048595.1,2,293585605
66,Lrrc8b,13,0.068704439249105,NC_048600.1,7,276343
66,Enpp1,14,-0.0679031830214225,NC_048595.1,2,243829053
66,Ccbe1,15,0.0676299169276932,NC_048595.1,2,173042610
66,Ctsd,16,-0.066869708841956,NC_048596.1,3,58875076
66,Gpnmb,17,0.065532479768744,NC_048601.1,8,92295270
66,Smyd3,18,0.0647839033889757,NC_048598.1,5,14676689
66,LOC100766031,19,-0.0614956695035577,NC_048596.1,3,236690990
66,LOC113835460,20,0.0595266068843924,NC_048597.1,4,74500111
66,Strc,21,-0.0593007351231213,NC_048599.1,6,57042367
66,Tacc1,22,-0.0590545300421836,NW_023276807.1,1,58535104
66,LOC100761274,23,-0.0589954284633317,NC_048604.1,X,4471897
66,LOC118237995,24,-0.056872117188248,NC_048595.1,2,7303017
66,Rab3gap2,25,0.0567640915380871,NC_048598.1,5,9408744
66,LOC103159579,26,0.0565796439846941,NC_048595.1,2,455547684
66,Syn2,27,-0.0558074523229833,NC_048601.1,8,29559312
66,LOC100771813,28,0.0556657082417261,NC_048604.1,X,9744099
67,Ccl5,1,0.0878371225030112,NC_048600.1,7,96771545
67,LOC100772509,2,0.0790677012080216,NC_048596.1,3,27054887
67,LOC118238654,3,0.0733823585872692,NC_048597.1,4,100291725
67,Cfap53,4,0.0716898176627192,NC_048595.1,2,165490070
67,LOC113832571,5,0.0651984200027763,NW_023276807.1,1,186429398
67,Ccdc154,6,0.0628184983939166,NC_048600.1,7,44770842
67,Cxcl3,7,0.0614059187857208,NW_023276807.1,1,155559516
67,Lyzl6,8,0.0595480757595654,NC_048600.1,7,116676768
67,LOC113835261,9,0.058995657647411,NC_048599.1,6,99389932
67,LOC118238648,10,0.0561428024448024,NC_048597.1,4,94488462
67,Pygm,11,0.054653023863691,NC_048596.1,3,52957005
67,LOC118238393,12,0.0545978121966533,NC_048595.1,2,337469715
67,Prlh,13,0.0540718653524778,NC_048595.1,2,442466547
67,LOC113833686,14,-0.0540143941437945,NC_048598.1,5,31027949
67,LOC113837220,15,0.0523370898240888,NC_048602.1,9,7505319
67,Amhr2,16,0.0500768769831749,NC_048595.1,2,398823196
67,Mir3068,17,-0.0500165056662217,NC_048598.1,5,116364712
67,Crtam,18,0.0499950726942729,NC_048597.1,4,152610405
67,Cxcl10,19,0.0499879484303176,NW_023276807.1,1,157135471
67,LOC113832434,20,0.0492624662820384,NW_023276806.1,1,274474391
67,LOC113836609,21,0.0486532730167423,NC_048600.1,7,32134251
67,Nfkbiz,22,0.0485973484047841,NC_048597.1,4,36214105
67,Ifit2,23,0.0483938387688362,NC_048596.1,3,27215035
67,Oasl,24,0.0480282248316591,NC_048597.1,4,94511795
67,Ctsk,25,0.0479674225452848,NW_023276806.1,1,60997662
67,C1qtnf12,26,0.0478775498098584,NC_048595.1,2,345598
67,LOC113834739,27,0.0478209273976183,NC_048596.1,3,27095628
67,LOC100772591,28,0.0477687268786642,NW_023276806.1,1,63889927
67,LOC100769139,29,0.0470182269766583,NC_048596.1,3,188099793
67,LOC113833861,30,0.0467900268873515,NC_048595.1,2,21323371
67,Ifnb1,31,0.0464473437947523,NC_048595.1,2,59507718
67,LOC100773349,32,0.0460907682540071,NC_048601.1,8,16496378
67,LOC118239659,33,0.0457453615380676,NW_023276807.1,1,268074652
67,Cxcl1,34,0.0456782773380775,NW_023276807.1,1,155673934
67,LOC118237826,35,0.0450023554141095,NC_048596.1,3,116255463
67,Jhy,36,0.0443773645561017,NC_048597.1,4,152539233
67,LOC113835967,37,-0.0436398375764355,NC_048598.1,5,46664105
67,LOC107980199,38,0.0434928472200723,NW_023276806.1,1,12654586
67,Shd,39,0.0434851198881222,NC_048598.1,5,97568526
67,LOC118238646,40,0.0422473628109338,NC_048597.1,4,89987836
67,LOC113837469,41,0.0422405863972385,NC_048603.1,10,25954239
67,LOC118239656,42,0.0420644455119704,NW_023276807.1,1,172019324
67,CUNH2orf81,43,0.0418860345612639,NC_048601.1,8,74329436
67,LOC113832536,44,0.0417613966723122,NW_023276807.1,1,53321262
67,CUNH3orf62,45,0.0414337259837544,NC_048597.1,4,216560631
67,Pabpc1l,46,0.0413548772133697,NC_048599.1,6,15469462
67,Lrriq4,47,0.0410563218096974,NW_023276806.1,1,119273396
67,Asb2,48,0.0406637387974427,NC_048598.1,5,102739296
67,LOC118239089,49,0.0405235990353226,NC_048599.1,6,122140483
68,Tspan7,1,0.180091865288174,NC_048604.1,X,116198430
68,Tdgf1,2,0.159650004960329,NC_048597.1,4,218431369
68,LOC103159353,3,-0.149705772621771,NW_023276807.1,1,183092120
68,Pthlh,4,-0.147971868909367,NC_048601.1,8,2431852
68,Enah,5,-0.142121133467251,NC_048598.1,5,12360709
68,LOC100762719,6,-0.139616201585748,NC_048601.1,8,89111185
68,Hoxc10,7,-0.138942284539476,NC_048595.1,2,399341946
68,Hoxc4,8,-0.138146477087534,NC_048595.1,2,399402500
68,Hoxc8,9,-0.134093997928928,NC_048595.1,2,399365638
68,Hoxa9,10,-0.127681005625453,NC_048601.1,8,89119788
68,LOC103159766,11,0.123887341916784,NC_048596.1,3,254393152
68,Plxdc1,12,0.115548736344108,NC_048600.1,7,111061152
68,Was,13,-0.111368888217591,NC_048604.1,X,114556899
68,Evl,14,-0.110188231707416,NC_048598.1,5,186085911
68,Lmo7,15,0.11011868593423,NW_023276807.1,1,253470956
68,Hoxa7,16,-0.109585284955497,NC_048601.1,8,89124422
68,LOC118239268,17,-0.102762557288018,NC_048601.1,8,3415336
68,Sspn,18,-0.100058255616113,NC_048601.1,8,3695999
68,LOC113833999,19,0.0961734994745535,NC_048595.1,2,55147142
68,Hoxc9,20,-0.0862139430058562,NC_048595.1,2,399356712
68,Stk38l,21,-0.0828632225811212,NC_048601.1,8,2939437
68,LOC107979452,22,0.0824742012080207,NC_048599.1,6,34559429
68,LOC113833580,23,-0.0809437331118613,NC_048595.1,2,399401173
68,LOC103160837,24,0.0806014684699274,NC_048596.1,3,137307981
68,Efemp1,25,-0.0803004054920404,NW_023276807.1,1,78363346
68,Fn1,26,-0.080284954167167,NC_048595.1,2,424970688
68,LOC113837481,27,0.0765108343587374,NC_048603.1,10,27571175
68,Pdlim2,28,-0.0753461236586873,NW_023276807.1,1,224830303
68,Hoxa6,29,-0.0747233131715099,NC_048601.1,8,89137233
68,LOC113834615,30,0.0747042534902984,NC_048596.1,3,168424119
68,Susd1,31,0.0746880987791693,NC_048595.1,2,84384549
68,Ehd3,32,0.0733480017757184,NC_048600.1,7,9836371
68,Etfbkmt,33,-0.0723987765903856,NC_048601.1,8,561592
68,Hoxc6,34,-0.0721872276436332,NC_048595.1,2,399383484
68,Igf2bp2,35,-0.0705584784461622,NC_048597.1,4,66742574
68,LOC113830932,36,-0.0702875996253215,NC_048604.1,X,59870249
68,Shisa4,37,-0.0677747673660824,NC_048598.1,5,53876457
68,Nudt14,38,0.0674450327496397,NC_048598.1,5,181115283
68,Hoxa5,39,-0.0671916480953686,NC_048601.1,8,89141391
68,LOC100763249,40,0.0663107896313658,NC_048595.1,2,246878721
68,LOC100767530,41,-0.0638083352231089,NW_023276806.1,1,49133283
68,Gpd1,42,0.0632469532808,NC_048595.1,2,396155050
68,Fmo2,43,0.0628808506652615,NC_048598.1,5,29260293
68,Nrg4,44,-0.0626646767145643,NC_048597.1,4,166833081
68,Hdgfl3,45,-0.0607869284972827,NC_048596.1,3,115609675
68,LOC107978439,46,0.0602607911306911,NC_048595.1,2,87686409
68,LOC100771813,47,0.0588309428653913,NC_048604.1,X,9744099
68,Acyp1,48,-0.0567032851787728,NC_048598.1,5,118495633
68,Csrp2,49,0.0547971210666882,NW_023276806.1,1,144571595
68,Creg1,50,0.0524503509708457,NC_048598.1,5,26700444
68,LOC113833968,51,0.0517266230456761,NC_048595.1,2,70295907
68,Fabp4,52,-0.0514530475087739,NC_048595.1,2,137723467
68,Hoxc5,53,-0.0500778548291656,NC_048595.1,2,399372969
68,LOC118237764,54,-0.0500727451466917,NC_048601.1,8,2430591
68,Cenpv,55,-0.0498376078991615,NC_048600.1,7,76548817
68,LOC100752592_1,56,-0.0494931929140608,NW_023276989.1,U,570
68,Arhgap32,57,-0.0490863172395231,NC_048597.1,4,144433882
68,LOC107978412,58,-0.0489872368726198,NC_048595.1,2,78040295
68,Arl4c,59,-0.0483661924107084,NC_048595.1,2,440257614
68,Cacng5,60,-0.0481173999802163,NC_048600.1,7,120838058
68,LOC100750533,61,0.0477166152388075,NC_048600.1,7,75657838
68,Coq3,62,0.0475477272063988,NC_048595.1,2,119522166
68,Zbtb32,63,0.047495521851314,NC_048602.1,9,5239057
68,Serpinf1,64,-0.0464755085801751,NC_048600.1,7,88859911
68,LOC100764079,65,0.0457028851620597,NC_048598.1,5,21396678
68,Fam237a,66,0.0447769528825249,NC_048595.1,2,417709159
68,Spata6l,67,-0.0445518467241663,NC_048596.1,3,32471231
68,Ccbe1,68,-0.0445011557970746,NC_048595.1,2,173042610
68,Hoxa3,69,-0.0444171667393641,NC_048601.1,8,89132431
68,LOC103161127,70,-0.0443965938357245,NC_048601.1,8,89184236
68,LOC107978104,71,0.0440407947679709,NC_048597.1,4,191358112
68,LOC103163057,72,-0.0439405378705207,NW_023276806.1,1,79440137
68,Chst15,73,-0.0436429939053695,NC_048596.1,3,68588212
68,LOC103161682,74,-0.0431065388650716,NC_048595.1,2,342664806
68,Mmp12,75,-0.0424137572086864,NC_048597.1,4,121849979
69,LOC100773795,1,0.140131063162192,NC_048595.1,2,161968153
69,LOC113836011,2,0.10131290452496,NC_048598.1,5,119626575
69,LOC100762719,3,0.0929330667232312,NC_048601.1,8,89111185
69,LOC100751053,4,-0.091881403088336,NC_048597.1,4,162253090
69,Igf2bp2,5,0.0837428563805122,NC_048597.1,4,66742574
69,Hoxc4,6,0.0813672807139219,NC_048595.1,2,399402500
69,Hoxa9,7,0.0795441518349887,NC_048601.1,8,89119788
69,LOC103159501,8,-0.0780037494730918,NC_048595.1,2,37427635
69,Gpd1,9,0.0745437070104747,NC_048595.1,2,396155050
69,LOC103161127,10,0.0741004251109741,NC_048601.1,8,89184236
69,Fabp4,11,0.0725184870355925,NC_048595.1,2,137723467
69,LOC113833999,12,0.0722279955475326,NC_048595.1,2,55147142
69,Efemp1,13,-0.0720945878378474,NW_023276807.1,1,78363346
69,Hoxa7,14,0.0707276410309189,NC_048601.1,8,89124422
69,LOC100774966,15,-0.0705383300642945,NC_048597.1,4,94488079
69,LOC113836092,16,-0.069840171764867,NC_048598.1,5,13775932
69,Mro,17,-0.068944479407473,NC_048595.1,2,165903460
69,Unc5c,18,-0.0684497329710743,NW_023276806.1,1,17930304
69,Hoxc8,19,0.067609385275817,NC_048595.1,2,399365638
69,Trim54,20,0.0615057294840499,NC_048600.1,7,13243617
69,Id3,21,0.0610670400841087,NC_048595.1,2,17164510
69,Rtp4,22,-0.0584985268646513,NC_048597.1,4,65298461
69,Gpnmb,23,-0.0576356304202047,NC_048601.1,8,92295270
69,Krt80,24,-0.0568391983647561,NC_048595.1,2,397786653
69,Sulf2,25,0.0552068644248984,NC_048599.1,6,13266048
69,LOC113837481,26,0.0544405712214138,NC_048603.1,10,27571175
69,Tcf7l1,27,0.054115167636155,NC_048601.1,8,64358059
69,Etv3l,28,-0.0536569968539948,NW_023276806.1,1,66902549
70,Spp1,1,0.0799169216014709,NW_023276807.1,1,166251805
70,C3,2,0.0665739085764687,NC_048598.1,5,96252915
70,Ccn2,3,-0.0648978144802221,NC_048595.1,2,243783381
70,Defb124,4,0.0620719729004538,NC_048599.1,6,27389953
70,Serpinf1,5,0.0599408002037342,NC_048600.1,7,88859911
70,LOC118239039,6,0.0598483405406757,NC_048599.1,6,73936008
70,LOC100769145,7,0.058059198247677,NC_048596.1,3,169461212
70,Testin-2,8,-0.0578393364782909,NC_048596.1,3,279959155
70,LOC113835267,9,-0.0574334221365787,NC_048597.1,4,133761196
70,Rarres2,10,0.0532534045482174,NC_048601.1,8,98691581
70,Postn,11,0.0531395662264221,NW_023276806.1,1,96892590
70,Cd82,12,0.0530746707545156,NC_048599.1,6,83270531
70,LOC100754872,13,-0.0517067355767581,NW_023276807.1,1,156999749
70,Txnip,14,0.0503139783064297,NW_023276806.1,1,59939849
70,Mir2424,15,-0.0469411117472579,NC_048601.1,8,21234660
70,Col6a1,16,0.0445449288102658,NW_023276806.1,1,262015908
70,LOC113839001,17,-0.0441806043209255,NW_023276990.1,U,5778
70,LOC113836037,18,-0.0438068806795985,NC_048598.1,5,127004422
71,Ppp1r36,1,0.231050648946417,NC_048598.1,5,127059268
71,Mgat2,2,0.171274636000415,NC_048598.1,5,134183625
71,Slc2a12,3,-0.14725556620637,NC_048595.1,2,242013603
71,Olfml2b,4,0.132434945561903,NC_048598.1,5,22156422
71,Egr1,5,0.128566080201894,NC_048595.1,2,202626935
71,Cdkl1,6,0.124577337940209,NC_048598.1,5,133614977
71,LOC113832461,7,0.123455340528561,NW_023276806.1,1,229681754
71,Prkch,8,0.111407857141324,NC_048598.1,5,129638547
71,Pcnx4,9,0.109151663940404,NC_048598.1,5,130836724
71,Hspa2,10,0.099722555333165,NC_048598.1,5,127085420
71,Pygl,11,0.0994885435095351,NC_048598.1,5,133156346
71,Trnap-agg,12,-0.0929559977844688,NW_023276806.1,1,100118051
71,LOC113838060,13,-0.0868006000187165,NW_023277222.1,U,1098
71,Dennd2a,14,0.0813162163885188,NW_023276806.1,1,188596585
71,Kdelr3,15,0.0786789125972138,NC_048595.1,2,376685607
71,Serpinf1,16,0.0724863474314445,NC_048600.1,7,88859911
71,Slc9a9,17,-0.0719543945476121,NC_048597.1,4,203352967
71,LOC103160316,18,-0.0713139577802223,NC_048596.1,3,210934156
71,Fmo2,19,0.0706663162617174,NC_048598.1,5,29260293
71,Parvg,20,-0.0687707770189144,NC_048595.1,2,381193725
71,LOC118239681,21,0.065302417019292,NW_023276807.1,1,40534596
71,LOC113839000,22,-0.0641832853977852,NW_023276990.1,U,44672
71,Sardh,23,0.0614393610339278,NC_048599.1,6,138868103
71,Dcn,24,0.0591865473133634,NW_023276806.1,1,163323235
71,Mgat5,25,-0.0591657202432384,NC_048598.1,5,61306441
71,Mtus1,26,0.0578864370951381,NW_023276807.1,1,44686609
72,LOC118239062,1,0.10632635605509,NC_048599.1,6,117610651
72,LOC100754039,2,-0.102406775499339,NC_048598.1,5,104055665
72,LOC113835034,3,0.100404182661279,NC_048596.1,3,277167577
72,Spag4,4,0.0975865345013785,NC_048599.1,6,23513547
72,LOC113831048,5,0.0966189596594665,NC_048596.1,3,97592406
72,LOC100755188,6,0.0889999925180481,NC_048599.1,6,89965403
72,Slc35g6,7,0.0872100616428418,NC_048600.1,7,83609830
72,Trnaq-uug_3,8,0.0866846600625745,NC_048600.1,7,109014419
72,LOC103163071,9,0.0853722265849602,NC_048597.1,4,216775111
72,Lrrc2,10,0.0846427822840017,NC_048597.1,4,218448695
72,Mir1224,11,0.0823814349526496,NC_048597.1,4,68043885
72,Rasl10a,12,0.078145003897905,NW_023276807.1,1,99837700
72,LOC113837724,13,0.0765849483800266,NC_048604.1,X,45494138
72,Spata21,14,0.075766788857014,NC_048595.1,2,12136298
72,Map3k15,15,0.0750580002604837,NC_048604.1,X,94974001
72,Tvp23a,16,0.074172178737355,NC_048600.1,7,35954
72,Ptger1,17,0.0705911917081421,NC_048596.1,3,160748539
72,Stkld1,18,0.0696903491476041,NC_048599.1,6,138615688
72,Nrip2,19,0.068891248739519,NC_048601.1,8,18001838
72,Serinc4,20,0.0685284184771487,NC_048599.1,6,56961089
72,Sdr39u1,21,0.0682460653417111,NW_023276807.1,1,211088515
72,Rec8,22,0.0674832598101368,NW_023276807.1,1,210825048
72,LOC118237919,23,0.0670711821769764,NW_023276806.1,1,36244753
72,Lgals2,24,0.0668731918872709,NC_048595.1,2,375949026
72,LOC103161546,25,-0.0632686092296983,NC_048595.1,2,23222299
72,LOC118239052,26,0.0630553142596384,NC_048599.1,6,27172324
72,LOC113836270,27,-0.0623731669381763,NC_048599.1,6,100381838
72,LOC103159909,28,0.0619650184224844,NC_048597.1,4,58611385
72,Ppp1r27,29,0.0614918152636251,NC_048600.1,7,133039604
72,Tm6sf1,30,0.0611067093956773,NC_048596.1,3,115668684
72,Trnay-gua_4,31,0.0610202461171898,NC_048596.1,3,244716130
72,LOC118239287,32,-0.0607796892230146,NC_048601.1,8,74414162
72,Dipk1a,33,0.0598806800806977,NC_048600.1,7,2673450
72,Pcif1,34,-0.0594920019891337,NC_048599.1,6,14534989
72,Bricd5,35,0.0590695189290068,NC_048600.1,7,44061587
72,LOC113835951,36,0.0588141223602295,NW_023276806.1,1,60310412
72,LOC100766101,37,-0.0586632708562736,NC_048597.1,4,115112456
72,Apcdd1l,38,0.0577770379836341,NC_048599.1,6,5206361
72,LOC118238370,39,0.0572492838808715,NC_048595.1,2,283288168
72,Rnf25,40,-0.0572297827554972,NC_048595.1,2,427835382
72,Rhoq,41,-0.056693761116159,NC_048598.1,5,88603311
72,Trnak-cuu_14,42,0.0565382548878731,NC_048595.1,2,408340
72,LOC113832416,43,0.0564439421547522,NW_023276807.1,1,98449149
72,LOC113831371,44,0.055962354054008,NC_048600.1,7,91642849
72,LOC113833019,45,0.0551629419834092,NW_023276806.1,1,129516140
72,LOC118237936,46,-0.0548190426273488,NC_048599.1,6,121932804
72,LOC113834997,47,0.0544822017614519,NC_048600.1,7,102121167
72,Ddb2,48,0.0539290893999191,NC_048599.1,6,85528402
72,CUNH17orf49,49,-0.0525779457369098,NC_048600.1,7,84060138
72,LOC118239369,50,0.0522279958494073,NC_048603.1,10,14531632
72,LOC100770654,51,0.0517947855263685,NC_048595.1,2,7792594
72,Card14,52,0.0516802456047351,NC_048600.1,7,131858176
72,LOC113836702,53,-0.0511429153462796,NC_048600.1,7,120708334
72,Kcng2,54,0.050430850057806,NC_048595.1,2,235014044
72,Grin3b,55,0.0504265140613793,NC_048598.1,5,100765676
72,LOC118238892,56,0.0500358611586261,NC_048598.1,5,29327672
72,Cracr2b,57,0.0490228930017944,NC_048596.1,3,59718756
72,LOC107980199,58,0.0486791125443677,NW_023276806.1,1,12654586
72,Stub1,59,-0.0484389845700317,NC_048600.1,7,45447557
72,Fancd2os,60,0.0482631156647471,NC_048601.1,8,31196570
72,LOC118237759,61,-0.0476614523677875,NC_048595.1,2,6891989
72,Tmem220,62,0.0472097506532298,NC_048600.1,7,80898224
72,C1rl,63,-0.0469083141031998,NC_048601.1,8,21791664
72,LOC113833549,64,-0.0467613738211411,NC_048595.1,2,379977440
72,LOC103162003,65,-0.0466490947979942,NC_048595.1,2,386116818
72,LOC113831658,66,-0.0466162608241084,NC_048595.1,2,443300178
72,Prodh,67,0.0465432796829252,NC_048597.1,4,71175995
72,LOC118238268,68,0.046376947387472,NC_048595.1,2,489787
72,Mir30b,69,0.0462251646423512,NC_048603.1,10,20396947
72,Trnas-aga_4,70,0.0451601759541117,NC_048596.1,3,244279485
72,LOC118237816,71,-0.0451255508514461,NC_048599.1,6,120488327
72,LOC113834903,72,0.0450862699368563,NC_048596.1,3,274129313
72,LOC100767818,73,-0.0445933994605392,NW_023276806.1,1,49150209
72,Gpatch4,74,-0.044462883343908,NW_023276806.1,1,66416706
72,Nnat,75,0.0442201526217613,NC_048599.1,6,21978964
72,LOC107979030,76,-0.0438942055173722,NW_023276807.1,1,29635231
72,Mir1956,77,0.0433832317029644,NW_023276806.1,1,21052843
72,LOC113832297,78,0.0430222199177656,NW_023276807.1,1,99822226
72,LOC100773455,79,-0.0423474656151364,NW_023276806.1,1,232219341
72,Cmbl,80,0.041875298890045,NC_048595.1,2,361709469
72,Smpd3,81,0.0416500777437142,NC_048596.1,3,182577648
72,LOC113836929,82,-0.0414593461821877,NC_048601.1,8,21558723
72,C2H22orf23,83,0.0412904359181992,NC_048595.1,2,376256987
72,Isg15,84,-0.0412699080922048,NC_048595.1,2,122790
72,LOC107977237,85,0.0410750029490533,NC_048604.1,X,90363560
72,Ddx49,86,-0.0410223577983537,NW_023276806.1,1,248669456
72,Klhl34,87,0.0408876337376479,NC_048604.1,X,92959711
72,Rhoc,88,-0.0404807830535973,NW_023276806.1,1,52181026
72,LOC113834776,89,0.0403843857822913,NC_048596.1,3,32219390
72,Mir29b-2,90,0.0402136738299288,NC_048598.1,5,273661
72,Higd1b,91,0.0401626024185859,NC_048600.1,7,115285108
72,Ccdc125,92,0.0399306017120719,NC_048595.1,2,319177423
72,LOC113836279,93,0.039928494682865,NC_048599.1,6,113901585
72,Ccdc39,94,0.0398408526913828,NW_023276806.1,1,115617515
72,Hyal2,95,-0.039654745852991,NC_048597.1,4,215751882
72,LOC103161500,96,-0.039618502941088,NC_048600.1,7,23922319
72,LOC118239612,97,0.0395725622530893,NW_023276807.1,1,100637516
72,Foxp3,98,0.0394645690399662,NC_048604.1,X,114055039
72,LOC100760951,99,-0.0394259460733079,NW_023276806.1,1,63384679
72,Atp6v1c2,100,0.0393818573978111,NC_048600.1,7,26452926
72,Lctl,101,0.0392930062571045,NC_048597.1,4,175661761
72,LOC118239729,102,0.0392872619513884,NW_023276807.1,1,75394276
72,Fabp4,103,0.0392537819441607,NC_048595.1,2,137723467
72,Enosf1,104,0.0391999150643168,NC_048595.1,2,461517277
72,LOC118239024,105,0.0391017448192505,NW_023276807.1,1,268139097
72,LOC103159049,106,-0.0390940940271306,NC_048595.1,2,389208166
72,Morn3,107,0.0390135642693889,NC_048597.1,4,102839136
72,LOC118237792,108,0.0388286652791934,NC_048596.1,3,281720535
72,Bcl2l1,109,-0.0387438653797654,NC_048599.1,6,27176202
72,LOC118238412,110,-0.0386005836525317,NC_048595.1,2,380142285
72,LOC100768504,111,0.0383799045407811,NC_048601.1,8,21555955
72,LOC103160316,112,0.0382088872394862,NC_048596.1,3,210934156
72,LOC113833653,113,0.0376039606536601,NC_048595.1,2,386000827
72,Id3,114,-0.0374969703020166,NC_048595.1,2,17164510
72,LOC113835824,115,0.0374951993087305,NC_048598.1,5,183279969
72,LOC118238791,116,0.0374569068076588,NC_048597.1,4,222380577
72,Crip1,117,-0.0370232670425954,NC_048598.1,5,180898179
72,LOC113836011,118,0.0369483960693402,NC_048598.1,5,119626575
72,Spn,119,0.0367659170660931,NC_048596.1,3,73615356
72,Abhd1,120,0.0363590275760336,NC_048600.1,7,13422386
72,LOC118238917,121,0.0362170936879556,NC_048598.1,5,82659263
72,Pdzk1,122,0.0361406102985444,NW_023276806.1,1,59628182
72,Asl,123,-0.0360385861150144,NC_048597.1,4,109279771
72,LOC113833723,124,0.0357796967090567,NC_048595.1,2,7781734
72,LOC118238596,125,-0.0356113685608138,NC_048596.1,3,211400148
72,LOC113831375,126,0.0355364223360266,NC_048596.1,3,34027095
72,Klhdc9,127,0.0354168248867937,NC_048598.1,5,21538774
72,LOC100765092,128,0.0354032259236487,NW_023276807.1,1,141598473
72,Nudt17,129,0.0352649843310659,NW_023276806.1,1,59792243
72,LOC103159721,130,0.035116516006684,NC_048595.1,2,452737093
72,LOC103160345,131,0.0350067389170013,NC_048598.1,5,100622140
72,LOC113834983,132,0.0349617065009219,NC_048596.1,3,51210276
72,LOC118238368,133,-0.0346015924369346,NC_048595.1,2,282149425
72,LOC113832207,134,0.0344808941903355,NW_023276807.1,1,206596496
72,LOC113836951,135,0.0344749130462864,NC_048601.1,8,21191404
72,Tnfaip8l1,136,0.0344520384571197,NC_048598.1,5,97376990
72,Bbs2,137,0.0343970486477773,NC_048596.1,3,170253801
72,Mkrn2os,138,0.0343845400693775,NC_048601.1,8,29248724
72,Sds,139,0.0343280757914589,NC_048597.1,4,100291323
72,LOC118238290,140,0.0339913028401916,NC_048595.1,2,23310019
72,LOC107978069,141,0.0339408341215194,NC_048595.1,2,41208725
72,Adam12,142,0.033940050465014,NC_048596.1,3,66666894
72,LOC100763656,143,0.033825081028989,NW_023276806.1,1,60799475
72,LOC113832727,144,0.0337723474910147,NW_023276807.1,1,233712119
72,LOC107977812,145,-0.0337439920563908,NC_048600.1,7,81946534
72,LOC103159724,146,0.0335855584160226,NC_048595.1,2,453284127
72,LOC118238532,147,0.033509368611048,NC_048596.1,3,27261079
72,Atp5mg,148,-0.0334643124535944,NC_048597.1,4,156600315
72,LOC113833900,149,0.0333040407731726,NC_048595.1,2,23316323
72,Mir29c,150,0.0332282633077416,NC_048598.1,5,273114
72,Mir199a,151,0.0331333951141862,NC_048597.1,4,134366549
72,Ryr3,152,0.0330901219409848,NC_048599.1,6,65281633
72,LOC113832577,153,-0.0328398488246113,NW_023276807.1,1,190816257
72,Dph1,154,-0.0326063479832578,NC_048600.1,7,88624696
73,LOC118239477,1,0.106423272410925,NW_023276806.1,1,160158653
73,Cxcl1,2,0.0755268694203869,NW_023276807.1,1,155673934
73,LOC100773862,3,0.0691079992531613,NC_048604.1,X,112121489
73,LOC100766081,4,0.0689220756548711,NC_048597.1,4,45488253
73,Clu,5,0.0687007766177588,NW_023276807.1,1,220960688
73,LOC107977505,6,0.0631475852257428,NC_048598.1,5,135633367
73,Plac1,7,0.0626909326658781,NC_048604.1,X,16790803
73,Rarres2,8,-0.0623838004309245,NC_048601.1,8,98691581
73,LOC118237775,9,0.0611676213795946,NW_023276806.1,1,12882887
73,Mir1973,10,0.0607899562702296,NC_048603.1,10,16495623
73,LOC103158703,11,-0.0569595878883497,NC_048596.1,3,72598747
73,LOC113831153,12,0.0556727202805845,NC_048598.1,5,82806454
73,LOC113836532,13,0.0550821450102563,NC_048599.1,6,144677964
73,Fank1,14,0.0542584064274562,NC_048596.1,3,66985866
73,LOC103161640,15,0.0540843188588854,NC_048595.1,2,280842057
73,Slpi,16,0.0527309804860382,NC_048599.1,6,15126790
73,Mmp10,17,-0.0516352178030418,NC_048597.1,4,121939116
73,LOC103160317,18,0.0514385447733989,NC_048596.1,3,210823870
73,LOC103162380,19,0.0488839279502696,NW_023276807.1,1,155434725
73,LOC118239313,20,-0.0487844526225566,NC_048601.1,8,18091596
73,Spon2,21,-0.0487652221875044,NW_023276807.1,1,102246867
73,LOC103163538,22,0.048044310217442,NC_048595.1,2,434378944
73,LOC113837772,23,0.0475990012752614,NC_048604.1,X,114775088
73,Csf3,24,0.0469320071612951,NC_048600.1,7,111784341
73,Spink8,25,0.0468948121587708,NC_048597.1,4,217265903
73,LOC107978123,26,0.0464165012477303,NC_048595.1,2,197852817
73,LOC113836929,27,-0.0460040990890077,NC_048601.1,8,21558723
73,LOC107978133,28,0.0456630033294583,NC_048597.1,4,75359497
73,Myl9,29,0.0450394880282855,NC_048599.1,6,22807687
73,Mir2424,30,0.0446040749901983,NC_048601.1,8,21234660
73,LOC103162918,31,0.0443043411390182,NC_048595.1,2,125078726
74,Adm,1,0.0919533778646694,NC_048596.1,3,90056690
74,LOC113834948,2,0.091070095253963,NC_048596.1,3,59960784
74,Tnfsf18,3,-0.0807719272414778,NC_048598.1,5,30597522
74,Apln,4,0.0804734259668872,NC_048604.1,X,21411740
74,LOC113832469,5,0.0734548123866736,NW_023276806.1,1,230228579
74,LOC100770984,6,0.0709101036779948,NC_048597.1,4,53601012
74,Bnip3,7,0.0674152827373061,NC_048596.1,3,62070688
74,Gbe1,8,0.0670201039538881,NC_048597.1,4,23880961
74,Slc2a1,9,0.0646355091118891,NC_048595.1,2,33048556
74,LOC107978991,10,0.0641837232337984,NC_048595.1,2,282843312
74,Ankrd37,11,0.0641143166026313,NW_023276807.1,1,40567534
74,Egln1,12,0.0633521558487898,NC_048596.1,3,201656038
74,LOC118239499,13,0.0608140216528291,NW_023276806.1,1,97895840
74,Ak4,14,0.0607771078711767,NC_048595.1,2,48181191
74,Pgm1,15,0.0596326544628508,NC_048595.1,2,49589790
74,Bhlhe40,16,0.0590544384310966,NC_048601.1,8,35823789
74,Lrrc73,17,0.0563625884605763,NW_023276806.1,1,255720076
74,Ccn1,18,0.0560896582893292,NW_023276806.1,1,13533654
74,Rassf4,19,0.0550379421798522,NC_048601.1,8,28187671
74,Pgk1,20,0.0538032890720837,NC_048604.1,X,64543532
74,Pfkl,21,0.0535574768242587,NW_023276806.1,1,260844011
74,Ero1a,22,0.053549397934905,NW_023276807.1,1,201284822
74,Mif,23,0.0526844995463232,NW_023276806.1,1,262752429
74,Nr1d1,24,0.0517452596264528,NC_048600.1,7,111853598
74,Cnksr1,25,0.0515744979259051,NC_048595.1,2,19073703
74,LOC113836728,26,0.0515445568851577,NC_048600.1,7,7695704
74,Nppb,27,0.0503917171257004,NC_048595.1,2,8480530
74,Dbp,28,0.0503482006871399,NC_048599.1,6,154606875
74,Jup,29,0.0500026341032134,NC_048600.1,7,113431462
74,Pik3r5,30,0.0496756325633741,NC_048600.1,7,82364763
74,LOC113833675,31,0.0495376619574181,NC_048595.1,2,164920380
74,Pdk1,32,0.0490936066069004,NC_048599.1,6,103271602
74,Aldoa,33,0.0489559062306887,NC_048596.1,3,73942274
74,LOC118239159,34,-0.0481426103040127,NC_048600.1,7,46606242
74,LOC100772193,35,0.0481199250505308,NC_048602.1,9,9315475
74,Corin,36,-0.0478430199510936,NW_023276807.1,1,138870235
74,LOC118238927,37,0.0475414467439552,NC_048598.1,5,188716854
74,LOC118239659,38,0.0467626228884538,NW_023276807.1,1,268074652
74,Mgarp,39,0.0463134572208542,NW_023276806.1,1,100085207
74,Depp1,40,0.0461318351043716,NC_048601.1,8,28183146
74,Tpi1,41,0.0458563010994768,NC_048601.1,8,21603553
74,LOC118238565,42,-0.0450986368241026,NC_048596.1,3,107134239
74,Pgam1,43,0.0444053099236244,NC_048596.1,3,19631924
74,Abhd18,44,0.0440988458710633,NW_023276806.1,1,109123784
74,Kdm4b,45,0.0440986823883794,NC_048598.1,5,97144493
74,Pygl,46,0.0430544156339407,NC_048598.1,5,133156346
74,Hk2,47,0.0429933913868508,NC_048601.1,8,73900796
74,Ostn,48,-0.0415779614118247,NC_048597.1,4,61906930
74,Arhgef16,49,0.0409791604932468,NC_048595.1,2,2007511
75,LOC100757077,1,0.0907751093719552,NC_048596.1,3,280129751
75,Postn,2,0.0860402232117381,NW_023276806.1,1,96892590
75,Ranbp3l,3,-0.0842971341686659,NC_048595.1,2,342635682
75,Adm,4,-0.0725868828401789,NC_048596.1,3,90056690
75,LOC100756791,5,0.0711830066443929,NC_048596.1,3,280151001
75,Vcam1,6,0.0653728743091153,NW_023276806.1,1,42091634
75,LOC100756494,7,0.0603068437419376,NC_048596.1,3,280164498
75,LOC118239649,8,0.0597380492438337,NW_023276807.1,1,225107038
75,Cpxm1,9,0.059561540480075,NC_048599.1,6,48216133
75,Ddit4,10,-0.0594563162899595,NW_023276807.1,1,1380280
75,LOC118239313,11,0.0585599161698235,NC_048601.1,8,18091596
75,Cxcl10,12,-0.0573247571577629,NW_023276807.1,1,157135471
75,Ptprr,13,0.0553862807162784,NW_023276806.1,1,139963147
75,Areg,14,-0.053779859227682,NW_023276807.1,1,155909229
75,Trnay-gua_6,15,-0.0520632483476936,NC_048596.1,3,244719286
75,Mir21,16,0.0519259003402772,NC_048600.1,7,99827973
75,LOC118238219,17,-0.0492109372386141,NC_048595.1,2,85272003
75,Nrg4,18,-0.0486482097415056,NC_048597.1,4,166833081
75,LOC118238625,19,0.0468959256243911,NC_048596.1,3,282054384
75,LOC113834350,20,-0.045943009937992,NC_048595.1,2,244304675
75,Trnak-cuu_16,21,-0.0450221789726944,NC_048595.1,2,24257659
75,LOC100752806,22,0.0443847682701011,NW_023276806.1,1,16714591
75,Mir2424,23,-0.0441925629792252,NC_048601.1,8,21234660
75,Slc39a2,24,-0.0439268528208809,NW_023276807.1,1,206964247
75,Cited1,25,-0.0431051995423495,NC_048604.1,X,67993924
75,LOC107978125,26,-0.0428550991727648,NW_023276807.1,1,1388144
76,Sinhcaf,1,0.118692638960364,NC_048601.1,8,781690
76,Ipo8,2,0.109134052367162,NC_048601.1,8,883738
76,Gpd1,3,-0.107784496925683,NC_048595.1,2,396155050
76,S100a4,4,-0.102578937516669,NW_023276806.1,1,63942758
76,LOC103162784,5,-0.0851946530214531,NC_048595.1,2,449718394
76,LOC100757831,6,0.0807438029945417,NC_048601.1,8,96454
76,Ranbp3l,7,-0.0798410922442623,NC_048595.1,2,342635682
76,Resf1,8,0.0794980334909701,NC_048601.1,8,364059
76,Cavin4,9,-0.0786619112576439,NC_048595.1,2,94723721
76,Amn1,10,0.0772321786598085,NC_048601.1,8,534554
76,Aqp3,11,-0.0747810367919424,NC_048595.1,2,101495622
76,LOC100761692,12,0.0731341176187967,NC_048601.1,8,16903938
76,LOC118237690,13,-0.0713719868386037,NW_023276806.1,1,63937209
76,Aqp1,14,-0.0709613573714122,NC_048601.1,8,85972347
76,Pstpip1,15,-0.0699939767335516,NC_048597.1,4,167621945
76,Dennd5b,16,0.0657909917780594,NC_048601.1,8,634375
76,LOC107979337,17,-0.064741065414352,NW_023276807.1,1,155459065
76,LOC103160599,18,-0.0643464929011477,NC_048604.1,X,110671215
76,Slpi,19,-0.0639276684060435,NC_048599.1,6,15126790
76,Adh7,20,-0.0627471838481355,NW_023276806.1,1,21406075
76,LOC118237706,21,0.0623932062165028,NC_048601.1,8,54056
76,LOC100760951,22,-0.0609443518955202,NW_023276806.1,1,63384679
76,Etfbkmt,23,0.0606204887972268,NC_048601.1,8,561592
76,LOC100757534,24,-0.0582366225722931,NC_048596.1,3,55182398
76,Slc2a9,25,-0.0573190783732729,NW_023276807.1,1,107297537
76,LOC103163788,26,0.0568012551642564,NC_048598.1,5,17886006
76,Osr1,27,-0.0566385086735021,NC_048600.1,7,19889960
76,Cda,28,-0.0563609015439984,NC_048595.1,2,14988198
76,Thbs1,29,-0.0560498483899992,NC_048599.1,6,60390487
76,LOC100754872,30,-0.0556804829570629,NW_023276807.1,1,156999749
76,Pthlh,31,0.053877191236177,NC_048601.1,8,2431852
76,Star,32,-0.0538387499350019,NW_023276807.1,1,57978106
76,LOC118239359,33,-0.0536281691022215,NC_048603.1,10,25595906
76,LOC103158703,34,-0.0527577643322468,NC_048596.1,3,72598747
76,LOC118238272,35,0.0521645725585841,NC_048595.1,2,750025
76,Zc3h12d,36,-0.0507675548897194,NC_048595.1,2,280246763
76,LOC100754646,37,-0.0501485102953877,NW_023276806.1,1,63447403
76,Mcts1,38,-0.0500361737147852,NC_048604.1,X,28486490
76,LOC100768899,39,-0.0498823969077153,NC_048595.1,2,280983634
76,LOC107979615,40,-0.0495868959631884,NC_048595.1,2,233045531
76,LOC100763569,41,-0.0494929712975758,NC_048597.1,4,151454252
76,Col4a1,42,-0.0491287208594425,NW_023276807.1,1,69305537
76,Dpt,43,-0.0475174937817743,NC_048598.1,5,27552951
77,S100a16,1,0.157135177490287,NW_023276806.1,1,64009793
77,Adapt15,2,0.154056274361015,NC_048597.1,4,198443174
77,Ncam1,3,0.144892251935253,NC_048597.1,4,161286778
77,Ctsh,4,0.136274944243119,NC_048597.1,4,199386001
77,Adamts7,5,0.133915690554564,NC_048597.1,4,199490339
77,Cd7,6,-0.123608630049022,NC_048600.1,7,133513691
77,LOC100751053,7,0.111800556463824,NC_048597.1,4,162253090
77,C1qtnf5,8,0.107324030421244,NC_048597.1,4,155811231
77,Fabp4,9,0.105075144351503,NC_048595.1,2,137723467
77,Pirt,10,0.097087678004593,NC_048600.1,7,80795999
77,Slc35f2,11,0.0961149536013497,NC_048597.1,4,165495552
77,Efemp1,12,0.094696225447263,NW_023276807.1,1,78363346
77,Nppb,13,0.0942965158291956,NC_048595.1,2,8480530
77,Igf2bp2,14,0.081949199566323,NC_048597.1,4,66742574
77,Evl,15,0.0807847665213065,NC_048598.1,5,186085911
77,C1qtnf1,16,-0.0789043013515503,NC_048600.1,7,130975192
77,Col7a1,17,0.0766816319166097,NC_048597.1,4,217068431
77,LOC103160386,18,0.0760227242462262,NC_048595.1,2,293585605
77,Zbtb32,19,0.0751357291149232,NC_048602.1,9,5239057
77,Cfap99,20,-0.0742998672250859,NW_023276807.1,1,103282592
77,Clu,21,-0.0726791145601492,NW_023276807.1,1,220960688
77,Rarres2,22,0.0712746464965279,NC_048601.1,8,98691581
77,Kdelr3,23,0.0692330599821617,NC_048595.1,2,376685607
77,Rftn2,24,0.0682740982790987,NC_048595.1,2,409593676
77,LOC113835048,25,0.0642495596651615,NC_048596.1,3,279308392
77,Adam8,26,-0.0634205670454253,NC_048596.1,3,60960076
77,Col12a1,27,0.0623370041325739,NC_048597.1,4,190530489
77,Slc25a36,28,0.0611089516352893,NC_048597.1,4,205636008
77,LOC118239268,29,0.0608143664119819,NC_048601.1,8,3415336
77,LOC113834615,30,0.0607047317694021,NC_048596.1,3,168424119
77,LOC118238703,31,0.0605962409879433,NC_048597.1,4,202320326
77,Fgfr1,32,0.0593878869310711,NW_023276807.1,1,58203128
77,Cgnl1,33,-0.059073987760636,NC_048597.1,4,183139966
77,Cd36,34,0.0585677323136254,NW_023276806.1,1,176252535
77,Nrg4,35,-0.0581020542946526,NC_048597.1,4,166833081
77,LOC100768367,36,0.0575586673584281,NC_048596.1,3,40683614
77,Nppa,37,0.057392502687139,NC_048595.1,2,8467809
77,Peli2,38,0.0566018911848345,NW_023276807.1,1,204137871
77,LOC100755596,39,-0.0560607708259445,NC_048596.1,3,55308927
77,LOC100757920,40,0.0556645223419069,NW_023276807.1,1,155542513
77,Pik3ap1,41,0.0530815006877035,NC_048596.1,3,20173098
77,LOC113835995,42,0.0528170702597506,NC_048598.1,5,135044929
78,Fabp4,1,0.154858296884583,NC_048595.1,2,137723467
78,Sphk1,2,0.0818308475644856,NC_048600.1,7,129110436
78,LOC103158756,3,-0.0797738534832212,NC_048599.1,6,21482173
78,LOC103160587,4,0.0773140672302189,NC_048597.1,4,44552378
78,LOC103158561,5,0.070736416752291,NC_048595.1,2,9552891
78,Cavin4,6,-0.0699225836952926,NC_048595.1,2,94723721
78,Cidec,7,0.0692589876847999,NC_048601.1,8,31364535
78,LOC103159471,8,-0.0679008146335153,NC_048596.1,3,24866449
78,Sbsn,9,0.0642860819510809,NC_048602.1,9,5052967
78,Plac1,10,0.0642689118878211,NC_048604.1,X,16790803
78,LOC118239683,11,0.0635108769852551,NW_023276807.1,1,214981872
79,LOC118238844,1,0.122654062738393,NC_048598.1,5,178126388
79,LOC113835995,2,0.116655029915655,NC_048598.1,5,135044929
79,LOC113832785,3,0.114470019731553,NW_023276807.1,1,32613906
79,LOC113834022,4,0.114169973698659,NC_048595.1,2,203935520
79,LOC113837639,5,-0.106304781442375,NC_048602.1,9,5618232
79,LOC118239613,6,0.104736080291019,NW_023276807.1,1,32619435
79,LOC113834410,7,0.100918983416828,NC_048595.1,2,120202626
79,LOC113834411,8,0.0986492884273769,NC_048595.1,2,120197097
79,LOC118238207,9,0.0931620012617126,NC_048595.1,2,437064439
79,LOC118239448,10,0.0853263157924568,NW_023276806.1,1,91175648
79,LOC118239618,11,0.0809189149294589,NW_023276807.1,1,164169651
79,LOC113836194,12,-0.0758734217110191,NC_048598.1,5,101957312
79,LOC100751053,13,-0.0756731973575567,NC_048597.1,4,162253090
79,LOC118239124,14,0.0754608761661091,NC_048600.1,7,61780960
79,LOC113835850,15,0.0748308582958418,NC_048598.1,5,98582501
79,LOC113835040,16,0.0714907313631788,NC_048596.1,3,282784473
79,LOC113834408,17,0.0704487176705685,NC_048595.1,2,116395781
79,Fabp4,18,0.0690749244797603,NC_048595.1,2,137723467
79,LOC118239049,19,-0.0649290836687933,NC_048599.1,6,146729334
79,LOC118239683,20,-0.0628409083254672,NW_023276807.1,1,214981872
79,LOC107977836,21,-0.0617520697470868,NC_048597.1,4,128824762
79,LOC118239699,22,0.058145742595931,NW_023276807.1,1,196013385
79,LOC113837071,23,-0.0520300986214848,NC_048601.1,8,64123066
79,Spn,24,0.0507454541756731,NC_048596.1,3,73615356
79,LOC118238982,25,0.0493817163527063,NC_048598.1,5,178116682
79,LOC100769250,26,0.0474977683021207,NC_048596.1,3,181292503
79,LOC113834163,27,0.0473771941323102,NC_048595.1,2,315035892
79,Prxl2a,28,-0.0473451163700889,NW_023276807.1,1,179114373
79,LOC113833685,29,0.0469993943892559,NC_048598.1,5,31028623
79,LOC113837641,30,0.0463221902271741,NC_048602.1,9,5732351
79,LOC113833143,31,-0.0459166958790928,NW_023276806.1,1,68282971
79,LOC113832634,32,-0.0456020287298424,NC_048600.1,7,83514590
79,LOC113833011,33,0.0453960709877145,NC_048595.1,2,35264383
79,LOC113831885,34,0.0451303277420445,NC_048596.1,3,102909405
79,LOC113834419,35,0.0431583085332471,NC_048595.1,2,128205656
79,Trnap-agg_1,36,-0.0423236494862448,NW_023276806.1,1,198432447
80,LOC113833112,1,0.0592124055921936,NC_048595.1,2,413964466
80,Aqp1,2,-0.0585028844596441,NC_048601.1,8,85972347
80,Ccn2,3,0.0575710398718864,NC_048595.1,2,243783381
80,LOC113831885,4,-0.0566776439391121,NC_048596.1,3,102909405
80,Tnfrsf9,5,0.0548887935312903,NC_048595.1,2,5449338
80,Txnip,6,-0.0502859298968705,NW_023276806.1,1,59939849
80,LOC103163029,7,-0.0496405739421437,NC_048599.1,6,142271917
80,Il7r,8,0.0492927515195906,NC_048595.1,2,342895494
80,Ttc39a,9,-0.048206875618059,NC_048595.1,2,40380560
80,Mmp12,10,0.0456137861033247,NC_048597.1,4,121849979
80,LOC118238998,11,0.0452059322023235,NW_023276807.1,1,58660589
80,C6,12,0.0439381638945943,NC_048595.1,2,338785754
80,LOC113837166,13,0.0433104667068021,NC_048601.1,8,76769460
80,Plcb4,14,0.0432355190803035,NC_048599.1,6,42622253
80,Mir191,15,-0.0425142978987097,NC_048597.1,4,216745486
80,LOC103164390,16,-0.04212561498216,NC_048597.1,4,153121211
80,Cacnb4,17,-0.0412680824218098,NC_048599.1,6,121895952
80,Lgi4,18,-0.0404404290051206,NC_048602.1,9,4723987
80,Unc5a,19,-0.0401261404400327,NC_048596.1,3,273946264
80,Ankrd1,20,0.0395078370436204,NC_048596.1,3,25655699
80,Eif4e1b,21,-0.0392975004490296,NC_048596.1,3,273785806
80,F2rl2,22,0.0389556481317302,NC_048595.1,2,314376411
80,LOC113832956,23,0.0384574984506093,NW_023276806.1,1,118505371
80,Ranbp3l,24,0.0383918903015322,NC_048595.1,2,342635682
80,LOC103161682,25,0.0378998567293569,NC_048595.1,2,342664806
80,LOC113832571,26,-0.0377841591513678,NW_023276807.1,1,186429398
80,LOC118238392,27,0.0377594871316503,NC_048595.1,2,337470119
80,Tmem40,28,0.0376241623150514,NC_048601.1,8,29090522
80,LOC113835137,29,0.0372814070465532,NC_048596.1,3,197020764
80,LOC113832259,30,-0.037213358849531,NW_023276807.1,1,11625174
80,LOC113833012,31,-0.0371517773797005,NC_048595.1,2,35264008
80,Ankrd13b,32,-0.0368318406516631,NC_048600.1,7,90875230
80,LOC103162891,33,0.0367195611997951,NC_048600.1,7,130435979
80,LOC113831575,34,0.036632750181972,NC_048599.1,6,147789526
81,LOC113833009,1,0.0632482962045811,NC_048595.1,2,35262614
81,LOC107980199,2,0.0566600694642226,NW_023276806.1,1,12654586
81,LOC100773005,3,-0.0536586909532071,NW_023276806.1,1,21333259
81,Tfrc,4,0.0507418718674993,NC_048597.1,4,56929493
81,Ggt1,5,-0.0484048191302834,NW_023276806.1,1,263003735
81,Thbd,6,0.046302200496752,NC_048599.1,6,30603684
81,Ccl17,7,-0.0446335354503069,NC_048596.1,3,171013727
81,LOC113832632,8,-0.0431660955563233,NC_048600.1,7,82946366
81,Mir29c,9,0.0430011750914159,NC_048598.1,5,273114
81,LOC107978991,10,-0.0427242126705769,NC_048595.1,2,282843312
81,LOC100772378,11,-0.0402417881099149,NC_048601.1,8,15868223
81,LOC113835165,12,0.0400762421701006,NC_048597.1,4,128822434
81,Mmp10,13,0.0387134535741144,NC_048597.1,4,121939116
81,Pla2g2a,14,0.0386913082328258,NC_048595.1,2,14521849
81,LOC118239683,15,-0.0384863587013129,NW_023276807.1,1,214981872
81,LOC103160307,16,-0.0382236165360739,NC_048596.1,3,23775515
81,Aqp1,17,0.0377996140482626,NC_048601.1,8,85972347
81,Tfpi2,18,0.0371666512785952,NW_023276806.1,1,220872718
81,LOC113835117,19,-0.0368651404818141,NC_048598.1,5,124566020
81,Mir1956,20,-0.0366477963992003,NW_023276806.1,1,21052843
81,LOC100752547,21,-0.0365015540846857,NC_048595.1,2,376143806
81,Wdfy4,22,-0.0361038822416051,NW_023276807.1,1,186215732
81,Ccn2,23,-0.0360765570067474,NC_048595.1,2,243783381
81,Col12a1,24,-0.0357022578192493,NC_048597.1,4,190530489
81,Lpl,25,-0.0356640025652766,NW_023276806.1,1,245575832
81,LOC113834849,26,-0.0355790721748787,NC_048596.1,3,17438525
81,LOC113832687,27,-0.0351870878744813,NW_023276807.1,1,224050088
81,LOC107979589,28,-0.0349785247659975,NW_023276807.1,1,137666725
81,LOC113833675,29,0.0343248579398604,NC_048595.1,2,164920380
81,Mmp13,30,0.0338647455092702,NC_048597.1,4,121805002
81,Fabp4,31,0.0336451025012933,NC_048595.1,2,137723467
81,LOC113835185,32,-0.0333353748384532,NC_048597.1,4,198606725
81,Cracr2b,33,-0.0328058410868955,NC_048596.1,3,59718756
81,LOC103163375,34,-0.03262778598609,NC_048601.1,8,10932552
81,Trappc6a,35,-0.0323476302587372,NC_048602.1,9,27840638
81,LOC100773771,36,-0.0322762184477528,NC_048599.1,6,83933114
81,Mlf1,37,-0.0322380862405718,NW_023276806.1,1,85660693
81,Mapre3,38,-0.0321535496798536,NC_048600.1,7,13504734
81,LOC100757967,39,-0.0319081027242355,NC_048595.1,2,280506773
81,Srsf7,40,0.0319008608245749,NC_048600.1,7,3875111
81,LOC118238417,41,-0.031554055227075,NC_048595.1,2,398997520
81,LOC118239486,42,-0.0314400586666131,NW_023276806.1,1,198475070
81,Sema3c,43,-0.0312572673271284,NW_023276806.1,1,176367020
81,Fank1,44,-0.0312277927833022,NC_048596.1,3,66985866
81,Ankrd13b,45,-0.0311095290728633,NC_048600.1,7,90875230
81,LOC103161547,46,0.0309104983808589,NC_048595.1,2,23210457
82,LOC100757828,1,0.0870266349019749,NC_048596.1,3,123959367
82,LOC113834565,2,0.0869046368545236,NC_048596.1,3,73696016
82,LOC100755733,3,0.0780411885000587,NC_048599.1,6,73639041
82,LOC113837023,4,0.0755554755940932,NC_048601.1,8,41547107
82,LOC107977859,5,0.0741438228602709,NC_048597.1,4,89042669
82,LOC100755284,6,0.0667834426875425,NC_048600.1,7,90705927
82,S100a11,7,0.0665136591023281,NW_023276806.1,1,62509166
82,LOC113833490,8,0.0639946531933907,NW_023276806.1,1,41700545
82,LOC100753142,9,0.0629502039106766,NC_048604.1,X,74115820
82,LOC100756289,10,0.0625428647891273,NC_048604.1,X,74325190
82,LOC113833193,11,0.0618447276834911,NW_023276806.1,1,59997260
82,LOC103159947,12,0.0618209715586196,NC_048595.1,2,279456110
82,LOC100767038,13,0.0610917174671666,NC_048604.1,X,54377543
82,LOC100763702,14,0.057326138310632,NW_023276806.1,1,193273193
82,LOC100758567,15,0.0556420001702817,NC_048599.1,6,15091610
82,LOC100774879,16,0.0534148114003284,NW_023276806.1,1,67132097
82,LOC100752397,17,0.0526142161534879,NW_023276806.1,1,59604826
82,LOC100751955,18,0.0514255043216066,NC_048595.1,2,460289296
82,LOC100759247,19,0.0510039956725584,NC_048597.1,4,230384285
82,LOC107979073,20,0.0502420261037989,NW_023276807.1,1,11960322
82,LOC100770739,21,0.0494231823927503,NC_048595.1,2,378328411
82,LOC113832953,22,0.0486696232591951,NW_023276806.1,1,115643932
82,LOC100764007,23,0.0461143699607386,NC_048600.1,7,55870183
82,Mir191,24,-0.0456597132658616,NC_048597.1,4,216745486
82,LOC100772859,25,-0.0454326312970145,NC_048598.1,5,119790519
82,Tbc1d2b,26,-0.0449770910536633,NC_048597.1,4,199533206
82,LOC113831671,27,0.0448838154207865,NC_048596.1,3,2577997
82,LOC100756490,28,0.0447517599507179,NW_023276807.1,1,39286388
82,Ppdpf,29,0.0443253381484532,NC_048599.1,6,714749
82,Actg1_1,30,0.0441695536794374,NC_048601.1,8,58059255
82,LOC113836458,31,0.0436582708045138,NC_048599.1,6,48333705
82,LOC118238625,32,-0.0436421598110292,NC_048596.1,3,282054384
82,LOC100752071,33,0.0433024392926541,NW_023276806.1,1,51348114
82,LOC113837083,34,-0.0421709364837504,NC_048601.1,8,63583867
82,Upk1a,35,0.0421494148066148,NC_048602.1,9,5210935
82,LOC100754872,36,0.0419038010742668,NW_023276807.1,1,156999749
82,LOC113837276,37,0.0396351393033903,NC_048602.1,9,24205270
82,Exosc5,38,0.0396071265278395,NC_048602.1,9,9455349
82,LOC103160177,39,0.0384407156463915,NC_048600.1,7,13254560
82,LOC113834006,40,0.0384005866949374,NC_048595.1,2,58893559
82,LOC113837438,41,-0.0383466280436397,NC_048603.1,10,16579761
82,LOC100755794,42,0.0383326094887062,NC_048596.1,3,99379648
82,LOC100765930,43,-0.0378944429462664,NC_048599.1,6,78226115
82,LOC113837240,44,0.0378260890041351,NC_048602.1,9,23689254
82,LOC113835165,45,-0.0377685696599255,NC_048597.1,4,128822434
82,Taf10,46,0.0377555798271689,NC_048596.1,3,93959376
82,LOC113836319,47,-0.0373648697775906,NC_048599.1,6,153118872
82,LOC100764072,48,0.0372444019220689,NC_048595.1,2,164843309
82,LOC118237752,49,0.0367621718584528,NC_048601.1,8,58303367
82,Ndufa3,50,0.0367556899099537,NC_048602.1,9,21531900
82,Crtap,51,0.0364921536298915,NC_048597.1,4,221425800
82,LOC113836326,52,0.0364305555197821,NC_048599.1,6,154014071
82,G6pd,53,0.0361039787454687,NC_048604.1,X,1293500
82,Emc10,54,0.0359293666155652,NC_048599.1,6,153362141
82,Crip2,55,0.0358915780776143,NC_048598.1,5,180907734
82,LOC113831042,56,0.0358051063304568,NC_048598.1,5,149697763
82,Ube2c,57,0.0355869175524828,NC_048599.1,6,14655875
83,Cd36,1,0.107297014603674,NW_023276806.1,1,176252535
83,LOC118238412,2,-0.10465988457364,NC_048595.1,2,380142285
83,Myom1,3,0.101008126162057,NC_048595.1,2,459502323
83,LOC100751053,4,0.0885245246845862,NC_048597.1,4,162253090
83,LOC103162414,5,0.087814854874062,NC_048602.1,9,4740661
83,Cd9,6,0.0823764118397487,NC_048601.1,8,20949592
83,LOC103159353,7,-0.0795706123190693,NW_023276807.1,1,183092120
83,LOC100760951,8,0.0795606851087237,NW_023276806.1,1,63384679
83,LOC107979030,9,0.0753636864015885,NW_023276807.1,1,29635231
83,LOC100767818,10,0.074409639559502,NW_023276806.1,1,49150209
83,Fgf7,11,0.072495831781433,NC_048599.1,6,52460845
83,Papln,12,0.0681317736827061,NC_048598.1,5,119955933
83,LOC100767391,13,0.0660689089706051,NC_048597.1,4,117117121
83,LOC113834615,14,0.0650389447244494,NC_048596.1,3,168424119
83,LOC103163910,15,0.061714170329441,NC_048600.1,7,26026480
83,Lum,16,-0.0607242317046262,NW_023276806.1,1,163392996
83,Pde2a,17,0.0605588137220685,NC_048596.1,3,97986276
83,Ldha,18,-0.0605156916804549,NC_048596.1,3,145001207
83,Calcr,19,0.060303699814868,NW_023276806.1,1,221083323
83,Col4a1,20,0.0602530556959961,NW_023276807.1,1,69305537
83,Spn,21,0.0601901060146938,NC_048596.1,3,73615356
83,Arhgef16,22,0.0596369140366905,NC_048595.1,2,2007511
83,Pcgf6,23,0.0593929131824564,NC_048596.1,3,14498086
83,Lmo7,24,0.0593141181120972,NW_023276807.1,1,253470956
83,LOC103159579,25,0.0590327576571816,NC_048595.1,2,455547684
83,Mroh2b,26,0.0586060737888583,NC_048595.1,2,338916311
83,LOC103161223,27,0.0573677866377012,NC_048595.1,2,443882681
83,LOC100768826,28,0.0571684792563664,NC_048600.1,7,63534526
83,LOC113830878,29,-0.0568667225546312,NC_048601.1,8,2348886
83,Sulf2,30,-0.055079235625242,NC_048599.1,6,13266048
83,Aqp1,31,0.0535351932446944,NC_048601.1,8,85972347
83,Pstpip1,32,0.0534162861322773,NC_048597.1,4,167621945
83,Ccbe1,33,-0.0534057595968759,NC_048595.1,2,173042610
83,Cgnl1,34,0.0527598582346193,NC_048597.1,4,183139966
83,Rarres2,35,-0.0527054277302128,NC_048601.1,8,98691581
83,LOC103163237,36,0.0523463787155204,NC_048597.1,4,27685839
83,LOC103162356,37,-0.0520897038438233,NC_048600.1,7,20440331
83,LOC100768211,38,0.051590529329031,NC_048595.1,2,36740039
83,Lat2,39,0.0509906569853977,NC_048597.1,4,113688211
83,LOC113836427,40,-0.0506335530731126,NC_048599.1,6,85867528
83,LOC118238522,41,0.0499563803364042,NC_048596.1,3,14080108
83,LOC103160574,42,0.0498797865743895,NC_048596.1,3,4093477
83,Cd7,43,0.0494873907940804,NC_048600.1,7,133513691
83,Fes,44,0.0493303726349188,NC_048596.1,3,117217773
83,LOC100754807,45,0.0491171911259846,NC_048598.1,5,99223137
83,LOC103163788,46,0.0486605424233151,NC_048598.1,5,17886006
83,Antxr1,47,-0.0482364320642293,NC_048601.1,8,55993491
84,Hmgcs1,1,0.112100363676413,NC_048595.1,2,337097439
84,Idi1,2,0.0896358865938586,NC_048596.1,3,233183392
84,Mvd,3,0.0864392206856905,NC_048596.1,3,199082010
84,Msmo1,4,0.0818336938859413,NW_023276806.1,1,242001277
84,Insig1,5,0.0726519790844541,NC_048601.1,8,94613073
84,Lss,6,0.0725755918867642,NW_023276806.1,1,262176027
84,Hmgcr,7,0.0695814014280403,NC_048595.1,2,315334995
84,LOC100761946,8,0.0668215186365717,NC_048595.1,2,337079410
84,LOC100760000,9,0.0652440624922253,NC_048595.1,2,288105841
84,LOC100689270,10,0.0620440837998719,NC_048597.1,4,152448062
84,Ebp,11,0.0608360192413747,NC_048604.1,X,114668493
84,Fdps,12,0.0579277517104951,NW_023276806.1,1,65442852
84,LOC113832632,13,-0.0562251645922044,NC_048600.1,7,82946366
84,LOC113832752,14,-0.0557688458105143,NW_023276807.1,1,143653031
84,LOC113831476,15,0.0554568588354593,NC_048596.1,3,51370752
84,Hsd17b7,16,0.0544402850168184,NC_048598.1,5,22817356
84,Fdft1,17,0.0539671274008998,NW_023276807.1,1,218183894
84,Ldlr,18,0.0538901460540964,NC_048597.1,4,134606322
84,LOC113833674,19,-0.0519220755244969,NC_048595.1,2,164919581
84,Sc5d,20,0.0515307780079815,NC_048597.1,4,153938636
84,LOC113832635,21,0.0515033435200545,NW_023276806.1,1,220758735
84,Sqle,22,0.0513474583445634,NC_048603.1,10,28317255
84,LOC118238818,23,-0.0510947883379337,NC_048598.1,5,2975757
84,Rdh11,24,0.0507157864510717,NC_048598.1,5,124446255
84,Dhcr24,25,0.0502548710589519,NC_048595.1,2,43233853
84,Pirt,26,0.0490264358507708,NC_048600.1,7,80795999
84,LOC113833143,27,-0.0485047463052022,NW_023276806.1,1,68282971
84,Acss2,28,0.0483244338949949,NC_048599.1,6,24076667
84,LOC100689269,29,0.0478746016217801,NC_048597.1,4,152447657
84,LOC113836325,30,0.0472376444458898,NC_048599.1,6,154014866
84,Mirlet7b,31,-0.0467354959212934,NC_048595.1,2,382522427
84,LOC100762189,32,0.0462363145488015,NW_023276806.1,1,222279864
84,Mirlet7c-2,33,-0.0461853633950517,NC_048595.1,2,382521726
84,Shisa4,34,0.0456016038106315,NC_048598.1,5,53876457
84,Mir191,35,-0.0451908710809946,NC_048597.1,4,216745486
84,Ddit4,36,0.0447423681803108,NW_023276807.1,1,1380280
84,Nsdhl,37,0.0442895315318249,NC_048604.1,X,2724808
84,Lpin1,38,0.043865969934635,NC_048600.1,7,25763550
84,Mirlet7f,39,-0.0433368189155672,NC_048596.1,3,268320510
85,LOC100750890,1,0.0840258512230171,NC_048596.1,3,17267051
85,Syt9,2,-0.0693913371160559,NC_048596.1,3,92725144
85,LOC118239682,3,0.0669938379744904,NW_023276807.1,1,210242411
85,Ranbp3l,4,0.0663250051024903,NC_048595.1,2,342635682
85,LOC118238251,5,-0.0652359240924709,NC_048595.1,2,340710003
85,LOC103162230,6,-0.0620906703973151,NC_048597.1,4,50397554
85,Izumo1,7,0.0601022002546551,NC_048599.1,6,154525201
85,Spn,8,0.0600476586106149,NC_048596.1,3,73615356
85,Gpr160,9,0.0597093255273597,NW_023276806.1,1,119541899
85,Ggt1,10,-0.059111646970162,NW_023276806.1,1,263003735
85,LOC107979210,11,-0.0570747638186259,NW_023276806.1,1,206915182
85,LOC103159449,12,-0.0560299812459629,NC_048597.1,4,33997738
85,Xpnpep2,13,0.0544483574433695,NC_048604.1,X,21303916
85,Synpr,14,-0.0538994990697403,NW_023276807.1,1,171273359
85,LOC113834403,15,-0.0538525014881375,NC_048595.1,2,106628517
85,LOC100772326,16,0.0530238285463878,NW_023276807.1,1,163704578
85,LOC103162671,17,-0.0524139812084851,NW_023276807.1,1,237084361
85,LOC113833429,18,-0.0517501383737459,NW_023276806.1,1,272419609
85,LOC107977581,19,-0.0499432973324269,NC_048596.1,3,33899771
85,LOC113835715,20,-0.0495294344723752,NC_048598.1,5,148211787
85,LOC118239130,21,0.0484090316529492,NC_048600.1,7,134321011
85,Thbs1,22,-0.0480950565291095,NC_048599.1,6,60390487
85,LOC118239591,23,-0.0479696521525071,NW_023276806.1,1,206912486
85,Tinag,24,-0.0474856609180213,NC_048597.1,4,188098403
85,Slpi,25,-0.0473894890557634,NC_048599.1,6,15126790
85,LOC107980044,26,-0.0467053274987032,NC_048597.1,4,12345676
85,LOC100751987,27,0.0466609721291917,NC_048600.1,7,133546796
85,LOC107979861,28,-0.0457599458806402,NC_048601.1,8,10089181
86,LOC118237644,1,0.124060813935507,NW_023276806.1,1,60098085
86,LOC113835234,2,0.110583792438338,NC_048597.1,4,176811001
86,LOC113836118,3,0.0939749581230374,NC_048598.1,5,21421316
86,LOC113835822,4,0.0922302523576052,NC_048598.1,5,2471933
86,LOC113835235,5,0.0880763089744169,NC_048597.1,4,176806030
86,LOC113836222,6,0.0792923036757533,NC_048598.1,5,147573323
86,LOC113832418,7,0.0786639180202502,NW_023276807.1,1,86218080
86,LOC100689269,8,0.0784728007466058,NC_048597.1,4,152447657
86,LOC113833054,9,0.0778212987642091,NW_023276806.1,1,158729099
86,LOC113831079,10,0.0762732297408333,NC_048599.1,6,139224351
86,LOC113833645,11,0.0757511769171145,NC_048595.1,2,380046035
86,LOC113831025,12,0.0738266966842429,NC_048600.1,7,114654121
86,LOC113835510,13,0.0734397017745114,NC_048597.1,4,97870482
86,LOC113830963,14,0.0716287555769483,NC_048599.1,6,143957296
86,LOC113836845,15,0.0712965665554848,NC_048600.1,7,100635975
86,LOC113832209,16,0.0707260953509475,NW_023276807.1,1,207297256
86,LOC113832306,17,0.0705131104174763,NW_023276807.1,1,8687365
86,LOC113835967,18,0.0702379896832621,NC_048598.1,5,46664105
86,LOC113831474,19,0.0700886570335179,NC_048596.1,3,51368969
86,LOC113833147,20,0.0697119240095151,NW_023276806.1,1,65843881
86,LOC113832412,21,0.0691684848177206,NW_023276807.1,1,98253355
86,LOC113833020,22,0.0684264224562832,NC_048595.1,2,35227083
86,LOC113836666,23,0.0681281489375012,NC_048600.1,7,44113137
86,LOC113831513,24,0.0669715407662144,NW_023276806.1,1,35011432
86,LOC113835498,25,0.0668877191086788,NC_048597.1,4,95573463
86,LOC113833578,26,0.0667921807510637,NC_048598.1,5,61426260
86,LOC113830994,27,0.0666725982527952,NC_048597.1,4,82671556
86,LOC113834710,28,0.0663614948984448,NC_048596.1,3,171938061
86,LOC113835513,29,0.0649060580885936,NC_048597.1,4,95574534
86,LOC100689270,30,0.0646291269030032,NC_048597.1,4,152448062
86,LOC113833017,31,0.063846216780117,NC_048595.1,2,35191053
87,Isg15,1,0.21724227812136,NC_048595.1,2,122790
87,LOC100764653,2,0.189416325558761,NC_048597.1,4,565802
87,LOC100763130,3,0.187988422211498,NC_048598.1,5,191189732
87,LOC100773381_1,4,0.16150727510433,NC_048596.1,3,27205320
87,LOC100772509,5,0.160076042299559,NC_048596.1,3,27054887
87,Ifit2,6,0.157393146775705,NC_048596.1,3,27215035
87,LOC100773381,7,0.154202030715095,NC_048596.1,3,27106847
87,LOC100767734,8,0.145656342563845,NC_048595.1,2,374751226
87,LOC113834739,9,0.144952601032524,NC_048596.1,3,27095628
87,LOC100761048,10,0.14297580323716,NC_048597.1,4,100778208
87,Cxcl10,11,0.130542200457399,NW_023276807.1,1,157135471
87,Irf7,12,0.119258997428826,NC_048596.1,3,59920909
87,Rtp4,13,0.116796483401233,NC_048597.1,4,65298461
87,Usp18,14,0.115176250766918,NC_048601.1,8,23639597
87,LOC100762377,15,0.110679006739346,NC_048595.1,2,178937423
87,LOC100774966,16,0.107999719266702,NC_048597.1,4,94488079
87,LOC100767905,17,0.10791692368763,NC_048597.1,4,100599059
87,LOC100762031,18,0.106642975346587,NC_048597.1,4,467927
87,Gbp5,19,0.0966326850819773,NW_023276806.1,1,17254913
87,LOC100762389,20,0.0931804551657942,NC_048596.1,3,95189074
87,LOC118238892,21,0.0876117623195648,NC_048598.1,5,29327672
87,Herc6,22,0.0875121541879237,NC_048601.1,8,83769465
87,LOC100771979,23,0.0864494389788124,NC_048600.1,7,63562214
87,Oas2,24,0.0862468168792548,NC_048597.1,4,100540490
87,LOC100758111,25,0.0849839919171928,NC_048595.1,2,374645725
87,LOC100768312,26,0.0847194185626589,NC_048596.1,3,51826453
87,LOC100769624,27,0.082608788231006,NC_048597.1,4,100625426
87,Ube2l6,28,0.0815215777902776,NC_048599.1,6,90725220
87,LOC100768530,29,0.0809287659058266,NC_048600.1,7,63514851
87,LOC100762860,30,0.0807219299648839,NW_023276806.1,1,16550762
87,Pla2g5,31,0.0806885872594552,NC_048595.1,2,14531874
87,Ifi35,32,0.0803300349110618,NC_048600.1,7,114491723
87,LOC100754939,33,0.0791823577816046,NC_048600.1,7,72263719
87,Cxcl11,34,0.0790772015154894,NW_023276807.1,1,157153135
87,LOC100753152,35,0.0782273197991485,NC_048600.1,7,96465799
87,LOC100770794,36,0.077123363825502,NC_048597.1,4,100789237
87,LOC100758550,37,0.0735066482854904,NC_048598.1,5,19375414
87,Ddx60,38,0.0734053666861941,NW_023276806.1,1,239648753
87,Ifi44l_1,39,0.0726370804677597,NW_023276826.1,U,29895
87,Tnfsf10,40,0.0720405999661102,NW_023276806.1,1,121691716
87,LOC100750637,41,0.0712377838097742,NC_048595.1,2,437347259
87,Rsad2,42,0.0712054464140787,NC_048600.1,7,29190478
87,LOC100774003,43,0.0708616409860909,NW_023276807.1,1,76278875
87,Uba7,44,0.07060226339842,NC_048597.1,4,216168933
87,LOC100765968,45,0.068777495116089,NW_023276806.1,1,17150522
87,Ccl5,46,0.0683424108400185,NC_048600.1,7,96771545
87,LOC103164543,47,0.067270208203051,NC_048597.1,4,53701626
87,LOC100755228,48,0.0662605780110817,NC_048600.1,7,72278381
87,LOC100750669,49,0.0651225249160685,NC_048598.1,5,19426694
87,LOC100767358,50,0.0641273090091497,NC_048596.1,3,27025296
87,Xaf1,51,0.0638990907474575,NC_048600.1,7,86142077
87,Cxcl9,52,0.0629467883802932,NW_023276807.1,1,157119427
87,Samhd1,53,0.0619288455859177,NC_048599.1,6,22437582
87,LOC100772719,54,0.0614978566934689,NC_048596.1,3,95145908
87,Parp14,55,0.061399994891718,NC_048597.1,4,53789471
88,LOC113838060,1,0.0825275891600087,NW_023277222.1,U,1098
88,Trnal-cag_5,2,-0.0787461025185974,NC_048598.1,5,21764144
88,Trnar-ucg_3,3,-0.0782025555816274,NC_048596.1,3,244822631
88,Trnav-aac_10,4,-0.0770253353329609,NC_048600.1,7,63481329
88,Trnas-gcu_2,5,-0.0758935354539205,NC_048596.1,3,243810943
88,Trnal-cag_4,6,-0.0712842208315714,NC_048598.1,5,21758568
88,Trnaq-cug_7,7,-0.0712410320494983,NC_048596.1,3,244330821
88,LOC113836222,8,0.0700693051192129,NC_048598.1,5,147573323
88,LOC113835720,9,-0.069909117348164,NC_048598.1,5,147588665
88,Trnav-uac_1,10,-0.0693265714279682,NC_048596.1,3,48564686
88,Trnay-gua_9,11,-0.0684157852286567,NC_048600.1,7,13487843
88,Trnaf-gaa_7,12,-0.0669395944756788,NC_048598.1,5,101042602
88,Trnar-acg_5,13,-0.0668432152943492,NC_048597.1,4,230453476
88,Trnal-uaa_1,14,-0.0668385745751827,NC_048596.1,3,48565738
88,Trnae-cuc_10,15,-0.0661917551264434,NC_048598.1,5,21765967
88,Trnai-uau_2,16,-0.065876380807521,NC_048596.1,3,244588975
88,Trnal-aag_3,17,-0.0656966663443339,NC_048598.1,5,21774070
88,Trnar-ccu_4,18,-0.065539920390991,NC_048600.1,7,128017075
88,Trnav-cac,19,-0.0642807189103719,NW_023276806.1,1,60174799
88,Trnas-gcu_4,20,-0.0638288925767163,NC_048596.1,3,244407196
88,Trnav-cac_3,21,-0.0637346825340217,NC_048596.1,3,244379578
88,LOC118237644,22,0.0629183362966993,NW_023276806.1,1,60098085
88,Trnay-gua_1,23,-0.0616339776597001,NC_048595.1,2,150889900
88,Mir1973,24,-0.0613470354175869,NC_048603.1,10,16495623
88,Trnar-ucg,25,-0.0612425085272047,NC_048596.1,3,118138904
88,Trnav-aac_8,26,-0.0604811225183129,NC_048596.1,3,244690246
88,Trnas-uga,27,-0.0600006160429748,NW_023276806.1,1,273480151
88,Trnan-guu_14,28,-0.0594911289970351,NC_048600.1,7,110853478
88,Trnav-cac_6,29,-0.0593911162037732,NC_048596.1,3,244742295
88,Trnal-uag_1,30,-0.0576257871765646,NC_048596.1,3,35846199
88,Trnav-aac_9,31,-0.0573069318074378,NC_048596.1,3,244698640
88,Trnav-uac,32,-0.0569803771601975,NC_048596.1,3,48564373
88,LOC113838061,33,0.0565819546648047,NW_023277222.1,U,2381
88,Trnay-gua_7,34,-0.0565151600371995,NC_048596.1,3,244723518
88,Trnar-ucg_1,35,-0.0564595779726326,NC_048596.1,3,243625502
88,Trnai-uau_4,36,-0.0564463567807791,NC_048602.1,9,7516162
88,Trnav-cac_5,37,-0.0564419470992455,NC_048596.1,3,244703820
88,LOC113839000,38,0.0562425894591128,NW_023276990.1,U,44672
88,Trnar-ucu,39,-0.0558875311900227,NW_023276806.1,1,36228858
88,Trnap-ugg_4,40,-0.055750377990934,NC_048600.1,7,43076937
88,Trnar-ccu_5,41,-0.0554781837301819,NC_048600.1,7,128017361
88,Rn5-8s,42,0.0553371099215796,NW_023276990.1,U,11530
88,Trnal-aag_1,43,-0.0545182788953829,NC_048596.1,3,79738602
88,Trnas-aga_5,44,-0.0539264651829238,NC_048596.1,3,244795527
88,Trnas-gcu_6,45,-0.0537719217391012,NC_048599.1,6,59460994
88,Trnah-gug_6,46,-0.0532656531923426,NW_023276806.1,1,60118177
88,Trnah-gug,47,-0.0527811049489497,NW_023276806.1,1,59988122
88,Trnar-acg_2,48,-0.0524841167923366,NC_048596.1,3,244364589
88,Trnal-caa_2,49,-0.0518754536120909,NC_048596.1,3,244252167
88,Trnap-cgg_1,50,-0.0517668160596303,NC_048600.1,7,43068123
88,Trnaa-agc_8,51,-0.0513492129629294,NC_048596.1,3,244594663
88,Trnas-gcu_7,52,-0.0512834656788392,NC_048600.1,7,82937119
88,LOC113836221,53,0.050914515350241,NC_048598.1,5,147572286
88,Trnat-agu,54,-0.0506344636390281,NC_048596.1,3,243599924
88,Trnai-aau_8,55,-0.0506018848420271,NC_048596.1,3,244689317
88,Trnal-cag_2,56,-0.0503130890339909,NC_048596.1,3,170932098
88,Trnas-gcu_3,57,-0.0500776142475239,NC_048596.1,3,244328440
88,Trnai-uau_1,58,-0.0499745583301328,NC_048596.1,3,244237200
88,Trnaa-agc_12,59,-0.0496505931630337,NC_048596.1,3,244698438
88,LOC113836915,60,0.0496129239037293,NC_048600.1,7,116455975
88,Trnar-ccg,61,-0.0495808272324047,NC_048596.1,3,243565417
88,LOC113831802,62,0.0493326393412618,NC_048598.1,5,147607322
88,Trnas-uga_1,63,-0.0492791283603381,NC_048596.1,3,244264019
88,Trnal-uaa,64,-0.0492491276826939,NC_048595.1,2,275950107
88,Agt,65,0.048871967311959,NC_048596.1,3,201284400
88,Trnai-aau_5,66,-0.0487822138923165,NC_048596.1,3,244621461
88,Trnaw-cca_3,67,-0.0485702709815529,NC_048600.1,7,75408007
88,Trnai-aau_3,68,-0.0485507860475766,NC_048596.1,3,244216327
88,Trnav-cac_7,69,-0.0484597060876472,NC_048598.1,5,21754487
88,Trnak-cuu_31,70,-0.0484374980770463,NC_048596.1,3,244727567
88,Trnai-aau_6,71,-0.0483825557544217,NC_048596.1,3,244635849
88,Trnas-cga,72,-0.0482191859154232,NW_023276806.1,1,129436283
88,Trnaf-gaa_3,73,-0.0479834658602542,NC_048596.1,3,243511006
89,Cxcl1,1,0.182750157657372,NW_023276807.1,1,155673934
89,Csf3,2,0.151921532843242,NC_048600.1,7,111784341
89,Csf2,3,0.107457313043997,NC_048600.1,7,68427077
89,Slpi,4,0.10261319901195,NC_048599.1,6,15126790
89,Mmp13,5,0.102148640189953,NC_048597.1,4,121805002
89,LOC100763833,6,0.0923441678044107,NC_048600.1,7,95468788
89,LOC113834379,7,0.0919105473246142,NC_048595.1,2,90533227
89,Mmp12,8,0.0914832779157495,NC_048597.1,4,121849979
89,Snord14e,9,-0.0910282912187948,NC_048597.1,4,152448829
89,Mmp10,10,0.0883346087412904,NC_048597.1,4,121939116
89,Cxcl9,11,0.0864655404408541,NW_023276807.1,1,157119427
89,Ptgs2,12,0.0820187401654378,NC_048598.1,5,41410101
89,Ier3,13,0.0804992840272273,NW_023276806.1,1,229728760
89,C3,14,0.07489004298543,NC_048598.1,5,96252915
89,Dcn,15,0.0748237959266244,NW_023276806.1,1,163323235
89,Sod2,16,0.0744189319623699,NC_048595.1,2,288053207
89,Mmp3,17,0.0734561922454721,NC_048597.1,4,121905913
89,Cxcl3,18,0.0717204667650513,NW_023276807.1,1,155559516
89,Hcar2,19,0.0698477120710575,NC_048597.1,4,103604200
89,Nfkbia,20,0.0683599217992183,NC_048598.1,5,146914959
89,LOC100689270,21,-0.0647735403789788,NC_048597.1,4,152448062
89,Nfkbiz,22,0.0645483514481868,NC_048597.1,4,36214105
89,Ccl20,23,0.0623743783906476,NC_048595.1,2,435457789
89,LOC100762860,24,0.0616802659553333,NW_023276806.1,1,16550762
89,Zc3h12a,25,0.0612748853749757,NC_048595.1,2,27930079
89,LOC100775082,26,-0.0608579778667706,NC_048600.1,7,43550486
89,Rpe65,27,0.0604137096001299,NW_023276806.1,1,327075
89,C1s,28,0.056560711251894,NC_048601.1,8,21762380
90,LOC113832477,1,0.123303445802483,NW_023276806.1,1,230175274
90,Scand1,2,0.103469290249515,NC_048599.1,6,23288496
90,LOC113833009,3,0.0903006301732965,NC_048595.1,2,35262614
90,Rn45s,4,0.0884801806018512,NC_048600.1,7,134357488
90,LOC113838089,5,0.0836762491595442,NW_023276947.1,U,44930
90,Fkbpl,6,0.0833098019287493,NW_023276806.1,1,231267498
90,LOC100757684,7,0.0792783191940502,NC_048601.1,8,12217897
90,LOC113839000,8,0.0782008470872717,NW_023276990.1,U,44672
90,LOC113837240,9,0.0761922971282291,NC_048602.1,9,23689254
90,LOC113834557,10,0.07604829945753,NC_048596.1,3,73454298
90,Bola1,11,0.0742674225472663,NW_023276806.1,1,60326845
90,Socs1,12,0.0741435065064445,NC_048600.1,7,35979655
90,Cebpd,13,0.0739833250326758,NC_048597.1,4,73611174
90,Tpgs1,14,0.0739529073515463,NC_048598.1,5,100476043
90,LOC113835857,15,0.0736386244679239,NC_048598.1,5,169991602
90,LOC113837845,16,0.0728642821193974,NW_023277415.1,U,60131
90,LOC113835059,17,0.0717408779467519,NC_048596.1,3,274451401
90,LOC113836427,18,0.0715746462725787,NC_048599.1,6,85867528
90,LOC113838539,19,0.0704625202497907,NW_023276919.1,U,9912854
90,LOC113836920,20,0.0685019529026038,NC_048600.1,7,119454319
90,LOC113833392,21,0.068251340472211,NW_023276806.1,1,248306499
90,LOC113835615,22,0.0679633565378891,NC_048597.1,4,230173234
90,LOC113838541,23,0.0671910594957816,NW_023276919.1,U,9897515
90,LOC113838537,24,0.0647570689372772,NW_023276919.1,U,9878922
90,Junb,25,0.0646705863301888,NC_048596.1,3,159387536
90,LOC113837250,26,0.0643201285291836,NC_048602.1,9,23426649
90,LOC113838852,27,0.0630298239994685,NW_023277415.1,U,10421
90,LOC113836998,28,0.0626533945750021,NC_048601.1,8,55346997
90,Ier2,29,0.061334315954519,NC_048596.1,3,159711733
90,LOC118238159,30,0.0601710022803525,NC_048595.1,2,19015179
90,LOC113832491,31,0.0599471660085046,NW_023276806.1,1,231429388
90,LOC113836680,32,0.0599144229001871,NC_048600.1,7,132607814
90,LOC118239828,33,0.0590927114339956,NW_023277415.1,U,59117
90,LOC113832527,34,0.0589582375928519,NW_023276806.1,1,232091965
90,Rn28s1,35,0.0583089871634932,NW_023276990.1,U,41594
90,LOC113836270,36,0.0579910417177589,NC_048599.1,6,100381838
90,Cd99,37,0.0576540884140928,NW_023277415.1,U,377
90,Ier5l,38,0.0562145114563753,NC_048599.1,6,142141102
90,LOC113835924,39,0.0558029645945825,NC_048598.1,5,85809795
90,Znf524,40,0.0554468292502917,NC_048602.1,9,23650971
90,Ccdc85b,41,0.055420634250552,NC_048596.1,3,53883863
90,Eva1b,42,0.0546029600139692,NC_048595.1,2,26895601
90,LOC100752159,43,0.0545202108112368,NC_048596.1,3,15441201
90,LOC113837275,44,0.054331722119746,NC_048602.1,9,24167377
90,LOC118239111,45,0.0533874887887404,NC_048599.1,6,102174952
90,LOC100752453,46,0.0533342504021608,NC_048596.1,3,15265201
90,LOC100757772,47,0.0532209171853053,NW_023276806.1,1,60277181
90,LOC113837276,48,0.0528570622698219,NC_048602.1,9,24205270
90,Spp1,49,-0.0525006709234403,NW_023276807.1,1,166251805
90,LOC100770030,50,0.0522910863849273,NC_048602.1,9,15630708
90,LOC103160498,51,0.0521552842768483,NC_048598.1,5,96935750
91,LOC100768921,1,0.0835318561073086,NW_023276806.1,1,189740239
91,Gad1,2,0.0602605239091745,NC_048599.1,6,104593060
91,LOC113833012,3,0.0546644950182103,NC_048595.1,2,35264008
91,LOC113830966,4,-0.0507781722134253,NC_048604.1,X,1446116
91,Prodh,5,0.0496784061143364,NC_048597.1,4,71175995
91,Anp32b,6,0.0487778986036624,NC_048595.1,2,96950652
91,Lsm4,7,0.0479802135278967,NW_023276806.1,1,248324200
91,Fabp4,8,0.0478533739636473,NC_048595.1,2,137723467
91,Gad2,9,0.0444038302875958,NC_048596.1,3,211478061
91,Hnrnpc,10,0.0439748820205718,NW_023276807.1,1,207148312
91,LOC113832500,11,-0.0437111081043678,NW_023276806.1,1,231483722
91,LOC100768273,12,-0.043170050933563,NC_048595.1,2,180027579
91,LOC100760278,13,0.0425359999005137,NC_048604.1,X,108842799
91,LOC113831372,14,-0.0415734335006171,NC_048600.1,7,91574932
91,Rps26,15,0.0412951522637828,NW_023276806.1,1,129282851
91,Nupr1,16,0.0412594836833413,NC_048596.1,3,74156692
91,LOC100757586,17,0.0410736679143484,NC_048595.1,2,274847631
91,LOC100765693,18,-0.0408529648867338,NC_048600.1,7,101958627
91,Prodh2,19,0.0405825843833102,NC_048602.1,9,5323430
92,Pltp,1,0.0726020218271355,NC_048599.1,6,14569334
92,Spp1,2,0.0606660102098708,NW_023276807.1,1,166251805
92,Serpinf1,3,0.0598377486725313,NC_048600.1,7,88859911
92,Gpnmb,4,0.0583818436473073,NC_048601.1,8,92295270
92,Aebp1,5,0.0583071365225187,NW_023276807.1,1,98964121
92,B2m,6,0.0562845400949163,NC_048599.1,6,56286745
92,Ctsa,7,0.0545598791410993,NC_048599.1,6,14586915
92,Itm2b,8,0.0532291899404653,NW_023276807.1,1,227861136
92,Rnaset2,9,0.0529418192136073,NC_048595.1,2,292418959
92,LOC100768693,10,0.0521213319669738,NC_048596.1,3,281976547
92,Pros1,11,0.0513454092639114,NC_048597.1,4,30268288
92,Sparc,12,0.050966267713948,NC_048600.1,7,69583734
92,Qsox1,13,0.0502645330602262,NC_048598.1,5,35949770
92,Sbsn,14,0.0501113738305592,NC_048602.1,9,5052967
92,Ctsb,15,0.0496372556779604,NW_023276807.1,1,218159341
93,Mir632,1,0.0959125745366061,NC_048600.1,7,93838790
93,Gja1,2,0.0681771872441844,NC_048595.1,2,253054718
93,Chtf8,3,0.0677854179281553,NC_048596.1,3,183201258
93,Ccnd1,4,0.0613949066412793,NC_048596.1,3,56401678
93,Mir1306,5,0.0612934597595145,NC_048597.1,4,70977452
93,Elovl5,6,0.0606976543332977,NC_048597.1,4,188987930
93,LOC113833675,7,0.0548376418332928,NC_048595.1,2,164920380
93,LOC113836194,8,0.0531124491900948,NC_048598.1,5,101957312
93,Ldlr,9,0.0512545898489252,NC_048597.1,4,134606322
93,LOC113830746,10,0.0505174236866261,NC_048595.1,2,200845846
93,Furin,11,0.0495020679495998,NC_048596.1,3,117206778
93,Gnai3,12,0.0493043895570599,NW_023276806.1,1,48992574
93,B4galt5,13,0.049069204316211,NC_048599.1,6,12078030
94,LOC100772378,1,0.0600995366171138,NC_048601.1,8,15868223
94,Spn,2,0.0579884522617085,NC_048596.1,3,73615356
94,LOC107978244,3,0.0566658446965117,NC_048597.1,4,168970104
94,LOC113837454,4,0.0564289747032034,NC_048603.1,10,25419875
94,Klhl13,5,0.051419782798069,NC_048604.1,X,31104901
94,LOC113836220,6,0.0472854958971468,NC_048598.1,5,143156548
94,Gja8,7,0.0471700964959254,NW_023276806.1,1,59571884
94,LOC118239720,8,0.0462667669738454,NW_023276807.1,1,102268479
94,Gabrp,9,0.0457539020978728,NC_048600.1,7,48725253
94,LOC100766081,10,0.0454295408188878,NC_048597.1,4,45488253
94,LOC107978529,11,0.0446616162632157,NW_023276806.1,1,261666024
94,Cfap300,12,0.0444934922061577,NC_048597.1,4,122406515
94,Cfap92,13,0.0441208105706734,NC_048601.1,8,55597623
94,LOC103161182,14,0.0438487438361087,NW_023276807.1,1,101819380
94,LOC103164148,15,-0.0436339688206327,NC_048595.1,2,399355587
94,Ggt1,16,-0.0431950318275308,NW_023276806.1,1,263003735
94,LOC118239187,17,0.0419327462059634,NW_023276806.1,1,59576452
94,Fn3k,18,0.041889712633729,NC_048600.1,7,133886710
94,LOC100758108,19,0.0409266257165319,NC_048604.1,X,112170643
94,LOC107978255,20,0.0400314083675969,NC_048595.1,2,322806488
94,Trnar-acg_5,21,0.0399817469955108,NC_048597.1,4,230453476
94,Trnay-gua_4,22,0.0399148743312308,NC_048596.1,3,244716130
94,LOC107979479,23,0.0395404319562136,NW_023276806.1,1,177461803
94,Pde3b,24,0.0392330406308988,NC_048596.1,3,86139674
94,LOC100752904,25,0.0391781835917666,NC_048596.1,3,244997651
94,Ccdc80,26,-0.0390100181989579,NC_048597.1,4,45401007
94,Homer2,27,0.0384042863374388,NC_048596.1,3,115893000
94,LOC107977585,28,0.0383957956326673,NC_048603.1,10,21768655
94,LOC103162259,29,0.0382557475649483,NC_048595.1,2,455189534
94,LOC113835046,30,0.0382197703917118,NC_048596.1,3,279901799
94,Stard5,31,0.0381530710143737,NC_048596.1,3,114027975
94,Fam169b,32,0.0378615480870985,NC_048596.1,3,128857107
94,Rcbtb2,33,-0.0376791524107328,NW_023276807.1,1,227644086
94,Defb128,34,0.0369457062782844,NC_048599.1,6,27568927
94,Fgf12,35,0.0369136629948581,NC_048597.1,4,60916246
94,Stambpl1,36,0.0367686086916342,NC_048596.1,3,27524102
94,LOC107978184,37,0.0367324888972468,NC_048601.1,8,26911251
94,LOC113834615,38,-0.0367017928674152,NC_048596.1,3,168424119
95,LOC118239024,1,0.167251398646692,NW_023276807.1,1,268139097
95,LOC118239130,2,0.147570409396857,NC_048600.1,7,134321011
95,LOC118239129,3,0.105715286834075,NC_048600.1,7,134318528
95,LOC113836674,4,0.0832493940298409,NC_048600.1,7,134323471
95,Postn,5,0.0721213812313084,NW_023276806.1,1,96892590
95,LOC103159905,6,0.0704127946031904,NC_048596.1,3,264863114
95,Svip,7,0.0693990307436046,NC_048596.1,3,148852017
95,Thbs1,8,0.0673014221455326,NC_048599.1,6,60390487
95,Defb124,9,0.0668818171349521,NC_048599.1,6,27389953
95,Fibin,10,0.0668546608424328,NC_048599.1,6,67692020
95,Lama3,11,0.0661293799220453,NC_048595.1,2,223754012
95,Areg,12,0.0656449775033181,NW_023276807.1,1,155909229
95,LOC107977441,13,-0.065502834028907,NC_048596.1,3,2563608
95,LOC118238651,14,0.0654587831395341,NW_023276807.1,1,55715217
95,LOC118238335,15,0.065443082342167,NC_048595.1,2,168313432
95,LOC103160811,16,0.0650008084529469,NC_048598.1,5,150794804
95,LOC113833127,17,0.0648156714733933,NW_023276806.1,1,62666323
95,Spp1,18,0.0641491888965814,NW_023276807.1,1,166251805
95,LOC118239683,19,0.0639960532967997,NW_023276807.1,1,214981872
96,Zfand2a,1,0.061373183108263,NC_048597.1,4,76140237
96,LOC103164270,2,0.0501151994081863,NW_023277414.1,U,7857
96,LOC118239413,3,-0.0469410869558517,NC_048604.1,X,1901948
96,LOC113831372,4,0.0462822673247461,NC_048600.1,7,91574932
96,LOC113833455,5,0.0457032384643143,NW_023276806.1,1,5475878
96,Ccnl1,6,0.0429047804873775,NW_023276806.1,1,86985152
96,Gadd45b,7,0.0421661131419874,NC_048598.1,5,101712675
96,LOC113836194,8,-0.040919904160939,NC_048598.1,5,101957312
96,LOC113836832,9,0.0407587970885615,NC_048600.1,7,76630662
96,Hes1,10,0.0405087243681163,NC_048597.1,4,59407491
96,LOC103160417,11,0.038691177382829,NW_023276806.1,1,231482965
96,Ppp1r15a,12,0.0374519405259364,NC_048599.1,6,154425451
96,Id2,13,0.0365800692936742,NC_048600.1,7,27970665
97,Col7a1,1,0.0813074895437324,NC_048597.1,4,217068431
97,Trnap-agg,2,0.074331277858405,NW_023276806.1,1,100118051
97,Olfm2,3,0.0733563102041119,NC_048597.1,4,133549055
97,LOC118239683,4,0.0711665336939006,NW_023276807.1,1,214981872
97,Prxl2a,5,0.068879785764153,NW_023276807.1,1,179114373
97,LOC118239039,6,0.0666421995487939,NC_048599.1,6,73936008
97,LOC113835508,7,0.0611258854033004,NC_048597.1,4,101066550
97,Zbtb32,8,0.0606059964013899,NC_048602.1,9,5239057
97,Il11,9,0.0595242111679502,NC_048602.1,9,23412186
97,Ddit4,10,0.0574529219428857,NW_023276807.1,1,1380280
97,Gjb3,11,0.0572049358196201,NC_048595.1,2,25699847
97,Mmp12,12,-0.0564607252043722,NC_048597.1,4,121849979
97,Skil,13,0.056276953619725,NW_023276806.1,1,119742175
97,Smad7,14,0.055629698781716,NC_048595.1,2,164539362
97,LOC100758417,15,0.0554946880443109,NC_048595.1,2,38056123
97,LOC100760951,16,-0.0550860516665536,NW_023276806.1,1,63384679
97,LOC100773073,17,0.054249561938588,NW_023276807.1,1,185277442
97,Slc16a4,18,0.0537298243519802,NW_023276806.1,1,49833229
97,LOC113833687,19,-0.0533298387589999,NC_048598.1,5,31031386
97,Trnat-ugu_2,20,0.0509794988355147,NC_048596.1,3,243621727
97,Fn1,21,0.0505401936349812,NC_048595.1,2,424970688
97,Bhlhe40,22,0.0503909667454514,NC_048601.1,8,35823789
97,LOC113830844,23,0.0503396545195261,NC_048599.1,6,138593728
97,Plxna4,24,0.0502598342725919,NW_023276806.1,1,195209089
97,LOC113831088,25,0.0497889895103533,NW_023276807.1,1,140579599
97,Tnfaip6,26,0.0493314174186869,NC_048599.1,6,122300477
97,LOC113833871,27,0.0487343357147696,NC_048595.1,2,17564063
97,Cd36,28,-0.0483223662158506,NW_023276806.1,1,176252535
98,Cd9,1,0.110815342591514,NC_048601.1,8,20949592
98,LOC103162414,2,0.10327192758083,NC_048602.1,9,4740661
98,Gap43,3,0.0928752554683927,NC_048597.1,4,48025692
98,Lgals9,4,-0.0919717642454431,NC_048600.1,7,92372653
98,Tmem176b,5,0.0874634929082784,NC_048601.1,8,98412720
98,Thbs1,6,-0.0867300448008618,NC_048599.1,6,60390487
98,Wsb1,7,-0.0842057742603471,NC_048600.1,7,92676808
98,Cd7,8,-0.0831783332390276,NC_048600.1,7,133513691
98,Ptprq,9,0.0818768650093974,NW_023276806.1,1,147416395
98,LOC100771838,10,0.0696391470626244,NC_048595.1,2,397845831
98,Hpse,11,-0.069622136276485,NW_023276807.1,1,162740381
98,Tmem176a,12,0.0691542411442653,NC_048601.1,8,98408602
98,LOC118238818,13,-0.0687437160051109,NC_048598.1,5,2975757
98,LOC103163383,14,-0.0665533424043131,NC_048601.1,8,59168963
98,Ereg,15,-0.0663578264972756,NW_023276807.1,1,155844175
98,Pfkp,16,-0.0663558331762108,NC_048596.1,3,231220995
98,LOC103160599,17,-0.0621936076169528,NC_048604.1,X,110671215
98,Unc5c,18,0.0620462722418221,NW_023276806.1,1,17930304
98,LOC100770202,19,-0.0614188371957838,NC_048600.1,7,92788367
98,Tmem170b,20,-0.059619662619459,NC_048596.1,3,261291497
98,Stmn4,21,-0.0595603296336287,NW_023276807.1,1,221347926
98,Nt5c3b,22,-0.0594591853855063,NC_048600.1,7,113489385
98,Dcn,23,0.0582362571192562,NW_023276806.1,1,163323235
98,Areg,24,-0.0578249189638324,NW_023276807.1,1,155909229
98,C1qtnf1,25,-0.0575839093015505,NC_048600.1,7,130975192
98,LOC103160307,26,0.0569184434274931,NC_048596.1,3,23775515
98,Lmo7,27,0.0563253720111457,NW_023276807.1,1,253470956
98,Lrrc8b,28,-0.0553997061064939,NC_048600.1,7,276343
98,Col6a2,29,-0.0551404533060049,NW_023276806.1,1,262111617
98,Lmo2,30,0.0541862476569847,NC_048599.1,6,73657545
98,Oat,31,-0.0538910002426057,NC_048596.1,3,68272487
98,LOC103163237,32,-0.0532180028182024,NC_048597.1,4,27685839
98,Fgd3,33,-0.0529994523009523,NC_048596.1,3,269058601
98,Ptpre,34,-0.0523629041117207,NC_048596.1,3,65246754
98,Gpnmb,35,0.0520773421094728,NC_048601.1,8,92295270
98,LOC100756860,36,-0.0520519227281622,NC_048595.1,2,1006155
98,LOC100761616,37,-0.0509553509255444,NC_048595.1,2,41641526
98,Acta2,38,-0.0496372864475991,NC_048596.1,3,27509683
98,LOC103162193,39,-0.0495666667928928,NC_048604.1,X,78697030
98,Dtx4,40,0.0489169461506222,NC_048596.1,3,48119823
98,LOC113831658,41,0.048619688554052,NC_048595.1,2,443300178
98,Rarres2,42,-0.0483404564919288,NC_048601.1,8,98691581
98,Trnat-cgu_1,43,0.0482137139331371,NC_048596.1,3,243676543
98,Pcgf6,44,-0.0470496948991588,NC_048596.1,3,14498086
98,Casp4,45,-0.0468347417410648,NC_048597.1,4,120141959
98,Pxdc1,46,-0.0468034048175662,NC_048596.1,3,254424684
98,LOC103161473,47,0.0466196401756655,NC_048596.1,3,144192495
98,Tmem38a,48,0.0459763844409391,NW_023276806.1,1,247314521
98,Neu2,49,0.045756105525392,NC_048595.1,2,439225524
98,LOC100759179,50,-0.0457312249057129,NC_048595.1,2,388697855
98,Fgfr2,51,0.0456656352108376,NC_048596.1,3,70549762
98,LOC107977165,52,-0.0455045890861855,NC_048603.1,10,29648131
98,Id2,53,0.0454235705510374,NC_048600.1,7,27970665
98,LOC103159579,54,-0.0452975851069788,NC_048595.1,2,455547684
98,Serpinf1,55,-0.0451314125044907,NC_048600.1,7,88859911
98,LOC113833487,56,-0.045057892354114,NW_023276806.1,1,44328266
98,LOC103162716,57,-0.0450470052316071,NW_023276806.1,1,177112533
98,Mt1,58,0.0448304895303735,NC_048596.1,3,170379906
98,LOC100773073,59,0.0446123239086855,NW_023276807.1,1,185277442
98,Sirpa,60,0.0442674705680495,NC_048599.1,6,48970164
98,Tnfaip6,61,-0.0440439057527267,NC_048599.1,6,122300477
98,Sdsl,62,-0.0439978235318948,NC_048597.1,4,100269005
98,Lbh,63,-0.043906220367411,NC_048600.1,7,10666807
99,LOC100762719,1,0.133572569062375,NC_048601.1,8,89111185
99,Nrg4,2,0.126797259519247,NC_048597.1,4,166833081
99,Hoxa9,3,0.118385996065,NC_048601.1,8,89119788
99,Hoxa6,4,0.114201116320669,NC_048601.1,8,89137233
99,LOC103163470,5,-0.113355406455712,NW_023276807.1,1,90876883
99,Hoxa7,6,0.112403654540388,NC_048601.1,8,89124422
99,LOC113833786,7,0.105677843140634,NC_048595.1,2,141346251
99,LOC118238377,8,-0.100582426260604,NC_048595.1,2,290714383
99,LOC113833011,9,0.0984493652782706,NC_048595.1,2,35264383
99,LOC118239149,10,0.080693280840518,NC_048600.1,7,10764859
99,LOC103159336,11,-0.079421864174954,NC_048595.1,2,118269911
99,Hoxa5,12,0.0783029583562489,NC_048601.1,8,89141391
99,Mir3068,13,-0.0760554548783129,NC_048598.1,5,116364712
99,LOC113835571,14,-0.0754284623179168,NC_048597.1,4,174633288
99,LOC113832629,15,0.0706728222665263,NC_048600.1,7,83513733
99,Ptprt,16,-0.0678471331241607,NC_048599.1,6,17127641
99,LOC103163104,17,-0.066730600841954,NC_048597.1,4,15759960
99,LOC103162998,18,-0.0640252509005728,NC_048595.1,2,232799076
99,LOC113833717,19,-0.0635828504767452,NC_048595.1,2,199356994
99,LOC118238392,20,0.0618047407892349,NC_048595.1,2,337470119
99,LOC103159579,21,-0.0602395698293858,NC_048595.1,2,455547684
99,LOC100756289,22,0.059186759045083,NC_048604.1,X,74325190
99,LOC107980197,23,-0.057988613625834,NC_048599.1,6,55363357
99,Slitrk5,24,-0.0572123462263279,NW_023276807.1,1,262541807
99,LOC100769029,25,-0.0570032282609399,NC_048595.1,2,399955531
99,Dsp,26,-0.0566192501135755,NC_048596.1,3,257844904
99,Trnaa-ugc_1,27,-0.0565018403113661,NC_048597.1,4,105018406
99,Lmo2,28,-0.054697364407594,NC_048599.1,6,73657545
99,LOC103161854,29,0.0546969371688115,NC_048596.1,3,27011353
99,Pstpip1,30,-0.0544693725257865,NC_048597.1,4,167621945
99,LOC118239500,31,0.0544266616568714,NW_023276806.1,1,248503563
99,Cysltr2,32,-0.0530472603680829,NW_023276807.1,1,227517172
99,LOC113833674,33,0.0519354368743694,NC_048595.1,2,164919581
99,Fam25a,34,-0.0514281831116278,NW_023276807.1,1,185015236
99,Mir652,35,-0.0512513985792025,NC_048604.1,X,37839815
99,LOC113831477,36,0.0506924342465516,NC_048596.1,3,51371025
99,LOC100750571,37,-0.0505922360763279,NC_048600.1,7,113818212
99,LOC118238721,38,0.0502186858581226,NC_048597.1,4,57829445
99,LOC113836667,39,-0.0497291400574525,NC_048600.1,7,44304636
99,LOC113832801,40,-0.0493491253676671,NW_023276807.1,1,47737561
100,Igf2bp2,1,0.141189312921059,NC_048597.1,4,66742574
100,LOC100751053,2,0.126420757581586,NC_048597.1,4,162253090
100,Rarres2,3,0.125467372436242,NC_048601.1,8,98691581
100,Fabp4,4,0.115590104162835,NC_048595.1,2,137723467
100,Ccbe1,5,0.106358761817641,NC_048595.1,2,173042610
100,LOC113831499,6,-0.0955148651440183,NC_048601.1,8,17547753
100,LOC113834219,7,0.0904230681969797,NC_048595.1,2,339098338
100,Evl,8,0.0840247514956417,NC_048598.1,5,186085911
100,Hoxc10,9,-0.0832720238703262,NC_048595.1,2,399341946
100,Gpd1,10,0.0805818439849425,NC_048595.1,2,396155050
100,Id2,11,0.0790442313188821,NC_048600.1,7,27970665
100,Hoxc8,12,-0.0771553282881032,NC_048595.1,2,399365638
100,LOC100771813,13,-0.0754361998975857,NC_048604.1,X,9744099
100,Mmp9,14,-0.0745639856823077,NC_048599.1,6,14468264
100,Cavin4,15,-0.0739188425635965,NC_048595.1,2,94723721
100,Lmo7,16,-0.0655027322168935,NW_023276807.1,1,253470956
100,Ncam1,17,-0.0652582894804715,NC_048597.1,4,161286778
100,Ehd3,18,0.0636895253017126,NC_048600.1,7,9836371
100,Sphk1,19,-0.0627486313456618,NC_048600.1,7,129110436
100,LOC107979247,20,0.0618419550926371,NC_048604.1,X,78432282
100,Apobr,21,0.061143681762534,NC_048596.1,3,74193496
100,LOC103161381,22,-0.0609465959570191,NC_048595.1,2,458649047
100,Il33,23,-0.0604219591134744,NC_048596.1,3,31453917
100,B3gnt4,24,-0.0595745483556348,NC_048597.1,4,103273319
100,LOC103159766,25,0.0589137301446169,NC_048596.1,3,254393152
100,Spp1,26,-0.0581425801484341,NW_023276807.1,1,166251805
100,Bahcc1,27,0.0581027260712313,NC_048600.1,7,132742331
100,LOC113834136,28,0.0572529043889448,NC_048595.1,2,337472855
100,LOC107979936,29,0.0565288346996119,NC_048604.1,X,10218821
101,Nppb,1,0.100459430146602,NC_048595.1,2,8480530
101,Sirt5,2,-0.0934925799397188,NC_048596.1,3,263059275
101,Ca3,3,0.0875072244917233,NC_048595.1,2,134238180
101,Rxra,4,-0.086096046270556,NC_048599.1,6,139357732
101,She,5,0.0827981825098196,NW_023276806.1,1,64711483
101,Pros1,6,-0.0804413964270763,NC_048597.1,4,30268288
101,Itga6,7,-0.0754793900076717,NC_048599.1,6,103316803
101,Gpr27,8,-0.074016755035684,NC_048601.1,8,44281172
101,LOC100751053,9,-0.0732918151381594,NC_048597.1,4,162253090
101,Parvg,10,0.0718287853424615,NC_048595.1,2,381193725
101,LOC103158703,11,-0.0709579977797024,NC_048596.1,3,72598747
101,Ccbe1,12,-0.0707055578190976,NC_048595.1,2,173042610
101,LOC113835048,13,-0.0697384560020418,NC_048596.1,3,279308392
101,LOC100763954,14,-0.0692235209771693,NC_048601.1,8,98311222
101,Adam8,15,-0.0687734867776434,NC_048596.1,3,60960076
101,Nod2,16,0.0685475209242887,NC_048596.1,3,164267339
101,Fgfr1,17,-0.0669956414421692,NW_023276807.1,1,58203128
101,LOC107977529,18,-0.0658259570339723,NC_048596.1,3,277498760
101,Vopp1,19,-0.0651151163946689,NC_048601.1,8,83909885
101,Ccn2,20,0.0649654246907292,NC_048595.1,2,243783381
101,Cdsn,21,-0.0648102838395643,NW_023276806.1,1,229493901
101,Nppa,22,0.062838991468343,NC_048595.1,2,8467809
101,Optc,23,0.0624649456251363,NC_048598.1,5,55292924
101,Dsp,24,-0.0623782656928073,NC_048596.1,3,257844904
101,Was,25,0.0623037162139625,NC_048604.1,X,114556899
101,Cited1,26,-0.0621631191852314,NC_048604.1,X,67993924
101,Sulf2,27,-0.0602435237198373,NC_048599.1,6,13266048
101,Nrg2,28,-0.0598999611818391,NC_048595.1,2,201329008
101,Id3,29,-0.0593440437451662,NC_048595.1,2,17164510
101,LOC100762270,30,-0.0577084775377977,NC_048601.1,8,16917692
101,Jup,31,0.0569235139987234,NC_048600.1,7,113431462
101,Lmo2,32,-0.0563299204319638,NC_048599.1,6,73657545
101,LOC103162686,33,0.0552589000385508,NC_048600.1,7,43147575
101,Trabd2b,34,-0.0549490233564074,NC_048595.1,2,37491446
101,Tspan7,35,-0.0539285018651649,NC_048604.1,X,116198430
101,LOC107978642,36,0.0517885773045272,NC_048601.1,8,43794369
101,Eya1,37,0.0508135424355863,NC_048595.1,2,146443211
101,Mmp28,38,-0.0506743751221877,NC_048600.1,7,96686130
101,Csrp2,39,-0.0502582496095686,NW_023276806.1,1,144571595
101,LOC118237762,40,0.0501590381700091,NC_048595.1,2,459545412
101,Vegfd,41,0.0498269344889905,NC_048604.1,X,99432160
101,LOC103159982,42,-0.0497507033301385,NC_048598.1,5,69336328
101,Il19,43,-0.0493047988921075,NC_048598.1,5,58038778
101,LOC103159647,44,0.0491464429509594,NC_048595.1,2,413829342
101,Hoxc8,45,-0.0491030534838779,NC_048595.1,2,399365638
101,Sirpa,46,-0.0489269974435934,NC_048599.1,6,48970164
101,LOC100750533,47,0.0488389461910755,NC_048600.1,7,75657838
101,Hoxc10,48,-0.0488010401763525,NC_048595.1,2,399341946
102,LOC113835248,1,0.123347049401843,NC_048597.1,4,198443789
102,LOC113833114,2,-0.123294368159003,NC_048595.1,2,413955053
102,Marcks,3,-0.102451783070894,NC_048595.1,2,259966999
102,LOC113832536,4,-0.096791447867105,NW_023276807.1,1,53321262
102,Prr5,5,-0.0961238901868017,NC_048595.1,2,381517986
102,LOC113831373,6,0.0938109077851099,NC_048600.1,7,91572803
102,Lrp3,7,-0.0935977025683615,NC_048602.1,9,3266496
102,Slitrk5,8,0.0837218827248877,NW_023276807.1,1,262541807
102,Mmp12,9,0.0829281565827328,NC_048597.1,4,121849979
102,LOC103163104,10,0.0805637430857539,NC_048597.1,4,15759960
102,LOC113834633,11,0.0758861974542874,NC_048596.1,3,211196321
102,LOC113831734,12,-0.0740610171491366,NC_048595.1,2,395006656
102,LOC113833012,13,0.0686564424855652,NC_048595.1,2,35264008
102,LOC113833639,14,-0.0683800015219061,NC_048595.1,2,425634731
102,Trnap-agg_1,15,-0.0680668966396594,NW_023276806.1,1,198432447
102,LOC113834110,16,0.0674714000985676,NC_048595.1,2,288140285
102,LOC113835078,17,-0.0669447096353634,NC_048596.1,3,269221498
102,LOC113834714,18,0.0663819166202243,NC_048596.1,3,187238786
102,LOC118238648,19,-0.0652409271543958,NC_048597.1,4,94488462
102,LOC113836320,20,0.0633301627491512,NC_048599.1,6,153119215
102,LOC103160608,21,0.0612121081354967,NC_048595.1,2,60856654
102,LOC118238398,22,0.0591136695050109,NC_048595.1,2,348527933
103,Prxl2a,1,0.068099643369154,NW_023276807.1,1,179114373
103,LOC113833717,2,0.0665404610342566,NC_048595.1,2,199356994
103,Mir25,3,-0.0656577323697189,NC_048597.1,4,116886837
103,LOC113834615,4,0.0654881462587574,NC_048596.1,3,168424119
103,LOC113832498,5,-0.0652396862335535,NW_023276806.1,1,231772785
103,LOC113831025_1,6,0.0613748606310257,NC_048600.1,7,114656946
103,LOC113831372,7,-0.0596351127400402,NC_048600.1,7,91574932
103,LOC113832596,8,0.0593611800403087,NW_023276807.1,1,188692732
103,LOC113834136,9,0.0591949746102904,NC_048595.1,2,337472855
103,LOC113832536,10,0.0587329051986768,NW_023276807.1,1,53321262
103,LOC113833686,11,0.0581548012731036,NC_048598.1,5,31027949
103,Trnat-agu_7,12,0.0571465656995151,NC_048602.1,9,3247108
103,LOC113835167,13,-0.0570426073420256,NC_048597.1,4,128830229
103,Lpcat2,14,0.0559787984725847,NC_048596.1,3,168573589
103,LOC113837138,15,-0.0546663742071727,NC_048601.1,8,15955316
103,LOC113831473,16,-0.0530987848942882,NC_048596.1,3,51369265
103,Mir27a,17,0.0514112184354075,NC_048596.1,3,160211444
103,LOC118239090,18,0.0508864872521216,NW_023276806.1,1,87117651
103,LOC107978840,19,0.0505644605810069,NW_023276807.1,1,200722626
103,LOC113833631,20,0.0503672922691963,NC_048595.1,2,417283858
103,LOC113836326,21,-0.0497930413484932,NC_048599.1,6,154014071
103,LOC118239069,22,0.0494773824316754,NC_048599.1,6,1507356
103,LOC118239581,23,0.0493753869929335,NW_023276806.1,1,115724143
103,LOC118238430,24,0.0488702325258582,NC_048595.1,2,441971549
103,Trnay-gua_8,25,-0.0474430504696638,NC_048596.1,3,244761313
103,Tmem88b,26,0.0473551945551254,NC_048595.1,2,495676
103,CUNH11orf52,27,0.0459108062266421,NC_048597.1,4,162514407
103,LOC118239098,28,0.0454631986553363,NC_048599.1,6,1711900
103,LOC118239070,29,0.0441643334529177,NC_048599.1,6,1499840
103,LOC118238878,30,0.0438427233135239,NC_048598.1,5,38300472
103,Spon2,31,0.0434106699077927,NW_023276807.1,1,102246867
103,LOC113835234,32,0.0431961485569896,NC_048597.1,4,176811001
103,LOC118238016,33,0.0431719639171255,NC_048595.1,2,8080882
103,Mmp2,34,0.0427124281044468,NC_048596.1,3,168543838
103,LOC113830993,35,-0.0423852579948865,NC_048597.1,4,82671247
103,LOC113833231,36,0.0423687857532433,NW_023276806.1,1,60349878
103,LOC113831374,37,-0.0423194774184287,NC_048600.1,7,91573215
103,LOC107977779,38,0.042073414552458,NC_048604.1,X,63475873
103,LOC113834391,39,0.0418261687940225,NC_048596.1,3,263123937
103,LOC113835571,40,-0.0411842554055352,NC_048597.1,4,174633288
103,Mir23a,41,0.0411803318871148,NC_048596.1,3,160211611
103,LOC113835166,42,0.0406212210825832,NC_048597.1,4,128830040
103,LOC118238767,43,0.0405050939946681,NC_048597.1,4,2148647
103,LOC103161682,44,-0.0399287088481356,NC_048595.1,2,342664806
104,LOC113836830,1,-0.135827442048636,NC_048600.1,7,63459058
104,LOC113836194,2,0.098026345264292,NC_048598.1,5,101957312
104,LOC113836831,3,-0.0785187378001901,NC_048600.1,7,76631119
104,LOC107977878,4,0.0747524249632187,NC_048596.1,3,51204479
104,LOC113832633,5,0.0678852055792696,NC_048600.1,7,83512704
104,LOC113834342,6,0.0671857559312522,NC_048595.1,2,177922837
104,Ankrd61,7,0.0669170571292855,NC_048597.1,4,80337351
104,LOC113833012,8,0.066406817700962,NC_048595.1,2,35264008
104,LOC113836709,9,0.065250214664827,NC_048600.1,7,129252536
104,LOC100766491,10,-0.0648463266452914,NC_048604.1,X,43941774
104,Trnak-uuu_1,11,-0.0647858519006201,NC_048596.1,3,48566920
104,Mir25,12,-0.0647108057237003,NC_048597.1,4,116886837
104,LOC118238367,13,0.0634543095801581,NC_048595.1,2,282078959
104,LOC113831655,14,0.0630712988617049,NC_048599.1,6,138030702
104,LOC113834513,15,-0.0629184595687618,NC_048595.1,2,379260236
104,LOC113836317,16,0.0622836658104346,NC_048599.1,6,154010325
104,LOC113832735,17,-0.0617263647282474,NW_023276807.1,1,230237845
104,LOC113834475,18,-0.0603282458602828,NC_048595.1,2,101378301
104,LOC118238596,19,-0.0603090878406553,NC_048596.1,3,211400148
104,LOC118237816,20,-0.0596364097322739,NC_048599.1,6,120488327
104,LOC113831473,21,0.0583217376979306,NC_048596.1,3,51369265
104,LOC113831513,22,0.0582981002749778,NW_023276806.1,1,35011432
104,LOC113833681,23,0.0567695217783217,NC_048595.1,2,164919988
