iModulon,Chromosome,n_iModulon,K_chromosome,N_background,observed,expected,log2_fold,p_value,status,p_adj_BH,positive_enrichment_FDR05
0,1,56,585.0,3012.0,9.0,10.876494023904382,-0.27321668041413033,0.7877088784468782,tested,1.0,False
0,2,56,508.0,3012.0,11.0,9.444887118193892,0.2198980644794553,0.33997914144546465,tested,1.0,False
0,3,56,480.0,3012.0,11.0,8.92430278884462,0.3016921556431028,0.27186646175840223,tested,1.0,False
0,4,56,326.0,3012.0,4.0,6.061088977423639,-0.5995770216167534,0.8713449876389658,tested,1.0,False
0,5,56,216.0,3012.0,3.0,4.01593625498008,-0.4207738688279883,0.7777478489486391,tested,1.0,False
0,6,56,214.0,3012.0,8.0,3.9787516600265604,1.0076841462131771,0.041885525113591206,tested,0.7539394520446417,False
0,7,56,270.0,3012.0,5.0,5.0199203187251,-0.005736369549144459,0.5730074049413242,tested,1.0,False
0,8,56,142.0,3012.0,1.0,2.640106241699867,-1.400595986890358,0.934779920993628,tested,1.0,False
0,9,56,43.0,3012.0,0.0,0.799468791500664,,1.0,tested,1.0,False
0,10,56,47.0,3012.0,1.0,0.8738379814077025,0.19456228093668668,0.5889062729587714,tested,1.0,False
0,X,56,118.0,3012.0,2.0,2.193891102257636,-0.13349191674751706,0.6524647394393153,tested,1.0,False
0,U,56,63.0,3012.0,1.0,1.1713147410358566,-0.2281287908855925,0.6972350015844089,tested,1.0,False
1,1,39,585.0,3012.0,6.0,7.574701195219124,-0.3362264779399309,0.7976919128847658,tested,1.0,False
1,2,39,508.0,3012.0,9.0,6.577689243027889,0.45234415047982623,0.19957364988025356,tested,1.0,False
1,3,39,480.0,3012.0,2.0,6.2151394422310755,-1.6357867597988387,0.9906884689019736,tested,1.0,False
1,4,39,326.0,3012.0,5.0,4.221115537848606,0.24430377646596454,0.41675484000466634,tested,1.0,False
1,5,39,216.0,3012.0,5.0,2.7968127490039842,0.8381444285335735,0.14338590880651092,tested,1.0,False
1,6,39,214.0,3012.0,5.0,2.770916334661355,0.851564944295895,0.13937613461391554,tested,1.0,False
1,7,39,270.0,3012.0,5.0,3.49601593625498,0.5162163336462113,0.26831235026857453,tested,1.0,False
1,8,39,142.0,3012.0,0.0,1.8386454183266931,,1.0,tested,1.0,False
1,9,39,43.0,3012.0,1.0,0.5567729083665338,0.8448390811075821,0.43128700766062805,tested,1.0,False
1,10,39,47.0,3012.0,0.0,0.6085657370517928,,1.0,tested,1.0,False
1,X,39,118.0,3012.0,0.0,1.5278884462151394,,1.0,tested,1.0,False
1,U,39,63.0,3012.0,1.0,0.8157370517928287,0.2938239123097632,0.563815697557643,tested,1.0,False
2,1,15,585.0,3012.0,4.0,2.9133466135458166,0.4573226445926429,0.330077392200736,tested,1.0,False
2,2,15,508.0,3012.0,3.0,2.5298804780876494,0.2458932730124,0.47648006922425346,tested,1.0,False
2,3,15,480.0,3012.0,0.0,2.3904382470119523,,1.0,tested,1.0,False
2,4,15,326.0,3012.0,2.0,1.6235059760956174,0.30088730483233206,0.49449897579756164,tested,1.0,False
2,5,15,216.0,3012.0,1.0,1.0756972111553784,-0.1052720431000588,0.6733674318291353,tested,1.0,False
2,6,15,214.0,3012.0,1.0,1.0657370517928286,-0.09185152733773724,0.6698362944708469,tested,1.0,False
2,7,15,270.0,3012.0,1.0,1.344621513944223,-0.4272001379874211,0.7563920708728351,tested,1.0,False
2,8,15,142.0,3012.0,0.0,0.7071713147410359,,1.0,tested,1.0,False
2,9,15,43.0,3012.0,0.0,0.21414342629482072,,1.0,tested,1.0,False
2,10,15,47.0,3012.0,0.0,0.2340637450199203,,1.0,tested,1.0,False
2,X,15,118.0,3012.0,3.0,0.5876494023904383,2.3519349104227247,0.018893952966222736,tested,0.5946368696366038,False
2,U,15,63.0,3012.0,0.0,0.3137450199203187,,1.0,tested,1.0,False
3,1,25,585.0,3012.0,5.0,4.855577689243028,0.04228514531379874,0.5511804221696784,tested,1.0,False
3,2,25,508.0,3012.0,4.0,4.2164674634794155,-0.07603482187496227,0.6293806423169284,tested,1.0,False
3,3,25,480.0,3012.0,3.0,3.9840637450199203,-0.4092782299901589,0.7857677063500887,tested,1.0,False
3,4,25,326.0,3012.0,4.0,2.7058432934926957,0.563921710666126,0.2827116402478297,tested,1.0,False
3,5,25,216.0,3012.0,3.0,1.792828685258964,0.7427248634548911,0.2648960651217118,tested,1.0,False
3,6,25,214.0,3012.0,1.0,1.7762284196547145,-0.8288171215039435,0.8427859229251364,tested,1.0,False
3,7,25,270.0,3012.0,1.0,2.241035856573705,-1.1641657321536274,0.9053701183481292,tested,1.0,False
3,8,25,142.0,3012.0,0.0,1.1786188579017265,,1.0,tested,1.0,False
3,9,25,43.0,3012.0,1.0,0.3569057104913679,1.4863851101951053,0.3029710338167457,tested,1.0,False
3,10,25,47.0,3012.0,0.0,0.3901062416998672,,1.0,tested,1.0,False
3,X,25,118.0,3012.0,1.0,0.9794156706507304,0.030006815535362063,0.633296189455885,tested,1.0,False
3,U,25,63.0,3012.0,2.0,0.5229083665338645,1.9353699413972871,0.09499166634151454,tested,0.9543348804542856,False
4,1,23,585.0,3012.0,4.0,4.467131474103586,-0.1593487158558516,0.6801956391483781,tested,1.0,False
4,2,23,508.0,3012.0,4.0,3.8791500664010625,0.04425941184274954,0.5596195205965949,tested,1.0,False
4,3,23,480.0,3012.0,3.0,3.6653386454183265,-0.2889839962724471,0.7343996102064357,tested,1.0,False
4,4,23,326.0,3012.0,2.0,2.48937583001328,-0.3157840556161622,0.729125669033571,tested,1.0,False
4,5,23,216.0,3012.0,3.0,1.649402390438247,0.8630190971726028,0.22542638215195462,tested,1.0,False
4,6,23,214.0,3012.0,1.0,1.6341301460823374,-0.7085228877862317,0.8175984626078996,tested,1.0,False
4,7,23,270.0,3012.0,1.0,2.0617529880478087,-1.0438714984359156,0.8856394737577963,tested,1.0,False
4,8,23,142.0,3012.0,2.0,1.0843293492695882,0.8831969791102333,0.29597084588586575,tested,1.0,False
4,9,23,43.0,3012.0,0.0,0.3283532536520584,,1.0,tested,1.0,False
4,10,23,47.0,3012.0,0.0,0.35889774236387784,,1.0,tested,1.0,False
4,X,23,118.0,3012.0,3.0,0.901062416998672,1.7352635499742304,0.058664172515851376,tested,0.7919663289639935,False
4,U,23,63.0,3012.0,0.0,0.4810756972111554,,1.0,tested,1.0,False
5,1,48,585.0,3012.0,7.0,9.322709163346614,-0.41339433846239076,0.8515892028552454,tested,1.0,False
5,2,48,508.0,3012.0,11.0,8.095617529880478,0.4422904858159033,0.17325591143025312,tested,1.0,False
5,3,48,480.0,3012.0,6.0,7.649402390438247,-0.3503845409365905,0.8003130180758107,tested,1.0,False
5,4,48,326.0,3012.0,6.0,5.195219123505976,0.20777790044085076,0.42020532652584086,tested,1.0,False
5,5,48,216.0,3012.0,6.0,3.442231075697211,0.8016185525084597,0.12555498982370306,tested,1.0,False
5,6,48,214.0,3012.0,3.0,3.410358565737052,-0.18496093172921887,0.6743659047963957,tested,1.0,False
5,7,48,270.0,3012.0,3.0,4.302788844621514,-0.5203095423789026,0.8186105946881268,tested,1.0,False
5,8,48,142.0,3012.0,2.0,2.262948207171315,-0.17820356555391018,0.6700267454406638,tested,1.0,False
5,9,48,43.0,3012.0,0.0,0.6852589641434262,,1.0,tested,1.0,False
5,10,48,47.0,3012.0,1.0,0.749003984063745,0.4169547022731345,0.532758695662031,tested,1.0,False
5,X,48,118.0,3012.0,3.0,1.8804780876494025,0.6738630053100868,0.28996602524876997,tested,1.0,False
5,U,48,63.0,3012.0,0.0,1.00398406374502,,1.0,tested,1.0,False
6,1,62,585.0,3012.0,13.0,12.041832669322709,0.11045664795537828,0.42871550935751745,tested,1.0,False
6,2,62,508.0,3012.0,10.0,10.45683930942895,-0.06444684759975045,0.6157112796165302,tested,1.0,False
6,3,62,480.0,3012.0,8.0,9.880478087649402,-0.3045808513234655,0.7947495976111987,tested,1.0,False
6,4,62,326.0,3012.0,9.0,6.710491367861886,0.4235065914962878,0.22259404836934824,tested,1.0,False
6,5,62,216.0,3012.0,2.0,4.446215139442231,-1.1525777578784155,0.9443421827680005,tested,1.0,False
6,6,62,214.0,3012.0,3.0,4.4050464807436915,-0.5541947413949376,0.8287268010388396,tested,1.0,False
6,7,62,270.0,3012.0,5.0,5.557768924302789,-0.15257775787841568,0.6651092667392178,tested,1.0,False
6,8,62,142.0,3012.0,8.0,2.9229747675962816,1.452562624780371,0.007801326316165437,tested,0.3798463843348727,False
6,9,62,43.0,3012.0,3.0,0.8851261620185923,1.761007490304111,0.05724124498950043,tested,0.7919663289639935,False
6,10,62,47.0,3012.0,1.0,0.9674634794156707,0.047720892607415445,0.6266286859577488,tested,1.0,False
6,X,62,118.0,3012.0,0.0,2.4289508632138115,,1.0,tested,1.0,False
6,U,62,63.0,3012.0,0.0,1.296812749003984,,1.0,tested,1.0,False
7,1,11,585.0,3012.0,1.0,2.1364541832669324,-1.095218378436136,0.9074350890786584,tested,1.0,False
7,2,11,508.0,3012.0,0.0,1.8552456839309428,,1.0,tested,1.0,False
7,3,11,480.0,3012.0,1.0,1.752988047808765,-0.8098161595738876,0.8523651615596093,tested,1.0,False
7,4,11,326.0,3012.0,1.0,1.1905710491367862,-0.2516537181964468,0.7169934004045959,tested,1.0,False
7,5,11,216.0,3012.0,0.0,0.7888446215139442,,1.0,tested,1.0,False
7,6,11,214.0,3012.0,0.0,0.7815405046480743,,1.0,tested,1.0,False
7,7,11,270.0,3012.0,2.0,0.9860557768924303,1.0202588389838,0.2585172815899908,tested,1.0,False
7,8,11,142.0,3012.0,1.0,0.5185922974767596,0.9473273165299488,0.41264196818614074,tested,1.0,False
7,9,11,43.0,3012.0,0.0,0.15703851261620186,,1.0,tested,1.0,False
7,10,11,47.0,3012.0,0.0,0.17164674634794155,,1.0,tested,1.0,False
7,X,11,118.0,3012.0,0.0,0.4309428950863214,,1.0,tested,1.0,False
7,U,11,63.0,3012.0,5.0,0.2300796812749004,4.441722607422077,1.4311015636664296e-06,tested,0.00041215725033593174,True
8,1,38,585.0,3012.0,8.0,7.3804780876494025,0.11628572675757577,0.4638288059402221,tested,1.0,False
8,2,38,508.0,3012.0,6.0,6.4090305444887115,-0.09514364482266698,0.6384027001762507,tested,1.0,False
8,3,38,480.0,3012.0,6.0,6.055776892430279,-0.01334955365901963,0.5789648321654464,tested,1.0,False
8,4,38,326.0,3012.0,4.0,4.112881806108898,-0.04014961300273485,0.6016996580232934,tested,1.0,False
8,5,38,216.0,3012.0,2.0,2.7250996015936253,-0.4463089609351257,0.7691335390999561,tested,1.0,False
8,6,38,214.0,3012.0,6.0,2.699867197875166,1.1520740555483522,0.048815476314475865,tested,0.7849465801189568,False
8,7,38,270.0,3012.0,5.0,3.406374501992032,0.5536910390648742,0.25069985758566493,tested,1.0,False
8,8,38,142.0,3012.0,0.0,1.7915006640106241,,1.0,tested,1.0,False
8,9,38,43.0,3012.0,0.0,0.5424966799468791,,1.0,tested,1.0,False
8,10,38,47.0,3012.0,0.0,0.5929614873837982,,1.0,tested,1.0,False
8,X,38,118.0,3012.0,0.0,1.4887118193891102,,1.0,tested,1.0,False
8,U,38,63.0,3012.0,1.0,0.7948207171314741,0.3312986177284263,0.5543757762062621,tested,1.0,False
9,1,33,585.0,3012.0,8.0,6.409362549800797,0.3198191208427079,0.302968602852724,tested,1.0,False
9,2,33,508.0,3012.0,7.0,5.565737051792829,0.3307821705989129,0.31662749832508014,tested,1.0,False
9,3,33,480.0,3012.0,6.0,5.258964143426295,0.19018384042611233,0.43315776525852984,tested,1.0,False
9,4,33,326.0,3012.0,3.0,3.5717131474103585,-0.25165371819644655,0.7098194769793298,tested,1.0,False
9,5,33,216.0,3012.0,2.0,2.366533864541833,-0.24277556684999393,0.6970765102989679,tested,1.0,False
9,6,33,214.0,3012.0,3.0,2.3446215139442232,0.35560744963348395,0.41947252944145963,tested,1.0,False
9,7,33,270.0,3012.0,2.0,2.958167330677291,-0.5647036617373562,0.8100255525734319,tested,1.0,False
9,8,33,142.0,3012.0,1.0,1.5557768924302788,-0.6376351841912072,0.7985840357802314,tested,1.0,False
9,9,33,43.0,3012.0,0.0,0.4711155378486056,,1.0,tested,1.0,False
9,10,33,47.0,3012.0,0.0,0.5149402390438247,,1.0,tested,1.0,False
9,X,33,118.0,3012.0,1.0,1.292828685258964,-0.37053111404836653,0.7344720138365517,tested,1.0,False
9,U,33,63.0,3012.0,0.0,0.6902390438247012,,1.0,tested,1.0,False
10,1,41,585.0,3012.0,6.0,7.963147410358566,-0.4083762636957662,0.8362073652293156,tested,1.0,False
10,2,41,508.0,3012.0,5.0,6.915006640106242,-0.46780254183095893,0.8457345010667926,tested,1.0,False
10,3,41,480.0,3012.0,5.0,6.53386454183267,-0.3860084506673119,0.8058910875598029,tested,1.0,False
10,4,41,326.0,3012.0,6.0,4.437583001328021,0.43518839654392316,0.27979902682264796,tested,1.0,False
10,5,41,216.0,3012.0,3.0,2.9402390438247012,0.02902904861153204,0.5727108684582103,tested,1.0,False
10,6,41,214.0,3012.0,4.0,2.913014608233732,0.4574870636526976,0.33219782966804845,tested,1.0,False
10,7,41,270.0,3012.0,7.0,3.6752988047808763,0.9294933750606177,0.06879689929214554,tested,0.8363079852984152,False
10,8,41,142.0,3012.0,2.0,1.9329349269588314,0.0492069305491625,0.5835815549127253,tested,1.0,False
10,9,41,43.0,3012.0,0.0,0.5853253652058433,,1.0,tested,1.0,False
10,10,41,47.0,3012.0,0.0,0.6397742363877822,,1.0,tested,1.0,False
10,X,41,118.0,3012.0,0.0,1.6062416998671978,,1.0,tested,1.0,False
10,U,41,63.0,3012.0,3.0,0.8575697211155379,1.8066366272750842,0.052934597106603705,tested,0.7849465801189568,False
11,1,30,585.0,3012.0,4.0,5.826693227091633,-0.5426773554073572,0.8624708761013171,tested,1.0,False
11,2,30,508.0,3012.0,9.0,5.059760956175299,0.8308557737335562,0.0530591812901148,tested,0.7849465801189568,False
11,3,30,480.0,3012.0,3.0,4.780876494023905,-0.6723126358239528,0.8790742818652242,tested,1.0,False
11,4,30,326.0,3012.0,3.0,3.247011952191235,-0.11415019444651156,0.6457198195615563,tested,1.0,False
11,5,30,216.0,3012.0,6.0,2.151394422310757,1.4796904576210974,0.017551768583888835,tested,0.5722538889237718,False
11,6,30,214.0,3012.0,0.0,2.1314741035856573,,1.0,tested,1.0,False
11,7,30,270.0,3012.0,1.0,2.689243027888446,-1.427200137987421,0.9410945146957901,tested,1.0,False
11,8,30,142.0,3012.0,1.0,1.4143426294820718,-0.5001316604412726,0.7668241088222587,tested,1.0,False
11,9,30,43.0,3012.0,0.0,0.42828685258964144,,1.0,tested,1.0,False
11,10,30,47.0,3012.0,2.0,0.4681274900398406,2.0950266073857726,0.07864978277953315,tested,0.882511848331385,False
11,X,30,118.0,3012.0,1.0,1.1752988047808766,-0.23302759029843176,0.7002686361656096,tested,1.0,False
11,U,30,63.0,3012.0,0.0,0.6274900398406374,,1.0,tested,1.0,False
12,1,25,585.0,3012.0,3.0,4.855577689243028,-0.6946804488524073,0.8903967082032791,tested,1.0,False
12,2,25,508.0,3012.0,4.0,4.2164674634794155,-0.07603482187496227,0.6293806423169284,tested,1.0,False
12,3,25,480.0,3012.0,2.0,3.9840637450199203,-0.994240730711315,0.9259970420206045,tested,1.0,False
12,4,25,326.0,3012.0,5.0,2.7058432934926957,0.8858498055534885,0.12563053128696902,tested,1.0,False
12,5,25,216.0,3012.0,3.0,1.792828685258964,0.7427248634548911,0.2648960651217118,tested,1.0,False
12,6,25,214.0,3012.0,2.0,1.7762284196547145,0.17118287849605648,0.5395792494029592,tested,1.0,False
12,7,25,270.0,3012.0,0.0,2.241035856573705,,1.0,tested,1.0,False
12,8,25,142.0,3012.0,4.0,1.1786188579017265,1.7629027453925215,0.027673044130954533,tested,0.7356772347429144,False
12,9,25,43.0,3012.0,0.0,0.3569057104913679,,1.0,tested,1.0,False
12,10,25,47.0,3012.0,0.0,0.3901062416998672,,1.0,tested,1.0,False
12,X,25,118.0,3012.0,2.0,0.9794156706507304,1.030006815535362,0.25637066990705587,tested,1.0,False
12,U,25,63.0,3012.0,0.0,0.5229083665338645,,1.0,tested,1.0,False
13,1,21,585.0,3012.0,4.0,4.078685258964144,-0.02810418257759905,0.6049276273499824,tested,1.0,False
13,2,21,508.0,3012.0,3.0,3.541832669322709,-0.23953355415784172,0.713528337746886,tested,1.0,False
13,3,21,480.0,3012.0,2.0,3.346613545816733,-0.7427019637153507,0.8708514226923223,tested,1.0,False
13,4,21,326.0,3012.0,1.0,2.2729083665338647,-1.1845395223379098,0.9105502668949671,tested,1.0,False
13,5,21,216.0,3012.0,9.0,1.5059760956175299,2.5792261311720117,5.853909377568303e-06,tested,0.001123950600493114,True
13,6,21,214.0,3012.0,0.0,1.4920318725099602,,1.0,tested,1.0,False
13,7,21,270.0,3012.0,1.0,1.8824701195219125,-0.9126269651576632,0.8618132824989475,tested,1.0,False
13,8,21,142.0,3012.0,0.0,0.9900398406374502,,1.0,tested,1.0,False
13,9,21,43.0,3012.0,0.0,0.299800796812749,,1.0,tested,1.0,False
13,10,21,47.0,3012.0,0.0,0.32768924302788843,,1.0,tested,1.0,False
13,X,21,118.0,3012.0,0.0,0.8227091633466136,,1.0,tested,1.0,False
13,U,21,63.0,3012.0,1.0,0.4392430278884462,1.1869087083932515,0.35943079329606564,tested,1.0,False
14,1,44,585.0,3012.0,10.0,8.54581673306773,0.22670971645122626,0.34501929534800596,tested,1.0,False
14,2,44,508.0,3012.0,9.0,7.420982735723771,0.27831475070477757,0.3183305459297815,tested,1.0,False
14,3,44,480.0,3012.0,7.0,7.01195219123506,-0.0024612375162835114,0.5663006742485095,tested,1.0,False
14,4,44,326.0,3012.0,2.0,4.762284196547145,-1.2516537181964467,0.9599742782000285,tested,1.0,False
14,5,44,216.0,3012.0,2.0,3.1553784860557768,-0.6578130661288376,0.8355814962805865,tested,1.0,False
14,6,44,214.0,3012.0,2.0,3.1261620185922974,-0.644392550366516,0.831597937827796,tested,1.0,False
14,7,44,270.0,3012.0,3.0,3.944223107569721,-0.39477866029504377,0.769365439321964,tested,1.0,False
14,8,44,142.0,3012.0,7.0,2.0743691899070384,1.754682238587553,0.003943349374630172,tested,0.252374359976331,False
14,9,44,43.0,3012.0,2.0,0.6281540504648074,1.670809681332533,0.1293818447157098,tested,1.0,False
14,10,44,47.0,3012.0,0.0,0.6865869853917662,,1.0,tested,1.0,False
14,X,44,118.0,3012.0,0.0,1.7237715803452855,,1.0,tested,1.0,False
14,U,44,63.0,3012.0,0.0,0.9203187250996016,,1.0,tested,1.0,False
15,1,93,585.0,3012.0,24.0,18.062749003984063,0.41001692981428606,0.07714323208659411,tested,0.871264738860357,False
15,2,93,508.0,3012.0,22.0,15.685258964143426,0.48809417542902833,0.05528644629284154,tested,0.7852590595964964,False
15,3,93,480.0,3012.0,14.0,14.820717131474103,-0.08218842998701753,0.637947655124756,tested,1.0,False
15,4,93,326.0,3012.0,8.0,10.065737051792828,-0.33138091066718073,0.8052237983205943,tested,1.0,False
15,5,93,216.0,3012.0,8.0,6.669322709163347,0.26245974140042805,0.34923671753209234,tested,1.0,False
15,6,93,214.0,3012.0,4.0,6.607569721115538,-0.7241197428372501,0.9072759607302866,tested,1.0,False
15,7,93,270.0,3012.0,9.0,8.336653386454183,0.11045664795537828,0.4570396329338586,tested,1.0,False
15,8,93,142.0,3012.0,2.0,4.384462151394422,-1.1323998759407854,0.939981878828898,tested,1.0,False
15,9,93,43.0,3012.0,1.0,1.3276892430278884,-0.4089175111382011,0.7428928547471083,tested,1.0,False
15,10,93,47.0,3012.0,0.0,1.451195219123506,,1.0,tested,1.0,False
15,X,93,118.0,3012.0,1.0,3.643426294820717,-1.8652958057979445,0.9770827760241855,tested,1.0,False
15,U,93,63.0,3012.0,0.0,1.9452191235059761,,1.0,tested,1.0,False
16,1,39,585.0,3012.0,6.0,7.574701195219124,-0.3362264779399309,0.7976919128847658,tested,1.0,False
16,2,39,508.0,3012.0,2.0,6.577689243027889,-1.7175808509624861,0.993611534776081,tested,1.0,False
16,3,39,480.0,3012.0,6.0,6.2151394422310755,-0.050824259077682496,0.6058667533268252,tested,1.0,False
16,4,39,326.0,3012.0,2.0,4.221115537848606,-1.0776243184213978,0.9353997244652233,tested,1.0,False
16,5,39,216.0,3012.0,3.0,2.7968127490039842,0.10117883436736742,0.5380443791498722,tested,1.0,False
16,6,39,214.0,3012.0,4.0,2.770916334661355,0.5296368494085327,0.29912767195370715,tested,1.0,False
16,7,39,270.0,3012.0,4.0,3.49601593625498,0.19428823875884904,0.46810725652286467,tested,1.0,False
16,8,39,142.0,3012.0,2.0,1.8386454183266931,0.1213567163049978,0.5560342154494092,tested,1.0,False
16,9,39,43.0,3012.0,3.0,0.5567729083665338,2.429801581828738,0.017329980016262746,tested,0.5722538889237718,False
16,10,39,47.0,3012.0,0.0,0.6085657370517928,,1.0,tested,1.0,False
16,X,39,118.0,3012.0,0.0,1.5278884462151394,,1.0,tested,1.0,False
16,U,39,63.0,3012.0,7.0,0.8157370517928287,3.1011788343673676,1.1345851062042499e-05,tested,0.001960563063520944,True
17,1,49,585.0,3012.0,8.0,9.516932270916335,-0.250496603914047,0.7632697110293987,tested,1.0,False
17,2,49,508.0,3012.0,9.0,8.264276228419655,0.12303652522686642,0.4475766847178817,tested,1.0,False
17,3,49,480.0,3012.0,8.0,7.808764940239044,0.034905614948201526,0.5309618892737188,tested,1.0,False
17,4,49,326.0,3012.0,4.0,5.303452855245684,-0.4069319436743576,0.7934551215042377,tested,1.0,False
17,5,49,216.0,3012.0,4.0,3.5139442231075697,0.18690870839325152,0.4712867058440165,tested,1.0,False
17,6,49,214.0,3012.0,3.0,3.4814077025232404,-0.2147082751232708,0.6880903799143541,tested,1.0,False
17,7,49,270.0,3012.0,7.0,4.392430278884462,0.6723355355634931,0.1441461148573574,tested,1.0,False
17,8,49,142.0,3012.0,2.0,2.310092961487384,-0.20795090894796228,0.681126599152011,tested,1.0,False
17,9,49,43.0,3012.0,0.0,0.699535192563081,,1.0,tested,1.0,False
17,10,49,47.0,3012.0,1.0,0.7646082337317397,0.3872073588790825,0.5401677176943809,tested,1.0,False
17,X,49,118.0,3012.0,1.0,1.9196547144754317,-0.9408468388051214,0.8611506431353235,tested,1.0,False
17,U,49,63.0,3012.0,2.0,1.0249003984063745,0.9645162870568036,0.27348887189305865,tested,1.0,False
18,1,49,585.0,3012.0,9.0,9.516932270916335,-0.08057160247173462,0.6322248321792503,tested,1.0,False
18,2,49,508.0,3012.0,12.0,8.264276228419655,0.5380740245057101,0.10967577485572205,tested,1.0,False
18,3,49,480.0,3012.0,6.0,7.808764940239044,-0.3801318843306424,0.8164259411662684,tested,1.0,False
18,4,49,326.0,3012.0,5.0,5.303452855245684,-0.0850038487869953,0.6250608806580059,tested,1.0,False
18,5,49,216.0,3012.0,3.0,3.5139442231075697,-0.2281287908855925,0.694307911667066,tested,1.0,False
18,6,49,214.0,3012.0,3.0,3.4814077025232404,-0.2147082751232708,0.6880903799143541,tested,1.0,False
18,7,49,270.0,3012.0,8.0,4.392430278884462,0.864980613505889,0.06690504891161356,tested,0.8363079852984152,False
18,8,49,142.0,3012.0,1.0,2.310092961487384,-1.2079509089479623,0.9079896996735148,tested,1.0,False
18,9,49,43.0,3012.0,1.0,0.699535192563081,0.5155314558546218,0.5084999328113383,tested,1.0,False
18,10,49,47.0,3012.0,0.0,0.7646082337317397,,1.0,tested,1.0,False
18,X,49,118.0,3012.0,0.0,1.9196547144754317,,1.0,tested,1.0,False
18,U,49,63.0,3012.0,1.0,1.0249003984063745,-0.03548371294319641,0.6480279254111162,tested,1.0,False
19,1,72,585.0,3012.0,12.0,13.98406374501992,-0.22074926051999497,0.7690394390878353,tested,1.0,False
19,2,72,508.0,3012.0,12.0,12.143426294820717,-0.01714113282139383,0.568286844492033,tested,1.0,False
19,3,72,480.0,3012.0,6.0,11.474103585657371,-0.9353470416577464,0.9814067532211743,tested,1.0,False
19,4,72,326.0,3012.0,8.0,7.792828685258964,0.037852898998538144,0.5255395847199954,tested,1.0,False
19,5,72,216.0,3012.0,8.0,5.163346613545817,0.6316935510661472,0.1406856875128233,tested,1.0,False
19,6,72,214.0,3012.0,3.0,5.115537848605578,-0.7699234324503749,0.8964037509951773,tested,1.0,False
19,7,72,270.0,3012.0,8.0,6.4541832669322705,0.30976545617878504,0.3154369539658274,tested,1.0,False
19,8,72,142.0,3012.0,1.0,3.394422310756972,-1.7631660662750663,0.9703924091541054,tested,1.0,False
19,9,72,43.0,3012.0,1.0,1.0278884462151394,-0.039683701472482034,0.6492866508249788,tested,1.0,False
19,10,72,47.0,3012.0,2.0,1.1235059760956174,0.8319922015519786,0.3103854092283255,tested,1.0,False
19,X,72,118.0,3012.0,5.0,2.8207171314741037,0.8258660987551367,0.14947230380196685,tested,1.0,False
19,U,72,63.0,3012.0,6.0,1.5059760956175299,1.9942636304508556,0.0034990212542054446,tested,0.23255033566411573,False
20,1,60,585.0,3012.0,15.0,11.653386454183266,0.3642132402011614,0.17276264053719348,tested,1.0,False
20,2,60,508.0,3012.0,10.0,10.119521912350598,-0.01714113282139383,0.5711978612259077,tested,1.0,False
20,3,60,480.0,3012.0,8.0,9.56175298804781,-0.25727513654510886,0.7629700768700176,tested,1.0,False
20,4,60,326.0,3012.0,7.0,6.49402390438247,0.10824222688993619,0.47760429511185676,tested,1.0,False
20,5,60,216.0,3012.0,3.0,4.302788844621514,-0.5203095423789026,0.8164480523556163,tested,1.0,False
20,6,60,214.0,3012.0,5.0,4.2629482071713145,0.23007656754962513,0.4246056263997887,tested,1.0,False
20,7,60,270.0,3012.0,5.0,5.378486055776892,-0.1052720431000588,0.6358813424605994,tested,1.0,False
20,8,60,142.0,3012.0,3.0,2.8286852589641436,0.08483084027988365,0.5439994098095313,tested,1.0,False
20,9,60,43.0,3012.0,0.0,0.8565737051792829,,1.0,tested,1.0,False
20,10,60,47.0,3012.0,0.0,0.9362549800796812,,1.0,tested,1.0,False
20,X,60,118.0,3012.0,3.0,2.350597609561753,0.3519349104227245,0.4200041401807645,tested,1.0,False
20,U,60,63.0,3012.0,1.0,1.254980079681275,-0.3276644644365067,0.7222446260640816,tested,1.0,False
21,1,22,585.0,3012.0,10.0,4.272908366533865,1.2267097164512262,0.00478078062158287,tested,0.2785129613211159,False
21,2,22,508.0,3012.0,4.0,3.7104913678618856,0.10838974926246525,0.5222031757707806,tested,1.0,False
21,3,22,480.0,3012.0,2.0,3.50597609561753,-0.8098161595738876,0.8874081518268406,tested,1.0,False
21,4,22,326.0,3012.0,1.0,2.3811420982735725,-1.2516537181964467,0.9202997195837805,tested,1.0,False
21,5,22,216.0,3012.0,1.0,1.5776892430278884,-0.6578130661288376,0.8066151295914409,tested,1.0,False
21,6,22,214.0,3012.0,1.0,1.5630810092961487,-0.644392550366516,0.803537248990497,tested,1.0,False
21,7,22,270.0,3012.0,1.0,1.9721115537848606,-0.9797411610161999,0.8742875097558128,tested,1.0,False
21,8,22,142.0,3012.0,0.0,1.0371845949535192,,1.0,tested,1.0,False
21,9,22,43.0,3012.0,0.0,0.3140770252324037,,1.0,tested,1.0,False
21,10,22,47.0,3012.0,0.0,0.3432934926958831,,1.0,tested,1.0,False
21,X,22,118.0,3012.0,2.0,0.8618857901726428,1.2144313866727896,0.2122908468662113,tested,1.0,False
21,U,22,63.0,3012.0,0.0,0.4601593625498008,,1.0,tested,1.0,False
22,1,33,585.0,3012.0,10.0,6.409362549800797,0.6417472157300703,0.09020565084406698,tested,0.9440029869362797,False
22,2,33,508.0,3012.0,4.0,5.565737051792829,-0.47657275145869116,0.8325566465740162,tested,1.0,False
22,3,33,480.0,3012.0,4.0,5.258964143426295,-0.39477866029504377,0.7953552347756727,tested,1.0,False
22,4,33,326.0,3012.0,2.0,3.5717131474103585,-0.8366162189176028,0.8871333074790686,tested,1.0,False
22,5,33,216.0,3012.0,0.0,2.366533864541833,,1.0,tested,1.0,False
22,6,33,214.0,3012.0,3.0,2.3446215139442232,0.35560744963348395,0.41947252944145963,tested,1.0,False
22,7,33,270.0,3012.0,4.0,2.958167330677291,0.4352963382626438,0.3426068999152117,tested,1.0,False
22,8,33,142.0,3012.0,1.0,1.5557768924302788,-0.6376351841912072,0.7985840357802314,tested,1.0,False
22,9,33,43.0,3012.0,2.0,0.4711155378486056,2.0858471806113767,0.07955921713130254,tested,0.8869569496960696,False
22,10,33,47.0,3012.0,2.0,0.5149402390438247,1.9575230836358375,0.09272485882521639,tested,0.9480979647927451,False
22,X,33,118.0,3012.0,1.0,1.292828685258964,-0.37053111404836653,0.7344720138365517,tested,1.0,False
22,U,33,63.0,3012.0,0.0,0.6902390438247012,,1.0,tested,1.0,False
23,1,29,585.0,3012.0,4.0,5.632470119521912,-0.4937677549264107,0.8435186452506492,tested,1.0,False
23,2,29,508.0,3012.0,1.0,4.891102257636122,-2.2901596272278097,0.9954118058629483,tested,1.0,False
23,3,29,480.0,3012.0,6.0,4.621513944223108,0.37659696465699355,0.31106529496313984,tested,1.0,False
23,4,29,326.0,3012.0,3.0,3.138778220451527,-0.0652405939655653,0.6222574066625104,tested,1.0,False
23,5,29,216.0,3012.0,1.0,2.0796812749003983,-1.0563624426191125,0.885651227846565,tested,1.0,False
23,6,29,214.0,3012.0,4.0,2.0604249667994687,0.9570580731432092,0.14638919805034165,tested,1.0,False
23,7,29,270.0,3012.0,6.0,2.599601593625498,1.2066719632146814,0.04002629748202264,tested,0.7539394520446417,False
23,8,29,142.0,3012.0,2.0,1.3671978751660026,0.5487779400396742,0.4004149012924148,tested,1.0,False
23,9,29,43.0,3012.0,0.0,0.41401062416998674,,1.0,tested,1.0,False
23,10,29,47.0,3012.0,1.0,0.45252324037184594,1.1439362078667188,0.3676052236611476,tested,1.0,False
23,X,29,118.0,3012.0,0.0,1.1361221779548474,,1.0,tested,1.0,False
23,U,29,63.0,3012.0,1.0,0.6065737051792829,0.7212451360444395,0.45984835012108216,tested,1.0,False
24,1,26,585.0,3012.0,8.0,5.049800796812749,0.6637735220600689,0.1142920715879892,tested,1.0,False
24,2,26,508.0,3012.0,5.0,4.385126162018592,0.1893097446460325,0.45279957506522867,tested,1.0,False
24,3,26,480.0,3012.0,2.0,4.143426294820717,-1.0508242590776824,0.9358127825405611,tested,1.0,False
24,4,26,326.0,3012.0,3.0,2.814077025232404,0.09230068302091454,0.545767892197859,tested,1.0,False
24,5,26,216.0,3012.0,0.0,1.8645418326693226,,1.0,tested,1.0,False
24,6,26,214.0,3012.0,2.0,1.847277556440903,0.11459935012968918,0.561200615810801,tested,1.0,False
24,7,26,270.0,3012.0,2.0,2.3306772908366535,-0.22074926051999497,0.691526227772258,tested,1.0,False
24,8,26,142.0,3012.0,0.0,1.2257636122177955,,1.0,tested,1.0,False
24,9,26,43.0,3012.0,3.0,0.3711819389110226,3.014764082549894,0.005606877990773212,tested,0.29786628995436737,False
24,10,26,47.0,3012.0,0.0,0.40571049136786186,,1.0,tested,1.0,False
24,X,26,118.0,3012.0,1.0,1.0185922974767596,-0.0265767128310053,0.6477826473213707,tested,1.0,False
24,U,26,63.0,3012.0,0.0,0.5438247011952191,,1.0,tested,1.0,False
25,1,41,585.0,3012.0,8.0,7.963147410358566,0.006661235583077647,0.5574964346222875,tested,1.0,False
25,2,41,508.0,3012.0,6.0,6.915006640106242,-0.20476813599716515,0.7132335642077986,tested,1.0,False
25,3,41,480.0,3012.0,9.0,6.53386454183267,0.4619884558876383,0.19498666986424235,tested,1.0,False
25,4,41,326.0,3012.0,2.0,4.437583001328021,-1.1497741041772331,0.9465853485516125,tested,1.0,False
25,5,41,216.0,3012.0,4.0,2.9402390438247012,0.44406654789037603,0.3385559885935244,tested,1.0,False
25,6,41,214.0,3012.0,2.0,2.913014608233732,-0.5425129363473024,0.8005266716706262,tested,1.0,False
25,7,41,270.0,3012.0,2.0,3.6752988047808763,-0.8778615469969863,0.8944956234191296,tested,1.0,False
25,8,41,142.0,3012.0,1.0,1.9329349269588314,-0.9507930694508375,0.8637928571894375,tested,1.0,False
25,9,41,43.0,3012.0,0.0,0.5853253652058433,,1.0,tested,1.0,False
25,10,41,47.0,3012.0,3.0,0.6397742363877822,2.2293276990973636,0.02508512922930614,tested,0.7106082509547706,False
25,X,41,118.0,3012.0,0.0,1.6062416998671978,,1.0,tested,1.0,False
25,U,41,63.0,3012.0,4.0,0.8575697211155379,2.221674126553928,0.009861768704278349,tested,0.4156374712437314,False
26,1,15,585.0,3012.0,1.0,2.9133466135458166,-1.5426773554073572,0.9611349083817202,tested,1.0,False
26,2,15,508.0,3012.0,4.0,2.5298804780876494,0.6609307722912439,0.23796246178045433,tested,1.0,False
26,3,15,480.0,3012.0,2.0,2.3904382470119523,-0.25727513654510886,0.7163570736191534,tested,1.0,False
26,4,15,326.0,3012.0,4.0,1.6235059760956174,1.3008873048323322,0.07020927805646415,tested,0.8381216929432225,False
26,5,15,216.0,3012.0,2.0,1.0756972111553784,0.8947279568999412,0.2929614214504145,tested,1.0,False
26,6,15,214.0,3012.0,1.0,1.0657370517928286,-0.09185152733773724,0.6698362944708469,tested,1.0,False
26,7,15,270.0,3012.0,1.0,1.344621513944223,-0.4272001379874211,0.7563920708728351,tested,1.0,False
26,8,15,142.0,3012.0,0.0,0.7071713147410359,,1.0,tested,1.0,False
26,9,15,43.0,3012.0,0.0,0.21414342629482072,,1.0,tested,1.0,False
26,10,15,47.0,3012.0,0.0,0.2340637450199203,,1.0,tested,1.0,False
26,X,15,118.0,3012.0,0.0,0.5876494023904383,,1.0,tested,1.0,False
26,U,15,63.0,3012.0,0.0,0.3137450199203187,,1.0,tested,1.0,False
27,1,50,585.0,3012.0,6.0,9.711155378486056,-0.6946804488524073,0.9429843186371452,tested,1.0,False
27,2,50,508.0,3012.0,7.0,8.432934926958831,-0.2686798998173581,0.7631693565129325,tested,1.0,False
27,3,50,480.0,3012.0,5.0,7.968127490039841,-0.6723126358239528,0.9192247090842609,tested,1.0,False
27,4,50,326.0,3012.0,4.0,5.411686586985391,-0.43607828933387405,0.8065067932844514,tested,1.0,False
27,5,50,216.0,3012.0,1.0,3.585657370517928,-1.842237637266265,0.9765411120844727,tested,1.0,False
27,6,50,214.0,3012.0,4.0,3.552456839309429,0.17118287849605648,0.47988720512456606,tested,1.0,False
27,7,50,270.0,3012.0,4.0,4.48207171314741,-0.16416573215362734,0.6685665514321663,tested,1.0,False
27,8,50,142.0,3012.0,12.0,2.357237715803453,2.3478652461136775,1.9642453289359467e-06,tested,0.0004848879897716166,True
27,9,50,43.0,3012.0,1.0,0.7138114209827358,0.48638511019510544,0.5156327383763446,tested,1.0,False
27,10,50,47.0,3012.0,3.0,0.7802124833997344,1.9430235139407224,0.04185785010317373,tested,0.7539394520446417,False
27,X,50,118.0,3012.0,2.0,1.9588313413014609,0.030006815535362063,0.5901999237996635,tested,1.0,False
27,U,50,63.0,3012.0,1.0,1.045816733067729,-0.0646300586027129,0.6555116381006538,tested,1.0,False
28,1,23,585.0,3012.0,5.0,4.467131474103586,0.16257937903151057,0.47131230629990206,tested,1.0,False
28,2,23,508.0,3012.0,6.0,3.8791500664010625,0.6292219125639056,0.17872985974687214,tested,1.0,False
28,3,23,480.0,3012.0,5.0,3.6653386454183265,0.4479815978937591,0.29933194136239644,tested,1.0,False
28,4,23,326.0,3012.0,0.0,2.48937583001328,,1.0,tested,1.0,False
28,5,23,216.0,3012.0,2.0,1.649402390438247,0.27805659645144654,0.4992690077916176,tested,1.0,False
28,6,23,214.0,3012.0,0.0,1.6341301460823374,,1.0,tested,1.0,False
28,7,23,270.0,3012.0,1.0,2.0617529880478087,-1.0438714984359156,0.8856394737577963,tested,1.0,False
28,8,23,142.0,3012.0,3.0,1.0843293492695882,1.4681594798313895,0.09123177014951314,tested,0.9440029869362797,False
28,9,23,43.0,3012.0,0.0,0.3283532536520584,,1.0,tested,1.0,False
28,10,23,47.0,3012.0,0.0,0.35889774236387784,,1.0,tested,1.0,False
28,X,23,118.0,3012.0,1.0,0.901062416998672,0.1503010492530742,0.602527723847573,tested,1.0,False
28,U,23,63.0,3012.0,0.0,0.4810756972111554,,1.0,tested,1.0,False
29,1,48,585.0,3012.0,13.0,9.322709163346614,0.4796904576210972,0.1231670217596337,tested,1.0,False
29,2,48,508.0,3012.0,13.0,8.095617529880478,0.6832985853196982,0.0494359743718914,tested,0.7849465801189568,False
29,3,48,480.0,3012.0,4.0,7.649402390438247,-0.9353470416577464,0.960601644306707,tested,1.0,False
29,4,48,326.0,3012.0,5.0,5.195219123505976,-0.05525650539294314,0.6062128175806996,tested,1.0,False
29,5,48,216.0,3012.0,1.0,3.442231075697211,-1.7833439482126967,0.9727075902274561,tested,1.0,False
29,6,48,214.0,3012.0,3.0,3.410358565737052,-0.18496093172921887,0.6743659047963957,tested,1.0,False
29,7,48,270.0,3012.0,4.0,4.302788844621514,-0.1052720431000588,0.636203421396043,tested,1.0,False
29,8,48,142.0,3012.0,1.0,2.262948207171315,-1.1782035655539103,0.9033598404791985,tested,1.0,False
29,9,48,43.0,3012.0,1.0,0.6852589641434262,0.5452787992486742,0.5012645672210909,tested,1.0,False
29,10,48,47.0,3012.0,1.0,0.749003984063745,0.4169547022731345,0.532758695662031,tested,1.0,False
29,X,48,118.0,3012.0,2.0,1.8804780876494025,0.0889005045889305,0.5677049134236953,tested,1.0,False
29,U,48,63.0,3012.0,0.0,1.00398406374502,,1.0,tested,1.0,False
30,1,36,585.0,3012.0,7.0,6.99203187250996,0.0016431608164531467,0.5661019241091622,tested,1.0,False
30,2,36,508.0,3012.0,7.0,6.0717131474103585,0.2052512885150542,0.4057729090341431,tested,1.0,False
30,3,36,480.0,3012.0,4.0,5.7370517928286855,-0.5203095423789028,0.8487772446185676,tested,1.0,False
30,4,36,326.0,3012.0,3.0,3.896414342629482,-0.3771846002803056,0.7646449233034092,tested,1.0,False
30,5,36,216.0,3012.0,1.0,2.5816733067729083,-1.3683064489338528,0.9324720109529965,tested,1.0,False
30,6,36,214.0,3012.0,1.0,2.557768924302789,-1.3548859331715313,0.9306998918354907,tested,1.0,False
30,7,36,270.0,3012.0,6.0,3.2270916334661353,0.8947279568999412,0.09745720695697008,tested,0.9650724078535807,False
30,8,36,142.0,3012.0,4.0,1.697211155378486,1.2368339337249337,0.08682233028237225,tested,0.9333441378117077,False
30,9,36,43.0,3012.0,0.0,0.5139442231075697,,1.0,tested,1.0,False
30,10,36,47.0,3012.0,0.0,0.5617529880478087,,1.0,tested,1.0,False
30,X,36,118.0,3012.0,3.0,1.4103585657370519,1.0889005045889304,0.16515009725017887,tested,1.0,False
30,U,36,63.0,3012.0,0.0,0.7529880478087649,,1.0,tested,1.0,False
31,1,79,585.0,3012.0,17.0,15.343625498007968,0.14789533327439763,0.3602625024213827,tested,1.0,False
31,2,79,508.0,3012.0,10.0,13.324037184594953,-0.41403128538997824,0.880843256128618,tested,1.0,False
31,3,79,480.0,3012.0,15.0,12.589641434262948,0.2527253064948254,0.2687702255831394,tested,1.0,False
31,4,79,326.0,3012.0,9.0,8.550464807436919,0.07392215370606016,0.48897818412432853,tested,1.0,False
31,5,79,216.0,3012.0,5.0,5.665338645418327,-0.18023410078128108,0.6801392825690291,tested,1.0,False
31,6,79,214.0,3012.0,6.0,5.612881806108898,0.09622082081483445,0.49541475670381346,tested,1.0,False
31,7,79,270.0,3012.0,2.0,7.081673306772909,-1.8240902905560057,0.9951269990275883,tested,1.0,False
31,8,79,142.0,3012.0,2.0,3.7244355909694553,-0.8970218130098566,0.8949802988004302,tested,1.0,False
31,9,79,43.0,3012.0,1.0,1.1278220451527226,-0.17353944820727277,0.6836889692113013,tested,1.0,False
31,10,79,47.0,3012.0,4.0,1.2327357237715804,1.6981364548171878,0.033313529322564005,tested,0.7462086336286181,False
31,X,79,118.0,3012.0,6.0,3.094953519256308,0.9550447578541402,0.08696088321046581,tested,0.9333441378117077,False
31,U,79,63.0,3012.0,2.0,1.652390438247012,0.2754453829949088,0.4966965264853913,tested,1.0,False
32,1,26,585.0,3012.0,6.0,5.049800796812749,0.2487360227812252,0.39297476352758354,tested,1.0,False
32,2,26,508.0,3012.0,2.0,4.385126162018592,-1.1326183502413298,0.9491887166529953,tested,1.0,False
32,3,26,480.0,3012.0,3.0,4.143426294820717,-0.4658617583565264,0.8082081557811253,tested,1.0,False
32,4,26,326.0,3012.0,1.0,2.814077025232404,-1.4926618177002415,0.9497882632859207,tested,1.0,False
32,5,26,216.0,3012.0,2.0,1.8645418326693226,0.10117883436736742,0.5664234653854637,tested,1.0,False
32,6,26,214.0,3012.0,3.0,1.847277556440903,0.6995618508508452,0.2801228525088561,tested,1.0,False
32,7,26,270.0,3012.0,4.0,2.3306772908366535,0.779250739480005,0.19944353670111223,tested,1.0,False
32,8,26,142.0,3012.0,0.0,1.2257636122177955,,1.0,tested,1.0,False
32,9,26,43.0,3012.0,0.0,0.3711819389110226,,1.0,tested,1.0,False
32,10,26,47.0,3012.0,0.0,0.40571049136786186,,1.0,tested,1.0,False
32,X,26,118.0,3012.0,2.0,1.0185922974767596,0.9734232871689947,0.27113474281874433,tested,1.0,False
32,U,26,63.0,3012.0,3.0,0.5438247011952191,2.463748913752076,0.01609505767573961,tested,0.5562451932735609,False
33,1,27,585.0,3012.0,3.0,5.24402390438247,-0.805711761241151,0.9190162673369152,tested,1.0,False
33,2,27,508.0,3012.0,6.0,4.553784860557769,0.3978963664574499,0.29781509380157967,tested,1.0,False
33,3,27,480.0,3012.0,1.0,4.302788844621514,-2.105272043100059,0.990988866181187,tested,1.0,False
33,4,27,326.0,3012.0,3.0,2.9223107569721116,0.037852898998538144,0.5722523963303705,tested,1.0,False
33,5,27,216.0,3012.0,4.0,1.9362549800796813,1.0467310503449911,0.12356527400797637,tested,1.0,False
33,6,27,214.0,3012.0,7.0,1.9183266932270917,1.8675064881649168,0.002155709453381383,tested,0.1862532967721515,False
33,7,27,270.0,3012.0,1.0,2.4203187250996017,-1.2751970445423713,0.9217070467868994,tested,1.0,False
33,8,27,142.0,3012.0,0.0,1.2729083665338645,,1.0,tested,1.0,False
33,9,27,43.0,3012.0,1.0,0.3854581673306773,1.3753537978063617,0.3228983563096681,tested,1.0,False
33,10,27,47.0,3012.0,0.0,0.4213147410358566,,1.0,tested,1.0,False
33,X,27,118.0,3012.0,1.0,1.0577689243027888,-0.08102449685338148,0.661701484433252,tested,1.0,False
33,U,27,63.0,3012.0,0.0,0.5647410358565738,,1.0,tested,1.0,False
34,1,48,585.0,3012.0,13.0,9.322709163346614,0.4796904576210972,0.1231670217596337,tested,1.0,False
34,2,48,508.0,3012.0,4.0,8.095617529880478,-1.0171411328213937,0.9724626828835568,tested,1.0,False
34,3,48,480.0,3012.0,12.0,7.649402390438247,0.6496154590634096,0.06860792167520002,tested,0.8363079852984152,False
34,4,48,326.0,3012.0,3.0,5.195219123505976,-0.7922220995591492,0.905852718035456,tested,1.0,False
34,5,48,216.0,3012.0,0.0,3.442231075697211,,1.0,tested,1.0,False
34,6,48,214.0,3012.0,3.0,3.410358565737052,-0.18496093172921887,0.6743659047963957,tested,1.0,False
34,7,48,270.0,3012.0,6.0,4.302788844621514,0.47969045762109747,0.256998321596269,tested,1.0,False
34,8,48,142.0,3012.0,4.0,2.262948207171315,0.8217964344460899,0.18820968337393262,tested,1.0,False
34,9,48,43.0,3012.0,2.0,0.6852589641434262,1.5452787992486743,0.14897506234235502,tested,1.0,False
34,10,48,47.0,3012.0,0.0,0.749003984063745,,1.0,tested,1.0,False
34,X,48,118.0,3012.0,1.0,1.8804780876494025,-0.9110994954110695,0.8553937126679898,tested,1.0,False
34,U,48,63.0,3012.0,0.0,1.00398406374502,,1.0,tested,1.0,False
35,1,23,585.0,3012.0,1.0,4.467131474103586,-2.1593487158558515,0.9931750692875634,tested,1.0,False
35,2,23,508.0,3012.0,4.0,3.8791500664010625,0.04425941184274954,0.5596195205965949,tested,1.0,False
35,3,23,480.0,3012.0,2.0,3.6653386454183265,-0.873946496993603,0.9019803938859268,tested,1.0,False
35,4,23,326.0,3012.0,5.0,2.48937583001328,1.0061440392712,0.09481475681468253,tested,0.9543348804542856,False
35,5,23,216.0,3012.0,1.0,1.649402390438247,-0.7219434035485535,0.8205854078550693,tested,1.0,False
35,6,23,214.0,3012.0,1.0,1.6341301460823374,-0.7085228877862317,0.8175984626078996,tested,1.0,False
35,7,23,270.0,3012.0,6.0,2.0617529880478087,1.5410910022852407,0.013386806267023656,tested,0.5028782875960192,False
35,8,23,142.0,3012.0,0.0,1.0843293492695882,,1.0,tested,1.0,False
35,9,23,43.0,3012.0,0.0,0.3283532536520584,,1.0,tested,1.0,False
35,10,23,47.0,3012.0,0.0,0.35889774236387784,,1.0,tested,1.0,False
35,X,23,118.0,3012.0,3.0,0.901062416998672,1.7352635499742304,0.058664172515851376,tested,0.7919663289639935,False
35,U,23,63.0,3012.0,0.0,0.4810756972111554,,1.0,tested,1.0,False
36,1,23,585.0,3012.0,4.0,4.467131474103586,-0.1593487158558516,0.6801956391483781,tested,1.0,False
36,2,23,508.0,3012.0,4.0,3.8791500664010625,0.04425941184274954,0.5596195205965949,tested,1.0,False
36,3,23,480.0,3012.0,3.0,3.6653386454183265,-0.2889839962724471,0.7343996102064357,tested,1.0,False
36,4,23,326.0,3012.0,4.0,2.48937583001328,0.6842159443838378,0.23293118738254395,tested,1.0,False
36,5,23,216.0,3012.0,2.0,1.649402390438247,0.27805659645144654,0.4992690077916176,tested,1.0,False
36,6,23,214.0,3012.0,2.0,1.6341301460823374,0.29147711221376826,0.4941905494076409,tested,1.0,False
36,7,23,270.0,3012.0,4.0,2.0617529880478087,0.9561285015640844,0.14492559824981768,tested,1.0,False
36,8,23,142.0,3012.0,0.0,1.0843293492695882,,1.0,tested,1.0,False
36,9,23,43.0,3012.0,0.0,0.3283532536520584,,1.0,tested,1.0,False
36,10,23,47.0,3012.0,0.0,0.35889774236387784,,1.0,tested,1.0,False
36,X,23,118.0,3012.0,0.0,0.901062416998672,,1.0,tested,1.0,False
36,U,23,63.0,3012.0,0.0,0.4810756972111554,,1.0,tested,1.0,False
37,1,55,585.0,3012.0,9.0,10.68227091633466,-0.24722147188118582,0.7689078299719792,tested,1.0,False
37,2,55,508.0,3012.0,2.0,9.276228419654714,-2.2135383456248974,0.999566085898798,tested,1.0,False
37,3,55,480.0,3012.0,28.0,8.764940239043824,1.6756106675963542,1.255201956738022e-09,tested,4.337977962486604e-07,True
37,4,55,326.0,3012.0,0.0,5.9528552456839305,,1.0,tested,1.0,False
37,5,55,216.0,3012.0,4.0,3.944223107569721,0.020258838983800154,0.5641917043630378,tested,1.0,False
37,6,55,214.0,3012.0,0.0,3.907702523240372,,1.0,tested,1.0,False
37,7,55,270.0,3012.0,11.0,4.930278884462151,1.157762362733735,0.008197931532376428,tested,0.3798463843348727,False
37,8,55,142.0,3012.0,0.0,2.592961487383798,,1.0,tested,1.0,False
37,9,55,43.0,3012.0,1.0,0.7851925630810093,0.3488815864451707,0.5498073871343783,tested,1.0,False
37,10,55,47.0,3012.0,0.0,0.8582337317397079,,1.0,tested,1.0,False
37,X,55,118.0,3012.0,0.0,2.1547144754316068,,1.0,tested,1.0,False
37,U,55,63.0,3012.0,0.0,1.150398406374502,,1.0,tested,1.0,False
38,1,44,585.0,3012.0,10.0,8.54581673306773,0.22670971645122626,0.34501929534800596,tested,1.0,False
38,2,44,508.0,3012.0,3.0,7.420982735723771,-1.3066477500163787,0.986073292610554,tested,1.0,False
38,3,44,480.0,3012.0,1.0,7.01195219123506,-2.8098161595738875,0.9995464238008872,tested,1.0,False
38,4,44,326.0,3012.0,3.0,4.762284196547145,-0.6666912174752904,0.8706533695757505,tested,1.0,False
38,5,44,216.0,3012.0,0.0,3.1553784860557768,,1.0,tested,1.0,False
38,6,44,214.0,3012.0,5.0,3.1261620185922974,0.6775355445208463,0.19930775247741114,tested,1.0,False
38,7,44,270.0,3012.0,2.0,3.944223107569721,-0.9797411610161999,0.9159949118550486,tested,1.0,False
38,8,44,142.0,3012.0,17.0,2.0743691899070384,3.0347901577802885,2.5048694008834944e-12,tested,1.4428047749088928e-09,True
38,9,44,43.0,3012.0,0.0,0.6281540504648074,,1.0,tested,1.0,False
38,10,44,47.0,3012.0,1.0,0.6865869853917662,0.5424855843569938,0.5019364910106215,tested,1.0,False
38,X,44,118.0,3012.0,0.0,1.7237715803452855,,1.0,tested,1.0,False
38,U,44,63.0,3012.0,2.0,0.9203187250996016,1.1197945125347144,0.23435305965295095,tested,1.0,False
39,1,41,585.0,3012.0,6.0,7.963147410358566,-0.4083762636957662,0.8362073652293156,tested,1.0,False
39,2,41,508.0,3012.0,9.0,6.915006640106242,0.3801943647239909,0.2448603566783804,tested,1.0,False
39,3,41,480.0,3012.0,6.0,6.53386454183267,-0.12297404483351798,0.6567208445845809,tested,1.0,False
39,4,41,326.0,3012.0,8.0,4.437583001328021,0.8502258958227669,0.0684996339347714,tested,0.8363079852984152,False
39,5,41,216.0,3012.0,3.0,2.9402390438247012,0.02902904861153204,0.5727108684582103,tested,1.0,False
39,6,41,214.0,3012.0,1.0,2.913014608233732,-1.5425129363473025,0.9522938397908071,tested,1.0,False
39,7,41,270.0,3012.0,6.0,3.6752988047808763,0.7071009537241698,0.1559315312906542,tested,1.0,False
39,8,41,142.0,3012.0,1.0,1.9329349269588314,-0.9507930694508375,0.8637928571894375,tested,1.0,False
39,9,41,43.0,3012.0,0.0,0.5853253652058433,,1.0,tested,1.0,False
39,10,41,47.0,3012.0,1.0,0.6397742363877822,0.6443651983762072,0.4775224581989218,tested,1.0,False
39,X,41,118.0,3012.0,0.0,1.6062416998671978,,1.0,tested,1.0,False
39,U,41,63.0,3012.0,0.0,0.8575697211155379,,1.0,tested,1.0,False
40,1,83,585.0,3012.0,14.0,16.12051792828685,-0.20347126908815918,0.765627507539403,tested,1.0,False
40,2,83,508.0,3012.0,13.0,13.99867197875166,-0.10677834530607026,0.6626326394342663,tested,1.0,False
40,3,83,480.0,3012.0,14.0,13.227091633466136,0.08193094977408895,0.4540023319443827,tested,1.0,False
40,4,83,326.0,3012.0,13.0,8.98339973439575,0.533178187235018,0.10731665920481448,tested,1.0,False
40,5,83,216.0,3012.0,4.0,5.952191235059761,-0.573420878838465,0.8580330395065678,tested,1.0,False
40,6,83,214.0,3012.0,8.0,5.897078353253652,0.4399996369238566,0.23403376367157958,tested,1.0,False
40,7,83,270.0,3012.0,10.0,7.440239043824701,0.42657912116153496,0.205592150247738,tested,1.0,False
40,8,83,142.0,3012.0,2.0,3.913014608233732,-0.9682804961796787,0.9103025888823234,tested,1.0,False
40,9,83,43.0,3012.0,0.0,1.1849269588313414,,1.0,tested,1.0,False
40,10,83,47.0,3012.0,3.0,1.295152722443559,1.2118402723685224,0.13814060336797557,tested,1.0,False
40,X,83,118.0,3012.0,2.0,3.251660026560425,-0.7011764260368379,0.8449077962786555,tested,1.0,False
40,U,83,63.0,3012.0,0.0,1.7360557768924303,,1.0,tested,1.0,False
41,1,66,585.0,3012.0,8.0,12.818725099601593,-0.6801808791572921,0.9595609608019954,tested,1.0,False
41,2,66,508.0,3012.0,15.0,11.131474103585658,0.43031784414982727,0.13268500941465294,tested,1.0,False
41,3,66,480.0,3012.0,11.0,10.51792828685259,0.06465295834225354,0.4875076763243244,tested,1.0,False
41,4,66,326.0,3012.0,8.0,7.143426294820717,0.16338378108239715,0.42380190137658147,tested,1.0,False
41,5,66,216.0,3012.0,6.0,4.733067729083666,0.34218693387116217,0.334781269132687,tested,1.0,False
41,6,66,214.0,3012.0,5.0,4.6892430278884465,0.09257304379969003,0.5094265379976777,tested,1.0,False
41,7,66,270.0,3012.0,11.0,5.916334661354582,0.894727956899941,0.03045778668036433,tested,0.7462086336286181,False
41,8,66,142.0,3012.0,1.0,3.1115537848605577,-1.6376351841912073,0.9601669468136439,tested,1.0,False
41,9,66,43.0,3012.0,0.0,0.9422310756972112,,1.0,tested,1.0,False
41,10,66,47.0,3012.0,0.0,1.0298804780876494,,1.0,tested,1.0,False
41,X,66,118.0,3012.0,1.0,2.585657370517928,-1.3705311140483665,0.9305496448814236,tested,1.0,False
41,U,66,63.0,3012.0,0.0,1.3804780876494025,,1.0,tested,1.0,False
42,1,41,585.0,3012.0,6.0,7.963147410358566,-0.4083762636957662,0.8362073652293156,tested,1.0,False
42,2,41,508.0,3012.0,7.0,6.915006640106242,0.017624285339282602,0.5512700861031231,tested,1.0,False
42,3,41,480.0,3012.0,6.0,6.53386454183267,-0.12297404483351798,0.6567208445845809,tested,1.0,False
42,4,41,326.0,3012.0,4.0,4.437583001328021,-0.14977410417723316,0.6629359778195316,tested,1.0,False
42,5,41,216.0,3012.0,3.0,2.9402390438247012,0.02902904861153204,0.5727108684582103,tested,1.0,False
42,6,41,214.0,3012.0,5.0,2.913014608233732,0.7794151585400597,0.1623165537028395,tested,1.0,False
42,7,41,270.0,3012.0,2.0,3.6752988047808763,-0.8778615469969863,0.8944956234191296,tested,1.0,False
42,8,41,142.0,3012.0,5.0,1.9329349269588314,1.3711350254365247,0.04146816151719017,tested,0.7539394520446417,False
42,9,41,43.0,3012.0,0.0,0.5853253652058433,,1.0,tested,1.0,False
42,10,41,47.0,3012.0,1.0,0.6397742363877822,0.6443651983762072,0.4775224581989218,tested,1.0,False
42,X,41,118.0,3012.0,2.0,1.6062416998671978,0.3163110006920034,0.4822670598230963,tested,1.0,False
42,U,41,63.0,3012.0,0.0,0.8575697211155379,,1.0,tested,1.0,False
43,1,52,585.0,3012.0,8.0,10.099601593625499,-0.33622647793993105,0.819751851704195,tested,1.0,False
43,2,52,508.0,3012.0,4.0,8.770252324037184,-1.1326183502413298,0.983787536248383,tested,1.0,False
43,3,52,480.0,3012.0,8.0,8.286852589641434,-0.050824259077682496,0.602931755724273,tested,1.0,False
43,4,52,326.0,3012.0,10.0,5.628154050464808,0.8292662771871206,0.0485213117111608,tested,0.7849465801189568,False
43,5,52,216.0,3012.0,2.0,3.729083665338645,-0.8988211656326326,0.8973406626247491,tested,1.0,False
43,6,52,214.0,3012.0,7.0,3.694555112881806,0.9219542721872932,0.0721064984189738,tested,0.841892089648559,False
43,7,52,270.0,3012.0,8.0,4.661354581673307,0.779250739480005,0.08870579176448772,tested,0.9403902341658574,False
43,8,52,142.0,3012.0,0.0,2.451527224435591,,1.0,tested,1.0,False
43,9,52,43.0,3012.0,2.0,0.7423638778220452,1.4298015818287382,0.16913621611151045,tested,1.0,False
43,10,52,47.0,3012.0,1.0,0.8114209827357237,0.3014774848531988,0.5617116060056827,tested,1.0,False
43,X,52,118.0,3012.0,1.0,2.0371845949535192,-1.0265767128310053,0.8770927555774362,tested,1.0,False
43,U,52,63.0,3012.0,1.0,1.0876494023904382,-0.12121358696908036,0.670012347804636,tested,1.0,False
44,1,24,585.0,3012.0,6.0,4.661354581673307,0.36421324020116114,0.3170223691092479,tested,1.0,False
44,2,24,508.0,3012.0,4.0,4.047808764940239,-0.01714113282139383,0.595392876041885,tested,1.0,False
44,3,24,480.0,3012.0,1.0,3.8247011952191237,-1.9353470416577465,0.9847586959992808,tested,1.0,False
44,4,24,326.0,3012.0,4.0,2.597609561752988,0.6228153997196945,0.257578662814092,tested,1.0,False
44,5,24,216.0,3012.0,1.0,1.7211155378486056,-0.7833439482126966,0.8335507982543016,tested,1.0,False
44,6,24,214.0,3012.0,1.0,1.705179282868526,-0.7699234324503749,0.8306576559842493,tested,1.0,False
44,7,24,270.0,3012.0,5.0,2.151394422310757,1.2166560517873037,0.05752481421849413,tested,0.7919663289639935,False
44,8,24,142.0,3012.0,0.0,1.1314741035856575,,1.0,tested,1.0,False
44,9,24,43.0,3012.0,0.0,0.3426294820717131,,1.0,tested,1.0,False
44,10,24,47.0,3012.0,0.0,0.3745019920318725,,1.0,tested,1.0,False
44,X,24,118.0,3012.0,1.0,0.9402390438247012,0.0889005045889305,0.6182191686739317,tested,1.0,False
44,U,24,63.0,3012.0,1.0,0.50199203187251,0.9942636304508555,0.39907446645076594,tested,1.0,False
45,1,17,585.0,3012.0,4.0,3.301792828685259,0.2767503989508218,0.42693690387236655,tested,1.0,False
45,2,17,508.0,3012.0,3.0,2.8671978751660028,0.06532102737057902,0.565737236718972,tested,1.0,False
45,3,17,480.0,3012.0,4.0,2.7091633466135456,0.5621526178130704,0.2811858016058286,tested,1.0,False
45,4,17,326.0,3012.0,0.0,1.8399734395750331,,1.0,tested,1.0,False
45,5,17,216.0,3012.0,1.0,1.2191235059760956,-0.28584428874187984,0.7187602401699401,tested,1.0,False
45,6,17,214.0,3012.0,2.0,1.2078353253652059,0.7275762270204418,0.34302474439608666,tested,1.0,False
45,7,17,270.0,3012.0,2.0,1.5239043824701195,0.39222761637075787,0.4587203461704846,tested,1.0,False
45,8,17,142.0,3012.0,0.0,0.8014608233731739,,1.0,tested,1.0,False
45,9,17,43.0,3012.0,0.0,0.24269588313413015,,1.0,tested,1.0,False
45,10,17,47.0,3012.0,0.0,0.2652722443559097,,1.0,tested,1.0,False
45,X,17,118.0,3012.0,0.0,0.6660026560424966,,1.0,tested,1.0,False
45,U,17,63.0,3012.0,1.0,0.3555776892430279,1.4917632899216722,0.3025449714082668,tested,1.0,False
46,1,11,585.0,3012.0,0.0,2.1364541832669324,,1.0,tested,1.0,False
46,2,11,508.0,3012.0,3.0,1.8552456839309428,0.6933522499836212,0.27944210663211144,tested,1.0,False
46,3,11,480.0,3012.0,1.0,1.752988047808765,-0.8098161595738876,0.8523651615596093,tested,1.0,False
46,4,11,326.0,3012.0,2.0,1.1905710491367862,0.7483462818035532,0.3377476357748804,tested,1.0,False
46,5,11,216.0,3012.0,1.0,0.7888446215139442,0.34218693387116245,0.5595566395050334,tested,1.0,False
46,6,11,214.0,3012.0,3.0,0.7815405046480743,1.94056995035464,0.03812093901836294,tested,0.7539394520446417,False
46,7,11,270.0,3012.0,0.0,0.9860557768924303,,1.0,tested,1.0,False
46,8,11,142.0,3012.0,0.0,0.5185922974767596,,1.0,tested,1.0,False
46,9,11,43.0,3012.0,0.0,0.15703851261620186,,1.0,tested,1.0,False
46,10,11,47.0,3012.0,0.0,0.17164674634794155,,1.0,tested,1.0,False
46,X,11,118.0,3012.0,1.0,0.4309428950863214,1.2144313866727896,0.3561939834461918,tested,1.0,False
46,U,11,63.0,3012.0,0.0,0.2300796812749004,,1.0,tested,1.0,False
47,1,55,585.0,3012.0,12.0,10.68227091633466,0.1678160273976581,0.3774538863348288,tested,1.0,False
47,2,55,508.0,3012.0,15.0,9.276228419654714,0.6933522499836212,0.034290029940827055,tested,0.7500401485791032,False
47,3,55,480.0,3012.0,5.0,8.764940239043824,-0.8098161595738874,0.9526428300156335,tested,1.0,False
47,4,55,326.0,3012.0,5.0,5.9528552456839305,-0.25165371819644655,0.7261955209305573,tested,1.0,False
47,5,55,216.0,3012.0,3.0,3.944223107569721,-0.39477866029504377,0.7670903029674891,tested,1.0,False
47,6,55,214.0,3012.0,1.0,3.907702523240372,-1.9663206452538784,0.9832884674942206,tested,1.0,False
47,7,55,270.0,3012.0,5.0,4.930278884462151,0.020258838983800154,0.5564396875853596,tested,1.0,False
47,8,55,142.0,3012.0,5.0,2.592961487383798,0.9473273165299488,0.11485126235640095,tested,1.0,False
47,9,55,43.0,3012.0,1.0,0.7851925630810093,0.3488815864451707,0.5498073871343783,tested,1.0,False
47,10,55,47.0,3012.0,1.0,0.8582337317397079,0.22055748946963127,0.5822666148244288,tested,1.0,False
47,X,55,118.0,3012.0,2.0,2.1547144754316068,-0.10749670821457262,0.6426287698490905,tested,1.0,False
47,U,55,63.0,3012.0,0.0,1.150398406374502,,1.0,tested,1.0,False
48,1,17,585.0,3012.0,4.0,3.301792828685259,0.2767503989508218,0.42693690387236655,tested,1.0,False
48,2,17,508.0,3012.0,2.0,2.8671978751660028,-0.5196414733505772,0.808280937497002,tested,1.0,False
48,3,17,480.0,3012.0,8.0,2.7091633466135456,1.5621526178130702,0.0025129983687367735,tested,0.18893765516735292,False
48,4,17,326.0,3012.0,0.0,1.8399734395750331,,1.0,tested,1.0,False
48,5,17,216.0,3012.0,1.0,1.2191235059760956,-0.28584428874187984,0.7187602401699401,tested,1.0,False
48,6,17,214.0,3012.0,0.0,1.2078353253652059,,1.0,tested,1.0,False
48,7,17,270.0,3012.0,1.0,1.5239043824701195,-0.6077723836292421,0.7983148802160663,tested,1.0,False
48,8,17,142.0,3012.0,0.0,0.8014608233731739,,1.0,tested,1.0,False
48,9,17,43.0,3012.0,0.0,0.24269588313413015,,1.0,tested,1.0,False
48,10,17,47.0,3012.0,0.0,0.2652722443559097,,1.0,tested,1.0,False
48,X,17,118.0,3012.0,1.0,0.6660026560424966,0.5864001640597476,0.4940146368874066,tested,1.0,False
48,U,17,63.0,3012.0,0.0,0.3555776892430279,,1.0,tested,1.0,False
49,1,39,585.0,3012.0,5.0,7.574701195219124,-0.5992608837737247,0.900506260071561,tested,1.0,False
49,2,39,508.0,3012.0,5.0,6.577689243027889,-0.3956527560751238,0.8120703179268183,tested,1.0,False
49,3,39,480.0,3012.0,7.0,6.2151394422310755,0.1715681622587654,0.43100426577786316,tested,1.0,False
49,4,39,326.0,3012.0,4.0,4.221115537848606,-0.07762431842139786,0.6228362086539936,tested,1.0,False
49,5,39,216.0,3012.0,2.0,2.7968127490039842,-0.48378366635378883,0.781624845043204,tested,1.0,False
49,6,39,214.0,3012.0,6.0,2.770916334661355,1.114599350129689,0.054414209907152226,tested,0.7849465801189568,False
49,7,39,270.0,3012.0,6.0,3.49601593625498,0.779250739480005,0.1309349073418801,tested,1.0,False
49,8,39,142.0,3012.0,2.0,1.8386454183266931,0.1213567163049978,0.5560342154494092,tested,1.0,False
49,9,39,43.0,3012.0,1.0,0.5567729083665338,0.8448390811075821,0.43128700766062805,tested,1.0,False
49,10,39,47.0,3012.0,0.0,0.6085657370517928,,1.0,tested,1.0,False
49,X,39,118.0,3012.0,1.0,1.5278884462151394,-0.6115392135521613,0.7916928756892679,tested,1.0,False
49,U,39,63.0,3012.0,0.0,0.8157370517928287,,1.0,tested,1.0,False
50,1,60,585.0,3012.0,11.0,11.653386454183266,-0.08324573677005988,0.6373603421929546,tested,1.0,False
50,2,60,508.0,3012.0,8.0,10.119521912350598,-0.3390692277087562,0.8177330273648193,tested,1.0,False
50,3,60,480.0,3012.0,15.0,9.56175298804781,0.6496154590634096,0.044922133030054046,tested,0.7849465801189568,False
50,4,60,326.0,3012.0,5.0,6.49402390438247,-0.37718460028030537,0.7942928081847153,tested,1.0,False
50,5,60,216.0,3012.0,6.0,4.302788844621514,0.47969045762109747,0.2579888981230726,tested,1.0,False
50,6,60,214.0,3012.0,3.0,4.2629482071713145,-0.5068890266165811,0.8113620839758591,tested,1.0,False
50,7,60,270.0,3012.0,7.0,5.378486055776892,0.3801547840701828,0.28906333593720174,tested,1.0,False
50,8,60,142.0,3012.0,1.0,2.8286852589641436,-1.5001316604412724,0.9464430970614917,tested,1.0,False
50,9,60,43.0,3012.0,0.0,0.8565737051792829,,1.0,tested,1.0,False
50,10,60,47.0,3012.0,3.0,0.9362549800796812,1.6799891081069285,0.06565319948349162,tested,0.8341818287314229,False
50,X,60,118.0,3012.0,1.0,2.350597609561753,-1.2330275902984318,0.9112710146614699,tested,1.0,False
50,U,60,63.0,3012.0,0.0,1.254980079681275,,1.0,tested,1.0,False
51,1,48,585.0,3012.0,7.0,9.322709163346614,-0.41339433846239076,0.8515892028552454,tested,1.0,False
51,2,48,508.0,3012.0,5.0,8.095617529880478,-0.6952130379340314,0.9266741662622038,tested,1.0,False
51,3,48,480.0,3012.0,12.0,7.649402390438247,0.6496154590634096,0.06860792167520002,tested,0.8363079852984152,False
51,4,48,326.0,3012.0,7.0,5.195219123505976,0.43017032177729847,0.2583633321341227,tested,1.0,False
51,5,48,216.0,3012.0,4.0,3.442231075697211,0.21665605178730338,0.45507618666617206,tested,1.0,False
51,6,48,214.0,3012.0,3.0,3.410358565737052,-0.18496093172921887,0.6743659047963957,tested,1.0,False
51,7,48,270.0,3012.0,5.0,4.302788844621514,0.21665605178730366,0.4331250126576825,tested,1.0,False
51,8,48,142.0,3012.0,2.0,2.262948207171315,-0.17820356555391018,0.6700267454406638,tested,1.0,False
51,9,48,43.0,3012.0,0.0,0.6852589641434262,,1.0,tested,1.0,False
51,10,48,47.0,3012.0,0.0,0.749003984063745,,1.0,tested,1.0,False
51,X,48,118.0,3012.0,3.0,1.8804780876494025,0.6738630053100868,0.28996602524876997,tested,1.0,False
51,U,48,63.0,3012.0,0.0,1.00398406374502,,1.0,tested,1.0,False
52,1,58,585.0,3012.0,11.0,11.264940239043824,-0.034336136289113535,0.588869716881028,tested,1.0,False
52,2,58,508.0,3012.0,6.0,9.782204515272245,-0.7051971265066536,0.9431684858913877,tested,1.0,False
52,3,58,480.0,3012.0,11.0,9.243027888446216,0.2510660825731347,0.3133663826390565,tested,1.0,False
52,4,58,326.0,3012.0,12.0,6.277556440903054,0.9347594060344347,0.018926520734961347,tested,0.5946368696366038,False
52,5,58,216.0,3012.0,4.0,4.159362549800797,-0.056362442619112475,0.6071879068394355,tested,1.0,False
52,6,58,214.0,3012.0,2.0,4.1208499335989375,-1.0429419268567908,0.9262613945630672,tested,1.0,False
52,7,58,270.0,3012.0,9.0,5.199203187250996,0.7916344639358376,0.07032849853979586,tested,0.8381216929432225,False
52,8,58,142.0,3012.0,2.0,2.734395750332005,-0.4512220599603259,0.7678511843899916,tested,1.0,False
52,9,58,43.0,3012.0,0.0,0.8280212483399735,,1.0,tested,1.0,False
52,10,58,47.0,3012.0,0.0,0.9050464807436919,,1.0,tested,1.0,False
52,X,58,118.0,3012.0,0.0,2.2722443559096948,,1.0,tested,1.0,False
52,U,58,63.0,3012.0,1.0,1.2131474103585658,-0.27875486395556043,0.7100050241575878,tested,1.0,False
53,1,69,585.0,3012.0,11.0,13.401394422310757,-0.2848795979397104,0.8125809347591595,tested,1.0,False
53,2,69,508.0,3012.0,18.0,11.637450199203187,0.6292219125639056,0.03320586493095656,tested,0.7462086336286181,False
53,3,69,480.0,3012.0,10.0,10.99601593625498,-0.136980902827397,0.6806008419388587,tested,1.0,False
53,4,69,326.0,3012.0,3.0,7.468127490039841,-1.3157840556161622,0.9846230324428997,tested,1.0,False
53,5,69,216.0,3012.0,4.0,4.948207171314741,-0.3069059042697094,0.741178340068868,tested,1.0,False
53,6,69,214.0,3012.0,7.0,4.902390438247012,0.5138695335502165,0.2157345554941756,tested,1.0,False
53,7,69,270.0,3012.0,4.0,6.185258964143427,-0.6288339991570718,0.8793359775833594,tested,1.0,False
53,8,69,142.0,3012.0,6.0,3.252988047808765,0.8831969791102331,0.104121473513108,tested,0.9995661457258368,False
53,9,69,43.0,3012.0,0.0,0.9850597609561753,,1.0,tested,1.0,False
53,10,69,47.0,3012.0,1.0,1.0766932270916334,-0.10660725378387814,0.6663693360847707,tested,1.0,False
53,X,69,118.0,3012.0,5.0,2.7031872509960158,0.8872666434192803,0.13133873814745636,tested,1.0,False
53,U,69,63.0,3012.0,0.0,1.4432270916334662,,1.0,tested,1.0,False
54,1,32,585.0,3012.0,6.0,6.2151394422310755,-0.050824259077682496,0.609726677723514,tested,1.0,False
54,2,32,508.0,3012.0,6.0,5.397078353253652,0.15278386862091867,0.45976661012247266,tested,1.0,False
54,3,32,480.0,3012.0,6.0,5.099601593625498,0.23457795978456578,0.40259951725684934,tested,1.0,False
54,4,32,326.0,3012.0,3.0,3.4634794156706508,-0.20725959883799316,0.6895002442125879,tested,1.0,False
54,5,32,216.0,3012.0,2.0,2.2948207171314743,-0.19838144749154055,0.6806177963483409,tested,1.0,False
54,6,32,214.0,3012.0,1.0,2.2735723771580347,-1.184960931729219,0.906619117746483,tested,1.0,False
54,7,32,270.0,3012.0,4.0,2.8685258964143427,0.4796904576210972,0.32147863461982745,tested,1.0,False
54,8,32,142.0,3012.0,2.0,1.5086321381142098,0.4067589351672462,0.4499967717559581,tested,1.0,False
54,9,32,43.0,3012.0,0.0,0.45683930942895085,,1.0,tested,1.0,False
54,10,32,47.0,3012.0,0.0,0.49933598937583,,1.0,tested,1.0,False
54,X,32,118.0,3012.0,2.0,1.253652058432935,0.673863005310087,0.3588815768188438,tested,1.0,False
54,U,32,63.0,3012.0,0.0,0.6693227091633466,,1.0,tested,1.0,False
55,1,51,585.0,3012.0,14.0,9.905378486055778,0.4991428202872697,0.10276304176977676,tested,0.9920365149618673,False
55,2,51,508.0,3012.0,9.0,8.601593625498008,0.06532102737057902,0.49894383140139137,tested,1.0,False
55,3,51,480.0,3012.0,5.0,8.127490039840637,-0.7008817880207235,0.9272309405832022,tested,1.0,False
55,4,51,326.0,3012.0,6.0,5.5199203187251,0.12031505919051119,0.4801929669226217,tested,1.0,False
55,5,51,216.0,3012.0,1.0,3.6573705179282867,-1.8708067894630358,0.9782518209939102,tested,1.0,False
55,6,51,214.0,3012.0,6.0,3.6235059760956174,0.7275762270204418,0.15019377181175136,tested,1.0,False
55,7,51,270.0,3012.0,4.0,4.5717131474103585,-0.19273488435039837,0.6839931258563319,tested,1.0,False
55,8,51,142.0,3012.0,1.0,2.404382470119522,-1.2656664068042496,0.9165988695870199,tested,1.0,False
55,9,51,43.0,3012.0,0.0,0.7280876494023905,,1.0,tested,1.0,False
55,10,51,47.0,3012.0,2.0,0.795816733067729,1.3294918610227953,0.18842560294050673,tested,1.0,False
55,X,51,118.0,3012.0,3.0,1.99800796812749,0.5864001640597475,0.32263380156576604,tested,1.0,False
55,U,51,63.0,3012.0,0.0,1.0667330677290836,,1.0,tested,1.0,False
56,1,65,585.0,3012.0,9.0,12.624501992031872,-0.4882295713849809,0.9091220079105973,tested,1.0,False
56,2,65,508.0,3012.0,4.0,10.96281540504648,-1.4545464451286922,0.9973745782912389,tested,1.0,False
56,3,65,480.0,3012.0,32.0,10.358565737051793,1.6272476460349552,2.4136154117920916e-10,tested,1.0426818578941835e-07,True
56,4,65,326.0,3012.0,2.0,7.03519256308101,-1.814589912587604,0.9951301024012593,tested,1.0,False
56,5,65,216.0,3012.0,3.0,4.661354581673307,-0.6357867597988388,0.8566772901161259,tested,1.0,False
56,6,65,214.0,3012.0,0.0,4.6181938911022575,,1.0,tested,1.0,False
56,7,65,270.0,3012.0,8.0,5.826693227091633,0.4573226445926429,0.22301759779063535,tested,1.0,False
56,8,65,142.0,3012.0,3.0,3.0644090305444887,-0.030646377140052125,0.5992167433084712,tested,1.0,False
56,9,65,43.0,3012.0,0.0,0.9279548472775564,,1.0,tested,1.0,False
56,10,65,47.0,3012.0,2.0,1.0142762284196547,0.9795493899658363,0.26950741226425484,tested,1.0,False
56,X,65,118.0,3012.0,0.0,2.546480743691899,,1.0,tested,1.0,False
56,U,65,63.0,3012.0,2.0,1.3595617529880477,0.5568583181435572,0.3967519816476628,tested,1.0,False
57,1,48,585.0,3012.0,8.0,9.322709163346614,-0.22074926051999497,0.7418746287681499,tested,1.0,False
57,2,48,508.0,3012.0,6.0,8.095617529880478,-0.43217863210023766,0.8441543658075006,tested,1.0,False
57,3,48,480.0,3012.0,7.0,7.649402390438247,-0.12799211960014253,0.6628549006912718,tested,1.0,False
57,4,48,326.0,3012.0,5.0,5.195219123505976,-0.05525650539294314,0.6062128175806996,tested,1.0,False
57,5,48,216.0,3012.0,3.0,3.442231075697211,-0.19838144749154035,0.6806535521268791,tested,1.0,False
57,6,48,214.0,3012.0,7.0,3.410358565737052,1.0374314896072292,0.05031826167372541,tested,0.7849465801189568,False
57,7,48,270.0,3012.0,4.0,4.302788844621514,-0.1052720431000588,0.636203421396043,tested,1.0,False
57,8,48,142.0,3012.0,2.0,2.262948207171315,-0.17820356555391018,0.6700267454406638,tested,1.0,False
57,9,48,43.0,3012.0,0.0,0.6852589641434262,,1.0,tested,1.0,False
57,10,48,47.0,3012.0,2.0,0.749003984063745,1.4169547022731346,0.17151935961458162,tested,1.0,False
57,X,48,118.0,3012.0,3.0,1.8804780876494025,0.6738630053100868,0.28996602524876997,tested,1.0,False
57,U,48,63.0,3012.0,1.0,1.00398406374502,-0.005736369549144459,0.6403842712576865,tested,1.0,False
58,1,37,585.0,3012.0,10.0,7.186254980079681,0.4766879694595738,0.16545418976464563,tested,1.0,False
58,2,37,508.0,3012.0,5.0,6.240371845949535,-0.319703902841825,0.7727980336473557,tested,1.0,False
58,3,37,480.0,3012.0,4.0,5.896414342629482,-0.5598379065655402,0.8637518484843197,tested,1.0,False
58,4,37,326.0,3012.0,2.0,4.00464807436919,-1.0016754651880992,0.922024453393113,tested,1.0,False
58,5,37,216.0,3012.0,3.0,2.653386454183267,0.17712768760066602,0.5018423222047407,tested,1.0,False
58,6,37,214.0,3012.0,2.0,2.6288180610889773,-0.39441429735816846,0.7513020311838176,tested,1.0,False
58,7,37,270.0,3012.0,1.0,3.316733067729084,-1.7297629080078525,0.9697081981199298,tested,1.0,False
58,8,37,142.0,3012.0,6.0,1.7443559096945551,1.7822680702594524,0.006843641479255795,tested,0.3478180140045298,False
58,9,37,43.0,3012.0,0.0,0.5282204515272244,,1.0,tested,1.0,False
58,10,37,47.0,3012.0,0.0,0.5773572377158035,,1.0,tested,1.0,False
58,X,37,118.0,3012.0,3.0,1.449535192563081,1.0493721404022933,0.17490196064615213,tested,1.0,False
58,U,37,63.0,3012.0,1.0,0.7739043824701195,0.3697727655430618,0.5447348675184173,tested,1.0,False
59,1,29,585.0,3012.0,3.0,5.632470119521912,-0.9088052542052547,0.9406569693529561,tested,1.0,False
59,2,29,508.0,3012.0,5.0,4.891102257636122,0.031768467659552664,0.5557557436792788,tested,1.0,False
59,3,29,480.0,3012.0,4.0,4.621513944223108,-0.20836553606416255,0.7018247322028354,tested,1.0,False
59,4,29,326.0,3012.0,7.0,3.138778220451527,1.1571518273708827,0.03113648043995461,tested,0.7462086336286181,False
59,5,29,216.0,3012.0,2.0,2.0796812749003983,-0.056362442619112475,0.6268792954877799,tested,1.0,False
59,6,29,214.0,3012.0,4.0,2.0604249667994687,0.9570580731432092,0.14638919805034165,tested,1.0,False
59,7,29,270.0,3012.0,2.0,2.599601593625498,-0.37829053750647484,0.7483744414753277,tested,1.0,False
59,8,29,142.0,3012.0,0.0,1.3671978751660026,,1.0,tested,1.0,False
59,9,29,43.0,3012.0,0.0,0.41401062416998674,,1.0,tested,1.0,False
59,10,29,47.0,3012.0,0.0,0.45252324037184594,,1.0,tested,1.0,False
59,X,29,118.0,3012.0,1.0,1.1361221779548474,-0.1841179898174854,0.6879236794701618,tested,1.0,False
59,U,29,63.0,3012.0,1.0,0.6065737051792829,0.7212451360444395,0.45984835012108216,tested,1.0,False
60,1,54,585.0,3012.0,6.0,10.48804780876494,-0.805711761241151,0.9659611138720351,tested,1.0,False
60,2,54,508.0,3012.0,15.0,9.107569721115539,0.7198244613448121,0.029319987343475074,tested,0.7383952133069953,False
60,3,54,480.0,3012.0,4.0,8.605577689243027,-1.1052720431000589,0.9811165042895297,tested,1.0,False
60,4,54,326.0,3012.0,4.0,5.844621513944223,-0.547109601722618,0.8521545959651426,tested,1.0,False
60,5,54,216.0,3012.0,7.0,3.8725099601593627,0.8540859724025952,0.08815497714713257,tested,0.9403197562360807,False
60,6,54,214.0,3012.0,1.0,3.8366533864541834,-1.9398484338926874,0.9819851628454462,tested,1.0,False
60,7,54,270.0,3012.0,2.0,4.840637450199203,-1.2751970445423713,0.9615782465047072,tested,1.0,False
60,8,54,142.0,3012.0,10.0,2.545816733067729,1.9737995278911398,0.00015878457654086402,tested,0.021106134481739466,True
60,9,54,43.0,3012.0,0.0,0.7709163346613546,,1.0,tested,1.0,False
60,10,54,47.0,3012.0,1.0,0.8426294820717132,0.24702970083082218,0.5755220359500725,tested,1.0,False
60,X,54,118.0,3012.0,4.0,2.1155378486055776,0.9189755031466185,0.1592719977534442,tested,1.0,False
60,U,54,63.0,3012.0,0.0,1.1294820717131475,,1.0,tested,1.0,False
61,1,25,585.0,3012.0,3.0,4.855577689243028,-0.6946804488524073,0.8903967082032791,tested,1.0,False
61,2,25,508.0,3012.0,4.0,4.2164674634794155,-0.07603482187496227,0.6293806423169284,tested,1.0,False
61,3,25,480.0,3012.0,1.0,3.9840637450199203,-1.994240730711315,0.9872070982483924,tested,1.0,False
61,4,25,326.0,3012.0,3.0,2.7058432934926957,0.14888421138728222,0.5183554091083382,tested,1.0,False
61,5,25,216.0,3012.0,5.0,1.792828685258964,1.4796904576210972,0.02948453108691127,tested,0.7383952133069953,False
61,6,25,214.0,3012.0,1.0,1.7762284196547145,-0.8288171215039435,0.8427859229251364,tested,1.0,False
61,7,25,270.0,3012.0,3.0,2.241035856573705,0.420796768567529,0.39136037864815604,tested,1.0,False
61,8,25,142.0,3012.0,1.0,1.1786188579017265,-0.23709725460747866,0.7024766542944122,tested,1.0,False
61,9,25,43.0,3012.0,3.0,0.3569057104913679,3.0713476109162614,0.0050094020531339465,tested,0.2792337660585632,False
61,10,25,47.0,3012.0,0.0,0.3901062416998672,,1.0,tested,1.0,False
61,X,25,118.0,3012.0,1.0,0.9794156706507304,0.030006815535362063,0.633296189455885,tested,1.0,False
61,U,25,63.0,3012.0,0.0,0.5229083665338645,,1.0,tested,1.0,False
62,1,30,585.0,3012.0,3.0,5.826693227091633,-0.957714854686201,0.9493443130475827,tested,1.0,False
62,2,30,508.0,3012.0,5.0,5.059760956175299,-0.01714113282139383,0.5879190035101434,tested,1.0,False
62,3,30,480.0,3012.0,5.0,4.780876494023905,0.06465295834225354,0.5333220217966034,tested,1.0,False
62,4,30,326.0,3012.0,2.0,3.247011952191235,-0.6991126951676679,0.8520245679033647,tested,1.0,False
62,5,30,216.0,3012.0,2.0,2.151394422310757,-0.1052720431000588,0.6455303063684833,tested,1.0,False
62,6,30,214.0,3012.0,0.0,2.1314741035856573,,1.0,tested,1.0,False
62,7,30,270.0,3012.0,3.0,2.689243027888446,0.15776236273373503,0.5124688802655277,tested,1.0,False
62,8,30,142.0,3012.0,8.0,1.4143426294820718,2.4998683395587276,4.854645337246832e-05,tested,0.006990689285635438,True
62,9,30,43.0,3012.0,1.0,0.42828685258964144,1.2233507043613117,0.35175006223374083,tested,1.0,False
62,10,30,47.0,3012.0,0.0,0.4681274900398406,,1.0,tested,1.0,False
62,X,30,118.0,3012.0,1.0,1.1752988047808766,-0.23302759029843176,0.7002686361656096,tested,1.0,False
62,U,30,63.0,3012.0,0.0,0.6274900398406374,,1.0,tested,1.0,False
63,1,43,585.0,3012.0,10.0,8.351593625498008,0.25987658038642564,0.31695506031681037,tested,1.0,False
63,2,43,508.0,3012.0,15.0,7.252324037184595,1.048447208806183,0.0030902018193134815,tested,0.21359474975094786,False
63,3,43,480.0,3012.0,3.0,6.852589641434263,-1.1916867949175323,0.9768637672438008,tested,1.0,False
63,4,43,326.0,3012.0,4.0,4.654050464807437,-0.21848685426124723,0.7000500613207594,tested,1.0,False
63,5,43,216.0,3012.0,1.0,3.0836653386454183,-1.6246462021936383,0.9601730817049083,tested,1.0,False
63,6,43,214.0,3012.0,0.0,3.055112881806109,,1.0,tested,1.0,False
63,7,43,270.0,3012.0,5.0,3.854581673306773,0.37535379780636163,0.34091881274862745,tested,1.0,False
63,8,43,142.0,3012.0,0.0,2.0272244355909694,,1.0,tested,1.0,False
63,9,43,43.0,3012.0,1.0,0.6138778220451527,0.7039765452677323,0.4634982766627111,tested,1.0,False
63,10,43,47.0,3012.0,1.0,0.6709827357237715,0.575652448292193,0.49392520253611755,tested,1.0,False
63,X,43,118.0,3012.0,3.0,1.6845949535192564,0.8325607513291451,0.23630981233063433,tested,1.0,False
63,U,43,63.0,3012.0,0.0,0.899402390438247,,1.0,tested,1.0,False
64,1,35,585.0,3012.0,3.0,6.797808764940239,-1.180107276022649,0.9775998953441779,tested,1.0,False
64,2,35,508.0,3012.0,6.0,5.903054448871182,0.023500851675952165,0.5531321055385134,tested,1.0,False
64,3,35,480.0,3012.0,6.0,5.577689243027889,0.10529494283959925,0.4932970079735417,tested,1.0,False
64,4,35,326.0,3012.0,6.0,3.7881806108897744,0.6634573842170403,0.17091098107701636,tested,1.0,False
64,5,35,216.0,3012.0,6.0,2.50996015936255,1.2572980362846493,0.035609924034699356,tested,0.7539394520446417,False
64,6,35,214.0,3012.0,2.0,2.4867197875166003,-0.31424394867418526,0.7229953008293253,tested,1.0,False
64,7,35,270.0,3012.0,4.0,3.137450199203187,0.35040744067613094,0.3849133901385536,tested,1.0,False
64,8,35,142.0,3012.0,0.0,1.650066401062417,,1.0,tested,1.0,False
64,9,35,43.0,3012.0,1.0,0.499667994687915,1.0009582830248638,0.3971893884852952,tested,1.0,False
64,10,35,47.0,3012.0,0.0,0.546148738379814,,1.0,tested,1.0,False
64,X,35,118.0,3012.0,1.0,1.3711819389110225,-0.4554200116348795,0.7550942420017165,tested,1.0,False
64,U,35,63.0,3012.0,0.0,0.7320717131474104,,1.0,tested,1.0,False
65,1,74,585.0,3012.0,14.0,14.372509960159363,-0.03788520337018435,0.5917014657058317,tested,1.0,False
65,2,74,508.0,3012.0,14.0,12.48074369189907,0.1657229243284166,0.3632589342407555,tested,1.0,False
65,3,74,480.0,3012.0,6.0,11.792828685258964,-0.974875405844384,0.9851529547156018,tested,1.0,False
65,4,74,326.0,3012.0,12.0,8.00929614873838,0.5832870355330569,0.09740029260263997,tested,0.9650724078535807,False
65,5,74,216.0,3012.0,6.0,5.306772908366534,0.17712768760066602,0.44017393893796,tested,1.0,False
65,6,74,214.0,3012.0,9.0,5.257636122177955,0.7755107040841439,0.07605149957141576,tested,0.8662326559766653,False
65,7,74,270.0,3012.0,8.0,6.633466135458168,0.27023709199214757,0.3432500704200838,tested,1.0,False
65,8,74,142.0,3012.0,0.0,3.4887118193891102,,1.0,tested,1.0,False
65,9,74,43.0,3012.0,0.0,1.0564409030544488,,1.0,tested,1.0,False
65,10,74,47.0,3012.0,0.0,1.154714475431607,,1.0,tested,1.0,False
65,X,74,118.0,3012.0,3.0,2.899070385126162,0.04937214040229324,0.5605128632877829,tested,1.0,False
65,U,74,63.0,3012.0,2.0,1.547808764940239,0.3697727655430618,0.4621347153147943,tested,1.0,False
66,,3,,,,,,,skipped_fewer_than_5_genes,,False
67,1,49,585.0,3012.0,6.0,9.516932270916335,-0.6655341031928909,0.935403503107054,tested,1.0,False
67,2,49,508.0,3012.0,14.0,8.264276228419655,0.7604664458421581,0.02745611834709351,tested,0.7356772347429144,False
67,3,49,480.0,3012.0,0.0,7.808764940239044,,1.0,tested,1.0,False
67,4,49,326.0,3012.0,10.0,5.303452855245684,0.9149961512130047,0.03368302860129179,tested,0.7462086336286181,False
67,5,49,216.0,3012.0,4.0,3.5139442231075697,0.18690870839325152,0.4712867058440165,tested,1.0,False
67,6,49,214.0,3012.0,3.0,3.4814077025232404,-0.2147082751232708,0.6880903799143541,tested,1.0,False
67,7,49,270.0,3012.0,2.0,4.392430278884462,-1.135019386494111,0.9429600715709339,tested,1.0,False
67,8,49,142.0,3012.0,9.0,2.310092961487384,1.96197409249435,0.00036480648314506125,tested,0.043892949510368824,True
67,9,49,43.0,3012.0,0.0,0.699535192563081,,1.0,tested,1.0,False
67,10,49,47.0,3012.0,1.0,0.7646082337317397,0.3872073588790825,0.5401677176943809,tested,1.0,False
67,X,49,118.0,3012.0,0.0,1.9196547144754317,,1.0,tested,1.0,False
67,U,49,63.0,3012.0,0.0,1.0249003984063745,,1.0,tested,1.0,False
68,1,31,585.0,3012.0,5.0,6.020916334661354,-0.26805497529835143,0.7480234257178817,tested,1.0,False
68,2,31,508.0,3012.0,8.0,5.228419654714475,0.6136250575128871,0.1377240821721182,tested,1.0,False
68,3,31,480.0,3012.0,3.0,4.940239043824701,-0.7196183506023093,0.8926942793380294,tested,1.0,False
68,4,31,326.0,3012.0,3.0,3.355245683930943,-0.16145590922486838,0.6681352248139862,tested,1.0,False
68,5,31,216.0,3012.0,1.0,2.2231075697211153,-1.1525777578784155,0.9016143072144677,tested,1.0,False
68,6,31,214.0,3012.0,2.0,2.2025232403718458,-0.13915724211609382,0.6582842858442741,tested,1.0,False
68,7,31,270.0,3012.0,2.0,2.7788844621513946,-0.474505852765778,0.7810896753382781,tested,1.0,False
68,8,31,142.0,3012.0,3.0,1.4614873837981408,1.0375251255015272,0.1774649209080857,tested,1.0,False
68,9,31,43.0,3012.0,1.0,0.44256308100929614,1.1760449895829552,0.36109773068576967,tested,1.0,False
68,10,31,47.0,3012.0,1.0,0.48373173970783534,1.0477208926074155,0.3873794818440078,tested,1.0,False
68,X,31,118.0,3012.0,2.0,1.2144754316069057,0.7196666949232118,0.34445071934007576,tested,1.0,False
68,U,31,63.0,3012.0,0.0,0.648406374501992,,1.0,tested,1.0,False
69,1,62,585.0,3012.0,8.0,12.041832669322709,-0.5899830701857139,0.9359102390372455,tested,1.0,False
69,2,62,508.0,3012.0,14.0,10.45683930942895,0.4209799795704912,0.1486798031271027,tested,1.0,False
69,3,62,480.0,3012.0,10.0,9.880478087649402,0.017347243563896608,0.5378334003441492,tested,1.0,False
69,4,62,326.0,3012.0,7.0,6.710491367861886,0.06093651211157943,0.5136501056606126,tested,1.0,False
69,5,62,216.0,3012.0,5.0,4.446215139442231,0.1693503370089468,0.46157469894348274,tested,1.0,False
69,6,62,214.0,3012.0,3.0,4.4050464807436915,-0.5541947413949376,0.8287268010388396,tested,1.0,False
69,7,62,270.0,3012.0,9.0,5.557768924302789,0.6954191486765343,0.09829441191101285,tested,0.9650724078535807,False
69,8,62,142.0,3012.0,0.0,2.9229747675962816,,1.0,tested,1.0,False
69,9,62,43.0,3012.0,0.0,0.8851261620185923,,1.0,tested,1.0,False
69,10,62,47.0,3012.0,1.0,0.9674634794156707,0.047720892607415445,0.6266286859577488,tested,1.0,False
69,X,62,118.0,3012.0,4.0,2.4289508632138115,0.7196666949232118,0.22352298657838093,tested,1.0,False
69,U,62,63.0,3012.0,1.0,1.296812749003984,-0.3749701792148635,0.7339754982844331,tested,1.0,False
70,1,54,585.0,3012.0,8.0,10.48804780876494,-0.39067426196230715,0.8512443957823774,tested,1.0,False
70,2,54,508.0,3012.0,6.0,9.107569721115539,-0.6021036335425501,0.913451624255818,tested,1.0,False
70,3,54,480.0,3012.0,10.0,8.605577689243027,0.21665605178730366,0.35504830080390143,tested,1.0,False
70,4,54,326.0,3012.0,10.0,5.844621513944223,0.7748184931647443,0.0605412860100284,tested,0.8109716451575898,False
70,5,54,216.0,3012.0,6.0,3.8725099601593627,0.6316935510661472,0.1870905643660894,tested,1.0,False
70,6,54,214.0,3012.0,6.0,3.8366533864541834,0.6451140668284688,0.18161118447146224,tested,1.0,False
70,7,54,270.0,3012.0,5.0,4.840637450199203,0.046731050344991185,0.5395645845777883,tested,1.0,False
70,8,54,142.0,3012.0,1.0,2.545816733067729,-1.3481285669962224,0.9280352592678467,tested,1.0,False
70,9,54,43.0,3012.0,0.0,0.7709163346613546,,1.0,tested,1.0,False
70,10,54,47.0,3012.0,1.0,0.8426294820717132,0.24702970083082218,0.5755220359500725,tested,1.0,False
70,X,54,118.0,3012.0,1.0,2.1155378486055776,-1.0810244968533815,0.8866983816949205,tested,1.0,False
70,U,54,63.0,3012.0,0.0,1.1294820717131475,,1.0,tested,1.0,False
71,,4,,,,,,,skipped_fewer_than_5_genes,,False
72,1,42,585.0,3012.0,7.0,8.157370517928287,-0.22074926051999497,0.7346611416358177,tested,1.0,False
72,2,42,508.0,3012.0,11.0,7.083665338645418,0.6349355637582993,0.08314726879372727,tested,0.9106000094868757,False
72,3,42,480.0,3012.0,5.0,6.693227091633466,-0.4207738688279883,0.8228263685401879,tested,1.0,False
72,4,42,326.0,3012.0,6.0,4.5458167330677295,0.40042297838324636,0.29939804603575215,tested,1.0,False
72,5,42,216.0,3012.0,4.0,3.0119521912350598,0.40930112972969945,0.35534326204057215,tested,1.0,False
72,6,42,214.0,3012.0,2.0,2.9840637450199203,-0.5772783545079789,0.8114073202097034,tested,1.0,False
72,7,42,270.0,3012.0,3.0,3.764940239043825,-0.32766446443650693,0.7409276311748971,tested,1.0,False
72,8,42,142.0,3012.0,2.0,1.9800796812749004,0.014441512388485758,0.5968800381241078,tested,1.0,False
72,9,42,43.0,3012.0,0.0,0.599601593625498,,1.0,tested,1.0,False
72,10,42,47.0,3012.0,1.0,0.6553784860557769,0.6095997802155305,0.4857878383620491,tested,1.0,False
72,X,42,118.0,3012.0,1.0,1.6454183266932272,-0.7184544174686733,0.8155326068646809,tested,1.0,False
72,U,42,63.0,3012.0,0.0,0.8784860557768924,,1.0,tested,1.0,False
73,1,33,585.0,3012.0,7.0,6.409362549800797,0.12717404290031198,0.4661703218635883,tested,1.0,False
73,2,33,508.0,3012.0,7.0,5.565737051792829,0.3307821705989129,0.31662749832508014,tested,1.0,False
73,3,33,480.0,3012.0,3.0,5.258964143426295,-0.8098161595738876,0.9158807691591846,tested,1.0,False
73,4,33,326.0,3012.0,4.0,3.5717131474103585,0.16338378108239715,0.4863079165451704,tested,1.0,False
73,5,33,216.0,3012.0,3.0,2.366533864541833,0.34218693387116217,0.42550773011361703,tested,1.0,False
73,6,33,214.0,3012.0,2.0,2.3446215139442232,-0.22935505108767226,0.6920311037625622,tested,1.0,False
73,7,33,270.0,3012.0,3.0,2.958167330677291,0.020258838983800154,0.5787607655369884,tested,1.0,False
73,8,33,142.0,3012.0,1.0,1.5557768924302788,-0.6376351841912072,0.7985840357802314,tested,1.0,False
73,9,33,43.0,3012.0,0.0,0.4711155378486056,,1.0,tested,1.0,False
73,10,33,47.0,3012.0,0.0,0.5149402390438247,,1.0,tested,1.0,False
73,X,33,118.0,3012.0,3.0,1.292828685258964,1.2144313866727896,0.13697566638023323,tested,1.0,False
73,U,33,63.0,3012.0,0.0,0.6902390438247012,,1.0,tested,1.0,False
74,1,28,585.0,3012.0,8.0,5.438247011952191,0.5568583181435572,0.16018395990687212,tested,1.0,False
74,2,28,508.0,3012.0,4.0,4.722443559096946,-0.23953355415784192,0.7198618672347461,tested,1.0,False
74,3,28,480.0,3012.0,9.0,4.46215139442231,1.012185538448118,0.024969827212495955,tested,0.7106082509547706,False
74,4,28,326.0,3012.0,1.0,3.0305444887118194,-1.5995770216167533,0.9601552525886319,tested,1.0,False
74,5,28,216.0,3012.0,1.0,2.00796812749004,-1.0057363695491444,0.8767280577652276,tested,1.0,False
74,6,28,214.0,3012.0,1.0,1.9893758300132802,-0.9923158537868227,0.8742228672055125,tested,1.0,False
74,7,28,270.0,3012.0,2.0,2.50996015936255,-0.3276644644365067,0.7304991308996286,tested,1.0,False
74,8,28,142.0,3012.0,0.0,1.3200531208499335,,1.0,tested,1.0,False
74,9,28,43.0,3012.0,0.0,0.399734395750332,,1.0,tested,1.0,False
74,10,28,47.0,3012.0,0.0,0.43691899070385126,,1.0,tested,1.0,False
74,X,28,118.0,3012.0,1.0,1.096945551128818,-0.13349191674751706,0.675074759085472,tested,1.0,False
74,U,28,63.0,3012.0,1.0,0.5856573705179283,0.7718712091144075,0.44819838300626835,tested,1.0,False
75,1,56,585.0,3012.0,16.0,10.876494023904382,0.5568583181435572,0.06211860452005228,tested,0.8256996046973103,False
75,2,56,508.0,3012.0,4.0,9.444887118193892,-1.2395335541578418,0.9906023370882701,tested,1.0,False
75,3,56,480.0,3012.0,11.0,8.92430278884462,0.3016921556431028,0.27186646175840223,tested,1.0,False
75,4,56,326.0,3012.0,6.0,6.061088977423639,-0.014614520895597291,0.5753172511393833,tested,1.0,False
75,5,56,216.0,3012.0,3.0,4.01593625498008,-0.4207738688279883,0.7777478489486391,tested,1.0,False
75,6,56,214.0,3012.0,4.0,3.9787516600265604,0.007684146213177209,0.5712107876066725,tested,1.0,False
75,7,56,270.0,3012.0,2.0,5.0199203187251,-1.3276644644365068,0.9672605542465038,tested,1.0,False
75,8,56,142.0,3012.0,5.0,2.640106241699867,0.9213321079970044,0.12159345503263208,tested,1.0,False
75,9,56,43.0,3012.0,0.0,0.799468791500664,,1.0,tested,1.0,False
75,10,56,47.0,3012.0,2.0,0.8738379814077025,1.1945622809366867,0.21708541743557125,tested,1.0,False
75,X,56,118.0,3012.0,3.0,2.193891102257636,0.451470583973639,0.3770575909130202,tested,1.0,False
75,U,56,63.0,3012.0,0.0,1.1713147410358566,,1.0,tested,1.0,False
76,1,31,585.0,3012.0,7.0,6.020916334661354,0.2173718518718902,0.39665579055717637,tested,1.0,False
76,2,31,508.0,3012.0,3.0,5.228419654714475,-0.8014124417659567,0.9149637568246888,tested,1.0,False
76,3,31,480.0,3012.0,5.0,4.940239043824701,0.017347243563896608,0.5643571905604812,tested,1.0,False
76,4,31,326.0,3012.0,5.0,3.355245683930943,0.5755096849413377,0.23955335078858755,tested,1.0,False
76,5,31,216.0,3012.0,3.0,2.2231075697211153,0.43238474284274075,0.3858421870637174,tested,1.0,False
76,6,31,214.0,3012.0,2.0,2.2025232403718458,-0.13915724211609382,0.6582842858442741,tested,1.0,False
76,7,31,270.0,3012.0,3.0,2.7788844621513946,0.11045664795537828,0.5351847075162559,tested,1.0,False
76,8,31,142.0,3012.0,2.0,1.4614873837981408,0.4525626247803709,0.4337156928540569,tested,1.0,False
76,9,31,43.0,3012.0,0.0,0.44256308100929614,,1.0,tested,1.0,False
76,10,31,47.0,3012.0,1.0,0.48373173970783534,1.0477208926074155,0.3873794818440078,tested,1.0,False
76,X,31,118.0,3012.0,0.0,1.2144754316069057,,1.0,tested,1.0,False
76,U,31,63.0,3012.0,0.0,0.648406374501992,,1.0,tested,1.0,False
77,1,75,585.0,3012.0,9.0,14.566733067729084,-0.6946804488524073,0.9696638058553034,tested,1.0,False
77,2,75,508.0,3012.0,13.0,12.649402390438247,0.03944239554497357,0.505379418422609,tested,1.0,False
77,3,75,480.0,3012.0,16.0,11.952191235059761,0.4207967685675288,0.12993255123239839,tested,1.0,False
77,4,75,326.0,3012.0,3.0,8.117529880478088,-1.436078289333874,0.9911437302659603,tested,1.0,False
77,5,75,216.0,3012.0,6.0,5.378486055776892,0.15776236273373503,0.45324648588184235,tested,1.0,False
77,6,75,214.0,3012.0,11.0,5.328685258964144,1.0456519964121975,0.01542035556834828,tested,0.555132800460538,False
77,7,75,270.0,3012.0,5.0,6.723107569721115,-0.4272001379874211,0.8166217208934738,tested,1.0,False
77,8,75,142.0,3012.0,4.0,3.5358565737051793,0.17794024467136535,0.47521148266501806,tested,1.0,False
77,9,75,43.0,3012.0,2.0,1.0707171314741035,0.9014226094739495,0.2906638986330215,tested,1.0,False
77,10,75,47.0,3012.0,4.0,1.1703187250996017,1.7730985124984098,0.028192135901296298,tested,0.7381213763248485,False
77,X,75,118.0,3012.0,2.0,2.9382470119521913,-0.5549556851857939,0.801164325922953,tested,1.0,False
77,U,75,63.0,3012.0,0.0,1.5687250996015936,,1.0,tested,1.0,False
78,1,34,585.0,3012.0,6.0,6.603585657370518,-0.13828710032802194,0.671918598254784,tested,1.0,False
78,2,34,508.0,3012.0,8.0,5.7343957503320055,0.48035852664942286,0.20291520148358952,tested,1.0,False
78,3,34,480.0,3012.0,4.0,5.418326693227091,-0.4378473821869297,0.8146538852962955,tested,1.0,False
78,4,34,326.0,3012.0,1.0,3.6799468791500662,-1.879684940809489,0.9801097647801733,tested,1.0,False
78,5,34,216.0,3012.0,1.0,2.4382470119521913,-1.2858442887418797,0.9214950097491484,tested,1.0,False
78,6,34,214.0,3012.0,2.0,2.4156706507304118,-0.2724237729795582,0.7078537282830908,tested,1.0,False
78,7,34,270.0,3012.0,0.0,3.047808764940239,,1.0,tested,1.0,False
78,8,34,142.0,3012.0,4.0,1.6029216467463479,1.3192960939169067,0.07339957953778328,tested,0.8512380767871779,False
78,9,34,43.0,3012.0,4.0,0.4853917662682603,3.042778458719491,0.0012240521283436543,tested,0.11132431988304392,False
78,10,34,47.0,3012.0,3.0,0.5305444887118194,2.4994168624651074,0.015190800497497929,tested,0.555132800460538,False
78,X,34,118.0,3012.0,1.0,1.3320053120849933,-0.41359983594025235,0.7449897386996893,tested,1.0,False
78,U,34,63.0,3012.0,0.0,0.7111553784860558,,1.0,tested,1.0,False
79,1,31,585.0,3012.0,4.0,6.020916334661354,-0.5899830701857139,0.8794260539359002,tested,1.0,False
79,2,31,508.0,3012.0,9.0,5.228419654714475,0.7835500589551996,0.06406804992880501,tested,0.8272167482847318,False
79,3,31,480.0,3012.0,5.0,4.940239043824701,0.017347243563896608,0.5643571905604812,tested,1.0,False
79,4,31,326.0,3012.0,3.0,3.355245683930943,-0.16145590922486838,0.6681352248139862,tested,1.0,False
79,5,31,216.0,3012.0,0.0,2.2231075697211153,,1.0,tested,1.0,False
79,6,31,214.0,3012.0,5.0,2.2025232403718458,1.1827708527712686,0.06454128498311239,tested,0.8272167482847318,False
79,7,31,270.0,3012.0,2.0,2.7788844621513946,-0.474505852765778,0.7810896753382781,tested,1.0,False
79,8,31,142.0,3012.0,0.0,1.4614873837981408,,1.0,tested,1.0,False
79,9,31,43.0,3012.0,0.0,0.44256308100929614,,1.0,tested,1.0,False
79,10,31,47.0,3012.0,2.0,0.48373173970783534,2.0477208926074155,0.08326088049706387,tested,0.9106000094868757,False
79,X,31,118.0,3012.0,1.0,1.2144754316069057,-0.2803333050767883,0.7121292333931274,tested,1.0,False
79,U,31,63.0,3012.0,0.0,0.648406374501992,,1.0,tested,1.0,False
80,1,50,585.0,3012.0,5.0,9.711155378486056,-0.9577148546862012,0.9775917581164697,tested,1.0,False
80,2,50,508.0,3012.0,8.0,8.432934926958831,-0.07603482187496227,0.6247691256713338,tested,1.0,False
80,3,50,480.0,3012.0,8.0,7.968127490039841,0.005759269288684953,0.5555258312696416,tested,1.0,False
80,4,50,326.0,3012.0,7.0,5.411686586985391,0.37127663272373024,0.2936034106802937,tested,1.0,False
80,5,50,216.0,3012.0,7.0,3.585657370517928,0.9651172847913391,0.06313262063830681,tested,0.8264633974469255,False
80,6,50,214.0,3012.0,3.0,3.552456839309429,-0.24385462078278725,0.7013799442626383,tested,1.0,False
80,7,50,270.0,3012.0,5.0,4.48207171314741,0.15776236273373503,0.4694201185792532,tested,1.0,False
80,8,50,142.0,3012.0,2.0,2.357237715803453,-0.23709725460747866,0.6919223120016678,tested,1.0,False
80,9,50,43.0,3012.0,1.0,0.7138114209827358,0.48638511019510544,0.5156327383763446,tested,1.0,False
80,10,50,47.0,3012.0,1.0,0.7802124833997344,0.35806101321956624,0.5474617160974737,tested,1.0,False
80,X,50,118.0,3012.0,1.0,1.9588313413014609,-0.9699931844646379,0.8666802496523778,tested,1.0,False
80,U,50,63.0,3012.0,2.0,1.045816733067729,0.9353699413972871,0.28132600362377747,tested,1.0,False
81,1,45,585.0,3012.0,11.0,8.74003984063745,0.33179176250878367,0.24545934134178501,tested,1.0,False
81,2,45,508.0,3012.0,6.0,7.589641434262949,-0.3390692277087562,0.7953726984330531,tested,1.0,False
81,3,45,480.0,3012.0,9.0,7.171314741035856,0.32768736417604744,0.2820730643437724,tested,1.0,False
81,4,45,326.0,3012.0,2.0,4.870517928286852,-1.284075195888824,0.9636752197533819,tested,1.0,False
81,5,45,216.0,3012.0,3.0,3.2270916334661353,-0.1052720431000588,0.6370241515848176,tested,1.0,False
81,6,45,214.0,3012.0,4.0,3.197211155378486,0.3231859719411066,0.3986293007247889,tested,1.0,False
81,7,45,270.0,3012.0,5.0,4.03386454183267,0.30976545617878476,0.3778650139727322,tested,1.0,False
81,8,45,142.0,3012.0,5.0,2.1215139442231075,1.2368339337249339,0.05827045285890173,tested,0.7919663289639935,False
81,9,45,43.0,3012.0,0.0,0.6424302788844621,,1.0,tested,1.0,False
81,10,45,47.0,3012.0,0.0,0.702191235059761,,1.0,tested,1.0,False
81,X,45,118.0,3012.0,0.0,1.7629482071713147,,1.0,tested,1.0,False
81,U,45,63.0,3012.0,0.0,0.9412350597609562,,1.0,tested,1.0,False
82,1,75,585.0,3012.0,14.0,14.566733067729084,-0.05725052823711547,0.6135911737737201,tested,1.0,False
82,2,75,508.0,3012.0,19.0,12.649402390438247,0.5869301908474669,0.038704784591810634,tested,0.7539394520446417,False
82,3,75,480.0,3012.0,8.0,11.952191235059761,-0.5792032314324712,0.9289540959875124,tested,1.0,False
82,4,75,326.0,3012.0,9.0,8.117529880478088,0.14888421138728192,0.4246808007418954,tested,1.0,False
82,5,75,216.0,3012.0,5.0,5.378486055776892,-0.1052720431000588,0.6342663006210196,tested,1.0,False
82,6,75,214.0,3012.0,0.0,5.328685258964144,,1.0,tested,1.0,False
82,7,75,270.0,3012.0,5.0,6.723107569721115,-0.4272001379874211,0.8166217208934738,tested,1.0,False
82,8,75,142.0,3012.0,10.0,3.5358565737051793,1.4998683395587278,0.0023482810964149357,tested,0.18893765516735292,False
82,9,75,43.0,3012.0,1.0,1.0707171314741035,-0.09857739052605048,0.6644562069514047,tested,1.0,False
82,10,75,47.0,3012.0,0.0,1.1703187250996017,,1.0,tested,1.0,False
82,X,75,118.0,3012.0,4.0,2.9382470119521913,0.44504431481420614,0.33832259236822676,tested,1.0,False
82,U,75,63.0,3012.0,0.0,1.5687250996015936,,1.0,tested,1.0,False
83,1,19,585.0,3012.0,5.0,3.6902390438247012,0.43821382164493805,0.3029243985478868,tested,1.0,False
83,2,19,508.0,3012.0,1.0,3.2045152722443557,-1.680106145543823,0.9704346530843596,tested,1.0,False
83,3,19,480.0,3012.0,1.0,3.0278884462151394,-1.5983120543801757,0.9634514014383597,tested,1.0,False
83,4,19,326.0,3012.0,2.0,2.056440903054449,-0.04014961300273485,0.6257945444508916,tested,1.0,False
83,5,19,216.0,3012.0,0.0,1.3625498007968126,,1.0,tested,1.0,False
83,6,19,214.0,3012.0,4.0,1.349933598937583,1.5671115548271959,0.04122525684487749,tested,0.7539394520446417,False
83,7,19,270.0,3012.0,3.0,1.703187250996016,0.8167254448986679,0.2392832499592584,tested,1.0,False
83,8,19,142.0,3012.0,2.0,0.8957503320053121,1.1588314217236606,0.22477092568580287,tested,1.0,False
83,9,19,43.0,3012.0,0.0,0.27124833997343956,,1.0,tested,1.0,False
83,10,19,47.0,3012.0,1.0,0.2964807436918991,1.7539896895507052,0.2589757627382061,tested,1.0,False
83,X,19,118.0,3012.0,0.0,0.7443559096945551,,1.0,tested,1.0,False
83,U,19,63.0,3012.0,0.0,0.39741035856573703,,1.0,tested,1.0,False
84,1,55,585.0,3012.0,11.0,10.68227091633466,0.04228514531379905,0.5113387669609292,tested,1.0,False
84,2,55,508.0,3012.0,11.0,9.276228419654714,0.2458932730124,0.3172480822020097,tested,1.0,False
84,3,55,480.0,3012.0,5.0,8.764940239043824,-0.8098161595738874,0.9526428300156335,tested,1.0,False
84,4,55,326.0,3012.0,9.0,5.9528552456839305,0.5963431883585035,0.1337304541713431,tested,1.0,False
84,5,55,216.0,3012.0,3.0,3.944223107569721,-0.39477866029504377,0.7670903029674891,tested,1.0,False
84,6,55,214.0,3012.0,6.0,3.907702523240372,0.6186418554672778,0.19263034076278315,tested,1.0,False
84,7,55,270.0,3012.0,4.0,4.930278884462151,-0.30166925590356214,0.7406154027041105,tested,1.0,False
84,8,55,142.0,3012.0,2.0,2.592961487383798,-0.3746007783574135,0.741481631162995,tested,1.0,False
84,9,55,43.0,3012.0,0.0,0.7851925630810093,,1.0,tested,1.0,False
84,10,55,47.0,3012.0,0.0,0.8582337317397079,,1.0,tested,1.0,False
84,X,55,118.0,3012.0,3.0,2.1547144754316068,0.47746579250658366,0.36621413552527504,tested,1.0,False
84,U,55,63.0,3012.0,1.0,1.150398406374502,-0.20213358235264803,0.6906440565601581,tested,1.0,False
85,1,75,585.0,3012.0,15.0,14.566733067729084,0.04228514531379905,0.4963248805528892,tested,1.0,False
85,2,75,508.0,3012.0,10.0,12.649402390438247,-0.3390692277087562,0.8373706434492911,tested,1.0,False
85,3,75,480.0,3012.0,11.0,11.952191235059761,-0.11977161279517397,0.6684817013127669,tested,1.0,False
85,4,75,326.0,3012.0,14.0,8.117529880478088,0.7863141320025737,0.027625791837148004,tested,0.7356772347429144,False
85,5,75,216.0,3012.0,4.0,5.378486055776892,-0.4272001379874211,0.7981847217540904,tested,1.0,False
85,6,75,214.0,3012.0,6.0,5.328685258964144,0.17118287849605648,0.44416175013117065,tested,1.0,False
85,7,75,270.0,3012.0,12.0,6.723107569721115,0.8358342678463726,0.03253891540984312,tested,0.7462086336286181,False
85,8,75,142.0,3012.0,1.0,3.5358565737051793,-1.8220597553286346,0.9744799391151167,tested,1.0,False
85,9,75,43.0,3012.0,1.0,1.0707171314741035,-0.09857739052605048,0.6644562069514047,tested,1.0,False
85,10,75,47.0,3012.0,0.0,1.1703187250996017,,1.0,tested,1.0,False
85,X,75,118.0,3012.0,0.0,2.9382470119521913,,1.0,tested,1.0,False
85,U,75,63.0,3012.0,1.0,1.5687250996015936,-0.6495925593238691,0.7991867704009862,tested,1.0,False
86,1,46,585.0,3012.0,8.0,8.934262948207172,-0.1593487158558516,0.6952029180438417,tested,1.0,False
86,2,46,508.0,3012.0,13.0,7.758300132802125,0.7446991299838416,0.03590137651084024,tested,0.7539394520446417,False
86,3,46,480.0,3012.0,9.0,7.330677290836653,0.2959785044487093,0.3054072721891296,tested,1.0,False
86,4,46,326.0,3012.0,1.0,4.97875166002656,-2.315784055616162,0.9950655424137956,tested,1.0,False
86,5,46,216.0,3012.0,4.0,3.298804780876494,0.27805659645144654,0.4222047796692741,tested,1.0,False
86,6,46,214.0,3012.0,2.0,3.268260292164675,-0.7085228877862317,0.8498268230457864,tested,1.0,False
86,7,46,270.0,3012.0,3.0,4.123505976095617,-0.4589089977147593,0.7952146191856998,tested,1.0,False
86,8,46,142.0,3012.0,1.0,2.1686586985391765,-1.1168030208897668,0.8933949171495679,tested,1.0,False
86,9,46,43.0,3012.0,0.0,0.6567065073041168,,1.0,tested,1.0,False
86,10,46,47.0,3012.0,1.0,0.7177954847277557,0.47835524693727793,0.51758845861379,tested,1.0,False
86,X,46,118.0,3012.0,3.0,1.802124833997344,0.7352635499742303,0.2683340136780349,tested,1.0,False
86,U,46,63.0,3012.0,1.0,0.9621513944223108,0.055664175114998674,0.624603621203621,tested,1.0,False
87,1,45,585.0,3012.0,7.0,8.74003984063745,-0.3202849340709094,0.7995270914935488,tested,1.0,False
87,2,45,508.0,3012.0,9.0,7.589641434262949,0.2458932730124,0.34382210108560035,tested,1.0,False
87,3,45,480.0,3012.0,7.0,7.171314741035856,-0.0348827152086609,0.591638534439467,tested,1.0,False
87,4,45,326.0,3012.0,7.0,4.870517928286852,0.52327972616878,0.2081655520203983,tested,1.0,False
87,5,45,216.0,3012.0,3.0,3.2270916334661353,-0.1052720431000588,0.6370241515848176,tested,1.0,False
87,6,45,214.0,3012.0,1.0,3.197211155378486,-1.6768140280588935,0.9646293708007341,tested,1.0,False
87,7,45,270.0,3012.0,8.0,4.03386454183267,0.9878373612914223,0.043534688166868674,tested,0.7755457850757637,False
87,8,45,142.0,3012.0,1.0,2.1215139442231075,-1.0850941611624285,0.8880363607726612,tested,1.0,False
87,9,45,43.0,3012.0,1.0,0.6424302788844621,0.6383882036401557,0.47892862087614757,tested,1.0,False
87,10,45,47.0,3012.0,1.0,0.702191235059761,0.5100641066646159,0.5098236153106553,tested,1.0,False
87,X,45,118.0,3012.0,0.0,1.7629482071713147,,1.0,tested,1.0,False
87,U,45,63.0,3012.0,0.0,0.9412350597609562,,1.0,tested,1.0,False
88,1,18,585.0,3012.0,1.0,3.49601593625498,-1.805711761241151,0.9797452972727347,tested,1.0,False
88,2,18,508.0,3012.0,2.0,3.0358565737051793,-0.6021036335425501,0.8334767334584594,tested,1.0,False
88,3,18,480.0,3012.0,6.0,2.8685258964143427,1.0646529583422535,0.053650530641137624,tested,0.7849465801189568,False
88,4,18,326.0,3012.0,0.0,1.948207171314741,,1.0,tested,1.0,False
88,5,18,216.0,3012.0,1.0,1.2908366533864541,-0.3683064489338527,0.739043307990739,tested,1.0,False
88,6,18,214.0,3012.0,0.0,1.2788844621513944,,1.0,tested,1.0,False
88,7,18,270.0,3012.0,1.0,1.6135458167330676,-0.690234543821215,0.8164968442700438,tested,1.0,False
88,8,18,142.0,3012.0,1.0,0.848605577689243,0.23683393372493364,0.5817953426132061,tested,1.0,False
88,9,18,43.0,3012.0,0.0,0.25697211155378485,,1.0,tested,1.0,False
88,10,18,47.0,3012.0,2.0,0.28087649402390436,2.8319922015519787,0.03111123369754949,tested,0.7462086336286181,False
88,X,18,118.0,3012.0,1.0,0.7051792828685259,0.5039380038677744,0.5139499533639627,tested,1.0,False
88,U,18,63.0,3012.0,3.0,0.37649402390438247,2.9942636304508556,0.005688418731767432,tested,0.29786628995436737,False
89,1,49,585.0,3012.0,17.0,9.516932270916335,0.8369662373362924,0.008212576110031131,tested,0.3798463843348727,False
89,2,49,508.0,3012.0,16.0,8.264276228419655,0.953111523784554,0.0048352944673804845,tested,0.2785129613211159,False
89,3,49,480.0,3012.0,1.0,7.808764940239044,-2.9650943850517986,0.9998123709667349,tested,1.0,False
89,4,49,326.0,3012.0,6.0,5.303452855245684,0.1780305570467985,0.44034986250040525,tested,1.0,False
89,5,49,216.0,3012.0,1.0,3.5139442231075697,-1.8130912916067485,0.974696510777682,tested,1.0,False
89,6,49,214.0,3012.0,2.0,3.4814077025232404,-0.799670775844427,0.8738308476689131,tested,1.0,False
89,7,49,270.0,3012.0,3.0,4.392430278884462,-0.5500568857729549,0.829435100637096,tested,1.0,False
89,8,49,142.0,3012.0,2.0,2.310092961487384,-0.20795090894796228,0.681126599152011,tested,1.0,False
89,9,49,43.0,3012.0,0.0,0.699535192563081,,1.0,tested,1.0,False
89,10,49,47.0,3012.0,0.0,0.7646082337317397,,1.0,tested,1.0,False
89,X,49,118.0,3012.0,1.0,1.9196547144754317,-0.9408468388051214,0.8611506431353235,tested,1.0,False
89,U,49,63.0,3012.0,0.0,1.0249003984063745,,1.0,tested,1.0,False
90,1,52,585.0,3012.0,8.0,10.099601593625499,-0.33622647793993105,0.819751851704195,tested,1.0,False
90,2,52,508.0,3012.0,12.0,8.770252324037184,0.45234415047982646,0.15368548443720656,tested,1.0,False
90,3,52,480.0,3012.0,14.0,8.286852589641434,0.7565306629799216,0.028803940800444815,tested,0.7383952133069953,False
90,4,52,326.0,3012.0,3.0,5.628154050464808,-0.9076993169790855,0.9321713126408165,tested,1.0,False
90,5,52,216.0,3012.0,3.0,3.729083665338645,-0.3138586649114763,0.732630766308795,tested,1.0,False
90,6,52,214.0,3012.0,4.0,3.694555112881806,0.11459935012968918,0.5112407419689675,tested,1.0,False
90,7,52,270.0,3012.0,2.0,4.661354581673307,-1.220749260519995,0.9549595636276206,tested,1.0,False
90,8,52,142.0,3012.0,3.0,2.451527224435591,0.2912817177473102,0.4474400486357043,tested,1.0,False
90,9,52,43.0,3012.0,1.0,0.7423638778220452,0.4298015818287381,0.5295963287957678,tested,1.0,False
90,10,52,47.0,3012.0,0.0,0.8114209827357237,,1.0,tested,1.0,False
90,X,52,118.0,3012.0,1.0,2.0371845949535192,-1.0265767128310053,0.8770927555774362,tested,1.0,False
90,U,52,63.0,3012.0,1.0,1.0876494023904382,-0.12121358696908036,0.670012347804636,tested,1.0,False
91,1,29,585.0,3012.0,3.0,5.632470119521912,-0.9088052542052547,0.9406569693529561,tested,1.0,False
91,2,29,508.0,3012.0,2.0,4.891102257636122,-1.29015962722781,0.9681124213609108,tested,1.0,False
91,3,29,480.0,3012.0,3.0,4.621513944223108,-0.6234030353430065,0.8639416762898504,tested,1.0,False
91,4,29,326.0,3012.0,2.0,3.138778220451527,-0.6502030946867214,0.8382709180139108,tested,1.0,False
91,5,29,216.0,3012.0,1.0,2.0796812749003983,-1.0563624426191125,0.885651227846565,tested,1.0,False
91,6,29,214.0,3012.0,4.0,2.0604249667994687,0.9570580731432092,0.14638919805034165,tested,1.0,False
91,7,29,270.0,3012.0,6.0,2.599601593625498,1.2066719632146814,0.04002629748202264,tested,0.7539394520446417,False
91,8,29,142.0,3012.0,5.0,1.3671978751660026,1.8707060349270366,0.010310448317798475,tested,0.4242013022179944,False
91,9,29,43.0,3012.0,0.0,0.41401062416998674,,1.0,tested,1.0,False
91,10,29,47.0,3012.0,3.0,0.45252324037184594,2.728898708587875,0.00979398836703454,tested,0.4156374712437314,False
91,X,29,118.0,3012.0,0.0,1.1361221779548474,,1.0,tested,1.0,False
91,U,29,63.0,3012.0,0.0,0.6065737051792829,,1.0,tested,1.0,False
92,1,43,585.0,3012.0,6.0,8.351593625498008,-0.47708901377978047,0.8685979215074054,tested,1.0,False
92,2,43,508.0,3012.0,12.0,7.252324037184595,0.7265191139188207,0.04695480801586192,tested,0.7849465801189568,False
92,3,43,480.0,3012.0,4.0,6.852589641434263,-0.7766492956386883,0.9293882783774398,tested,1.0,False
92,4,43,326.0,3012.0,6.0,4.654050464807437,0.36647564645990904,0.31924854051585466,tested,1.0,False
92,5,43,216.0,3012.0,1.0,3.0836653386454183,-1.6246462021936383,0.9601730817049083,tested,1.0,False
92,6,43,214.0,3012.0,2.0,3.055112881806109,-0.6112256864313167,0.8217577415300004,tested,1.0,False
92,7,43,270.0,3012.0,4.0,3.854581673306773,0.05342570291899927,0.5469252382791528,tested,1.0,False
92,8,43,142.0,3012.0,5.0,2.0272244355909694,1.3024222753525105,0.0494462868314992,tested,0.7849465801189568,False
92,9,43,43.0,3012.0,0.0,0.6138778220451527,,1.0,tested,1.0,False
92,10,43,47.0,3012.0,0.0,0.6709827357237715,,1.0,tested,1.0,False
92,X,43,118.0,3012.0,3.0,1.6845949535192564,0.8325607513291451,0.23630981233063433,tested,1.0,False
92,U,43,63.0,3012.0,0.0,0.899402390438247,,1.0,tested,1.0,False
93,1,62,585.0,3012.0,12.0,12.041832669322709,-0.005020569464557677,0.5573442518582417,tested,1.0,False
93,2,62,508.0,3012.0,8.0,10.45683930942895,-0.3863749424871129,0.8452439738818474,tested,1.0,False
93,3,62,480.0,3012.0,12.0,9.880478087649402,0.2803816493976907,0.2764458173004977,tested,1.0,False
93,4,62,326.0,3012.0,4.0,6.710491367861886,-0.7464184099460247,0.9165864302312259,tested,1.0,False
93,5,62,216.0,3012.0,1.0,4.446215139442231,-2.1525777578784155,0.9905609146072104,tested,1.0,False
93,6,62,214.0,3012.0,5.0,4.4050464807436915,0.18277085277126848,0.45330502137729295,tested,1.0,False
93,7,62,270.0,3012.0,10.0,5.557768924302789,0.8474222421215843,0.046486183934587866,tested,0.7849465801189568,False
93,8,62,142.0,3012.0,5.0,2.9229747675962816,0.7744907196677333,0.1656949793098208,tested,1.0,False
93,9,62,43.0,3012.0,1.0,0.8851261620185923,0.17604498958295514,0.5937247698873698,tested,1.0,False
93,10,62,47.0,3012.0,1.0,0.9674634794156707,0.047720892607415445,0.6266286859577488,tested,1.0,False
93,X,62,118.0,3012.0,3.0,2.4289508632138115,0.30462919564436786,0.44113069327450277,tested,1.0,False
93,U,62,63.0,3012.0,0.0,1.296812749003984,,1.0,tested,1.0,False
94,1,83,585.0,3012.0,15.0,16.12051792828685,-0.10393559553724487,0.6677350861577358,tested,1.0,False
94,2,83,508.0,3012.0,19.0,13.99867197875166,0.4407094499964232,0.0936866031613202,tested,0.952296766251537,False
94,3,83,480.0,3012.0,15.0,13.227091633466136,0.18146662332500327,0.3392329114135276,tested,1.0,False
94,4,83,326.0,3012.0,10.0,8.98339973439575,0.15466656398128836,0.4098791793529962,tested,1.0,False
94,5,83,216.0,3012.0,5.0,5.952191235059761,-0.25149278395110275,0.7220376546182905,tested,1.0,False
94,6,83,214.0,3012.0,8.0,5.897078353253652,0.4399996369238566,0.23403376367157958,tested,1.0,False
94,7,83,270.0,3012.0,8.0,7.440239043824701,0.10465102627417253,0.47035132356911846,tested,1.0,False
94,8,83,142.0,3012.0,2.0,3.913014608233732,-0.9682804961796787,0.9103025888823234,tested,1.0,False
94,9,83,43.0,3012.0,0.0,1.1849269588313414,,1.0,tested,1.0,False
94,10,83,47.0,3012.0,1.0,1.295152722443559,-0.3731222283526339,0.7338273168369406,tested,1.0,False
94,X,83,118.0,3012.0,0.0,3.251660026560425,,1.0,tested,1.0,False
94,U,83,63.0,3012.0,0.0,1.7360557768924303,,1.0,tested,1.0,False
95,1,31,585.0,3012.0,6.0,6.020916334661354,-0.005020569464557677,0.5763188835391185,tested,1.0,False
95,2,31,508.0,3012.0,2.0,5.228419654714475,-1.386374942487113,0.9767377275077154,tested,1.0,False
95,3,31,480.0,3012.0,8.0,4.940239043824701,0.6954191486765344,0.10732225795170713,tested,1.0,False
95,4,31,326.0,3012.0,5.0,3.355245683930943,0.5755096849413377,0.23955335078858755,tested,1.0,False
95,5,31,216.0,3012.0,2.0,2.2231075697211153,-0.1525777578784155,0.6634398318377777,tested,1.0,False
95,6,31,214.0,3012.0,2.0,2.2025232403718458,-0.13915724211609382,0.6582842858442741,tested,1.0,False
95,7,31,270.0,3012.0,4.0,2.7788844621513946,0.525494147234222,0.3004544925920657,tested,1.0,False
95,8,31,142.0,3012.0,1.0,1.4614873837981408,-0.5474373752196291,0.7779277226878655,tested,1.0,False
95,9,31,43.0,3012.0,0.0,0.44256308100929614,,1.0,tested,1.0,False
95,10,31,47.0,3012.0,0.0,0.48373173970783534,,1.0,tested,1.0,False
95,X,31,118.0,3012.0,1.0,1.2144754316069057,-0.2803333050767883,0.7121292333931274,tested,1.0,False
95,U,31,63.0,3012.0,0.0,0.648406374501992,,1.0,tested,1.0,False
96,1,30,585.0,3012.0,10.0,5.826693227091633,0.7792507394800052,0.05054351722412354,tested,0.7849465801189568,False
96,2,30,508.0,3012.0,6.0,5.059760956175299,0.2458932730124,0.39493944452495716,tested,1.0,False
96,3,30,480.0,3012.0,2.0,4.780876494023905,-1.257275136545109,0.9640425506181635,tested,1.0,False
96,4,30,326.0,3012.0,3.0,3.247011952191235,-0.11415019444651156,0.6457198195615563,tested,1.0,False
96,5,30,216.0,3012.0,2.0,2.151394422310757,-0.1052720431000588,0.6455303063684833,tested,1.0,False
96,6,30,214.0,3012.0,1.0,2.1314741035856573,-1.0918515273377372,0.8916192023386115,tested,1.0,False
96,7,30,270.0,3012.0,2.0,2.689243027888446,-0.4272001379874211,0.7652248387045993,tested,1.0,False
96,8,30,142.0,3012.0,2.0,1.4143426294820718,0.49986833955872745,0.4171833849865749,tested,1.0,False
96,9,30,43.0,3012.0,0.0,0.42828685258964144,,1.0,tested,1.0,False
96,10,30,47.0,3012.0,1.0,0.4681274900398406,1.0950266073857724,0.37756920438120334,tested,1.0,False
96,X,30,118.0,3012.0,0.0,1.1752988047808766,,1.0,tested,1.0,False
96,U,30,63.0,3012.0,1.0,0.6274900398406374,0.6723355355634932,0.4712561791329399,tested,1.0,False
97,1,23,585.0,3012.0,6.0,4.467131474103586,0.42561378486530455,0.2798749371579905,tested,1.0,False
97,2,23,508.0,3012.0,3.0,3.8791500664010625,-0.37077808743609436,0.7713552818361435,tested,1.0,False
97,3,23,480.0,3012.0,6.0,3.6653386454183265,0.7110160037275529,0.14690852575389873,tested,1.0,False
97,4,23,326.0,3012.0,0.0,2.48937583001328,,1.0,tested,1.0,False
97,5,23,216.0,3012.0,0.0,1.649402390438247,,1.0,tested,1.0,False
97,6,23,214.0,3012.0,0.0,1.6341301460823374,,1.0,tested,1.0,False
97,7,23,270.0,3012.0,7.0,2.0617529880478087,1.7634834236216885,0.0030007097471814797,tested,0.21359474975094786,False
97,8,23,142.0,3012.0,1.0,1.0843293492695882,-0.1168030208897667,0.6720518431604425,tested,1.0,False
97,9,23,43.0,3012.0,0.0,0.3283532536520584,,1.0,tested,1.0,False
97,10,23,47.0,3012.0,0.0,0.35889774236387784,,1.0,tested,1.0,False
97,X,23,118.0,3012.0,0.0,0.901062416998672,,1.0,tested,1.0,False
97,U,23,63.0,3012.0,0.0,0.4810756972111554,,1.0,tested,1.0,False
98,1,41,585.0,3012.0,4.0,7.963147410358566,-0.9933387644169224,0.9711134121445929,tested,1.0,False
98,2,41,508.0,3012.0,4.0,6.915006640106242,-0.7897306367183216,0.9334147649471005,tested,1.0,False
98,3,41,480.0,3012.0,5.0,6.53386454183267,-0.3860084506673119,0.8058910875598029,tested,1.0,False
98,4,41,326.0,3012.0,5.0,4.437583001328021,0.17215399071012927,0.46119680277944636,tested,1.0,False
98,5,41,216.0,3012.0,5.0,2.9402390438247012,0.7659946427777383,0.16682260714872854,tested,1.0,False
98,6,41,214.0,3012.0,0.0,2.913014608233732,,1.0,tested,1.0,False
98,7,41,270.0,3012.0,6.0,3.6752988047808763,0.7071009537241698,0.1559315312906542,tested,1.0,False
98,8,41,142.0,3012.0,2.0,1.9329349269588314,0.0492069305491625,0.5835815549127253,tested,1.0,False
98,9,41,43.0,3012.0,0.0,0.5853253652058433,,1.0,tested,1.0,False
98,10,41,47.0,3012.0,1.0,0.6397742363877822,0.6443651983762072,0.4775224581989218,tested,1.0,False
98,X,41,118.0,3012.0,9.0,1.6062416998671978,2.4862360021343157,1.9498943861380515e-05,tested,0.0030631068174968665,True
98,U,41,63.0,3012.0,0.0,0.8575697211155379,,1.0,tested,1.0,False
99,1,29,585.0,3012.0,6.0,5.632470119521912,0.0911947457947453,0.5055852684212633,tested,1.0,False
99,2,29,508.0,3012.0,6.0,4.891102257636122,0.2948028734933464,0.3623222677206731,tested,1.0,False
99,3,29,480.0,3012.0,6.0,4.621513944223108,0.37659696465699355,0.31106529496313984,tested,1.0,False
99,4,29,326.0,3012.0,2.0,3.138778220451527,-0.6502030946867214,0.8382709180139108,tested,1.0,False
99,5,29,216.0,3012.0,1.0,2.0796812749003983,-1.0563624426191125,0.885651227846565,tested,1.0,False
99,6,29,214.0,3012.0,2.0,2.0604249667994687,-0.042941926856790824,0.6216569892884316,tested,1.0,False
99,7,29,270.0,3012.0,2.0,2.599601593625498,-0.37829053750647484,0.7483744414753277,tested,1.0,False
99,8,29,142.0,3012.0,2.0,1.3671978751660026,0.5487779400396742,0.4004149012924148,tested,1.0,False
99,9,29,43.0,3012.0,0.0,0.41401062416998674,,1.0,tested,1.0,False
99,10,29,47.0,3012.0,1.0,0.45252324037184594,1.1439362078667188,0.3676052236611476,tested,1.0,False
99,X,29,118.0,3012.0,1.0,1.1361221779548474,-0.1841179898174854,0.6879236794701618,tested,1.0,False
99,U,29,63.0,3012.0,0.0,0.6065737051792829,,1.0,tested,1.0,False
100,1,22,585.0,3012.0,8.0,4.272908366533865,0.904781621563864,0.0476103548731489,tested,0.7849465801189568,False
100,2,22,508.0,3012.0,6.0,3.7104913678618856,0.6933522499836212,0.15249497977048942,tested,1.0,False
100,3,22,480.0,3012.0,2.0,3.50597609561753,-0.8098161595738876,0.8874081518268406,tested,1.0,False
100,4,22,326.0,3012.0,1.0,2.3811420982735725,-1.2516537181964467,0.9202997195837805,tested,1.0,False
100,5,22,216.0,3012.0,0.0,1.5776892430278884,,1.0,tested,1.0,False
100,6,22,214.0,3012.0,0.0,1.5630810092961487,,1.0,tested,1.0,False
100,7,22,270.0,3012.0,3.0,1.9721115537848606,0.6052213397049562,0.31508742431698966,tested,1.0,False
100,8,22,142.0,3012.0,0.0,1.0371845949535192,,1.0,tested,1.0,False
100,9,22,43.0,3012.0,0.0,0.3140770252324037,,1.0,tested,1.0,False
100,10,22,47.0,3012.0,2.0,0.3432934926958831,2.5424855843569936,0.04516019728500237,tested,0.7849465801189568,False
100,X,22,118.0,3012.0,0.0,0.8618857901726428,,1.0,tested,1.0,False
100,U,22,63.0,3012.0,0.0,0.4601593625498008,,1.0,tested,1.0,False
101,1,76,585.0,3012.0,27.0,14.760956175298805,0.8711732289210443,0.0006314123194301985,tested,0.06061558266529905,False
101,2,76,508.0,3012.0,8.0,12.818061088977423,-0.680106145543823,0.9575814131191656,tested,1.0,False
101,3,76,480.0,3012.0,5.0,12.111553784860558,-1.2763839594928135,0.9961421760567837,tested,1.0,False
101,4,76,326.0,3012.0,8.0,8.225763612217795,-0.04014961300273485,0.5897177078057487,tested,1.0,False
101,5,76,216.0,3012.0,7.0,5.450199203187251,0.36104596112247833,0.3015234882823851,tested,1.0,False
101,6,76,214.0,3012.0,3.0,5.399734395750332,-0.8479259444516479,0.9159778687137634,tested,1.0,False
101,7,76,270.0,3012.0,2.0,6.812749003984064,-1.7682370558224882,0.9937167795453251,tested,1.0,False
101,8,76,142.0,3012.0,7.0,3.5830013280212483,0.9661863437812648,0.06462630845974467,tested,0.8272167482847318,False
101,9,76,43.0,3012.0,0.0,1.0849933598937582,,1.0,tested,1.0,False
101,10,76,47.0,3012.0,3.0,1.1859229747675963,1.3389521902718613,0.1137877623135909,tested,1.0,False
101,X,76,118.0,3012.0,6.0,2.9774236387782205,1.0108979925876578,0.07506919990492233,tested,0.8647971829047053,False
101,U,76,63.0,3012.0,0.0,1.5896414342629481,,1.0,tested,1.0,False
102,1,30,585.0,3012.0,5.0,5.826693227091633,-0.22074926051999477,0.7203291447213072,tested,1.0,False
102,2,30,508.0,3012.0,3.0,5.059760956175299,-0.7541067269876,0.9031539797935416,tested,1.0,False
102,3,30,480.0,3012.0,4.0,4.780876494023905,-0.25727513654510886,0.7277482261114864,tested,1.0,False
102,4,30,326.0,3012.0,5.0,3.247011952191235,0.6228153997196947,0.21878769913070453,tested,1.0,False
102,5,30,216.0,3012.0,2.0,2.151394422310757,-0.1052720431000588,0.6455303063684833,tested,1.0,False
102,6,30,214.0,3012.0,6.0,2.1314741035856573,1.493110973383419,0.016822971231962813,tested,0.5700018488006223,False
102,7,30,270.0,3012.0,3.0,2.689243027888446,0.15776236273373503,0.5124688802655277,tested,1.0,False
102,8,30,142.0,3012.0,0.0,1.4143426294820718,,1.0,tested,1.0,False
102,9,30,43.0,3012.0,1.0,0.42828685258964144,1.2233507043613117,0.35175006223374083,tested,1.0,False
102,10,30,47.0,3012.0,0.0,0.4681274900398406,,1.0,tested,1.0,False
102,X,30,118.0,3012.0,1.0,1.1752988047808766,-0.23302759029843176,0.7002686361656096,tested,1.0,False
102,U,30,63.0,3012.0,0.0,0.6274900398406374,,1.0,tested,1.0,False
103,1,22,585.0,3012.0,10.0,4.272908366533865,1.2267097164512262,0.00478078062158287,tested,0.2785129613211159,False
103,2,22,508.0,3012.0,4.0,3.7104913678618856,0.10838974926246525,0.5222031757707806,tested,1.0,False
103,3,22,480.0,3012.0,3.0,3.50597609561753,-0.2248536588527314,0.7052841313471394,tested,1.0,False
103,4,22,326.0,3012.0,0.0,2.3811420982735725,,1.0,tested,1.0,False
103,5,22,216.0,3012.0,2.0,1.5776892430278884,0.34218693387116245,0.47545660556208164,tested,1.0,False
103,6,22,214.0,3012.0,0.0,1.5630810092961487,,1.0,tested,1.0,False
103,7,22,270.0,3012.0,1.0,1.9721115537848606,-0.9797411610161999,0.8742875097558128,tested,1.0,False
103,8,22,142.0,3012.0,1.0,1.0371845949535192,-0.052672683470051176,0.6557004954528524,tested,1.0,False
103,9,22,43.0,3012.0,0.0,0.3140770252324037,,1.0,tested,1.0,False
103,10,22,47.0,3012.0,0.0,0.3432934926958831,,1.0,tested,1.0,False
103,X,22,118.0,3012.0,1.0,0.8618857901726428,0.21443138667278966,0.5861970384067697,tested,1.0,False
103,U,22,63.0,3012.0,0.0,0.4601593625498008,,1.0,tested,1.0,False
104,1,20,585.0,3012.0,1.0,3.8844621513944224,-1.9577148546862009,0.9868882505049171,tested,1.0,False
104,2,20,508.0,3012.0,7.0,3.3731739707835326,1.0532481950700041,0.038819347994621604,tested,0.7539394520446417,False
104,3,20,480.0,3012.0,1.0,3.187250996015936,-1.6723126358239526,0.9693128539307042,tested,1.0,False
104,4,20,326.0,3012.0,3.0,2.1646746347941566,0.47081230627464443,0.3701899101123389,tested,1.0,False
104,5,20,216.0,3012.0,1.0,1.4342629482071714,-0.5203095423789028,0.775343987200864,tested,1.0,False
104,6,20,214.0,3012.0,1.0,1.4209827357237717,-0.5068890266165811,0.7720969684770334,tested,1.0,False
104,7,20,270.0,3012.0,1.0,1.792828685258964,-0.842237637266265,0.848106297294949,tested,1.0,False
104,8,20,142.0,3012.0,4.0,0.9428950863213812,2.0848308402798836,0.012714716822512405,tested,0.48824512598447634,False
104,9,20,43.0,3012.0,0.0,0.2855245683930943,,1.0,tested,1.0,False
104,10,20,47.0,3012.0,0.0,0.31208499335989376,,1.0,tested,1.0,False
104,X,20,118.0,3012.0,1.0,0.7835325365205843,0.3519349104227245,0.5515136732301809,tested,1.0,False
104,U,20,63.0,3012.0,0.0,0.41832669322709165,,1.0,tested,1.0,False
105,1,40,585.0,3012.0,3.0,7.768924302788845,-1.372752353965045,0.9904290902725466,tested,1.0,False
105,2,40,508.0,3012.0,7.0,6.746347941567065,0.05324819507000411,0.5231699744185259,tested,1.0,False
105,3,40,480.0,3012.0,6.0,6.374501992031872,-0.08735013510279648,0.6318049830641583,tested,1.0,False
105,4,40,326.0,3012.0,10.0,4.329349269588313,1.2077779004408506,0.008353103359215951,tested,0.3798463843348727,False
105,5,40,216.0,3012.0,3.0,2.8685258964143427,0.06465295834225354,0.5555775845656725,tested,1.0,False
105,6,40,214.0,3012.0,3.0,2.8419654714475433,0.07807347410457491,0.549070886165537,tested,1.0,False
105,7,40,270.0,3012.0,5.0,3.585657370517928,0.4796904576210972,0.28618838291695703,tested,1.0,False
105,8,40,142.0,3012.0,1.0,1.8857901726427624,-0.9151691597201164,0.8569584351826885,tested,1.0,False
105,9,40,43.0,3012.0,0.0,0.5710491367861886,,1.0,tested,1.0,False
105,10,40,47.0,3012.0,2.0,0.6241699867197875,1.6799891081069285,0.12803308506197245,tested,1.0,False
105,X,40,118.0,3012.0,0.0,1.5670650730411686,,1.0,tested,1.0,False
105,U,40,63.0,3012.0,0.0,0.8366533864541833,,1.0,tested,1.0,False
106,,1,,,,,,,skipped_fewer_than_5_genes,,False
107,1,60,585.0,3012.0,10.0,11.653386454183266,-0.22074926051999477,0.7558543138111472,tested,1.0,False
107,2,60,508.0,3012.0,10.0,10.119521912350598,-0.01714113282139383,0.5711978612259077,tested,1.0,False
107,3,60,480.0,3012.0,11.0,9.56175298804781,0.20215648209218834,0.3562478108698273,tested,1.0,False
107,4,60,326.0,3012.0,5.0,6.49402390438247,-0.37718460028030537,0.7942928081847153,tested,1.0,False
107,5,60,216.0,3012.0,2.0,4.302788844621514,-1.1052720431000589,0.9369791995730588,tested,1.0,False
107,6,60,214.0,3012.0,7.0,4.2629482071713145,0.7155033947198669,0.13005547027408837,tested,1.0,False
107,7,60,270.0,3012.0,6.0,5.378486055776892,0.15776236273373503,0.45370107313156444,tested,1.0,False
107,8,60,142.0,3012.0,2.0,2.8286852589641436,-0.5001316604412726,0.7841148106736969,tested,1.0,False
107,9,60,43.0,3012.0,1.0,0.8565737051792829,0.22335070436131163,0.5816230166503943,tested,1.0,False
107,10,60,47.0,3012.0,2.0,0.9362549800796812,1.0950266073857724,0.24030460153494165,tested,1.0,False
107,X,60,118.0,3012.0,4.0,2.350597609561753,0.7669724097015682,0.206821050043527,tested,1.0,False
107,U,60,63.0,3012.0,0.0,1.254980079681275,,1.0,tested,1.0,False
108,1,55,585.0,3012.0,15.0,10.68227091633466,0.4897441222850203,0.09777391108706363,tested,0.9650724078535807,False
108,2,55,508.0,3012.0,12.0,9.276228419654714,0.37142415509625903,0.20547024043444095,tested,1.0,False
108,3,55,480.0,3012.0,10.0,8.764940239043824,0.1901838404261126,0.3779899319243172,tested,1.0,False
108,4,55,326.0,3012.0,9.0,5.9528552456839305,0.5963431883585035,0.1337304541713431,tested,1.0,False
108,5,55,216.0,3012.0,1.0,3.944223107569721,-1.9797411610162,0.9839391191745939,tested,1.0,False
108,6,55,214.0,3012.0,2.0,3.907702523240372,-0.9663206452538784,0.9116067118116319,tested,1.0,False
108,7,55,270.0,3012.0,3.0,4.930278884462151,-0.7167067551824061,0.8834033166725803,tested,1.0,False
108,8,55,142.0,3012.0,2.0,2.592961487383798,-0.3746007783574135,0.741481631162995,tested,1.0,False
108,9,55,43.0,3012.0,0.0,0.7851925630810093,,1.0,tested,1.0,False
108,10,55,47.0,3012.0,0.0,0.8582337317397079,,1.0,tested,1.0,False
108,X,55,118.0,3012.0,1.0,2.1547144754316068,-1.1074967082145726,0.8912181893216953,tested,1.0,False
108,U,55,63.0,3012.0,0.0,1.150398406374502,,1.0,tested,1.0,False
109,1,14,585.0,3012.0,2.0,2.7191235059760954,-0.4431416818564427,0.7878874057125542,tested,1.0,False
109,2,14,508.0,3012.0,1.0,2.361221779548473,-1.2395335541578418,0.9251416494986247,tested,1.0,False
109,3,14,480.0,3012.0,3.0,2.231075697211155,0.42722303772696185,0.39064640481841245,tested,1.0,False
109,4,14,326.0,3012.0,5.0,1.5152722443559097,1.7223510732706089,0.012624524820910069,tested,0.48824512598447634,False
109,5,14,216.0,3012.0,1.0,1.00398406374502,-0.005736369549144459,0.6480070311372205,tested,1.0,False
109,6,14,214.0,3012.0,0.0,0.9946879150066401,,1.0,tested,1.0,False
109,7,14,270.0,3012.0,1.0,1.254980079681275,-0.3276644644365067,0.732281315424032,tested,1.0,False
109,8,14,142.0,3012.0,1.0,0.6600265604249668,0.5994040131096421,0.4921612733028132,tested,1.0,False
109,9,14,43.0,3012.0,0.0,0.199867197875166,,1.0,tested,1.0,False
109,10,14,47.0,3012.0,0.0,0.21845949535192563,,1.0,tested,1.0,False
109,X,14,118.0,3012.0,0.0,0.548472775564409,,1.0,tested,1.0,False
109,U,14,63.0,3012.0,0.0,0.29282868525896416,,1.0,tested,1.0,False
110,1,28,585.0,3012.0,6.0,5.438247011952191,0.14182081886471348,0.4686574982132562,tested,1.0,False
110,2,28,508.0,3012.0,2.0,4.722443559096946,-1.2395335541578418,0.962717379216062,tested,1.0,False
110,3,28,480.0,3012.0,5.0,4.46215139442231,0.16418863189316804,0.4685246539501833,tested,1.0,False
110,4,28,326.0,3012.0,0.0,3.0305444887118194,,1.0,tested,1.0,False
110,5,28,216.0,3012.0,3.0,2.00796812749004,0.5792261311720117,0.32535213083932624,tested,1.0,False
110,6,28,214.0,3012.0,1.0,1.9893758300132802,-0.9923158537868227,0.8742228672055125,tested,1.0,False
110,7,28,270.0,3012.0,4.0,2.50996015936255,0.6723355355634932,0.23872170228698295,tested,1.0,False
110,8,28,142.0,3012.0,4.0,1.3200531208499335,1.599404013109642,0.04018676624037532,tested,0.7539394520446417,False
110,9,28,43.0,3012.0,0.0,0.399734395750332,,1.0,tested,1.0,False
110,10,28,47.0,3012.0,1.0,0.43691899070385126,1.1945622809366867,0.3574851846798993,tested,1.0,False
110,X,28,118.0,3012.0,0.0,1.096945551128818,,1.0,tested,1.0,False
110,U,28,63.0,3012.0,2.0,0.5856573705179283,1.7718712091144075,0.11507789964660274,tested,1.0,False
111,1,41,585.0,3012.0,9.0,7.963147410358566,0.17658623702539,0.40092816732016745,tested,1.0,False
111,2,41,508.0,3012.0,7.0,6.915006640106242,0.017624285339282602,0.5512700861031231,tested,1.0,False
111,3,41,480.0,3012.0,3.0,6.53386454183267,-1.122974044833518,0.9697934343551912,tested,1.0,False
111,4,41,326.0,3012.0,2.0,4.437583001328021,-1.1497741041772331,0.9465853485516125,tested,1.0,False
111,5,41,216.0,3012.0,6.0,2.9402390438247012,1.029029048611532,0.0692083575796721,tested,0.8363079852984152,False
111,6,41,214.0,3012.0,6.0,2.913014608233732,1.0424495643738538,0.06673527099106003,tested,0.8363079852984152,False
111,7,41,270.0,3012.0,3.0,3.6752988047808763,-0.2928990462758302,0.725701503937955,tested,1.0,False
111,8,41,142.0,3012.0,2.0,1.9329349269588314,0.0492069305491625,0.5835815549127253,tested,1.0,False
111,9,41,43.0,3012.0,0.0,0.5853253652058433,,1.0,tested,1.0,False
111,10,41,47.0,3012.0,2.0,0.6397742363877822,1.6443651983762073,0.13331246741236552,tested,1.0,False
111,X,41,118.0,3012.0,1.0,1.6062416998671978,-0.6836889993079966,0.8079030406571914,tested,1.0,False
111,U,41,63.0,3012.0,0.0,0.8575697211155379,,1.0,tested,1.0,False
112,1,67,585.0,3012.0,13.0,13.012948207171315,-0.0014362321155189327,0.5516658433748014,tested,1.0,False
112,2,67,508.0,3012.0,13.0,11.300132802124834,0.20217189558308218,0.3354409352312359,tested,1.0,False
112,3,67,480.0,3012.0,2.0,10.677290836653386,-2.4164737313943627,0.9998916655674404,tested,1.0,False
112,4,67,326.0,3012.0,4.0,7.251660026560425,-0.8583112900169219,0.9428330370019541,tested,1.0,False
112,5,67,216.0,3012.0,7.0,4.804780876494024,0.5428842841082913,0.20142722643592842,tested,1.0,False
112,6,67,214.0,3012.0,5.0,4.760292164674635,0.07087797270037122,0.5231087741961893,tested,1.0,False
112,7,67,270.0,3012.0,1.0,6.00597609561753,-2.5863987328366753,0.9982807014388673,tested,1.0,False
112,8,67,142.0,3012.0,7.0,3.1586985391766267,1.148024666767078,0.03639887890156578,tested,0.7539394520446417,False
112,9,67,43.0,3012.0,2.0,0.9565073041168659,1.0641521095120576,0.24786660202065444,tested,1.0,False
112,10,67,47.0,3012.0,6.0,1.045484727755644,2.5207905132576744,0.0005064978287361998,tested,0.05148401459153843,False
112,X,67,118.0,3012.0,3.0,2.6248339973439574,0.1927363155734706,0.4925820525172125,tested,1.0,False
112,U,67,63.0,3012.0,4.0,1.401394422310757,1.5131369407142392,0.0499528881793594,tested,0.7849465801189568,False
113,1,31,585.0,3012.0,12.0,6.020916334661354,0.9949794305354424,0.009725864925351069,tested,0.4156374712437314,False
113,2,31,508.0,3012.0,8.0,5.228419654714475,0.6136250575128871,0.1377240821721182,tested,1.0,False
113,3,31,480.0,3012.0,7.0,4.940239043824701,0.5027740707341386,0.21395730189960382,tested,1.0,False
113,4,31,326.0,3012.0,0.0,3.355245683930943,,1.0,tested,1.0,False
113,5,31,216.0,3012.0,3.0,2.2231075697211153,0.43238474284274075,0.3858421870637174,tested,1.0,False
113,6,31,214.0,3012.0,0.0,2.2025232403718458,,1.0,tested,1.0,False
113,7,31,270.0,3012.0,1.0,2.7788844621513946,-1.474505852765778,0.9464280093410404,tested,1.0,False
113,8,31,142.0,3012.0,0.0,1.4614873837981408,,1.0,tested,1.0,False
113,9,31,43.0,3012.0,0.0,0.44256308100929614,,1.0,tested,1.0,False
113,10,31,47.0,3012.0,0.0,0.48373173970783534,,1.0,tested,1.0,False
113,X,31,118.0,3012.0,0.0,1.2144754316069057,,1.0,tested,1.0,False
113,U,31,63.0,3012.0,0.0,0.648406374501992,,1.0,tested,1.0,False
114,1,28,585.0,3012.0,3.0,5.438247011952191,-0.8581791811352866,0.9306081772044416,tested,1.0,False
114,2,28,508.0,3012.0,2.0,4.722443559096946,-1.2395335541578418,0.962717379216062,tested,1.0,False
114,3,28,480.0,3012.0,9.0,4.46215139442231,1.012185538448118,0.024969827212495955,tested,0.7106082509547706,False
114,4,28,326.0,3012.0,3.0,3.0305444887118194,-0.014614520895597291,0.5977605671849109,tested,1.0,False
114,5,28,216.0,3012.0,2.0,2.00796812749004,-0.005736369549144459,0.6074796985612175,tested,1.0,False
114,6,28,214.0,3012.0,2.0,1.9893758300132802,0.007684146213177209,0.6022428673121277,tested,1.0,False
114,7,28,270.0,3012.0,0.0,2.50996015936255,,1.0,tested,1.0,False
114,8,28,142.0,3012.0,3.0,1.3200531208499335,1.1843665138307984,0.14280654486595146,tested,1.0,False
114,9,28,43.0,3012.0,0.0,0.399734395750332,,1.0,tested,1.0,False
114,10,28,47.0,3012.0,0.0,0.43691899070385126,,1.0,tested,1.0,False
114,X,28,118.0,3012.0,1.0,1.096945551128818,-0.13349191674751706,0.675074759085472,tested,1.0,False
114,U,28,63.0,3012.0,3.0,0.5856573705179283,2.3568337098355636,0.01968896890009574,tested,0.607545326060097,False
115,1,118,585.0,3012.0,19.0,22.91832669322709,-0.27050229571709444,0.8536238816818107,tested,1.0,False
115,2,118,508.0,3012.0,23.0,19.90172642762284,0.20874027459493416,0.25262281973423323,tested,1.0,False
115,3,118,480.0,3012.0,12.0,18.804780876494025,-0.6480650895772755,0.9749866383598947,tested,1.0,False
115,4,118,326.0,3012.0,10.0,12.771580345285525,-0.3529370540336283,0.8388922731641363,tested,1.0,False
115,5,118,216.0,3012.0,9.0,8.46215139442231,0.0889005045889308,0.47514943091481726,tested,1.0,False
115,6,118,214.0,3012.0,14.0,8.383798140770253,0.7397509409665439,0.037639612292708007,tested,0.7539394520446417,False
115,7,118,270.0,3012.0,18.0,10.577689243027889,0.7669724097015684,0.016042881941817556,tested,0.5562451932735609,False
115,8,118,142.0,3012.0,6.0,5.563081009296149,0.10907838652656081,0.48597231325146023,tested,1.0,False
115,9,118,43.0,3012.0,0.0,1.6845949535192564,,1.0,tested,1.0,False
115,10,118,47.0,3012.0,2.0,1.841301460823373,0.11927415363244961,0.5561324597497399,tested,1.0,False
115,X,118,118.0,3012.0,4.0,4.622841965471448,-0.20878004405175446,0.6884542515834479,tested,1.0,False
115,U,118,63.0,3012.0,1.0,2.4681274900398407,-1.3034169181898296,0.9214949479299964,tested,1.0,False
116,1,15,585.0,3012.0,1.0,2.9133466135458166,-1.5426773554073572,0.9611349083817202,tested,1.0,False
116,2,15,508.0,3012.0,1.0,2.5298804780876494,-1.3390692277087561,0.9378261198304121,tested,1.0,False
116,3,15,480.0,3012.0,5.0,2.3904382470119523,1.0646529583422535,0.07619639103498445,tested,0.8662326559766653,False
116,4,15,326.0,3012.0,3.0,1.6235059760956174,0.8858498055534885,0.21628645697468407,tested,1.0,False
116,5,15,216.0,3012.0,1.0,1.0756972111553784,-0.1052720431000588,0.6733674318291353,tested,1.0,False
116,6,15,214.0,3012.0,0.0,1.0657370517928286,,1.0,tested,1.0,False
116,7,15,270.0,3012.0,4.0,1.344621513944223,1.572799862012579,0.03903009740854705,tested,0.7539394520446417,False
116,8,15,142.0,3012.0,0.0,0.7071713147410359,,1.0,tested,1.0,False
116,9,15,43.0,3012.0,0.0,0.21414342629482072,,1.0,tested,1.0,False
116,10,15,47.0,3012.0,0.0,0.2340637450199203,,1.0,tested,1.0,False
116,X,15,118.0,3012.0,0.0,0.5876494023904383,,1.0,tested,1.0,False
116,U,15,63.0,3012.0,0.0,0.3137450199203187,,1.0,tested,1.0,False
117,1,27,585.0,3012.0,0.0,5.24402390438247,,1.0,tested,1.0,False
117,2,27,508.0,3012.0,1.0,4.553784860557769,-2.1870661342637066,0.9933364096137923,tested,1.0,False
117,3,27,480.0,3012.0,0.0,4.302788844621514,,1.0,tested,1.0,False
117,4,27,326.0,3012.0,0.0,2.9223107569721116,,1.0,tested,1.0,False
117,5,27,216.0,3012.0,0.0,1.9362549800796813,,1.0,tested,1.0,False
117,6,27,214.0,3012.0,0.0,1.9183266932270917,,1.0,tested,1.0,False
117,7,27,270.0,3012.0,0.0,2.4203187250996017,,1.0,tested,1.0,False
117,8,27,142.0,3012.0,0.0,1.2729083665338645,,1.0,tested,1.0,False
117,9,27,43.0,3012.0,0.0,0.3854581673306773,,1.0,tested,1.0,False
117,10,27,47.0,3012.0,0.0,0.4213147410358566,,1.0,tested,1.0,False
117,X,27,118.0,3012.0,0.0,1.0577689243027888,,1.0,tested,1.0,False
117,U,27,63.0,3012.0,26.0,0.5647410358565738,5.524778347149635,1.518501845713103e-45,tested,2.6239711893922418e-42,True
118,1,15,585.0,3012.0,4.0,2.9133466135458166,0.4573226445926429,0.330077392200736,tested,1.0,False
118,2,15,508.0,3012.0,1.0,2.5298804780876494,-1.3390692277087561,0.9378261198304121,tested,1.0,False
118,3,15,480.0,3012.0,1.0,2.3904382470119523,-1.257275136545109,0.9265061855703878,tested,1.0,False
118,4,15,326.0,3012.0,2.0,1.6235059760956174,0.30088730483233206,0.49449897579756164,tested,1.0,False
118,5,15,216.0,3012.0,0.0,1.0756972111553784,,1.0,tested,1.0,False
118,6,15,214.0,3012.0,3.0,1.0657370517928286,1.493110973383419,0.08534556318964316,tested,0.9275291395704615,False
118,7,15,270.0,3012.0,3.0,1.344621513944223,1.157762362733735,0.14518574549790236,tested,1.0,False
118,8,15,142.0,3012.0,1.0,0.7071713147410359,0.49986833955872745,0.5162150088568492,tested,1.0,False
118,9,15,43.0,3012.0,0.0,0.21414342629482072,,1.0,tested,1.0,False
118,10,15,47.0,3012.0,0.0,0.2340637450199203,,1.0,tested,1.0,False
118,X,15,118.0,3012.0,0.0,0.5876494023904383,,1.0,tested,1.0,False
118,U,15,63.0,3012.0,0.0,0.3137450199203187,,1.0,tested,1.0,False
119,1,36,585.0,3012.0,4.0,6.99203187250996,-0.805711761241151,0.9395843045253511,tested,1.0,False
119,2,36,508.0,3012.0,5.0,6.0717131474103585,-0.28017553865518763,0.7509410124654405,tested,1.0,False
119,3,36,480.0,3012.0,7.0,5.7370517928286855,0.28704537967870136,0.34687345328787994,tested,1.0,False
119,4,36,326.0,3012.0,3.0,3.896414342629482,-0.3771846002803056,0.7646449233034092,tested,1.0,False
119,5,36,216.0,3012.0,4.0,2.5816733067729083,0.6316935510661472,0.2557986371354852,tested,1.0,False
119,6,36,214.0,3012.0,1.0,2.557768924302789,-1.3548859331715313,0.9306998918354907,tested,1.0,False
119,7,36,270.0,3012.0,5.0,3.2270916334661353,0.6316935510661472,0.2164611588028411,tested,1.0,False
119,8,36,142.0,3012.0,0.0,1.697211155378486,,1.0,tested,1.0,False
119,9,36,43.0,3012.0,2.0,0.5139442231075697,1.960316298527518,0.09244300946963163,tested,0.9480979647927451,False
119,10,36,47.0,3012.0,1.0,0.5617529880478087,0.8319922015519786,0.4342053401137025,tested,1.0,False
119,X,36,118.0,3012.0,2.0,1.4103585657370519,0.5039380038677744,0.4153358340296265,tested,1.0,False
119,U,36,63.0,3012.0,2.0,0.7529880478087649,1.4093011297296993,0.17288729179584536,tested,1.0,False
120,1,47,585.0,3012.0,9.0,9.128486055776893,-0.020450610034163763,0.5783042698779273,tested,1.0,False
120,2,47,508.0,3012.0,4.0,7.9269588313413015,-0.9867674837778752,0.9686469731651106,tested,1.0,False
120,3,47,480.0,3012.0,10.0,7.49003984063745,0.41695470227313475,0.20508259119670819,tested,1.0,False
120,4,47,326.0,3012.0,6.0,5.086985391766269,0.23815154948436937,0.3999750772268758,tested,1.0,False
120,5,47,216.0,3012.0,4.0,3.3705179282868527,0.24702970083082218,0.43870809794326676,tested,1.0,False
120,6,47,214.0,3012.0,4.0,3.3393094289508634,0.26045021659314394,0.4315209190265381,tested,1.0,False
120,7,47,270.0,3012.0,8.0,4.213147410358566,0.9251016059434598,0.05441798707408763,tested,0.7849465801189568,False
120,8,47,142.0,3012.0,1.0,2.2158034528552455,-1.1478299165103911,0.8984987343325623,tested,1.0,False
120,9,47,43.0,3012.0,0.0,0.6709827357237715,,1.0,tested,1.0,False
120,10,47,47.0,3012.0,1.0,0.7333997343957503,0.44732835131665344,0.5252328761610429,tested,1.0,False
120,X,47,118.0,3012.0,0.0,1.841301460823373,,1.0,tested,1.0,False
120,U,47,63.0,3012.0,0.0,0.9830677290836654,,1.0,tested,1.0,False
121,1,29,585.0,3012.0,5.0,5.632470119521912,-0.17183966003904835,0.6905318508796969,tested,1.0,False
121,2,29,508.0,3012.0,7.0,4.891102257636122,0.5171952948297942,0.20545481361800733,tested,1.0,False
121,3,29,480.0,3012.0,4.0,4.621513944223108,-0.20836553606416255,0.7018247322028354,tested,1.0,False
121,4,29,326.0,3012.0,4.0,3.138778220451527,0.3497969053132785,0.3854546250457123,tested,1.0,False
121,5,29,216.0,3012.0,2.0,2.0796812749003983,-0.056362442619112475,0.6268792954877799,tested,1.0,False
121,6,29,214.0,3012.0,2.0,2.0604249667994687,-0.042941926856790824,0.6216569892884316,tested,1.0,False
121,7,29,270.0,3012.0,1.0,2.599601593625498,-1.378290537506475,0.9352321921627503,tested,1.0,False
121,8,29,142.0,3012.0,1.0,1.3671978751660026,-0.4512220599603259,0.755169418027736,tested,1.0,False
121,9,29,43.0,3012.0,1.0,0.41401062416998674,1.272260304842258,0.34226885566096915,tested,1.0,False
121,10,29,47.0,3012.0,0.0,0.45252324037184594,,1.0,tested,1.0,False
121,X,29,118.0,3012.0,2.0,1.1361221779548474,0.8158820101825146,0.3153049883141582,tested,1.0,False
121,U,29,63.0,3012.0,0.0,0.6065737051792829,,1.0,tested,1.0,False
122,,4,,,,,,,skipped_fewer_than_5_genes,,False
123,1,37,585.0,3012.0,9.0,7.186254980079681,0.32468487601452395,0.2816583611910249,tested,1.0,False
123,2,37,508.0,3012.0,3.0,6.240371845949535,-1.0566694970080313,0.9621883972528453,tested,1.0,False
123,3,37,480.0,3012.0,4.0,5.896414342629482,-0.5598379065655402,0.8637518484843197,tested,1.0,False
123,4,37,326.0,3012.0,4.0,4.00464807436919,-0.0016754651880993387,0.5798680358597865,tested,1.0,False
123,5,37,216.0,3012.0,3.0,2.653386454183267,0.17712768760066602,0.5018423222047407,tested,1.0,False
123,6,37,214.0,3012.0,3.0,2.6288180610889773,0.19054820336298772,0.49545068485811417,tested,1.0,False
123,7,37,270.0,3012.0,2.0,3.316733067729084,-0.7297629080078525,0.8578770448376307,tested,1.0,False
123,8,37,142.0,3012.0,2.0,1.7443559096945551,0.1973055695382962,0.527233494951977,tested,1.0,False
123,9,37,43.0,3012.0,1.0,0.5282204515272244,0.9207879343408806,0.4144805856817485,tested,1.0,False
123,10,37,47.0,3012.0,0.0,0.5773572377158035,,1.0,tested,1.0,False
123,X,37,118.0,3012.0,3.0,1.449535192563081,1.0493721404022933,0.17490196064615213,tested,1.0,False
123,U,37,63.0,3012.0,3.0,0.7739043824701195,1.9547352662642181,0.04090758886332697,tested,0.7539394520446417,False
124,1,13,585.0,3012.0,1.0,2.5249003984063747,-1.336226477939931,0.9400107817551819,tested,1.0,False
124,2,13,508.0,3012.0,7.0,2.192563081009296,1.6747365718162743,0.002514795178732128,tested,0.18893765516735292,False
124,3,13,480.0,3012.0,0.0,2.0717131474103585,,1.0,tested,1.0,False
124,4,13,326.0,3012.0,2.0,1.407038512616202,0.5073381822997585,0.4187849801311581,tested,1.0,False
124,5,13,216.0,3012.0,1.0,0.9322709163346613,0.10117883436736742,0.6206874187497394,tested,1.0,False
124,6,13,214.0,3012.0,0.0,0.9236387782204515,,1.0,tested,1.0,False
124,7,13,270.0,3012.0,0.0,1.1653386454183268,,1.0,tested,1.0,False
124,8,13,142.0,3012.0,1.0,0.6128818061088978,0.706319217026154,0.4669204265436251,tested,1.0,False
124,9,13,43.0,3012.0,0.0,0.1855909694555113,,1.0,tested,1.0,False
124,10,13,47.0,3012.0,0.0,0.20285524568393093,,1.0,tested,1.0,False
124,X,13,118.0,3012.0,1.0,0.5092961487383798,0.9734232871689947,0.40583591100984334,tested,1.0,False
124,U,13,63.0,3012.0,0.0,0.27191235059760954,,1.0,tested,1.0,False
125,1,58,585.0,3012.0,6.0,11.264940239043824,-0.9088052542052547,0.9801628079462122,tested,1.0,False
125,2,58,508.0,3012.0,13.0,9.782204515272245,0.4102800909132823,0.1668077377123275,tested,1.0,False
125,3,58,480.0,3012.0,7.0,9.243027888446216,-0.4010106140065586,0.8401637650538301,tested,1.0,False
125,4,58,326.0,3012.0,6.0,6.277556440903054,-0.0652405939655653,0.6108927261029844,tested,1.0,False
125,5,58,216.0,3012.0,6.0,4.159362549800797,0.5286000581020437,0.23352224742523434,tested,1.0,False
125,6,58,214.0,3012.0,1.0,4.1208499335989375,-2.0429419268567908,0.986661551012827,tested,1.0,False
125,7,58,270.0,3012.0,14.0,5.199203187250996,1.4290643845511295,0.00042033241216747933,tested,0.04539590051408777,True
125,8,58,142.0,3012.0,1.0,2.734395750332005,-1.4512220599603258,0.9408964957633312,tested,1.0,False
125,9,58,43.0,3012.0,1.0,0.8280212483399735,0.27226030484225805,0.569169413938844,tested,1.0,False
125,10,58,47.0,3012.0,0.0,0.9050464807436919,,1.0,tested,1.0,False
125,X,58,118.0,3012.0,2.0,2.2722443559096948,-0.1841179898174854,0.6714957083140982,tested,1.0,False
125,U,58,63.0,3012.0,1.0,1.2131474103585658,-0.27875486395556043,0.7100050241575878,tested,1.0,False
126,1,22,585.0,3012.0,5.0,4.272908366533865,0.22670971645122626,0.42969548692122567,tested,1.0,False
126,2,22,508.0,3012.0,5.0,3.7104913678618856,0.4303178441498275,0.30844386869570617,tested,1.0,False
126,3,22,480.0,3012.0,5.0,3.50597609561753,0.5121119353134747,0.26619641623011425,tested,1.0,False
126,4,22,326.0,3012.0,1.0,2.3811420982735725,-1.2516537181964467,0.9202997195837805,tested,1.0,False
126,5,22,216.0,3012.0,3.0,1.5776892430278884,0.9271494345923186,0.20615171795535275,tested,1.0,False
126,6,22,214.0,3012.0,0.0,1.5630810092961487,,1.0,tested,1.0,False
126,7,22,270.0,3012.0,1.0,1.9721115537848606,-0.9797411610161999,0.8742875097558128,tested,1.0,False
126,8,22,142.0,3012.0,0.0,1.0371845949535192,,1.0,tested,1.0,False
126,9,22,43.0,3012.0,1.0,0.3140770252324037,1.670809681332533,0.2720017332605069,tested,1.0,False
126,10,22,47.0,3012.0,0.0,0.3432934926958831,,1.0,tested,1.0,False
126,X,22,118.0,3012.0,1.0,0.8618857901726428,0.21443138667278966,0.5861970384067697,tested,1.0,False
126,U,22,63.0,3012.0,0.0,0.4601593625498008,,1.0,tested,1.0,False
127,1,15,585.0,3012.0,0.0,2.9133466135458166,,1.0,tested,1.0,False
127,2,15,508.0,3012.0,1.0,2.5298804780876494,-1.3390692277087561,0.9378261198304121,tested,1.0,False
127,3,15,480.0,3012.0,0.0,2.3904382470119523,,1.0,tested,1.0,False
127,4,15,326.0,3012.0,0.0,1.6235059760956174,,1.0,tested,1.0,False
127,5,15,216.0,3012.0,1.0,1.0756972111553784,-0.1052720431000588,0.6733674318291353,tested,1.0,False
127,6,15,214.0,3012.0,0.0,1.0657370517928286,,1.0,tested,1.0,False
127,7,15,270.0,3012.0,2.0,1.344621513944223,0.5727998620125788,0.3947307391407901,tested,1.0,False
127,8,15,142.0,3012.0,0.0,0.7071713147410359,,1.0,tested,1.0,False
127,9,15,43.0,3012.0,1.0,0.21414342629482072,2.2233507043613114,0.1944203797786733,tested,1.0,False
127,10,15,47.0,3012.0,1.0,0.2340637450199203,2.0950266073857726,0.2105853456992738,tested,1.0,False
127,X,15,118.0,3012.0,0.0,0.5876494023904383,,1.0,tested,1.0,False
127,U,15,63.0,3012.0,9.0,0.3137450199203187,4.842260537005806,1.9332730474932102e-12,tested,1.4428047749088928e-09,True
128,1,31,585.0,3012.0,9.0,6.020916334661354,0.5799419312565987,0.13053325260370377,tested,1.0,False
128,2,31,508.0,3012.0,4.0,5.228419654714475,-0.3863749424871129,0.7929293941695013,tested,1.0,False
128,3,31,480.0,3012.0,2.0,4.940239043824701,-1.3045808513234656,0.9689631210512761,tested,1.0,False
128,4,31,326.0,3012.0,2.0,3.355245683930943,-0.7464184099460247,0.8647065915647012,tested,1.0,False
128,5,31,216.0,3012.0,0.0,2.2231075697211153,,1.0,tested,1.0,False
128,6,31,214.0,3012.0,3.0,2.2025232403718458,0.4458052586050624,0.3800772700241027,tested,1.0,False
128,7,31,270.0,3012.0,0.0,2.7788844621513946,,1.0,tested,1.0,False
128,8,31,142.0,3012.0,4.0,1.4614873837981408,1.452562624780371,0.05544074379095635,tested,0.7852590595964964,False
128,9,31,43.0,3012.0,2.0,0.44256308100929614,2.1760449895829552,0.0713200086728845,tested,0.8383739795016628,False
128,10,31,47.0,3012.0,0.0,0.48373173970783534,,1.0,tested,1.0,False
128,X,31,118.0,3012.0,0.0,1.2144754316069057,,1.0,tested,1.0,False
128,U,31,63.0,3012.0,5.0,0.648406374501992,2.946957915672499,0.0003810151867219516,tested,0.043892949510368824,True
129,1,51,585.0,3012.0,12.0,9.905378486055778,0.2767503989508218,0.27669384925890084,tested,1.0,False
129,2,51,508.0,3012.0,11.0,8.601593625498008,0.3548276445655638,0.23092599010122258,tested,1.0,False
129,3,51,480.0,3012.0,9.0,8.127490039840637,0.14711511853422649,0.42646561948316225,tested,1.0,False
129,4,51,326.0,3012.0,8.0,5.5199203187251,0.5353525584693549,0.18036220159754138,tested,1.0,False
129,5,51,216.0,3012.0,2.0,3.6573705179282867,-0.8708067894630359,0.8910056666125971,tested,1.0,False
129,6,51,214.0,3012.0,3.0,3.6235059760956174,-0.2724237729795582,0.714237104234128,tested,1.0,False
129,7,51,270.0,3012.0,3.0,4.5717131474103585,-0.6077723836292421,0.8494351921585686,tested,1.0,False
129,8,51,142.0,3012.0,2.0,2.404382470119522,-0.26566640680424947,0.7024176687179413,tested,1.0,False
129,9,51,43.0,3012.0,1.0,0.7280876494023905,0.4578159579983347,0.5226644035518394,tested,1.0,False
129,10,51,47.0,3012.0,0.0,0.795816733067729,,1.0,tested,1.0,False
129,X,51,118.0,3012.0,0.0,1.99800796812749,,1.0,tested,1.0,False
129,U,51,63.0,3012.0,0.0,1.0667330677290836,,1.0,tested,1.0,False
130,1,63,585.0,3012.0,11.0,12.23605577689243,-0.15363506466145782,0.7040315700287663,tested,1.0,False
130,2,63,508.0,3012.0,9.0,10.625498007968128,-0.23953355415784192,0.7595291865202676,tested,1.0,False
130,3,63,480.0,3012.0,7.0,10.0398406374502,-0.5203095423789028,0.8957224891832982,tested,1.0,False
130,4,63,326.0,3012.0,20.0,6.818725099601593,1.5524260718282965,4.690212945746627e-06,tested,0.0010130859962812714,True
130,5,63,216.0,3012.0,2.0,4.51792828685259,-1.175661370991457,0.9477106666139091,tested,1.0,False
130,6,63,214.0,3012.0,2.0,4.4760956175298805,-1.1622408552291352,0.9457284846502338,tested,1.0,False
130,7,63,270.0,3012.0,6.0,5.647410358565737,0.08737303484233709,0.5023407642858192,tested,1.0,False
130,8,63,142.0,3012.0,2.0,2.9701195219123506,-0.5705209883326703,0.8066466852652436,tested,1.0,False
130,9,63,43.0,3012.0,1.0,0.899402390438247,0.1529613764699139,0.5996467478178246,tested,1.0,False
130,10,63,47.0,3012.0,0.0,0.9830677290836654,,1.0,tested,1.0,False
130,X,63,118.0,3012.0,3.0,2.4681274900398407,0.28154558253132667,0.4515869279945625,tested,1.0,False
130,U,63,63.0,3012.0,0.0,1.3177290836653386,,1.0,tested,1.0,False
131,1,44,585.0,3012.0,4.0,8.54581673306773,-1.095218378436136,0.9817902525815357,tested,1.0,False
131,2,44,508.0,3012.0,4.0,7.420982735723771,-0.8916102507375347,0.9540475372144439,tested,1.0,False
131,3,44,480.0,3012.0,5.0,7.01195219123506,-0.48788806468652535,0.8531140844089179,tested,1.0,False
131,4,44,326.0,3012.0,6.0,4.762284196547145,0.33330878252470963,0.3392899355872509,tested,1.0,False
131,5,44,216.0,3012.0,6.0,3.1553784860557768,0.9271494345923186,0.09114374857982117,tested,0.9440029869362797,False
131,6,44,214.0,3012.0,7.0,3.1261620185922974,1.1629623716910882,0.03325227652562637,tested,0.7462086336286181,False
131,7,44,270.0,3012.0,8.0,3.944223107569721,1.0202588389838,0.038677314802264724,tested,0.7539394520446417,False
131,8,44,142.0,3012.0,0.0,2.0743691899070384,,1.0,tested,1.0,False
131,9,44,43.0,3012.0,0.0,0.6281540504648074,,1.0,tested,1.0,False
131,10,44,47.0,3012.0,2.0,0.6865869853917662,1.5424855843569938,0.14943979813244426,tested,1.0,False
131,X,44,118.0,3012.0,2.0,1.7237715803452855,0.21443138667278966,0.5201333663342778,tested,1.0,False
131,U,44,63.0,3012.0,0.0,0.9203187250996016,,1.0,tested,1.0,False
132,1,44,585.0,3012.0,8.0,8.54581673306773,-0.09521837843613601,0.64350264484432,tested,1.0,False
132,2,44,508.0,3012.0,7.0,7.420982735723771,-0.08425532867993073,0.6308190519044565,tested,1.0,False
132,3,44,480.0,3012.0,7.0,7.01195219123506,-0.0024612375162835114,0.5663006742485095,tested,1.0,False
132,4,44,326.0,3012.0,3.0,4.762284196547145,-0.6666912174752904,0.8706533695757505,tested,1.0,False
132,5,44,216.0,3012.0,3.0,3.1553784860557768,-0.07285056540768138,0.6215952221131783,tested,1.0,False
132,6,44,214.0,3012.0,4.0,3.1261620185922974,0.35560744963348395,0.3820612226637205,tested,1.0,False
132,7,44,270.0,3012.0,3.0,3.944223107569721,-0.39477866029504377,0.769365439321964,tested,1.0,False
132,8,44,142.0,3012.0,2.0,2.0743691899070384,-0.052672683470051176,0.6225238034096099,tested,1.0,False
132,9,44,43.0,3012.0,2.0,0.6281540504648074,1.670809681332533,0.1293818447157098,tested,1.0,False
132,10,44,47.0,3012.0,1.0,0.6865869853917662,0.5424855843569938,0.5019364910106215,tested,1.0,False
132,X,44,118.0,3012.0,0.0,1.7237715803452855,,1.0,tested,1.0,False
132,U,44,63.0,3012.0,4.0,0.9203187250996016,2.1197945125347144,0.01261721948684628,tested,0.48824512598447634,False
133,1,35,585.0,3012.0,7.0,6.797808764940239,0.04228514531379905,0.5336448359339336,tested,1.0,False
133,2,35,508.0,3012.0,3.0,5.903054448871182,-0.9764991483240478,0.950196803617977,tested,1.0,False
133,3,35,480.0,3012.0,6.0,5.577689243027889,0.10529494283959925,0.4932970079735417,tested,1.0,False
133,4,35,326.0,3012.0,5.0,3.7881806108897744,0.40042297838324636,0.3268232004602082,tested,1.0,False
133,5,35,216.0,3012.0,4.0,2.50996015936255,0.6723355355634932,0.23973403215145214,tested,1.0,False
133,6,35,214.0,3012.0,4.0,2.4867197875166003,0.6857560513258147,0.23461663318207815,tested,1.0,False
133,7,35,270.0,3012.0,2.0,3.137450199203187,-0.6495925593238691,0.8355119696395015,tested,1.0,False
133,8,35,142.0,3012.0,1.0,1.650066401062417,-0.7225240817777203,0.8173312506288315,tested,1.0,False
133,9,35,43.0,3012.0,0.0,0.499667994687915,,1.0,tested,1.0,False
133,10,35,47.0,3012.0,0.0,0.546148738379814,,1.0,tested,1.0,False
133,X,35,118.0,3012.0,2.0,1.3711819389110225,0.5445799883651204,0.4014366264307686,tested,1.0,False
133,U,35,63.0,3012.0,1.0,0.7320717131474104,0.44994311422704514,0.524833166282561,tested,1.0,False
134,1,53,585.0,3012.0,11.0,10.29382470119522,0.09572440427525919,0.45749028794102836,tested,1.0,False
134,2,53,508.0,3012.0,10.0,8.938911022576361,0.1618290082239256,0.4030890753666619,tested,1.0,False
134,3,53,480.0,3012.0,9.0,8.44621513944223,0.09162000594252293,0.4751143745020446,tested,1.0,False
134,4,53,326.0,3012.0,7.0,5.736387782204515,0.2872123679352555,0.34821197317069863,tested,1.0,False
134,5,53,216.0,3012.0,7.0,3.800796812749004,0.8810530200028645,0.08143690647384344,tested,0.9020703486333427,False
134,6,53,214.0,3012.0,4.0,3.765604249667995,0.08711861370758206,0.5265970304878129,tested,1.0,False
134,7,53,270.0,3012.0,3.0,4.750996015936255,-0.6632674962209455,0.8673707694593148,tested,1.0,False
134,8,53,142.0,3012.0,1.0,2.49867197875166,-1.321161519395953,0.9244076436540853,tested,1.0,False
134,9,53,43.0,3012.0,0.0,0.7566401062416999,,1.0,tested,1.0,False
134,10,53,47.0,3012.0,0.0,0.8270252324037185,,1.0,tested,1.0,False
134,X,53,118.0,3012.0,0.0,2.0763612217795484,,1.0,tested,1.0,False
134,U,53,63.0,3012.0,1.0,1.1085657370517927,-0.14869432339118738,0.6770357336452806,tested,1.0,False
135,1,32,585.0,3012.0,2.0,6.2151394422310755,-1.6357867597988387,0.9915545179573826,tested,1.0,False
135,2,32,508.0,3012.0,8.0,5.397078353253652,0.5678213678997623,0.15815800993636517,tested,1.0,False
135,3,32,480.0,3012.0,0.0,5.099601593625498,,1.0,tested,1.0,False
135,4,32,326.0,3012.0,7.0,3.4634794156706508,1.0151328224984548,0.05073011694114178,tested,0.7849465801189568,False
135,5,32,216.0,3012.0,3.0,2.2948207171314743,0.38658105322961567,0.4057703641793323,tested,1.0,False
135,6,32,214.0,3012.0,6.0,2.2735723771580347,1.4000015689919374,0.022806713283180628,tested,0.691403518479581,False
135,7,32,270.0,3012.0,2.0,2.8685258964143427,-0.5203095423789028,0.7960095048742537,tested,1.0,False
135,8,32,142.0,3012.0,0.0,1.5086321381142098,,1.0,tested,1.0,False
135,9,32,43.0,3012.0,0.0,0.45683930942895085,,1.0,tested,1.0,False
135,10,32,47.0,3012.0,1.0,0.49933598937583,1.0019172029942909,0.39703837629329725,tested,1.0,False
135,X,32,118.0,3012.0,3.0,1.253652058432935,1.258825506031243,0.1279878571585576,tested,1.0,False
135,U,32,63.0,3012.0,0.0,0.6693227091633466,,1.0,tested,1.0,False
136,1,35,585.0,3012.0,8.0,6.797808764940239,0.23493022325619495,0.3667825841961844,tested,1.0,False
136,2,35,508.0,3012.0,10.0,5.903054448871182,0.7604664458421583,0.05781417719342536,tested,0.7919663289639935,False
136,3,35,480.0,3012.0,4.0,5.577689243027889,-0.47966755788155696,0.8324369568802588,tested,1.0,False
136,4,35,326.0,3012.0,2.0,3.7881806108897744,-0.9215051165041158,0.9060790840627254,tested,1.0,False
136,5,35,216.0,3012.0,1.0,2.50996015936255,-1.3276644644365068,0.9271891258989751,tested,1.0,False
136,6,35,214.0,3012.0,1.0,2.4867197875166003,-1.3142439486741853,0.9253324567478306,tested,1.0,False
136,7,35,270.0,3012.0,3.0,3.137450199203187,-0.0646300586027129,0.6196897443924941,tested,1.0,False
136,8,35,142.0,3012.0,1.0,1.650066401062417,-0.7225240817777203,0.8173312506288315,tested,1.0,False
136,9,35,43.0,3012.0,0.0,0.499667994687915,,1.0,tested,1.0,False
136,10,35,47.0,3012.0,2.0,0.546148738379814,1.8726341860493245,0.10248801681502993,tested,0.9920365149618673,False
136,X,35,118.0,3012.0,3.0,1.3711819389110225,1.1295424890862769,0.15556979757001504,tested,1.0,False
136,U,35,63.0,3012.0,0.0,0.7320717131474104,,1.0,tested,1.0,False
137,1,29,585.0,3012.0,4.0,5.632470119521912,-0.4937677549264107,0.8435186452506492,tested,1.0,False
137,2,29,508.0,3012.0,8.0,4.891102257636122,0.70984037277219,0.10120756916829025,tested,0.9880603362870372,False
137,3,29,480.0,3012.0,5.0,4.621513944223108,0.11356255882319984,0.5013286870724842,tested,1.0,False
137,4,29,326.0,3012.0,3.0,3.138778220451527,-0.0652405939655653,0.6222574066625104,tested,1.0,False
137,5,29,216.0,3012.0,1.0,2.0796812749003983,-1.0563624426191125,0.885651227846565,tested,1.0,False
137,6,29,214.0,3012.0,3.0,2.0604249667994687,0.5420205738643654,0.3401522206320242,tested,1.0,False
137,7,29,270.0,3012.0,4.0,2.599601593625498,0.6217094624935252,0.2590016163035014,tested,1.0,False
137,8,29,142.0,3012.0,0.0,1.3671978751660026,,1.0,tested,1.0,False
137,9,29,43.0,3012.0,0.0,0.41401062416998674,,1.0,tested,1.0,False
137,10,29,47.0,3012.0,0.0,0.45252324037184594,,1.0,tested,1.0,False
137,X,29,118.0,3012.0,1.0,1.1361221779548474,-0.1841179898174854,0.6879236794701618,tested,1.0,False
137,U,29,63.0,3012.0,0.0,0.6065737051792829,,1.0,tested,1.0,False
138,1,27,585.0,3012.0,6.0,5.24402390438247,0.19428823875884904,0.4310212237119805,tested,1.0,False
138,2,27,508.0,3012.0,8.0,4.553784860557769,0.8129338657362936,0.07087391964214713,tested,0.8383739795016628,False
138,3,27,480.0,3012.0,6.0,4.302788844621514,0.47969045762109747,0.2521443858993216,tested,1.0,False
138,4,27,326.0,3012.0,1.0,2.9223107569721116,-1.547109601722618,0.9552701876559107,tested,1.0,False
138,5,27,216.0,3012.0,0.0,1.9362549800796813,,1.0,tested,1.0,False
138,6,27,214.0,3012.0,2.0,1.9183266932270917,0.06015156610731274,0.5820903603626987,tested,1.0,False
138,7,27,270.0,3012.0,0.0,2.4203187250996017,,1.0,tested,1.0,False
138,8,27,142.0,3012.0,2.0,1.2729083665338645,0.6518714330037776,0.3662401700111795,tested,1.0,False
138,9,27,43.0,3012.0,0.0,0.3854581673306773,,1.0,tested,1.0,False
138,10,27,47.0,3012.0,1.0,0.4213147410358566,1.2470297008308222,0.34720669716456753,tested,1.0,False
138,X,27,118.0,3012.0,1.0,1.0577689243027888,-0.08102449685338148,0.661701484433252,tested,1.0,False
138,U,27,63.0,3012.0,0.0,0.5647410358565738,,1.0,tested,1.0,False
139,1,54,585.0,3012.0,14.0,10.48804780876494,0.416680660095297,0.14813185163091944,tested,1.0,False
139,2,54,508.0,3012.0,12.0,9.107569721115539,0.3978963664574499,0.18741137416593812,tested,1.0,False
139,3,54,480.0,3012.0,7.0,8.605577689243027,-0.29791712104245466,0.7805372950788646,tested,1.0,False
139,4,54,326.0,3012.0,7.0,5.844621513944223,0.2602453203349862,0.36669874601699903,tested,1.0,False
139,5,54,216.0,3012.0,3.0,3.8725099601593627,-0.3683064489338527,0.7560231066799734,tested,1.0,False
139,6,54,214.0,3012.0,3.0,3.8366533864541834,-0.35488593317153116,0.7502548575064811,tested,1.0,False
139,7,54,270.0,3012.0,5.0,4.840637450199203,0.046731050344991185,0.5395645845777883,tested,1.0,False
139,8,54,142.0,3012.0,1.0,2.545816733067729,-1.3481285669962224,0.9280352592678467,tested,1.0,False
139,9,54,43.0,3012.0,0.0,0.7709163346613546,,1.0,tested,1.0,False
139,10,54,47.0,3012.0,0.0,0.8426294820717132,,1.0,tested,1.0,False
139,X,54,118.0,3012.0,2.0,2.1155378486055776,-0.08102449685338148,0.6325773286009514,tested,1.0,False
139,U,54,63.0,3012.0,0.0,1.1294820717131475,,1.0,tested,1.0,False
140,1,71,585.0,3012.0,15.0,13.7898406374502,0.1213567163049978,0.4037720311848699,tested,1.0,False
140,2,71,508.0,3012.0,11.0,11.97476759628154,-0.12249413296762231,0.6720719733209246,tested,1.0,False
140,3,71,480.0,3012.0,7.0,11.314741035856574,-0.6927767383836683,0.9505408253132043,tested,1.0,False
140,4,71,326.0,3012.0,10.0,7.684594953519256,0.379958875823531,0.2337121402389909,tested,1.0,False
140,5,71,216.0,3012.0,2.0,5.091633466135458,-1.3481285669962224,0.9684834409623877,tested,1.0,False
140,6,71,214.0,3012.0,10.0,5.0444887118193895,0.9872200436534614,0.02656963340692589,tested,0.7356772347429144,False
140,7,71,270.0,3012.0,6.0,6.364541832669323,-0.08509416116242871,0.623004427257778,tested,1.0,False
140,8,71,142.0,3012.0,3.0,3.347277556440903,-0.15802568361627983,0.6595139242224936,tested,1.0,False
140,9,71,43.0,3012.0,0.0,1.0136122177954847,,1.0,tested,1.0,False
140,10,71,47.0,3012.0,2.0,1.1079017264276227,0.8521700834896088,0.30456101717621414,tested,1.0,False
140,X,71,118.0,3012.0,3.0,2.7815405046480746,0.10907838652656081,0.532048001173556,tested,1.0,False
140,U,71,63.0,3012.0,2.0,1.4850597609561753,0.4294790116673297,0.4407673688463974,tested,1.0,False
141,1,27,585.0,3012.0,10.0,5.24402390438247,0.9312538329250553,0.02462866378529919,tested,0.7106082509547706,False
141,2,27,508.0,3012.0,6.0,4.553784860557769,0.3978963664574499,0.29781509380157967,tested,1.0,False
141,3,27,480.0,3012.0,8.0,4.302788844621514,0.8947279568999412,0.0534250609846371,tested,0.7849465801189568,False
141,4,27,326.0,3012.0,1.0,2.9223107569721116,-1.547109601722618,0.9552701876559107,tested,1.0,False
141,5,27,216.0,3012.0,2.0,1.9362549800796813,0.046731050344991185,0.5873277294382253,tested,1.0,False
141,6,27,214.0,3012.0,0.0,1.9183266932270917,,1.0,tested,1.0,False
141,7,27,270.0,3012.0,0.0,2.4203187250996017,,1.0,tested,1.0,False
141,8,27,142.0,3012.0,0.0,1.2729083665338645,,1.0,tested,1.0,False
141,9,27,43.0,3012.0,0.0,0.3854581673306773,,1.0,tested,1.0,False
141,10,27,47.0,3012.0,0.0,0.4213147410358566,,1.0,tested,1.0,False
141,X,27,118.0,3012.0,0.0,1.0577689243027888,,1.0,tested,1.0,False
141,U,27,63.0,3012.0,0.0,0.5647410358565738,,1.0,tested,1.0,False
142,1,42,585.0,3012.0,13.0,8.157370517928287,0.6723355355634931,0.049553451285777726,tested,0.7849465801189568,False
142,2,42,508.0,3012.0,10.0,7.083665338645418,0.4974320400083645,0.15734453872425314,tested,1.0,False
142,3,42,480.0,3012.0,2.0,6.693227091633466,-1.7427019637153507,0.9941317810009728,tested,1.0,False
142,4,42,326.0,3012.0,3.0,4.5458167330677295,-0.5995770216167536,0.8490354147552318,tested,1.0,False
142,5,42,216.0,3012.0,3.0,3.0119521912350598,-0.005736369549144459,0.5894314535672595,tested,1.0,False
142,6,42,214.0,3012.0,3.0,2.9840637450199203,0.007684146213177209,0.5829137008890812,tested,1.0,False
142,7,42,270.0,3012.0,5.0,3.764940239043825,0.4093011297296992,0.32253854356555967,tested,1.0,False
142,8,42,142.0,3012.0,1.0,1.9800796812749004,-0.9855584876115142,0.8703029259471285,tested,1.0,False
142,9,42,43.0,3012.0,0.0,0.599601593625498,,1.0,tested,1.0,False
142,10,42,47.0,3012.0,1.0,0.6553784860557769,0.6095997802155305,0.4857878383620491,tested,1.0,False
142,X,42,118.0,3012.0,0.0,1.6454183266932272,,1.0,tested,1.0,False
142,U,42,63.0,3012.0,1.0,0.8784860557768924,0.18690870839325152,0.5909703615476231,tested,1.0,False
143,1,29,585.0,3012.0,6.0,5.632470119521912,0.0911947457947453,0.5055852684212633,tested,1.0,False
143,2,29,508.0,3012.0,5.0,4.891102257636122,0.031768467659552664,0.5557557436792788,tested,1.0,False
143,3,29,480.0,3012.0,6.0,4.621513944223108,0.37659696465699355,0.31106529496313984,tested,1.0,False
143,4,29,326.0,3012.0,1.0,3.138778220451527,-1.6502030946867214,0.9645082645377291,tested,1.0,False
143,5,29,216.0,3012.0,1.0,2.0796812749003983,-1.0563624426191125,0.885651227846565,tested,1.0,False
143,6,29,214.0,3012.0,0.0,2.0604249667994687,,1.0,tested,1.0,False
143,7,29,270.0,3012.0,4.0,2.599601593625498,0.6217094624935252,0.2590016163035014,tested,1.0,False
143,8,29,142.0,3012.0,2.0,1.3671978751660026,0.5487779400396742,0.4004149012924148,tested,1.0,False
143,9,29,43.0,3012.0,1.0,0.41401062416998674,1.272260304842258,0.34226885566096915,tested,1.0,False
143,10,29,47.0,3012.0,0.0,0.45252324037184594,,1.0,tested,1.0,False
143,X,29,118.0,3012.0,2.0,1.1361221779548474,0.8158820101825146,0.3153049883141582,tested,1.0,False
143,U,29,63.0,3012.0,1.0,0.6065737051792829,0.7212451360444395,0.45984835012108216,tested,1.0,False
144,1,26,585.0,3012.0,5.0,5.049800796812749,-0.014298383052568584,0.5888484361320818,tested,1.0,False
144,2,26,508.0,3012.0,5.0,4.385126162018592,0.1893097446460325,0.45279957506522867,tested,1.0,False
144,3,26,480.0,3012.0,3.0,4.143426294820717,-0.4658617583565264,0.8082081557811253,tested,1.0,False
144,4,26,326.0,3012.0,6.0,2.814077025232404,1.0923006830209145,0.05451017917492755,tested,0.7849465801189568,False
144,5,26,216.0,3012.0,0.0,1.8645418326693226,,1.0,tested,1.0,False
144,6,26,214.0,3012.0,2.0,1.847277556440903,0.11459935012968918,0.561200615810801,tested,1.0,False
144,7,26,270.0,3012.0,3.0,2.3306772908366535,0.36421324020116114,0.4163930102064661,tested,1.0,False
144,8,26,142.0,3012.0,0.0,1.2257636122177955,,1.0,tested,1.0,False
144,9,26,43.0,3012.0,0.0,0.3711819389110226,,1.0,tested,1.0,False
144,10,26,47.0,3012.0,0.0,0.40571049136786186,,1.0,tested,1.0,False
144,X,26,118.0,3012.0,2.0,1.0185922974767596,0.9734232871689947,0.27113474281874433,tested,1.0,False
144,U,26,63.0,3012.0,0.0,0.5438247011952191,,1.0,tested,1.0,False
145,1,15,585.0,3012.0,6.0,2.9133466135458166,1.0422851453137991,0.053443590017789505,tested,0.7849465801189568,False
145,2,15,508.0,3012.0,4.0,2.5298804780876494,0.6609307722912439,0.23796246178045433,tested,1.0,False
145,3,15,480.0,3012.0,1.0,2.3904382470119523,-1.257275136545109,0.9265061855703878,tested,1.0,False
145,4,15,326.0,3012.0,1.0,1.6235059760956174,-0.6991126951676679,0.8213833990123095,tested,1.0,False
145,5,15,216.0,3012.0,0.0,1.0756972111553784,,1.0,tested,1.0,False
145,6,15,214.0,3012.0,1.0,1.0657370517928286,-0.09185152733773724,0.6698362944708469,tested,1.0,False
145,7,15,270.0,3012.0,0.0,1.344621513944223,,1.0,tested,1.0,False
145,8,15,142.0,3012.0,1.0,0.7071713147410359,0.49986833955872745,0.5162150088568492,tested,1.0,False
145,9,15,43.0,3012.0,0.0,0.21414342629482072,,1.0,tested,1.0,False
145,10,15,47.0,3012.0,0.0,0.2340637450199203,,1.0,tested,1.0,False
145,X,15,118.0,3012.0,1.0,0.5876494023904383,0.7669724097015682,0.45168004497204545,tested,1.0,False
145,U,15,63.0,3012.0,0.0,0.3137450199203187,,1.0,tested,1.0,False
146,1,44,585.0,3012.0,5.0,8.54581673306773,-0.7732902835487737,0.9481545726782087,tested,1.0,False
146,2,44,508.0,3012.0,11.0,7.420982735723771,0.5678213678997623,0.10908593550416879,tested,1.0,False
146,3,44,480.0,3012.0,5.0,7.01195219123506,-0.48788806468652535,0.8531140844089179,tested,1.0,False
146,4,44,326.0,3012.0,3.0,4.762284196547145,-0.6666912174752904,0.8706533695757505,tested,1.0,False
146,5,44,216.0,3012.0,6.0,3.1553784860557768,0.9271494345923186,0.09114374857982117,tested,0.9440029869362797,False
146,6,44,214.0,3012.0,5.0,3.1261620185922974,0.6775355445208463,0.19930775247741114,tested,1.0,False
146,7,44,270.0,3012.0,2.0,3.944223107569721,-0.9797411610161999,0.9159949118550486,tested,1.0,False
146,8,44,142.0,3012.0,2.0,2.0743691899070384,-0.052672683470051176,0.6225238034096099,tested,1.0,False
146,9,44,43.0,3012.0,1.0,0.6281540504648074,0.670809681332533,0.4712684262428736,tested,1.0,False
146,10,44,47.0,3012.0,0.0,0.6865869853917662,,1.0,tested,1.0,False
146,X,44,118.0,3012.0,1.0,1.7237715803452855,-0.7855686133272104,0.8299018062189513,tested,1.0,False
146,U,44,63.0,3012.0,3.0,0.9203187250996016,1.7047570132558707,0.06295278766915709,tested,0.8264633974469255,False
147,1,44,585.0,3012.0,10.0,8.54581673306773,0.22670971645122626,0.34501929534800596,tested,1.0,False
147,2,44,508.0,3012.0,5.0,7.420982735723771,-0.5696821558501726,0.8867694055711343,tested,1.0,False
147,3,44,480.0,3012.0,2.0,7.01195219123506,-1.8098161595738878,0.9956976775874433,tested,1.0,False
147,4,44,326.0,3012.0,6.0,4.762284196547145,0.33330878252470963,0.3392899355872509,tested,1.0,False
147,5,44,216.0,3012.0,2.0,3.1553784860557768,-0.6578130661288376,0.8355814962805865,tested,1.0,False
147,6,44,214.0,3012.0,7.0,3.1261620185922974,1.1629623716910882,0.03325227652562637,tested,0.7462086336286181,False
147,7,44,270.0,3012.0,3.0,3.944223107569721,-0.39477866029504377,0.769365439321964,tested,1.0,False
147,8,44,142.0,3012.0,5.0,2.0743691899070384,1.2692554114173111,0.053752385838311094,tested,0.7849465801189568,False
147,9,44,43.0,3012.0,0.0,0.6281540504648074,,1.0,tested,1.0,False
147,10,44,47.0,3012.0,2.0,0.6865869853917662,1.5424855843569938,0.14943979813244426,tested,1.0,False
147,X,44,118.0,3012.0,2.0,1.7237715803452855,0.21443138667278966,0.5201333663342778,tested,1.0,False
147,U,44,63.0,3012.0,0.0,0.9203187250996016,,1.0,tested,1.0,False
