category,term,number_of_genes,number_of_genes_in_background,ncbiTaxonId,inputGenes,preferredNames,p_value,fdr,description,iModulon,FDR05,nonliterature_FDR05
COMPARTMENTS,GOCC:0005576,9,1287,10029,"['Agt', 'Il19', 'Angpt4', 'I79_009930', 'Lum', 'Spn', 'Ereg', 'I79_024637', 'I79_025221']","['Agt', 'Il19', 'Angpt4', 'I79_009930', 'Lum', 'Spn', 'Ereg', 'I79_024637', 'I79_025221']",3.65e-06,0.0071,Extracellular region,0,True,True
COMPARTMENTS,GOCC:0005581,3,26,10029,"['I79_009930', 'Lum', 'I79_024637']","['I79_009930', 'Lum', 'I79_024637']",3.63e-06,0.0071,Collagen trimer,0,True,True
COMPARTMENTS,GOCC:0062023,4,211,10029,"['I79_009930', 'Lum', 'Spn', 'I79_024637']","['I79_009930', 'Lum', 'Spn', 'I79_024637']",6.95e-05,0.0454,Collagen-containing extracellular matrix,0,True,True
COMPARTMENTS,GOCC:0005583,2,12,10029,"['Lum', 'I79_024637']","['Lum', 'I79_024637']",9.49e-05,0.0465,Fibrillar collagen trimer,0,True,True
Process,GO:0051241,10,989,10029,"['Tp63', 'Agt', 'Tnfsf4', 'Il19', 'I79_004757', 'Prnp', 'Angpt4', 'Evl', 'I79_011789', 'Gpnmb']","['Tp63', 'Agt', 'Tnfsf4', 'Il19', 'I79_004757', 'Prnp', 'Angpt4', 'Evl', 'I79_011789', 'Gpnmb']",2.87e-08,0.00036,Negative regulation of multicellular organismal process,0,True,True
Process,GO:0051239,14,2847,10029,"['Tp63', 'Agt', 'Tnfsf4', 'Il19', 'I79_004757', 'Prnp', 'Angpt4', 'Evl', 'Lum', 'I79_011789', 'Gpnmb', 'Fabp4', 'Ereg', 'Pdpn']","['Tp63', 'Agt', 'Tnfsf4', 'Il19', 'I79_004757', 'Prnp', 'Angpt4', 'Evl', 'Lum', 'I79_011789', 'Gpnmb', 'Fabp4', 'Ereg', 'Pdpn']",1.48e-07,0.00093,Regulation of multicellular organismal process,0,True,True
Process,GO:0048523,17,4752,10029,"['Tp63', 'Agt', 'Tnfsf4', 'Il19', 'I79_004757', 'Prnp', 'Angpt4', 'Gem', 'Evl', 'I79_011789', 'Prrx1', 'Gpnmb', 'I79_015119', 'Fabp4', 'Ereg', 'Pdpn', 'I79_024637']","['Tp63', 'Agt', 'Tnfsf4', 'Il19', 'I79_004757', 'Prnp', 'Angpt4', 'Gem', 'Evl', 'I79_011789', 'Prrx1', 'Gpnmb', 'I79_015119', 'Fabp4', 'Ereg', 'Pdpn', 'I79_024637']",2.53e-07,0.0011,Negative regulation of cellular process,0,True,True
Process,GO:0061098,4,52,10029,"['Agt', 'Prnp', 'Angpt4', 'Ereg']","['Agt', 'Prnp', 'Angpt4', 'Ereg']",3.3e-07,0.0011,Positive regulation of protein tyrosine kinase activity,0,True,True
Process,GO:0050866,5,189,10029,"['Tnfsf4', 'I79_004757', 'Prnp', 'I79_011789', 'Gpnmb']","['Tnfsf4', 'I79_004757', 'Prnp', 'I79_011789', 'Gpnmb']",1.56e-06,0.0035,Negative regulation of cell activation,0,True,True
Process,GO:0030728,3,23,10029,"['Agt', 'Ereg', 'I79_025221']","['Agt', 'Ereg', 'I79_025221']",2.59e-06,0.0038,Ovulation,0,True,True
Process,GO:0048518,18,6368,10029,"['Tp63', 'Agt', 'Pirt', 'Tnfsf4', 'Il19', 'I79_004757', 'Prnp', 'Angpt4', 'Adam19', 'Evl', 'Lum', 'I79_011789', 'Prrx1', 'Gpnmb', 'I79_015119', 'Fabp4', 'Ereg', 'Pdpn']","['Tp63', 'Agt', 'Pirt', 'Tnfsf4', 'Il19', 'I79_004757', 'Prnp', 'Angpt4', 'Adam19', 'Evl', 'Lum', 'I79_011789', 'Prrx1', 'Gpnmb', 'I79_015119', 'Fabp4', 'Ereg', 'Pdpn']",2.99e-06,0.0038,Positive regulation of biological process,0,True,True
Process,GO:0050794,23,11253,10029,"['Tp63', 'Agt', 'Pirt', 'Tnfsf4', 'Il19', 'I79_004757', 'Prnp', 'Angpt4', 'Adam19', 'Gem', 'Evl', 'Lum', 'I79_011789', 'Prrx1', 'Gpnmb', 'I79_015119', 'I79_017944', 'Fabp4', 'Spn', 'Ereg', 'Pdpn', 'I79_024637', 'I79_025221']","['Tp63', 'Agt', 'Pirt', 'Tnfsf4', 'Il19', 'I79_004757', 'Prnp', 'Angpt4', 'Adam19', 'Gem', 'Evl', 'Lum', 'I79_011789', 'Prrx1', 'Gpnmb', 'I79_015119', 'I79_017944', 'Fabp4', 'Spn', 'Ereg', 'Pdpn', 'I79_024637', 'I79_025221']",2.8e-06,0.0038,Regulation of cellular process,0,True,True
Process,GO:0050865,7,599,10029,"['Tnfsf4', 'I79_004757', 'Prnp', 'I79_011789', 'Gpnmb', 'Spn', 'Pdpn']","['Tnfsf4', 'I79_004757', 'Prnp', 'I79_011789', 'Gpnmb', 'Spn', 'Pdpn']",2.1e-06,0.0038,Regulation of cell activation,0,True,True
Process,GO:0051240,10,1593,10029,"['Tp63', 'Agt', 'Tnfsf4', 'I79_004757', 'Angpt4', 'Lum', 'I79_011789', 'Fabp4', 'Ereg', 'Pdpn']","['Tp63', 'Agt', 'Tnfsf4', 'I79_004757', 'Angpt4', 'Lum', 'I79_011789', 'Fabp4', 'Ereg', 'Pdpn']",2.3e-06,0.0038,Positive regulation of multicellular organismal process,0,True,True
Process,GO:0072359,8,973,10029,"['Agt', 'Angpt4', 'Adam19', 'I79_011789', 'Prrx1', 'Ereg', 'Pdpn', 'I79_024637']","['Agt', 'Angpt4', 'Adam19', 'I79_011789', 'Prrx1', 'Ereg', 'Pdpn', 'I79_024637']",4.54e-06,0.0044,Circulatory system development,0,True,True
Process,GO:0008283,7,708,10029,"['Tp63', 'Agt', 'Tnfsf4', 'I79_011789', 'Prrx1', 'Ereg', 'Pdpn']","['Tp63', 'Agt', 'Tnfsf4', 'I79_011789', 'Prrx1', 'Ereg', 'Pdpn']",6.26e-06,0.0056,Cell population proliferation,0,True,True
Process,GO:0022407,6,452,10029,"['Tnfsf4', 'I79_004757', 'Prnp', 'Adam19', 'Gpnmb', 'Pdpn']","['Tnfsf4', 'I79_004757', 'Prnp', 'Adam19', 'Gpnmb', 'Pdpn']",6.23e-06,0.0056,Regulation of cell-cell adhesion,0,True,True
Process,GO:0009893,14,3939,10029,"['Tp63', 'Agt', 'Tnfsf4', 'I79_004757', 'Prnp', 'Angpt4', 'Adam19', 'Lum', 'I79_011789', 'Prrx1', 'Gpnmb', 'I79_015119', 'Fabp4', 'Ereg']","['Tp63', 'Agt', 'Tnfsf4', 'I79_004757', 'Prnp', 'Angpt4', 'Adam19', 'Lum', 'I79_011789', 'Prrx1', 'Gpnmb', 'I79_015119', 'Fabp4', 'Ereg']",8.04e-06,0.0064,Positive regulation of metabolic process,0,True,True
Process,GO:0035239,7,736,10029,"['Tp63', 'Agt', 'Angpt4', 'I79_011789', 'Prrx1', 'Ereg', 'Pdpn']","['Tp63', 'Agt', 'Angpt4', 'I79_011789', 'Prrx1', 'Ereg', 'Pdpn']",8.04e-06,0.0064,Tube morphogenesis,0,True,True
Process,GO:0046660,4,128,10029,"['Tp63', 'Agt', 'Ereg', 'I79_025221']","['Tp63', 'Agt', 'Ereg', 'I79_025221']",1.03e-05,0.0068,Female sex differentiation,0,True,True
Process,GO:0001944,6,547,10029,"['Agt', 'Angpt4', 'Prrx1', 'Ereg', 'Pdpn', 'I79_024637']","['Agt', 'Angpt4', 'Prrx1', 'Ereg', 'Pdpn', 'I79_024637']",1.82e-05,0.0108,Vasculature development,0,True,True
Process,GO:0010604,13,3592,10029,"['Tp63', 'Agt', 'Tnfsf4', 'I79_004757', 'Prnp', 'Angpt4', 'Adam19', 'Lum', 'I79_011789', 'Prrx1', 'Gpnmb', 'I79_015119', 'Ereg']","['Tp63', 'Agt', 'Tnfsf4', 'I79_004757', 'Prnp', 'Angpt4', 'Adam19', 'Lum', 'I79_011789', 'Prrx1', 'Gpnmb', 'I79_015119', 'Ereg']",1.77e-05,0.0108,Positive regulation of macromolecule metabolic process,0,True,True
Process,GO:0022602,3,47,10029,"['Agt', 'Ereg', 'I79_025221']","['Agt', 'Ereg', 'I79_025221']",1.92e-05,0.0108,Ovulation cycle process,0,True,True
Process,GO:0051250,4,146,10029,"['Tnfsf4', 'Prnp', 'I79_011789', 'Gpnmb']","['Tnfsf4', 'Prnp', 'I79_011789', 'Gpnmb']",1.7e-05,0.0108,Negative regulation of lymphocyte activation,0,True,True
Process,GO:2000858,2,5,10029,"['Agt', 'I79_004757']","['Agt', 'I79_004757']",2.2e-05,0.0116,Regulation of aldosterone secretion,0,True,True
Process,GO:0010628,8,1226,10029,"['Agt', 'Tnfsf4', 'I79_004757', 'Adam19', 'Lum', 'I79_011789', 'I79_015119', 'Ereg']","['Agt', 'Tnfsf4', 'I79_004757', 'Adam19', 'Lum', 'I79_011789', 'I79_015119', 'Ereg']",2.43e-05,0.0118,Positive regulation of gene expression,0,True,True
Process,GO:0048522,16,5758,10029,"['Tp63', 'Agt', 'Pirt', 'Tnfsf4', 'Il19', 'I79_004757', 'Prnp', 'Angpt4', 'Adam19', 'Evl', 'Lum', 'I79_011789', 'Prrx1', 'Gpnmb', 'Ereg', 'Pdpn']","['Tp63', 'Agt', 'Pirt', 'Tnfsf4', 'Il19', 'I79_004757', 'Prnp', 'Angpt4', 'Adam19', 'Evl', 'Lum', 'I79_011789', 'Prrx1', 'Gpnmb', 'Ereg', 'Pdpn']",2.7e-05,0.0127,Positive regulation of cellular process,0,True,True
Process,GO:0051716,17,6532,10029,"['Tp63', 'Agt', 'Pirt', 'Tnfsf4', 'Il19', 'Prnp', 'Angpt4', 'Evl', 'I79_011789', 'Prrx1', 'Gpnmb', 'I79_017944', 'Fabp4', 'Spn', 'Ereg', 'Pdpn', 'I79_025221']","['Tp63', 'Agt', 'Pirt', 'Tnfsf4', 'Il19', 'Prnp', 'Angpt4', 'Evl', 'I79_011789', 'Prrx1', 'Gpnmb', 'I79_017944', 'Fabp4', 'Spn', 'Ereg', 'Pdpn', 'I79_025221']",2.73e-05,0.0127,Cellular response to stimulus,0,True,True
Process,GO:0042127,9,1686,10029,"['Tp63', 'Agt', 'Tnfsf4', 'Prnp', 'I79_011789', 'Prrx1', 'Gpnmb', 'Ereg', 'Pdpn']","['Tp63', 'Agt', 'Tnfsf4', 'Prnp', 'I79_011789', 'Prrx1', 'Gpnmb', 'Ereg', 'Pdpn']",3.2e-05,0.0131,Regulation of cell population proliferation,0,True,True
Process,GO:0022408,4,181,10029,"['Tnfsf4', 'I79_004757', 'Prnp', 'Gpnmb']","['Tnfsf4', 'I79_004757', 'Prnp', 'Gpnmb']",3.87e-05,0.015,Negative regulation of cell-cell adhesion,0,True,True
Process,GO:0032147,4,181,10029,"['Agt', 'Prnp', 'Angpt4', 'Ereg']","['Agt', 'Prnp', 'Angpt4', 'Ereg']",3.87e-05,0.015,Activation of protein kinase activity,0,True,True
Process,GO:0032501,17,6725,10029,"['Tp63', 'Agt', 'Pirt', 'Prnp', 'Angpt4', 'Adam19', 'I79_009930', 'Evl', 'Lum', 'I79_011789', 'Prrx1', 'Gpnmb', 'I79_015119', 'Ereg', 'Pdpn', 'I79_024637', 'I79_025221']","['Tp63', 'Agt', 'Pirt', 'Prnp', 'Angpt4', 'Adam19', 'I79_009930', 'Evl', 'Lum', 'I79_011789', 'Prrx1', 'Gpnmb', 'I79_015119', 'Ereg', 'Pdpn', 'I79_024637', 'I79_025221']",4.13e-05,0.015,Multicellular organismal process,0,True,True
Process,GO:0051093,7,953,10029,"['Tp63', 'Agt', 'Tnfsf4', 'Angpt4', 'I79_011789', 'Ereg', 'I79_024637']","['Tp63', 'Agt', 'Tnfsf4', 'Angpt4', 'I79_011789', 'Ereg', 'I79_024637']",4.2e-05,0.015,Negative regulation of developmental process,0,True,True
Process,GO:0007165,14,4601,10029,"['Tp63', 'Agt', 'Pirt', 'Tnfsf4', 'Il19', 'Prnp', 'Angpt4', 'Prrx1', 'Gpnmb', 'I79_017944', 'Spn', 'Ereg', 'Pdpn', 'I79_025221']","['Tp63', 'Agt', 'Pirt', 'Tnfsf4', 'Il19', 'Prnp', 'Angpt4', 'Prrx1', 'Gpnmb', 'I79_017944', 'Spn', 'Ereg', 'Pdpn', 'I79_025221']",5.03e-05,0.0172,Signal transduction,0,True,True
Process,GO:0009653,10,2377,10029,"['Tp63', 'Agt', 'Angpt4', 'I79_009930', 'Evl', 'I79_011789', 'Prrx1', 'Ereg', 'Pdpn', 'I79_024637']","['Tp63', 'Agt', 'Angpt4', 'I79_009930', 'Evl', 'I79_011789', 'Prrx1', 'Ereg', 'Pdpn', 'I79_024637']",7.73e-05,0.0244,Anatomical structure morphogenesis,0,True,True
Process,GO:0001817,6,717,10029,"['Agt', 'Tnfsf4', 'Prnp', 'Lum', 'Gpnmb', 'Ereg']","['Agt', 'Tnfsf4', 'Prnp', 'Lum', 'Gpnmb', 'Ereg']",8.13e-05,0.0251,Regulation of cytokine production,0,True,True
Process,GO:0051249,5,438,10029,"['Tnfsf4', 'Prnp', 'I79_011789', 'Gpnmb', 'Spn']","['Tnfsf4', 'Prnp', 'I79_011789', 'Gpnmb', 'Spn']",8.37e-05,0.0252,Regulation of lymphocyte activation,0,True,True
Process,GO:0032502,15,5590,10029,"['Tp63', 'Agt', 'Angpt4', 'Adam19', 'I79_009930', 'Evl', 'I79_011789', 'Prrx1', 'Gpnmb', 'I79_015119', 'Fabp4', 'Ereg', 'Pdpn', 'I79_024637', 'I79_025221']","['Tp63', 'Agt', 'Angpt4', 'Adam19', 'I79_009930', 'Evl', 'I79_011789', 'Prrx1', 'Gpnmb', 'I79_015119', 'Fabp4', 'Ereg', 'Pdpn', 'I79_024637', 'I79_025221']",9.81e-05,0.0289,Developmental process,0,True,True
Process,GO:0050896,18,8055,10029,"['Tp63', 'Agt', 'Pirt', 'Tnfsf4', 'Il19', 'Prnp', 'Angpt4', 'Evl', 'I79_011789', 'Prrx1', 'Gpnmb', 'I79_017944', 'Fabp4', 'Spn', 'Ereg', 'Pdpn', 'I79_024637', 'I79_025221']","['Tp63', 'Agt', 'Pirt', 'Tnfsf4', 'Il19', 'Prnp', 'Angpt4', 'Evl', 'I79_011789', 'Prrx1', 'Gpnmb', 'I79_017944', 'Fabp4', 'Spn', 'Ereg', 'Pdpn', 'I79_024637', 'I79_025221']",0.00011,0.0306,Response to stimulus,0,True,True
Process,GO:0001542,2,13,10029,"['Agt', 'I79_025221']","['Agt', 'I79_025221']",0.00011,0.0308,Ovulation from ovarian follicle,0,True,True
Process,GO:0048608,5,465,10029,"['Tp63', 'Agt', 'Adam19', 'Ereg', 'I79_025221']","['Tp63', 'Agt', 'Adam19', 'Ereg', 'I79_025221']",0.00011,0.0308,Reproductive structure development,0,True,True
Process,GO:0071241,4,243,10029,"['Tnfsf4', 'Prnp', 'I79_011789', 'Fabp4']","['Tnfsf4', 'Prnp', 'I79_011789', 'Fabp4']",0.00012,0.0308,Cellular response to inorganic substance,0,True,True
Process,GO:0007275,13,4353,10029,"['Tp63', 'Agt', 'Angpt4', 'Adam19', 'I79_009930', 'Evl', 'I79_011789', 'Prrx1', 'I79_015119', 'Ereg', 'Pdpn', 'I79_024637', 'I79_025221']","['Tp63', 'Agt', 'Angpt4', 'Adam19', 'I79_009930', 'Evl', 'I79_011789', 'Prrx1', 'I79_015119', 'Ereg', 'Pdpn', 'I79_024637', 'I79_025221']",0.00014,0.0344,Multicellular organism development,0,True,True
Process,GO:0032700,2,16,10029,"['Tnfsf4', 'Prnp']","['Tnfsf4', 'Prnp']",0.00016,0.0373,Negative regulation of interleukin-17 production,0,True,True
Process,GO:0001568,5,515,10029,"['Agt', 'Angpt4', 'Prrx1', 'Ereg', 'I79_024637']","['Agt', 'Angpt4', 'Prrx1', 'Ereg', 'I79_024637']",0.00018,0.0392,Blood vessel development,0,True,True
Process,GO:0006950,11,3187,10029,"['Tp63', 'Agt', 'Pirt', 'Tnfsf4', 'Prnp', 'Angpt4', 'Evl', 'I79_011789', 'Spn', 'Pdpn', 'I79_024637']","['Tp63', 'Agt', 'Pirt', 'Tnfsf4', 'Prnp', 'Angpt4', 'Evl', 'I79_011789', 'Spn', 'Pdpn', 'I79_024637']",0.00018,0.0392,Response to stress,0,True,True
Process,GO:0048856,14,5157,10029,"['Tp63', 'Agt', 'Angpt4', 'Adam19', 'I79_009930', 'Evl', 'I79_011789', 'Prrx1', 'Gpnmb', 'I79_015119', 'Ereg', 'Pdpn', 'I79_024637', 'I79_025221']","['Tp63', 'Agt', 'Angpt4', 'Adam19', 'I79_009930', 'Evl', 'I79_011789', 'Prrx1', 'Gpnmb', 'I79_015119', 'Ereg', 'Pdpn', 'I79_024637', 'I79_025221']",0.00019,0.0397,Anatomical structure development,0,True,True
Process,GO:0048584,9,2127,10029,"['Tp63', 'Agt', 'Tnfsf4', 'Il19', 'I79_004757', 'Prrx1', 'Gpnmb', 'Fabp4', 'Ereg']","['Tp63', 'Agt', 'Tnfsf4', 'Il19', 'I79_004757', 'Prrx1', 'Gpnmb', 'Fabp4', 'Ereg']",0.00019,0.0409,Positive regulation of response to stimulus,0,True,True
Process,GO:0071285,2,18,10029,"['I79_011789', 'Fabp4']","['I79_011789', 'Fabp4']",0.0002,0.0409,Cellular response to lithium ion,0,True,True
Process,GO:0008585,3,108,10029,"['Agt', 'Ereg', 'I79_025221']","['Agt', 'Ereg', 'I79_025221']",0.00021,0.0425,Female gonad development,0,True,True
Process,GO:0010605,10,2682,10029,"['Tp63', 'Agt', 'Tnfsf4', 'Prnp', 'I79_011789', 'Prrx1', 'Gpnmb', 'I79_015119', 'Fabp4', 'Ereg']","['Tp63', 'Agt', 'Tnfsf4', 'Prnp', 'I79_011789', 'Prrx1', 'Gpnmb', 'I79_015119', 'Fabp4', 'Ereg']",0.00021,0.0425,Negative regulation of macromolecule metabolic process,0,True,True
Process,GO:0048511,4,288,10029,"['Agt', 'I79_011789', 'Ereg', 'I79_025221']","['Agt', 'I79_011789', 'Ereg', 'I79_025221']",0.00023,0.0439,Rhythmic process,0,True,True
Process,GO:0048661,3,113,10029,"['Agt', 'I79_011789', 'Ereg']","['Agt', 'I79_011789', 'Ereg']",0.00024,0.0448,Positive regulation of smooth muscle cell proliferation,0,True,True
Process,GO:0048731,12,3916,10029,"['Tp63', 'Agt', 'Angpt4', 'Adam19', 'Evl', 'I79_011789', 'Prrx1', 'I79_015119', 'Ereg', 'Pdpn', 'I79_024637', 'I79_025221']","['Tp63', 'Agt', 'Angpt4', 'Adam19', 'Evl', 'I79_011789', 'Prrx1', 'I79_015119', 'Ereg', 'Pdpn', 'I79_024637', 'I79_025221']",0.00024,0.0448,System development,0,True,True
Process,GO:0050868,3,114,10029,"['Tnfsf4', 'Prnp', 'Gpnmb']","['Tnfsf4', 'Prnp', 'Gpnmb']",0.00024,0.0448,Negative regulation of T cell activation,0,True,True
Process,GO:0031324,9,2234,10029,"['Tp63', 'Agt', 'Tnfsf4', 'Prnp', 'I79_011789', 'Prrx1', 'I79_015119', 'Fabp4', 'Ereg']","['Tp63', 'Agt', 'Tnfsf4', 'Prnp', 'I79_011789', 'Prrx1', 'I79_015119', 'Fabp4', 'Ereg']",0.00028,0.0495,Negative regulation of cellular metabolic process,0,True,True
Component,GO:0005615,10,1322,10029,"['Agt', 'Tnfsf4', 'Il19', 'I79_004757', 'Angpt4', 'I79_009930', 'Lum', 'Ereg', 'I79_024637', 'I79_025221']","['Agt', 'Tnfsf4', 'Il19', 'I79_004757', 'Angpt4', 'I79_009930', 'Lum', 'Ereg', 'I79_024637', 'I79_025221']",4.23e-07,0.00072,Extracellular space,0,True,True
Component,GO:0005581,3,56,10029,"['I79_009930', 'Lum', 'I79_024637']","['I79_009930', 'Lum', 'I79_024637']",3.16e-05,0.018,Collagen trimer,0,True,True
Component,GO:0005583,2,12,10029,"['Lum', 'I79_024637']","['Lum', 'I79_024637']",9.49e-05,0.0406,Fibrillar collagen trimer,0,True,True
Function,GO:0030546,6,378,10029,"['Agt', 'Tnfsf4', 'Il19', 'Angpt4', 'Gpnmb', 'Ereg']","['Agt', 'Tnfsf4', 'Il19', 'Angpt4', 'Gpnmb', 'Ereg']",2.26e-06,0.0075,Signaling receptor activator activity,0,True,True
Function,GO:0005102,9,1451,10029,"['Agt', 'Tnfsf4', 'Il19', 'Prnp', 'Angpt4', 'Gpnmb', 'Fabp4', 'Ereg', 'Pdpn']","['Agt', 'Tnfsf4', 'Il19', 'Prnp', 'Angpt4', 'Gpnmb', 'Fabp4', 'Ereg', 'Pdpn']",9.66e-06,0.0106,Signaling receptor binding,0,True,True
Function,GO:0048018,5,366,10029,"['Agt', 'Tnfsf4', 'Il19', 'Gpnmb', 'Ereg']","['Agt', 'Tnfsf4', 'Il19', 'Gpnmb', 'Ereg']",3.61e-05,0.0297,Receptor ligand activity,0,True,True
Function,GO:0098772,9,1757,10029,"['Agt', 'Tnfsf4', 'Il19', 'Prnp', 'Angpt4', 'Gem', 'I79_011789', 'Gpnmb', 'Ereg']","['Agt', 'Tnfsf4', 'Il19', 'Prnp', 'Angpt4', 'Gem', 'I79_011789', 'Gpnmb', 'Ereg']",4.43e-05,0.0297,Molecular function regulator activity,0,True,True
Function,GO:0005515,18,7697,10029,"['Tp63', 'Agt', 'Pirt', 'Tnfsf4', 'Il19', 'I79_004757', 'Prnp', 'Angpt4', 'Adam19', 'Evl', 'I79_011789', 'Prrx1', 'Gpnmb', 'Fabp4', 'Spn', 'Ereg', 'Pdpn', 'I79_024637']","['Tp63', 'Agt', 'Pirt', 'Tnfsf4', 'Il19', 'I79_004757', 'Prnp', 'Angpt4', 'Adam19', 'Evl', 'I79_011789', 'Prrx1', 'Gpnmb', 'Fabp4', 'Spn', 'Ereg', 'Pdpn', 'I79_024637']",5.43e-05,0.0298,Protein binding,0,True,True
Function,GO:0030297,2,11,10029,"['Angpt4', 'Ereg']","['Angpt4', 'Ereg']",8.14e-05,0.0383,Transmembrane receptor protein tyrosine kinase activator activity,0,True,True
TISSUES,BTO:0000379,8,1052,10029,"['Angpt4', 'Adam19', 'I79_009930', 'Prrx1', 'I79_015119', 'I79_017944', 'I79_024637', 'I79_025221']","['Angpt4', 'Adam19', 'I79_009930', 'Prrx1', 'I79_015119', 'I79_017944', 'I79_024637', 'I79_025221']",8.03e-06,0.0164,Embryo,0,True,True
TISSUES,BTO:0000416,5,358,10029,"['Tp63', 'Agt', 'Gpnmb', 'I79_017944', 'Pdpn']","['Tp63', 'Agt', 'Gpnmb', 'I79_017944', 'Pdpn']",3.25e-05,0.0332,Epithelium,0,True,True
TISSUES,BTO:0001685,2,8,10029,"['Agt', 'Ereg']","['Agt', 'Ereg']",4.7e-05,0.0332,Aortic smooth muscle,0,True,True
Keyword,KW-0176,3,61,10029,"['I79_004757', 'I79_009930', 'I79_024637']","['I79_004757', 'I79_009930', 'I79_024637']",4.04e-05,0.0139,Collagen,0,True,True
Keyword,KW-0732,9,1761,10029,"['Agt', 'Il19', 'I79_004757', 'Prnp', 'Angpt4', 'Lum', 'Gpnmb', 'Spn', 'Ereg']","['Agt', 'Il19', 'I79_004757', 'Prnp', 'Angpt4', 'Lum', 'Gpnmb', 'Spn', 'Ereg']",4.51e-05,0.0139,Signal,0,True,True
Component,GO:0044391,7,515,10029,"['I79_003466', 'I79_007395', 'I79_010198', 'Rpl28', 'Rps9', 'Rplp2', 'Rplp1']","['I79_003466', 'I79_007395', 'I79_010198', 'Rpl28', 'Rps9', 'Rplp2', 'Rplp1']",1.59e-05,0.0273,Ribosomal subunit,1,True,True
Component,GO:0005747,3,50,10029,"['Ndufa11', 'Ndufb7', 'Ndufs7']","['Ndufa11', 'Ndufb7', 'Ndufs7']",8.21e-05,0.0278,Mitochondrial respiratory chain complex I,1,True,True
Component,GO:0022626,6,425,10029,"['I79_007395', 'I79_010198', 'Rpl28', 'Rps9', 'Rplp2', 'Rplp1']","['I79_007395', 'I79_010198', 'Rpl28', 'Rps9', 'Rplp2', 'Rplp1']",5.61e-05,0.0278,Cytosolic ribosome,1,True,True
Component,GO:0098798,5,272,10029,"['Ndufa11', 'Ndufb7', 'Ndufs7', 'I79_009278', 'Bckdha']","['Ndufa11', 'Ndufb7', 'Ndufs7', 'I79_009278', 'Bckdha']",7.39e-05,0.0278,Mitochondrial protein-containing complex,1,True,True
Component,GO:0110165,38,18916,10029,"['I79_000461', 'Emilin1', 'Ubtd1', 'I79_003466', 'Siva1', 'Fkbp8', 'Isyna1', 'Ccdc124', 'Raver1', 'Sf3b5', 'I79_007264', 'I79_007395', 'Ndufa11', 'I79_008209', 'Ndufb7', 'Cdc34', 'Rnf126', 'Ndufs7', 'I79_009243', 'Abhd17a', 'I79_009278', 'I79_010198', 'Mt1', 'DOHH', 'Fzr1', 'Tspo', 'Mif', 'Rpl28', 'Aldh16a1', 'Ccdc85b', 'Rps9', 'Rplp2', 'Lrfn4', 'Chpf', 'Bckdha', 'Rplp1', 'Tmem132a', 'Elob']","['I79_000461', 'Emilin1', 'Ubtd1', 'I79_003466', 'Siva1', 'Fkbp8', 'Isyna1', 'Ccdc124', 'Raver1', 'Sf3b5', 'I79_007264', 'I79_007395', 'Ndufa11', 'I79_008209', 'Ndufb7', 'Cdc34', 'Rnf126', 'Ndufs7', 'I79_009243', 'Abhd17a', 'I79_009278', 'I79_010198', 'Mt1', 'DOHH', 'Fzr1', 'Tspo', 'Mif', 'Rpl28', 'Aldh16a1', 'Ccdc85b', 'Rps9', 'Rplp2', 'Lrfn4', 'Chpf', 'Bckdha', 'Rplp1', 'Tmem132a', 'Elob']",0.00015,0.0278,Cellular anatomical entity,1,True,True
Component,GO:1990204,4,123,10029,"['Ndufa11', 'Ndufb7', 'Ndufs7', 'Bckdha']","['Ndufa11', 'Ndufb7', 'Ndufs7', 'Bckdha']",4.87e-05,0.0278,Oxidoreductase complex,1,True,True
Component,GO:0043226,32,13226,10029,"['I79_000461', 'I79_003466', 'Siva1', 'Fkbp8', 'Ccdc124', 'Raver1', 'Sf3b5', 'I79_007264', 'I79_007395', 'Ndufa11', 'I79_008209', 'Ndufb7', 'Cdc34', 'Rnf126', 'Ndufs7', 'I79_009243', 'Abhd17a', 'I79_009278', 'I79_010198', 'Mt1', 'Fzr1', 'Tspo', 'Rpl28', 'Ccdc85b', 'Rps9', 'Rplp2', 'Lrfn4', 'Chpf', 'Bckdha', 'Rplp1', 'Tmem132a', 'Elob']","['I79_000461', 'I79_003466', 'Siva1', 'Fkbp8', 'Ccdc124', 'Raver1', 'Sf3b5', 'I79_007264', 'I79_007395', 'Ndufa11', 'I79_008209', 'Ndufb7', 'Cdc34', 'Rnf126', 'Ndufs7', 'I79_009243', 'Abhd17a', 'I79_009278', 'I79_010198', 'Mt1', 'Fzr1', 'Tspo', 'Rpl28', 'Ccdc85b', 'Rps9', 'Rplp2', 'Lrfn4', 'Chpf', 'Bckdha', 'Rplp1', 'Tmem132a', 'Elob']",0.00017,0.0297,Organelle,1,True,True
Component,GO:0043229,31,12803,10029,"['I79_000461', 'I79_003466', 'Siva1', 'Fkbp8', 'Ccdc124', 'Raver1', 'Sf3b5', 'I79_007264', 'I79_007395', 'Ndufa11', 'I79_008209', 'Ndufb7', 'Cdc34', 'Rnf126', 'Ndufs7', 'I79_009243', 'Abhd17a', 'I79_009278', 'I79_010198', 'Mt1', 'Fzr1', 'Tspo', 'Rpl28', 'Ccdc85b', 'Rps9', 'Rplp2', 'Chpf', 'Bckdha', 'Rplp1', 'Tmem132a', 'Elob']","['I79_000461', 'I79_003466', 'Siva1', 'Fkbp8', 'Ccdc124', 'Raver1', 'Sf3b5', 'I79_007264', 'I79_007395', 'Ndufa11', 'I79_008209', 'Ndufb7', 'Cdc34', 'Rnf126', 'Ndufs7', 'I79_009243', 'Abhd17a', 'I79_009278', 'I79_010198', 'Mt1', 'Fzr1', 'Tspo', 'Rpl28', 'Ccdc85b', 'Rps9', 'Rplp2', 'Chpf', 'Bckdha', 'Rplp1', 'Tmem132a', 'Elob']",0.00032,0.0416,Intracellular organelle,1,True,True
Component,GO:0031966,6,606,10029,"['Fkbp8', 'Ndufa11', 'Ndufb7', 'Ndufs7', 'I79_009278', 'Tspo']","['Fkbp8', 'Ndufa11', 'Ndufb7', 'Ndufs7', 'I79_009278', 'Tspo']",0.00038,0.0422,Mitochondrial membrane,1,True,True
Component,GO:1990904,8,1139,10029,"['I79_003466', 'Sf3b5', 'I79_007395', 'I79_010198', 'Rpl28', 'Rps9', 'Rplp2', 'Rplp1']","['I79_003466', 'Sf3b5', 'I79_007395', 'I79_010198', 'Rpl28', 'Rps9', 'Rplp2', 'Rplp1']",0.00037,0.0422,Ribonucleoprotein complex,1,True,True
Keyword,KW-0687,8,619,10029,"['I79_003466', 'Raver1', 'I79_007395', 'I79_010198', 'Rpl28', 'Rps9', 'Rplp2', 'Rplp1']","['I79_003466', 'Raver1', 'I79_007395', 'I79_010198', 'Rpl28', 'Rps9', 'Rplp2', 'Rplp1']",5.22e-06,0.0018,Ribonucleoprotein,1,True,True
Keyword,KW-0689,7,524,10029,"['I79_003466', 'I79_007395', 'I79_010198', 'Rpl28', 'Rps9', 'Rplp2', 'Rplp1']","['I79_003466', 'I79_007395', 'I79_010198', 'Rpl28', 'Rps9', 'Rplp2', 'Rplp1']",1.78e-05,0.003,Ribosomal protein,1,True,True
Keyword,KW-0560,5,274,10029,"['I79_008209', 'Ndufb7', 'Ndufs7', 'DOHH', 'Bckdha']","['I79_008209', 'Ndufb7', 'Ndufs7', 'DOHH', 'Bckdha']",7.64e-05,0.0087,Oxidoreductase,1,True,True
Keyword,KW-0830,3,54,10029,"['Ndufa11', 'Ndufb7', 'Ndufs7']","['Ndufa11', 'Ndufb7', 'Ndufs7']",0.0001,0.0088,Ubiquinone,1,True,True
KEGG,cge03010,5,184,10029,"['I79_003466', 'Rpl28', 'Rps9', 'Rplp2', 'Rplp1']","['I79_003466', 'Rpl28', 'Rps9', 'Rplp2', 'Rplp1']",1.19e-05,0.0039,Ribosome,1,True,True
RCTM,MAP-156827,7,503,10029,"['I79_003466', 'I79_007395', 'I79_010198', 'Rpl28', 'Rps9', 'Rplp2', 'Rplp1']","['I79_003466', 'I79_007395', 'I79_010198', 'Rpl28', 'Rps9', 'Rplp2', 'Rplp1']",1.37e-05,0.0158,L13a-mediated translational silencing of Ceruloplasmin expression,1,True,True
RCTM,MAP-1799339,7,476,10029,"['I79_003466', 'I79_007395', 'I79_010198', 'Rpl28', 'Rps9', 'Rplp2', 'Rplp1']","['I79_003466', 'I79_007395', 'I79_010198', 'Rpl28', 'Rps9', 'Rplp2', 'Rplp1']",9.64e-06,0.0158,SRP-dependent cotranslational protein targeting to membrane,1,True,True
RCTM,MAP-72613,7,512,10029,"['I79_003466', 'I79_007395', 'I79_010198', 'Rpl28', 'Rps9', 'Rplp2', 'Rplp1']","['I79_003466', 'I79_007395', 'I79_010198', 'Rpl28', 'Rps9', 'Rplp2', 'Rplp1']",1.53e-05,0.0158,Eukaryotic Translation Initiation,1,True,True
RCTM,MAP-72689,7,473,10029,"['I79_003466', 'I79_007395', 'I79_010198', 'Rpl28', 'Rps9', 'Rplp2', 'Rplp1']","['I79_003466', 'I79_007395', 'I79_010198', 'Rpl28', 'Rps9', 'Rplp2', 'Rplp1']",9.26e-06,0.0158,Formation of a pool of free 40S subunits,1,True,True
RCTM,MAP-72706,7,491,10029,"['I79_003466', 'I79_007395', 'I79_010198', 'Rpl28', 'Rps9', 'Rplp2', 'Rplp1']","['I79_003466', 'I79_007395', 'I79_010198', 'Rpl28', 'Rps9', 'Rplp2', 'Rplp1']",1.18e-05,0.0158,GTP hydrolysis and joining of the 60S ribosomal subunit,1,True,True
RCTM,MAP-72737,7,512,10029,"['I79_003466', 'I79_007395', 'I79_010198', 'Rpl28', 'Rps9', 'Rplp2', 'Rplp1']","['I79_003466', 'I79_007395', 'I79_010198', 'Rpl28', 'Rps9', 'Rplp2', 'Rplp1']",1.53e-05,0.0158,Cap-dependent Translation Initiation,1,True,True
RCTM,MAP-8953854,10,1376,10029,"['I79_003466', 'Raver1', 'Sf3b5', 'I79_007264', 'I79_007395', 'I79_010198', 'Rpl28', 'Rps9', 'Rplp2', 'Rplp1']","['I79_003466', 'Raver1', 'Sf3b5', 'I79_007264', 'I79_007395', 'I79_010198', 'Rpl28', 'Rps9', 'Rplp2', 'Rplp1']",4.4e-05,0.0158,Metabolism of RNA,1,True,True
RCTM,MAP-927802,7,509,10029,"['I79_003466', 'I79_007395', 'I79_010198', 'Rpl28', 'Rps9', 'Rplp2', 'Rplp1']","['I79_003466', 'I79_007395', 'I79_010198', 'Rpl28', 'Rps9', 'Rplp2', 'Rplp1']",1.48e-05,0.0158,Nonsense-Mediated Decay (NMD),1,True,True
RCTM,MAP-975956,7,478,10029,"['I79_003466', 'I79_007395', 'I79_010198', 'Rpl28', 'Rps9', 'Rplp2', 'Rplp1']","['I79_003466', 'I79_007395', 'I79_010198', 'Rpl28', 'Rps9', 'Rplp2', 'Rplp1']",9.9e-06,0.0158,Nonsense Mediated Decay (NMD) independent of the Exon Junction Complex (EJC),1,True,True
RCTM,MAP-975957,7,509,10029,"['I79_003466', 'I79_007395', 'I79_010198', 'Rpl28', 'Rps9', 'Rplp2', 'Rplp1']","['I79_003466', 'I79_007395', 'I79_010198', 'Rpl28', 'Rps9', 'Rplp2', 'Rplp1']",1.48e-05,0.0158,Nonsense Mediated Decay (NMD) enhanced by the Exon Junction Complex (EJC),1,True,True
RCTM,MAP-6799198,3,60,10029,"['Ndufa11', 'Ndufb7', 'Ndufs7']","['Ndufa11', 'Ndufb7', 'Ndufs7']",0.00014,0.0199,Complex I biogenesis,1,True,True
RCTM,MAP-72766,7,719,10029,"['I79_003466', 'I79_007395', 'I79_010198', 'Rpl28', 'Rps9', 'Rplp2', 'Rplp1']","['I79_003466', 'I79_007395', 'I79_010198', 'Rpl28', 'Rps9', 'Rplp2', 'Rplp1']",0.00013,0.0199,Translation,1,True,True
RCTM,MAP-6791226,6,569,10029,"['I79_003466', 'I79_010198', 'Rpl28', 'Rps9', 'Rplp2', 'Rplp1']","['I79_003466', 'I79_010198', 'Rpl28', 'Rps9', 'Rplp2', 'Rplp1']",0.00027,0.0355,Major pathway of rRNA processing in the nucleolus and cytosol,1,True,True
RCTM,MAP-8868773,6,574,10029,"['I79_003466', 'I79_010198', 'Rpl28', 'Rps9', 'Rplp2', 'Rplp1']","['I79_003466', 'I79_010198', 'Rpl28', 'Rps9', 'Rplp2', 'Rplp1']",0.00028,0.0355,rRNA processing in the nucleus and cytosol,1,True,True
RCTM,MAP-72312,6,587,10029,"['I79_003466', 'I79_010198', 'Rpl28', 'Rps9', 'Rplp2', 'Rplp1']","['I79_003466', 'I79_010198', 'Rpl28', 'Rps9', 'Rplp2', 'Rplp1']",0.00032,0.0363,rRNA processing,1,True,True
NetworkNeighborAL,CL:12608,3,36,10029,"['Ndufa11', 'Ndufb7', 'Ndufs7']","['Ndufa11', 'Ndufb7', 'Ndufs7']",3.25e-05,0.0169,NADH dehydrogenase complex,1,True,True
NetworkNeighborAL,CL:405,5,146,10029,"['I79_003466', 'I79_007395', 'I79_010198', 'Rpl28', 'Rps9']","['I79_003466', 'I79_007395', 'I79_010198', 'Rpl28', 'Rps9']",3.99e-06,0.0169,"Formation of the ternary complex, and subsequently, the 43S complex, and Cytosolic large ribosomal subunit",1,True,True
NetworkNeighborAL,CL:430,4,99,10029,"['I79_003466', 'I79_007395', 'I79_010198', 'Rps9']","['I79_003466', 'I79_007395', 'I79_010198', 'Rps9']",2.14e-05,0.0169,"Cytosolic small ribosomal subunit, and Polysomal ribosome",1,True,True
NetworkNeighborAL,CL:915,2,5,10029,"['Rplp2', 'Rplp1']","['Rplp2', 'Rplp1']",5.14e-05,0.0169,Ribosomal protein L12/P1/P2 family,1,True,True
COMPARTMENTS,GOCC:0005764,10,359,10029,"['Cd68', 'I79_005484', 'Ctsa', 'Cln5', 'Grn', 'Sqstm1', 'Rnaset2', 'Fth1', 'Arsa', 'Dpp7']","['Cd68', 'I79_005484', 'Ctsa', 'Cln5', 'Grn', 'Sqstm1', 'Rnaset2', 'Fth1', 'Arsa', 'Dpp7']",3.24e-11,6.36e-08,Lysosome,2,True,True
COMPARTMENTS,GOCC:0005737,23,7387,10029,"['Cd68', 'I79_003588', 'Mfsd11', 'I79_005484', 'Ctsa', 'Neurl2', 'Cln5', 'Mt1', 'Grn', 'I79_011940', 'Clu', 'Sqstm1', 'Gpnmb', 'Mroh1', 'Gpd1', 'Rnaset2', 'Hmox1', 'Septin3', 'Fth1', 'Arsa', 'Uap1l1', 'I79_025230', 'Dpp7']","['Cd68', 'I79_003588', 'Mfsd11', 'I79_005484', 'Ctsa', 'Neurl2', 'Cln5', 'Mt1', 'Grn', 'I79_011940', 'Clu', 'Sqstm1', 'Gpnmb', 'Mroh1', 'Gpd1', 'Rnaset2', 'Hmox1', 'Septin3', 'Fth1', 'Arsa', 'Uap1l1', 'I79_025230', 'Dpp7']",2.34e-06,0.0011,Cytoplasm,2,True,True
COMPARTMENTS,GOCC:0044754,3,33,10029,"['I79_005484', 'Sqstm1', 'Fth1']","['I79_005484', 'Sqstm1', 'Fth1']",1.51e-05,0.0059,Autolysosome,2,True,True
Component,GO:0005764,11,491,10029,"['Cd68', 'I79_005484', 'Ctsa', 'Cln5', 'Grn', 'I79_011992', 'Sqstm1', 'Rnaset2', 'Fth1', 'Arsa', 'Dpp7']","['Cd68', 'I79_005484', 'Ctsa', 'Cln5', 'Grn', 'I79_011992', 'Sqstm1', 'Rnaset2', 'Fth1', 'Arsa', 'Dpp7']",2.72e-11,4.66e-08,Lysosome,2,True,True
Component,GO:0044754,3,23,10029,"['I79_005484', 'Sqstm1', 'Fth1']","['I79_005484', 'Sqstm1', 'Fth1']",5.55e-06,0.0024,Autolysosome,2,True,True
Component,GO:1990622,2,2,10029,"['Ddit3', 'Atf3']","['Ddit3', 'Atf3']",1.04e-05,0.003,CHOP-ATF3 complex,2,True,True
KEGG,cge04142,4,101,10029,"['Cd68', 'Ctsa', 'Cln5', 'Arsa']","['Cd68', 'Ctsa', 'Cln5', 'Arsa']",1.15e-05,0.0038,Lysosome,2,True,True
KEGG,cge04978,3,39,10029,"['Mt1', 'Hmox1', 'Fth1']","['Mt1', 'Hmox1', 'Fth1']",2.41e-05,0.004,Mineral absorption,2,True,True
PMID,PMID:28766251,3,14,10029,"['Cd68', 'Mt1', 'Hmox1']","['Cd68', 'Mt1', 'Hmox1']",1.46e-06,0.0402,"(2018) Melatonin Alleviates Intracerebral Hemorrhage-Induced Secondary Brain Injury in Rats via Suppressing Apoptosis, Inflammation, Oxidative Stress, DNA Damage, and Mitochondria Injury.",2,True,False
RCTM,MAP-6798695,9,803,10029,"['Cd68', 'I79_005484', 'Ctsa', 'Grn', 'I79_011940', 'Rnaset2', 'Fth1', 'Arsa', 'Dpp7']","['Cd68', 'I79_005484', 'Ctsa', 'Grn', 'I79_011940', 'Rnaset2', 'Fth1', 'Arsa', 'Dpp7']",8e-07,0.0014,Neutrophil degranulation,2,True,True
RCTM,MAP-168249,11,1455,10029,"['Cd68', 'I79_003588', 'I79_005484', 'Ctsa', 'Grn', 'I79_011940', 'Clu', 'Rnaset2', 'Fth1', 'Arsa', 'Dpp7']","['Cd68', 'I79_003588', 'I79_005484', 'Ctsa', 'Grn', 'I79_011940', 'Clu', 'Rnaset2', 'Fth1', 'Arsa', 'Dpp7']",1.73e-06,0.0015,Innate Immune System,2,True,True
RCTM,MAP-168256,12,2563,10029,"['Cd68', 'I79_003588', 'I79_005484', 'Ctsa', 'Grn', 'I79_011940', 'Clu', 'Sqstm1', 'Rnaset2', 'Fth1', 'Arsa', 'Dpp7']","['Cd68', 'I79_003588', 'I79_005484', 'Ctsa', 'Grn', 'I79_011940', 'Clu', 'Sqstm1', 'Rnaset2', 'Fth1', 'Arsa', 'Dpp7']",6.78e-05,0.0386,Immune System,2,True,True
NetworkNeighborAL,CL:25493,5,175,10029,"['Ctsa', 'Cln5', 'Grn', 'Arsa', 'Dpp7']","['Ctsa', 'Cln5', 'Grn', 'Arsa', 'Dpp7']",3.91e-06,0.0166,"Mixed, incl. Lysosome, and Exopeptidase activity",2,True,True
COMPARTMENTS,GOCC:0005783,15,835,10029,"['FICD', 'Dnajc3', 'DNAJB9', 'Edem1', 'Manf', 'Sel1l', 'Calr', 'I79_009504', 'Herpud1', 'Hsp90b1', 'HSPA5', 'Hyou1', 'Surf4', 'Pdia4', 'I79_022367']","['FICD', 'Dnajc3', 'DNAJB9', 'Edem1', 'Manf', 'Sel1l', 'Calr', 'I79_009504', 'Herpud1', 'Hsp90b1', 'HSPA5', 'Hyou1', 'Surf4', 'Pdia4', 'I79_022367']",3.96e-15,7.77e-12,Endoplasmic reticulum,4,True,True
COMPARTMENTS,GOCC:0012505,18,2429,10029,"['FICD', 'Dnajc3', 'DNAJB9', 'Edem1', 'Manf', 'Sel1l', 'Calr', 'Abhd6', 'I79_009504', 'Piga', 'Herpud1', 'Hsp90b1', 'HSPA5', 'Hyou1', 'Surf4', 'Alg12', 'Pdia4', 'I79_022367']","['FICD', 'Dnajc3', 'DNAJB9', 'Edem1', 'Manf', 'Sel1l', 'Calr', 'Abhd6', 'I79_009504', 'Piga', 'Herpud1', 'Hsp90b1', 'HSPA5', 'Hyou1', 'Surf4', 'Alg12', 'Pdia4', 'I79_022367']",6.88e-12,6.75e-09,Endomembrane system,4,True,True
COMPARTMENTS,GOCC:0005788,5,72,10029,"['Dnajc3', 'Manf', 'Calr', 'Hsp90b1', 'HSPA5']","['Dnajc3', 'Manf', 'Calr', 'Hsp90b1', 'HSPA5']",2.82e-08,1.82e-05,Endoplasmic reticulum lumen,4,True,True
COMPARTMENTS,GOCC:0042175,8,432,10029,"['FICD', 'Edem1', 'Sel1l', 'Calr', 'Piga', 'Herpud1', 'HSPA5', 'I79_022367']","['FICD', 'Edem1', 'Sel1l', 'Calr', 'Piga', 'Herpud1', 'HSPA5', 'I79_022367']",2.79e-08,1.82e-05,Nuclear outer membrane-endoplasmic reticulum membrane network,4,True,True
COMPARTMENTS,GOCC:0005790,4,30,10029,"['Dnajc3', 'Calr', 'Hyou1', 'Pdia4']","['Dnajc3', 'Calr', 'Hyou1', 'Pdia4']",6.82e-08,2.67e-05,Smooth endoplasmic reticulum,4,True,True
COMPARTMENTS,GOCC:0033018,3,8,10029,"['Manf', 'Calr', 'Hsp90b1']","['Manf', 'Calr', 'Hsp90b1']",2.36e-07,7.71e-05,Sarcoplasmic reticulum lumen,4,True,True
COMPARTMENTS,GOCC:0005789,7,398,10029,"['FICD', 'Edem1', 'Sel1l', 'Calr', 'Piga', 'Herpud1', 'HSPA5']","['FICD', 'Edem1', 'Sel1l', 'Calr', 'Piga', 'Herpud1', 'HSPA5']",3.32e-07,9.29e-05,Endoplasmic reticulum membrane,4,True,True
COMPARTMENTS,GOCC:0034663,3,11,10029,"['I79_009504', 'Hyou1', 'Pdia4']","['I79_009504', 'Hyou1', 'Pdia4']",5.2e-07,0.00013,Endoplasmic reticulum chaperone complex,4,True,True
COMPARTMENTS,GOCC:0044322,3,13,10029,"['Edem1', 'Calr', 'Herpud1']","['Edem1', 'Calr', 'Herpud1']",7.98e-07,0.00017,Endoplasmic reticulum quality control compartment,4,True,True
COMPARTMENTS,GOCC:0005737,21,7387,10029,"['FICD', 'Dnajc3', 'DNAJB9', 'Edem1', 'I79_006506', 'Manf', 'Gmppb', 'Sel1l', 'Pdia6', 'Calr', 'Abhd6', 'I79_009504', 'Herpud1', 'Hsp90b1', 'Gpnmb', 'HSPA5', 'Hyou1', 'Surf4', 'Alg12', 'Pdia4', 'I79_022367']","['FICD', 'Dnajc3', 'DNAJB9', 'Edem1', 'I79_006506', 'Manf', 'Gmppb', 'Sel1l', 'Pdia6', 'Calr', 'Abhd6', 'I79_009504', 'Herpud1', 'Hsp90b1', 'Gpnmb', 'HSPA5', 'Hyou1', 'Surf4', 'Alg12', 'Pdia4', 'I79_022367']",2.09e-06,0.00041,Cytoplasm,4,True,True
COMPARTMENTS,GOCC:0030176,4,101,10029,"['FICD', 'Edem1', 'Calr', 'HSPA5']","['FICD', 'Edem1', 'Calr', 'HSPA5']",6.64e-06,0.0012,Integral component of endoplasmic reticulum membrane,4,True,True
COMPARTMENTS,GOCC:0043227,21,8041,10029,"['FICD', 'Dnajc3', 'DNAJB9', 'Edem1', 'Manf', 'Sel1l', 'Pdia6', 'Calr', 'Egr1', 'Abhd6', 'I79_009504', 'Piga', 'Herpud1', 'Hsp90b1', 'Gpnmb', 'HSPA5', 'Hyou1', 'Surf4', 'Alg12', 'Pdia4', 'I79_022367']","['FICD', 'Dnajc3', 'DNAJB9', 'Edem1', 'Manf', 'Sel1l', 'Pdia6', 'Calr', 'Egr1', 'Abhd6', 'I79_009504', 'Piga', 'Herpud1', 'Hsp90b1', 'Gpnmb', 'HSPA5', 'Hyou1', 'Surf4', 'Alg12', 'Pdia4', 'I79_022367']",9.54e-06,0.0013,Membrane-bounded organelle,4,True,True
COMPARTMENTS,GOCC:0043231,20,7174,10029,"['FICD', 'Dnajc3', 'DNAJB9', 'Edem1', 'Manf', 'Sel1l', 'Pdia6', 'Calr', 'Egr1', 'Abhd6', 'I79_009504', 'Piga', 'Herpud1', 'Hsp90b1', 'HSPA5', 'Hyou1', 'Surf4', 'Alg12', 'Pdia4', 'I79_022367']","['FICD', 'Dnajc3', 'DNAJB9', 'Edem1', 'Manf', 'Sel1l', 'Pdia6', 'Calr', 'Egr1', 'Abhd6', 'I79_009504', 'Piga', 'Herpud1', 'Hsp90b1', 'HSPA5', 'Hyou1', 'Surf4', 'Alg12', 'Pdia4', 'I79_022367']",7.74e-06,0.0013,Intracellular membrane-bounded organelle,4,True,True
COMPARTMENTS,GOCC:0031301,5,249,10029,"['FICD', 'Edem1', 'Calr', 'HSPA5', 'Alg12']","['FICD', 'Edem1', 'Calr', 'HSPA5', 'Alg12']",1.05e-05,0.0014,Integral component of organelle membrane,4,True,True
COMPARTMENTS,GOCC:0031090,10,1731,10029,"['FICD', 'Edem1', 'Sel1l', 'Calr', 'Abhd6', 'Piga', 'Herpud1', 'HSPA5', 'Alg12', 'I79_022367']","['FICD', 'Edem1', 'Sel1l', 'Calr', 'Abhd6', 'Piga', 'Herpud1', 'HSPA5', 'Alg12', 'I79_022367']",1.59e-05,0.0019,Organelle membrane,4,True,True
COMPARTMENTS,GOCC:0031984,6,483,10029,"['FICD', 'Edem1', 'Herpud1', 'HSPA5', 'Alg12', 'I79_022367']","['FICD', 'Edem1', 'Herpud1', 'HSPA5', 'Alg12', 'I79_022367']",1.83e-05,0.002,Organelle subcompartment,4,True,True
COMPARTMENTS,GOCC:0043229,21,9624,10029,"['FICD', 'Dnajc3', 'DNAJB9', 'Edem1', 'Manf', 'Sel1l', 'Pdia6', 'Calr', 'Egr1', 'Abhd6', 'I79_009504', 'Piga', 'Herpud1', 'Hsp90b1', 'Gpnmb', 'HSPA5', 'Hyou1', 'Surf4', 'Alg12', 'Pdia4', 'I79_022367']","['FICD', 'Dnajc3', 'DNAJB9', 'Edem1', 'Manf', 'Sel1l', 'Pdia6', 'Calr', 'Egr1', 'Abhd6', 'I79_009504', 'Piga', 'Herpud1', 'Hsp90b1', 'Gpnmb', 'HSPA5', 'Hyou1', 'Surf4', 'Alg12', 'Pdia4', 'I79_022367']",0.00021,0.0196,Intracellular organelle,4,True,True
COMPARTMENTS,GOCC:0098827,4,260,10029,"['FICD', 'Edem1', 'Herpud1', 'HSPA5']","['FICD', 'Edem1', 'Herpud1', 'HSPA5']",0.00024,0.0215,Endoplasmic reticulum subcompartment,4,True,True
COMPARTMENTS,GOCC:0016020,15,5494,10029,"['FICD', 'Edem1', 'Sel1l', 'Pdia6', 'Calr', 'Abhd6', 'I79_009808', 'Piga', 'Herpud1', 'Mcf2l', 'Gpnmb', 'HSPA5', 'Surf4', 'Alg12', 'I79_022367']","['FICD', 'Edem1', 'Sel1l', 'Pdia6', 'Calr', 'Abhd6', 'I79_009808', 'Piga', 'Herpud1', 'Mcf2l', 'Gpnmb', 'HSPA5', 'Surf4', 'Alg12', 'I79_022367']",0.00044,0.0377,Membrane,4,True,True
COMPARTMENTS,GOCC:0005622,24,12999,10029,"['FICD', 'Dnajc3', 'DNAJB9', 'Edem1', 'I79_006506', 'Manf', 'Gmppb', 'Sel1l', 'Pdia6', 'Calr', 'Egr1', 'Abhd6', 'I79_009504', 'Piga', 'Herpud1', 'Mcf2l', 'Hsp90b1', 'Gpnmb', 'HSPA5', 'Hyou1', 'Surf4', 'Alg12', 'Pdia4', 'I79_022367']","['FICD', 'Dnajc3', 'DNAJB9', 'Edem1', 'I79_006506', 'Manf', 'Gmppb', 'Sel1l', 'Pdia6', 'Calr', 'Egr1', 'Abhd6', 'I79_009504', 'Piga', 'Herpud1', 'Mcf2l', 'Hsp90b1', 'Gpnmb', 'HSPA5', 'Hyou1', 'Surf4', 'Alg12', 'Pdia4', 'I79_022367']",0.0005,0.0408,Intracellular,4,True,True
Process,GO:0034976,12,206,10029,"['FICD', 'Dnajc3', 'DNAJB9', 'Edem1', 'Sel1l', 'Calr', 'I79_009504', 'Herpud1', 'Hsp90b1', 'Ddit3', 'Hyou1', 'Pdia4']","['FICD', 'Dnajc3', 'DNAJB9', 'Edem1', 'Sel1l', 'Calr', 'I79_009504', 'Herpud1', 'Hsp90b1', 'Ddit3', 'Hyou1', 'Pdia4']",6.54e-18,8.27e-14,Response to endoplasmic reticulum stress,4,True,True
Process,GO:0035966,8,123,10029,"['FICD', 'Dnajc3', 'DNAJB9', 'Edem1', 'Manf', 'I79_009504', 'Herpud1', 'Ddit3']","['FICD', 'Dnajc3', 'DNAJB9', 'Edem1', 'Manf', 'I79_009504', 'Herpud1', 'Ddit3']",1.86e-12,1.18e-08,Response to topologically incorrect protein,4,True,True
Process,GO:0006986,7,101,10029,"['FICD', 'Dnajc3', 'DNAJB9', 'Edem1', 'Manf', 'Herpud1', 'Ddit3']","['FICD', 'Dnajc3', 'DNAJB9', 'Edem1', 'Manf', 'Herpud1', 'Ddit3']",3.46e-11,1.19e-07,Response to unfolded protein,4,True,True
Process,GO:0036503,7,98,10029,"['DNAJB9', 'Edem1', 'Sel1l', 'Calr', 'I79_009504', 'Herpud1', 'Hsp90b1']","['DNAJB9', 'Edem1', 'Sel1l', 'Calr', 'I79_009504', 'Herpud1', 'Hsp90b1']",2.83e-11,1.19e-07,ERAD pathway,4,True,True
Process,GO:1905897,6,66,10029,"['FICD', 'DNAJB9', 'Manf', 'Herpud1', 'HSPA5', 'Hyou1']","['FICD', 'DNAJB9', 'Manf', 'Herpud1', 'HSPA5', 'Hyou1']",2.16e-10,5.46e-07,Regulation of response to endoplasmic reticulum stress,4,True,True
Process,GO:0006457,8,243,10029,"['Dnajc3', 'Calr', 'I79_009504', 'Hsp90b1', 'Ero1b', 'HSPA5', 'Hyou1', 'Pdia4']","['Dnajc3', 'Calr', 'I79_009504', 'Hsp90b1', 'Ero1b', 'HSPA5', 'Hyou1', 'Pdia4']",3.43e-10,7.23e-07,Protein folding,4,True,True
Process,GO:0033554,13,1609,10029,"['FICD', 'Dnajc3', 'DNAJB9', 'Edem1', 'Sel1l', 'Calr', 'Egr1', 'I79_009504', 'Herpud1', 'Hsp90b1', 'Ddit3', 'Hyou1', 'Pdia4']","['FICD', 'Dnajc3', 'DNAJB9', 'Edem1', 'Sel1l', 'Calr', 'Egr1', 'I79_009504', 'Herpud1', 'Hsp90b1', 'Ddit3', 'Hyou1', 'Pdia4']",8.81e-09,1.59e-05,Cellular response to stress,4,True,True
Process,GO:0010498,8,379,10029,"['DNAJB9', 'Edem1', 'Sel1l', 'Calr', 'I79_009504', 'Herpud1', 'Hsp90b1', 'Ddit3']","['DNAJB9', 'Edem1', 'Sel1l', 'Calr', 'I79_009504', 'Herpud1', 'Hsp90b1', 'Ddit3']",1.03e-08,1.63e-05,Proteasomal protein catabolic process,4,True,True
Process,GO:0051603,9,635,10029,"['Dnajc3', 'DNAJB9', 'Edem1', 'Sel1l', 'Calr', 'I79_009504', 'Herpud1', 'Hsp90b1', 'Ddit3']","['Dnajc3', 'DNAJB9', 'Edem1', 'Sel1l', 'Calr', 'I79_009504', 'Herpud1', 'Hsp90b1', 'Ddit3']",3.09e-08,4.35e-05,Proteolysis involved in protein catabolic process,4,True,True
Process,GO:0030433,5,81,10029,"['DNAJB9', 'Edem1', 'Calr', 'Herpud1', 'Hsp90b1']","['DNAJB9', 'Edem1', 'Calr', 'Herpud1', 'Hsp90b1']",4.94e-08,6.24e-05,Ubiquitin-dependent ERAD pathway,4,True,True
Process,GO:1903573,4,36,10029,"['DNAJB9', 'Herpud1', 'HSPA5', 'Hyou1']","['DNAJB9', 'Herpud1', 'HSPA5', 'Hyou1']",1.34e-07,0.00014,Negative regulation of response to endoplasmic reticulum stress,4,True,True
Process,GO:1903894,3,8,10029,"['FICD', 'DNAJB9', 'HSPA5']","['FICD', 'DNAJB9', 'HSPA5']",2.36e-07,0.00023,Regulation of IRE1-mediated unfolded protein response,4,True,True
Process,GO:0006950,15,3187,10029,"['FICD', 'Dnajc3', 'DNAJB9', 'Edem1', 'Manf', 'Sel1l', 'Pdia6', 'Calr', 'Egr1', 'I79_009504', 'Herpud1', 'Hsp90b1', 'Ddit3', 'Hyou1', 'Pdia4']","['FICD', 'Dnajc3', 'DNAJB9', 'Edem1', 'Manf', 'Sel1l', 'Pdia6', 'Calr', 'Egr1', 'I79_009504', 'Herpud1', 'Hsp90b1', 'Ddit3', 'Hyou1', 'Pdia4']",5.18e-07,0.00047,Response to stress,4,True,True
Process,GO:0006508,10,1197,10029,"['Dnajc3', 'DNAJB9', 'Edem1', 'Sel1l', 'Calr', 'I79_009504', 'Herpud1', 'Hsp90b1', 'Ddit3', 'Ero1b']","['Dnajc3', 'DNAJB9', 'Edem1', 'Sel1l', 'Calr', 'I79_009504', 'Herpud1', 'Hsp90b1', 'Ddit3', 'Ero1b']",5.92e-07,0.0005,Proteolysis,4,True,True
Process,GO:0010033,14,2827,10029,"['FICD', 'Dnajc3', 'DNAJB9', 'Edem1', 'I79_006506', 'Manf', 'Sel1l', 'Calr', 'Egr1', 'I79_009504', 'Piga', 'Herpud1', 'Hsp90b1', 'Ddit3']","['FICD', 'Dnajc3', 'DNAJB9', 'Edem1', 'I79_006506', 'Manf', 'Sel1l', 'Calr', 'Egr1', 'I79_009504', 'Piga', 'Herpud1', 'Hsp90b1', 'Ddit3']",8.56e-07,0.00068,Response to organic substance,4,True,True
Process,GO:0043161,6,334,10029,"['DNAJB9', 'Edem1', 'Calr', 'Herpud1', 'Hsp90b1', 'Ddit3']","['DNAJB9', 'Edem1', 'Calr', 'Herpud1', 'Hsp90b1', 'Ddit3']",2.29e-06,0.0016,Proteasome-mediated ubiquitin-dependent protein catabolic process,4,True,True
Process,GO:0051716,19,6532,10029,"['FICD', 'Dnajc3', 'DNAJB9', 'Edem1', 'I79_006506', 'Manf', 'Sel1l', 'Calr', 'Egr1', 'I79_009504', 'Piga', 'Herpud1', 'Mcf2l', 'Hsp90b1', 'Gpnmb', 'Ddit3', 'Hyou1', 'Pdia4', 'I79_022367']","['FICD', 'Dnajc3', 'DNAJB9', 'Edem1', 'I79_006506', 'Manf', 'Sel1l', 'Calr', 'Egr1', 'I79_009504', 'Piga', 'Herpud1', 'Mcf2l', 'Hsp90b1', 'Gpnmb', 'Ddit3', 'Hyou1', 'Pdia4', 'I79_022367']",9.54e-06,0.0057,Cellular response to stimulus,4,True,True
Process,GO:1901575,10,1714,10029,"['Dnajc3', 'DNAJB9', 'Edem1', 'Sel1l', 'Calr', 'Abhd6', 'I79_009504', 'Herpud1', 'Hsp90b1', 'Ddit3']","['Dnajc3', 'DNAJB9', 'Edem1', 'Sel1l', 'Calr', 'Abhd6', 'I79_009504', 'Herpud1', 'Hsp90b1', 'Ddit3']",1.46e-05,0.0084,Organic substance catabolic process,4,True,True
Process,GO:0010648,9,1349,10029,"['DNAJB9', 'Calr', 'Egr1', 'Abhd6', 'Herpud1', 'Ddit3', 'HSPA5', 'Hyou1', 'I79_022367']","['DNAJB9', 'Calr', 'Egr1', 'Abhd6', 'Herpud1', 'Ddit3', 'HSPA5', 'Hyou1', 'I79_022367']",1.55e-05,0.0085,Negative regulation of cell communication,4,True,True
Process,GO:0023057,9,1352,10029,"['DNAJB9', 'Calr', 'Egr1', 'Abhd6', 'Herpud1', 'Ddit3', 'HSPA5', 'Hyou1', 'I79_022367']","['DNAJB9', 'Calr', 'Egr1', 'Abhd6', 'Herpud1', 'Ddit3', 'HSPA5', 'Hyou1', 'I79_022367']",1.58e-05,0.0085,Negative regulation of signaling,4,True,True
Process,GO:0010243,8,1056,10029,"['DNAJB9', 'Edem1', 'Sel1l', 'Calr', 'Egr1', 'I79_009504', 'Herpud1', 'Hsp90b1']","['DNAJB9', 'Edem1', 'Sel1l', 'Calr', 'Egr1', 'I79_009504', 'Herpud1', 'Hsp90b1']",2.1e-05,0.01,Response to organonitrogen compound,4,True,True
Process,GO:0034975,2,4,10029,"['Dnajc3', 'Ero1b']","['Dnajc3', 'Ero1b']",1.98e-05,0.01,Protein folding in endoplasmic reticulum,4,True,True
Process,GO:0045047,3,42,10029,"['Edem1', 'Herpud1', 'HSPA5']","['Edem1', 'Herpud1', 'HSPA5']",1.98e-05,0.01,Protein targeting to ER,4,True,True
Process,GO:1903895,2,4,10029,"['DNAJB9', 'HSPA5']","['DNAJB9', 'HSPA5']",1.98e-05,0.01,Negative regulation of IRE1-mediated unfolded protein response,4,True,True
Process,GO:0019538,15,4367,10029,"['FICD', 'Dnajc3', 'DNAJB9', 'Edem1', 'Gmppb', 'Sel1l', 'Calr', 'I79_009504', 'Piga', 'Herpud1', 'Hsp90b1', 'Ddit3', 'Ero1b', 'Alg12', 'I79_022367']","['FICD', 'Dnajc3', 'DNAJB9', 'Edem1', 'Gmppb', 'Sel1l', 'Calr', 'I79_009504', 'Piga', 'Herpud1', 'Hsp90b1', 'Ddit3', 'Ero1b', 'Alg12', 'I79_022367']",2.87e-05,0.0121,Protein metabolic process,4,True,True
Process,GO:0048583,14,3843,10029,"['FICD', 'DNAJB9', 'I79_006506', 'Manf', 'Calr', 'Egr1', 'Abhd6', 'Herpud1', 'Mcf2l', 'Gpnmb', 'Ddit3', 'HSPA5', 'Hyou1', 'I79_022367']","['FICD', 'DNAJB9', 'I79_006506', 'Manf', 'Calr', 'Egr1', 'Abhd6', 'Herpud1', 'Mcf2l', 'Gpnmb', 'Ddit3', 'HSPA5', 'Hyou1', 'I79_022367']",3.32e-05,0.0135,Regulation of response to stimulus,4,True,True
Process,GO:0042221,15,4477,10029,"['FICD', 'Dnajc3', 'DNAJB9', 'Edem1', 'I79_006506', 'Manf', 'Sel1l', 'Calr', 'Egr1', 'I79_009504', 'Piga', 'Herpud1', 'Hsp90b1', 'Ddit3', 'Hyou1']","['FICD', 'Dnajc3', 'DNAJB9', 'Edem1', 'I79_006506', 'Manf', 'Sel1l', 'Calr', 'Egr1', 'I79_009504', 'Piga', 'Herpud1', 'Hsp90b1', 'Ddit3', 'Hyou1']",3.89e-05,0.0152,Response to chemical,4,True,True
Process,GO:0045184,8,1173,10029,"['Edem1', 'Sel1l', 'Calr', 'Herpud1', 'Hsp90b1', 'Ddit3', 'HSPA5', 'Surf4']","['Edem1', 'Sel1l', 'Calr', 'Herpud1', 'Hsp90b1', 'Ddit3', 'HSPA5', 'Surf4']",4.44e-05,0.0156,Establishment of protein localization,4,True,True
Process,GO:0009966,12,2903,10029,"['FICD', 'DNAJB9', 'Calr', 'Egr1', 'Abhd6', 'Herpud1', 'Mcf2l', 'Gpnmb', 'Ddit3', 'HSPA5', 'Hyou1', 'I79_022367']","['FICD', 'DNAJB9', 'Calr', 'Egr1', 'Abhd6', 'Herpud1', 'Mcf2l', 'Gpnmb', 'Ddit3', 'HSPA5', 'Hyou1', 'I79_022367']",4.87e-05,0.0163,Regulation of signal transduction,4,True,True
Process,GO:0050896,20,8055,10029,"['FICD', 'Dnajc3', 'DNAJB9', 'Edem1', 'I79_006506', 'Manf', 'Sel1l', 'Pdia6', 'Calr', 'Egr1', 'I79_009504', 'Piga', 'Herpud1', 'Mcf2l', 'Hsp90b1', 'Gpnmb', 'Ddit3', 'Hyou1', 'Pdia4', 'I79_022367']","['FICD', 'Dnajc3', 'DNAJB9', 'Edem1', 'I79_006506', 'Manf', 'Sel1l', 'Pdia6', 'Calr', 'Egr1', 'I79_009504', 'Piga', 'Herpud1', 'Mcf2l', 'Hsp90b1', 'Gpnmb', 'Ddit3', 'Hyou1', 'Pdia4', 'I79_022367']",5.25e-05,0.017,Response to stimulus,4,True,True
Process,GO:0009968,8,1222,10029,"['DNAJB9', 'Calr', 'Egr1', 'Herpud1', 'Ddit3', 'HSPA5', 'Hyou1', 'I79_022367']","['DNAJB9', 'Calr', 'Egr1', 'Herpud1', 'Ddit3', 'HSPA5', 'Hyou1', 'I79_022367']",5.93e-05,0.0183,Negative regulation of signal transduction,4,True,True
Process,GO:1901142,2,11,10029,"['Ero1b', 'I79_022367']","['Ero1b', 'I79_022367']",0.0001,0.0294,Insulin metabolic process,4,True,True
Process,GO:0010941,9,1740,10029,"['Dnajc3', 'Egr1', 'I79_009504', 'Herpud1', 'Hsp90b1', 'Gpnmb', 'Ddit3', 'HSPA5', 'Hyou1']","['Dnajc3', 'Egr1', 'I79_009504', 'Herpud1', 'Hsp90b1', 'Gpnmb', 'Ddit3', 'HSPA5', 'Hyou1']",0.00011,0.0312,Regulation of cell death,4,True,True
Process,GO:0050794,23,11253,10029,"['FICD', 'Dnajc3', 'DNAJB9', 'Edem1', 'I79_006506', 'Manf', 'Sel1l', 'Calr', 'Egr1', 'Abhd6', 'I79_009504', 'I79_009808', 'Herpud1', 'Mcf2l', 'Hsp90b1', 'Gpnmb', 'Ddit3', 'Ero1b', 'HSPA5', 'Hyou1', 'Surf4', 'Pdia4', 'I79_022367']","['FICD', 'Dnajc3', 'DNAJB9', 'Edem1', 'I79_006506', 'Manf', 'Sel1l', 'Calr', 'Egr1', 'Abhd6', 'I79_009504', 'I79_009808', 'Herpud1', 'Mcf2l', 'Hsp90b1', 'Gpnmb', 'Ddit3', 'Ero1b', 'HSPA5', 'Hyou1', 'Surf4', 'Pdia4', 'I79_022367']",0.00015,0.0411,Regulation of cellular process,4,True,True
Process,GO:0030970,2,14,10029,"['Herpud1', 'Hsp90b1']","['Herpud1', 'Hsp90b1']",0.00016,0.0414,"Retrograde protein transport, ER to cytosol",4,True,True
Process,GO:0015031,7,1062,10029,"['Edem1', 'Sel1l', 'Calr', 'Herpud1', 'Hsp90b1', 'HSPA5', 'Surf4']","['Edem1', 'Sel1l', 'Calr', 'Herpud1', 'Hsp90b1', 'HSPA5', 'Surf4']",0.00018,0.046,Protein transport,4,True,True
Process,GO:0009987,27,15994,10029,"['FICD', 'Dnajc3', 'DNAJB9', 'Edem1', 'I79_006506', 'Manf', 'Gmppb', 'Sel1l', 'Pdia6', 'Calr', 'Egr1', 'Abhd6', 'I79_009504', 'I79_009808', 'Piga', 'Herpud1', 'Mcf2l', 'Hsp90b1', 'Gpnmb', 'Ddit3', 'Ero1b', 'HSPA5', 'Hyou1', 'Surf4', 'Alg12', 'Pdia4', 'I79_022367']","['FICD', 'Dnajc3', 'DNAJB9', 'Edem1', 'I79_006506', 'Manf', 'Gmppb', 'Sel1l', 'Pdia6', 'Calr', 'Egr1', 'Abhd6', 'I79_009504', 'I79_009808', 'Piga', 'Herpud1', 'Mcf2l', 'Hsp90b1', 'Gpnmb', 'Ddit3', 'Ero1b', 'HSPA5', 'Hyou1', 'Surf4', 'Alg12', 'Pdia4', 'I79_022367']",0.0002,0.0479,Cellular process,4,True,True
Process,GO:1902236,2,16,10029,"['Herpud1', 'Hyou1']","['Herpud1', 'Hyou1']",0.0002,0.0479,Negative regulation of endoplasmic reticulum stress-induced intrinsic apoptotic signaling pathway,4,True,True
Process,GO:0035967,3,97,10029,"['I79_009504', 'Herpud1', 'Ddit3']","['I79_009504', 'Herpud1', 'Ddit3']",0.00022,0.0487,Cellular response to topologically incorrect protein,4,True,True
Component,GO:0005783,20,1718,10029,"['FICD', 'Dnajc3', 'DNAJB9', 'Edem1', 'Manf', 'Sel1l', 'Pdia6', 'Calr', 'I79_009504', 'Piga', 'Herpud1', 'Hsp90b1', 'Ero1b', 'HSPA5', 'Hyou1', 'Surf4', 'Creld2', 'Alg12', 'Pdia4', 'I79_022367']","['FICD', 'Dnajc3', 'DNAJB9', 'Edem1', 'Manf', 'Sel1l', 'Pdia6', 'Calr', 'I79_009504', 'Piga', 'Herpud1', 'Hsp90b1', 'Ero1b', 'HSPA5', 'Hyou1', 'Surf4', 'Creld2', 'Alg12', 'Pdia4', 'I79_022367']",2.72e-17,3.63e-14,Endoplasmic reticulum,4,True,True
Component,GO:0005788,10,95,10029,"['Dnajc3', 'DNAJB9', 'Manf', 'Pdia6', 'Calr', 'Hsp90b1', 'HSPA5', 'Hyou1', 'Alg12', 'Pdia4']","['Dnajc3', 'DNAJB9', 'Manf', 'Pdia6', 'Calr', 'Hsp90b1', 'HSPA5', 'Hyou1', 'Alg12', 'Pdia4']",2.12e-17,3.63e-14,Endoplasmic reticulum lumen,4,True,True
Component,GO:0012505,24,3866,10029,"['FICD', 'Dnajc3', 'DNAJB9', 'Edem1', 'Manf', 'Sel1l', 'Pdia6', 'Calr', 'Abhd6', 'I79_009504', 'Piga', 'Herpud1', 'Mcf2l', 'Hsp90b1', 'Gpnmb', 'Ddit3', 'Ero1b', 'HSPA5', 'Hyou1', 'Surf4', 'Creld2', 'Alg12', 'Pdia4', 'I79_022367']","['FICD', 'Dnajc3', 'DNAJB9', 'Edem1', 'Manf', 'Sel1l', 'Pdia6', 'Calr', 'Abhd6', 'I79_009504', 'Piga', 'Herpud1', 'Mcf2l', 'Hsp90b1', 'Gpnmb', 'Ddit3', 'Ero1b', 'HSPA5', 'Hyou1', 'Surf4', 'Creld2', 'Alg12', 'Pdia4', 'I79_022367']",1.17e-15,6.68e-13,Endomembrane system,4,True,True
Component,GO:0140534,7,119,10029,"['Sel1l', 'Calr', 'I79_009504', 'Piga', 'Hsp90b1', 'Hyou1', 'Pdia4']","['Sel1l', 'Calr', 'I79_009504', 'Piga', 'Hsp90b1', 'Hyou1', 'Pdia4']",1.03e-10,4.42e-08,Endoplasmic reticulum protein-containing complex,4,True,True
Component,GO:0042175,12,955,10029,"['FICD', 'Edem1', 'Sel1l', 'Calr', 'Piga', 'Herpud1', 'Hsp90b1', 'Ero1b', 'HSPA5', 'Surf4', 'Alg12', 'I79_022367']","['FICD', 'Edem1', 'Sel1l', 'Calr', 'Piga', 'Herpud1', 'Hsp90b1', 'Ero1b', 'HSPA5', 'Surf4', 'Alg12', 'I79_022367']",3e-10,1.03e-07,Nuclear outer membrane-endoplasmic reticulum membrane network,4,True,True
Component,GO:0034663,4,9,10029,"['I79_009504', 'Hsp90b1', 'Hyou1', 'Pdia4']","['I79_009504', 'Hsp90b1', 'Hyou1', 'Pdia4']",1.07e-09,3.05e-07,Endoplasmic reticulum chaperone complex,4,True,True
Component,GO:0005789,11,925,10029,"['FICD', 'Edem1', 'Sel1l', 'Calr', 'Piga', 'Herpud1', 'Hsp90b1', 'Ero1b', 'HSPA5', 'Surf4', 'Alg12']","['FICD', 'Edem1', 'Sel1l', 'Calr', 'Piga', 'Herpud1', 'Hsp90b1', 'Ero1b', 'HSPA5', 'Surf4', 'Alg12']",3.65e-09,8.93e-07,Endoplasmic reticulum membrane,4,True,True
Component,GO:0031984,12,1233,10029,"['FICD', 'Edem1', 'Sel1l', 'Calr', 'Piga', 'Herpud1', 'Hsp90b1', 'Ero1b', 'HSPA5', 'Surf4', 'Alg12', 'I79_022367']","['FICD', 'Edem1', 'Sel1l', 'Calr', 'Piga', 'Herpud1', 'Hsp90b1', 'Ero1b', 'HSPA5', 'Surf4', 'Alg12', 'I79_022367']",5.29e-09,1.01e-06,Organelle subcompartment,4,True,True
Component,GO:0005737,27,11693,10029,"['FICD', 'Dnajc3', 'DNAJB9', 'Edem1', 'I79_006506', 'Manf', 'Gmppb', 'Sel1l', 'Pdia6', 'Calr', 'Egr1', 'Abhd6', 'I79_009504', 'Piga', 'Herpud1', 'Mcf2l', 'Hsp90b1', 'Gpnmb', 'Ddit3', 'Ero1b', 'HSPA5', 'Hyou1', 'Surf4', 'Creld2', 'Alg12', 'Pdia4', 'I79_022367']","['FICD', 'Dnajc3', 'DNAJB9', 'Edem1', 'I79_006506', 'Manf', 'Gmppb', 'Sel1l', 'Pdia6', 'Calr', 'Egr1', 'Abhd6', 'I79_009504', 'Piga', 'Herpud1', 'Mcf2l', 'Hsp90b1', 'Gpnmb', 'Ddit3', 'Ero1b', 'HSPA5', 'Hyou1', 'Surf4', 'Creld2', 'Alg12', 'Pdia4', 'I79_022367']",6.4e-08,1.1e-05,Cytoplasm,4,True,True
Component,GO:0033018,3,6,10029,"['Manf', 'Calr', 'Hsp90b1']","['Manf', 'Calr', 'Hsp90b1']",1.2e-07,1.87e-05,Sarcoplasmic reticulum lumen,4,True,True
Component,GO:0005790,4,38,10029,"['Dnajc3', 'Calr', 'Hyou1', 'Pdia4']","['Dnajc3', 'Calr', 'Hyou1', 'Pdia4']",1.63e-07,2.33e-05,Smooth endoplasmic reticulum,4,True,True
Component,GO:0042470,5,105,10029,"['Pdia6', 'Hsp90b1', 'Gpnmb', 'HSPA5', 'Pdia4']","['Pdia6', 'Hsp90b1', 'Gpnmb', 'HSPA5', 'Pdia4']",1.7e-07,2.33e-05,Melanosome,4,True,True
Component,GO:0031090,14,2843,10029,"['FICD', 'Edem1', 'Sel1l', 'Calr', 'Abhd6', 'Piga', 'Herpud1', 'Hsp90b1', 'Gpnmb', 'Ero1b', 'HSPA5', 'Surf4', 'Alg12', 'I79_022367']","['FICD', 'Edem1', 'Sel1l', 'Calr', 'Abhd6', 'Piga', 'Herpud1', 'Hsp90b1', 'Gpnmb', 'Ero1b', 'HSPA5', 'Surf4', 'Alg12', 'I79_022367']",9.17e-07,0.0001,Organelle membrane,4,True,True
Component,GO:0044322,3,16,10029,"['Edem1', 'Calr', 'Herpud1']","['Edem1', 'Calr', 'Herpud1']",1.38e-06,0.00015,Endoplasmic reticulum quality control compartment,4,True,True
Component,GO:0043231,25,11255,10029,"['FICD', 'Dnajc3', 'DNAJB9', 'Edem1', 'I79_006506', 'Manf', 'Sel1l', 'Pdia6', 'Calr', 'Egr1', 'Abhd6', 'I79_009504', 'Piga', 'Herpud1', 'Hsp90b1', 'Gpnmb', 'Ddit3', 'Ero1b', 'HSPA5', 'Hyou1', 'Surf4', 'Creld2', 'Alg12', 'Pdia4', 'I79_022367']","['FICD', 'Dnajc3', 'DNAJB9', 'Edem1', 'I79_006506', 'Manf', 'Sel1l', 'Pdia6', 'Calr', 'Egr1', 'Abhd6', 'I79_009504', 'Piga', 'Herpud1', 'Hsp90b1', 'Gpnmb', 'Ddit3', 'Ero1b', 'HSPA5', 'Hyou1', 'Surf4', 'Creld2', 'Alg12', 'Pdia4', 'I79_022367']",3.72e-06,0.00037,Intracellular membrane-bounded organelle,4,True,True
Component,GO:0030176,4,147,10029,"['FICD', 'Edem1', 'Calr', 'HSPA5']","['FICD', 'Edem1', 'Calr', 'HSPA5']",2.78e-05,0.0025,Integral component of endoplasmic reticulum membrane,4,True,True
Component,GO:0070013,13,3845,10029,"['Dnajc3', 'DNAJB9', 'I79_006506', 'Manf', 'Pdia6', 'Calr', 'Egr1', 'Hsp90b1', 'Ddit3', 'HSPA5', 'Hyou1', 'Alg12', 'Pdia4']","['Dnajc3', 'DNAJB9', 'I79_006506', 'Manf', 'Pdia6', 'Calr', 'Egr1', 'Hsp90b1', 'Ddit3', 'HSPA5', 'Hyou1', 'Alg12', 'Pdia4']",0.00017,0.011,Intracellular organelle lumen,4,True,True
Component,GO:0005793,3,121,10029,"['Pdia6', 'Surf4', 'I79_022367']","['Pdia6', 'Surf4', 'I79_022367']",0.00041,0.024,Endoplasmic reticulum-Golgi intermediate compartment,4,True,True
Function,GO:0051787,4,31,10029,"['Dnajc3', 'DNAJB9', 'Edem1', 'I79_009504']","['Dnajc3', 'DNAJB9', 'Edem1', 'I79_009504']",7.69e-08,0.00025,Misfolded protein binding,4,True,True
Function,GO:0003756,3,20,10029,"['Pdia6', 'Creld2', 'Pdia4']","['Pdia6', 'Creld2', 'Pdia4']",2.51e-06,0.0041,Protein disulfide isomerase activity,4,True,True
Function,GO:0015035,3,39,10029,"['Pdia6', 'Ero1b', 'Pdia4']","['Pdia6', 'Ero1b', 'Pdia4']",1.6e-05,0.012,Protein-disulfide reductase activity,4,True,True
Function,GO:0051087,4,124,10029,"['FICD', 'Dnajc3', 'DNAJB9', 'I79_009504']","['FICD', 'Dnajc3', 'DNAJB9', 'I79_009504']",1.45e-05,0.012,Chaperone binding,4,True,True
Keyword,KW-0256,6,89,10029,"['FICD', 'DNAJB9', 'Calr', 'HSPA5', 'Alg12', 'Pdia4']","['FICD', 'DNAJB9', 'Calr', 'HSPA5', 'Alg12', 'Pdia4']",1.18e-09,4.04e-07,Endoplasmic reticulum,4,True,True
Keyword,KW-0732,12,1761,10029,"['Dnajc3', 'DNAJB9', 'Sel1l', 'Calr', 'I79_009504', 'Hsp90b1', 'Gpnmb', 'Ero1b', 'HSPA5', 'Hyou1', 'Pdia4', 'I79_022367']","['Dnajc3', 'DNAJB9', 'Sel1l', 'Calr', 'I79_009504', 'Hsp90b1', 'Gpnmb', 'Ero1b', 'HSPA5', 'Hyou1', 'Pdia4', 'I79_022367']",2.65e-07,4.55e-05,Signal,4,True,True
Keyword,KW-0143,3,33,10029,"['DNAJB9', 'Calr', 'HSPA5']","['DNAJB9', 'Calr', 'HSPA5']",1e-05,0.00091,Chaperone,4,True,True
Keyword,KW-0597,3,33,10029,"['FICD', 'DNAJB9', 'HSPA5']","['FICD', 'DNAJB9', 'HSPA5']",1e-05,0.00091,Phosphoprotein,4,True,True
Keyword,KW-0834,2,2,10029,"['FICD', 'DNAJB9']","['FICD', 'DNAJB9']",7.93e-06,0.00091,Unfolded protein response,4,True,True
Keyword,KW-0677,6,757,10029,"['FICD', 'Sel1l', 'I79_009504', 'Mcf2l', 'Creld2', 'Pdia4']","['FICD', 'Sel1l', 'I79_009504', 'Mcf2l', 'Creld2', 'Pdia4']",0.00021,0.0122,Repeat,4,True,True
KEGG,cge04141,12,128,10029,"['Dnajc3', 'Edem1', 'Sel1l', 'Pdia6', 'Calr', 'Herpud1', 'Hsp90b1', 'Ddit3', 'Ero1b', 'HSPA5', 'Hyou1', 'Pdia4']","['Dnajc3', 'Edem1', 'Sel1l', 'Pdia6', 'Calr', 'Herpud1', 'Hsp90b1', 'Ddit3', 'Ero1b', 'HSPA5', 'Hyou1', 'Pdia4']",2.83e-20,9.39e-18,Protein processing in endoplasmic reticulum,4,True,True
KEGG,cge04918,3,54,10029,"['Hsp90b1', 'HSPA5', 'Pdia4']","['Hsp90b1', 'HSPA5', 'Pdia4']",4.04e-05,0.0067,Thyroid hormone synthesis,4,True,True
PMID,PMID:35301123,6,18,10029,"['Dnajc3', 'Calr', 'Hsp90b1', 'Ero1b', 'HSPA5', 'Pdia4']","['Dnajc3', 'Calr', 'Hsp90b1', 'Ero1b', 'HSPA5', 'Pdia4']",1.93e-13,5.31e-09,(2022) Harnessing secretory pathway differences between HEK293 and CHO to rescue production of difficult to express proteins.,4,True,False
PMID,PMID:20428984,6,23,10029,"['Dnajc3', 'Pdia6', 'Calr', 'Herpud1', 'HSPA5', 'Creld2']","['Dnajc3', 'Pdia6', 'Calr', 'Herpud1', 'HSPA5', 'Creld2']",6.79e-13,9.34e-09,(2010) An unfolded protein response is the initial cellular response to the expression of mutant matrilin-3 in a mouse model of multiple epiphyseal dysplasia.,4,True,False
PMID,PMID:39623727,4,5,10029,"['Herpud1', 'Hsp90b1', 'HSPA5', 'Pdia4']","['Herpud1', 'Hsp90b1', 'HSPA5', 'Pdia4']",1.89e-10,1.62e-06,(2024) Characterization of the Ubiquitin-Modified Proteome of Recombinant Chinese Hamster Ovary Cells in Response to Endoplasmic Reticulum Stress.,4,True,False
PMID,PMID:33995412,5,24,10029,"['DNAJB9', 'Pdia6', 'Herpud1', 'HSPA5', 'Hyou1']","['DNAJB9', 'Pdia6', 'Herpud1', 'HSPA5', 'Hyou1']",1.76e-10,1.62e-06,(2021) Early Emergence of Adaptive Mechanisms Sustaining Ig Production: Application to Antibody Therapy.,4,True,False
PMID,PMID:29440509,5,26,10029,"['Edem1', 'Sel1l', 'Calr', 'Herpud1', 'HSPA5']","['Edem1', 'Sel1l', 'Calr', 'Herpud1', 'HSPA5']",2.52e-10,1.62e-06,(2018) The unfolded protein response regulator ATF6 promotes mesodermal differentiation.,4,True,False
PMID,PMID:23956175,5,28,10029,"['Pdia6', 'Calr', 'HSPA5', 'Hyou1', 'Creld2']","['Pdia6', 'Calr', 'HSPA5', 'Hyou1', 'Creld2']",3.51e-10,1.62e-06,(2013) ArmetManf and Creld2 are components of a specialized ER stress response provoked by inappropriate formation of disulphide bonds: implications for genetic skeletal diseases.,4,True,False
PMID,PMID:28832690,4,7,10029,"['Edem1', 'Calr', 'Herpud1', 'HSPA5']","['Edem1', 'Calr', 'Herpud1', 'HSPA5']",4.94e-10,1.94e-06,(2017) Development of a fluorescent reporter system for monitoring ER stress in Chinese hamster ovary cells and its application for therapeutic protein production.,4,True,False
PMID,PMID:32695144,4,8,10029,"['Calr', 'Herpud1', 'Hsp90b1', 'HSPA5']","['Calr', 'Herpud1', 'Hsp90b1', 'HSPA5']",7.41e-10,2.55e-06,(2020) Low Density Lipoprotein Receptor Variants in the Beta-Propeller Subdomain and Their Functional Impact.,4,True,False
PMID,PMID:35510852,5,37,10029,"['Sel1l', 'Hsp90b1', 'HSPA5', 'Hyou1', 'Pdia4']","['Sel1l', 'Hsp90b1', 'HSPA5', 'Hyou1', 'Pdia4']",1.25e-09,3.82e-06,(2022) SARS-CoV-2 Infection of Microglia Elicits Proinflammatory Activation and Apoptotic Cell Death.,4,True,False
PMID,PMID:30056836,4,17,10029,"['DNAJB9', 'Sel1l', 'Pdia6', 'HSPA5']","['DNAJB9', 'Sel1l', 'Pdia6', 'HSPA5']",8.89e-09,2.45e-05,(2018) Quality Control in the Endoplasmic Reticulum: Crosstalk between ERAD and UPR pathways.,4,True,False
PMID,PMID:35654139,4,18,10029,"['Pdia6', 'Calr', 'HSPA5', 'Pdia4']","['Pdia6', 'Calr', 'HSPA5', 'Pdia4']",1.09e-08,2.72e-05,(2022) Critical roles of protein disulfide isomerases in balancing proteostasis in the nervous system.,4,True,False
PMID,PMID:31004255,4,20,10029,"['FICD', 'DNAJB9', 'Sel1l', 'Calr']","['FICD', 'DNAJB9', 'Sel1l', 'Calr']",1.57e-08,3.61e-05,(2019) Protein Quality Control in the Endoplasmic Reticulum.,4,True,False
PMID,PMID:29023422,4,21,10029,"['Edem1', 'Calr', 'Hsp90b1', 'HSPA5']","['Edem1', 'Calr', 'Hsp90b1', 'HSPA5']",1.87e-08,3.96e-05,"(2017) Plant Ribosome-Inactivating Proteins: Progesses, Challenges and Biotechnological Applications (and a Few Digressions).",4,True,False
PMID,PMID:26913574,4,29,10029,"['Pdia6', 'Calr', 'Hsp90b1', 'Pdia4']","['Pdia6', 'Calr', 'Hsp90b1', 'Pdia4']",6.02e-08,0.00012,(2016) Proteomic differences in recombinant CHO cells producing two similar antibody fragments.,4,True,False
PMID,PMID:37163105,3,7,10029,"['DNAJB9', 'Edem1', 'Calr']","['DNAJB9', 'Edem1', 'Calr']",1.72e-07,0.00032,(2023) The conformational landscape of a serpin N-terminal subdomain facilitates folding and in-cell quality control.,4,True,False
PMID,PMID:36876137,3,9,10029,"['Edem1', 'Sel1l', 'Calr']","['Edem1', 'Sel1l', 'Calr']",3.14e-07,0.00054,(2023) COP I and II dependent trafficking controls ER-associated degradation in mammalian cells.,4,True,False
PMID,PMID:33295873,3,10,10029,"['FICD', 'Calr', 'HSPA5']","['FICD', 'Calr', 'HSPA5']",4.09e-07,0.00066,(2020) Calcium depletion challenges endoplasmic reticulum proteostasis by destabilising BiP-substrate complexes.,4,True,False
PMID,PMID:25428988,3,13,10029,"['Edem1', 'Sel1l', 'Calr']","['Edem1', 'Sel1l', 'Calr']",7.98e-07,0.0012,(2015) Reglucosylation by UDP-glucose:glycoprotein glucosyltransferase 1 delays glycoprotein secretion but not degradation.,4,True,False
PMID,PMID:31498082,3,14,10029,"['Pdia6', 'Calr', 'HSPA5']","['Pdia6', 'Calr', 'HSPA5']",9.68e-07,0.0014,(2019) Mitochondria supply ATP to the ER through a mechanism antagonized by cytosolic Ca(2).,4,True,False
PMID,PMID:33510762,3,16,10029,"['Calr', 'HSPA5', 'Alg12']","['Calr', 'HSPA5', 'Alg12']",1.38e-06,0.0019,(2020) The Crucial Role of Demannosylating Asparagine-Linked Glycans in ERADicating Misfolded Glycoproteins in the Endoplasmic Reticulum.,4,True,False
PMID,PMID:32913333,3,21,10029,"['Dnajc3', 'HSPA5', 'Pdia4']","['Dnajc3', 'HSPA5', 'Pdia4']",2.87e-06,0.0038,(2020) Proteomics provides insights into the inhibition of Chinese hamster V79 cell proliferation in the deep underground environment.,4,True,False
PMID,PMID:21080494,3,25,10029,"['Sel1l', 'Calr', 'HSPA5']","['Sel1l', 'Calr', 'HSPA5']",4.62e-06,0.0058,(2010) Molecular characterization of the endoplasmic reticulum: insights from proteomic studies.,4,True,False
PMID,PMID:36118584,3,26,10029,"['Dnajc3', 'Hsp90b1', 'HSPA5']","['Dnajc3', 'Hsp90b1', 'HSPA5']",5.15e-06,0.0062,(2022) Investigation of metabolic crosstalk between host and pathogenic Clostridioides difficile via multiomics approaches.,4,True,False
PMID,PMID:27911326,3,27,10029,"['Pdia6', 'Calr', 'Pdia4']","['Pdia6', 'Calr', 'Pdia4']",5.72e-06,0.0066,(2017) Localization and Processing of the Amyloid-beta Protein Precursor in Mitochondria-Associated Membranes.,4,True,False
PMID,PMID:19520495,3,27,10029,"['Calr', 'HSPA5', 'Pdia4']","['Calr', 'HSPA5', 'Pdia4']",5.72e-06,0.0066,(2010) Molecular mechanisms involved in farnesol-induced apoptosis.,4,True,False
PMID,PMID:34134991,3,29,10029,"['DNAJB9', 'HSPA5', 'Hyou1']","['DNAJB9', 'HSPA5', 'Hyou1']",6.98e-06,0.0074,(2021) Targeting highly pathogenic coronavirus-induced apoptosis reduces viral pathogenesis and disease severity.,4,True,False
PMID,PMID:36244454,3,31,10029,"['HSPA5', 'Hyou1', 'Pdia4']","['HSPA5', 'Hyou1', 'Pdia4']",8.41e-06,0.0086,(2022) Heat shock protein Hspa13 regulates endoplasmic reticulum and cytosolic proteostasis through modulation of protein translocation.,4,True,False
PMID,PMID:20307306,3,34,10029,"['Calr', 'Hsp90b1', 'HSPA5']","['Calr', 'Hsp90b1', 'HSPA5']",1.09e-05,0.0107,(2010) A proteomic study of cMyc improvement of CHO culture.,4,True,False
PMID,PMID:37487508,2,3,10029,"['Hsp90b1', 'Hyou1']","['Hsp90b1', 'Hyou1']",1.32e-05,0.0125,(2023) Protein-Specific Signal Peptides for Mammalian Vector Engineering.,4,True,False
PMID,PMID:33240873,3,37,10029,"['DNAJB9', 'Calr', 'HSPA5']","['DNAJB9', 'Calr', 'HSPA5']",1.38e-05,0.0125,(2020) Functional Peroxisomes Are Essential for Efficient Cholesterol Sensing and Synthesis.,4,True,False
PMID,PMID:19448334,2,3,10029,"['Calr', 'HSPA5']","['Calr', 'HSPA5']",1.32e-05,0.0125,(2009) Aortic ER stress in streptozotocin-induced diabetes mellitus in APA hamsters.,4,True,False
PMID,PMID:35123066,2,4,10029,"['Dnajc3', 'Hsp90b1']","['Dnajc3', 'Hsp90b1']",1.98e-05,0.017,(2022) Autophagy and intracellular product degradation genes identified by systems biology analysis reduce aggregation of bispecific antibody in CHO cells.,4,True,False
PMID,PMID:33910017,3,42,10029,"['DNAJB9', 'Manf', 'HSPA5']","['DNAJB9', 'Manf', 'HSPA5']",1.98e-05,0.017,(2021) A target-agnostic screen identifies approved drugs to stabilize the endoplasmic reticulum-resident proteome.,4,True,False
PMID,PMID:34424810,3,44,10029,"['Calr', 'Hsp90b1', 'Hyou1']","['Calr', 'Hsp90b1', 'Hyou1']",2.26e-05,0.017,(2021) Untargeted proteomics reveals upregulation of stress response pathways during CHO-based monoclonal antibody manufacturing process leading to disulfide bond reduction.,4,True,False
PMID,PMID:29323465,2,4,10029,"['Herpud1', 'HSPA5']","['Herpud1', 'HSPA5']",1.98e-05,0.017,(2018) Multiplexed Digital mRNA Expression Analysis Profiles System-Wide Changes in mRNA Abundance and Responsiveness of UPR-Specific Gene Expression Changes During Batch Culture of Recombinant Chinese Hamster Ovary Cells.,4,True,False
PMID,PMID:29064368,2,4,10029,"['FICD', 'HSPA5']","['FICD', 'HSPA5']",1.98e-05,0.017,(2017) AMPylation targets the rate-limiting step of BiPs ATPase cycle for its functional inactivation.,4,True,False
PMID,PMID:22510960,2,4,10029,"['Calr', 'HSPA5']","['Calr', 'HSPA5']",1.98e-05,0.017,(2012) Development of a novel ER stress based selection system for the isolation of highly productive clones.,4,True,False
PMID,PMID:19136429,2,4,10029,"['Calr', 'HSPA5']","['Calr', 'HSPA5']",1.98e-05,0.017,(2009) Hepatic lipase maturation: a partial proteome of interacting factors.,4,True,False
PMID,PMID:27088090,2,5,10029,"['Manf', 'Calr']","['Manf', 'Calr']",2.77e-05,0.0195,(2016) Identification and Evolutionary Analysis of Potential Candidate Genes in a Human Eating Disorder.,4,True,False
PMID,PMID:26692086,2,5,10029,"['Calr', 'HSPA5']","['Calr', 'HSPA5']",2.77e-05,0.0195,(2015) The Role of the Carboxyl Terminus Helix C-D Linker in Regulating KCNQ3 K+ Current Amplitudes by Controlling Channel Trafficking.,4,True,False
PMID,PMID:18695044,2,5,10029,"['Calr', 'HSPA5']","['Calr', 'HSPA5']",2.77e-05,0.0195,(2008) Regulation of protein O-glycosylation by the endoplasmic reticulum-localized molecular chaperone Cosmc.,4,True,False
PMID,PMID:38896138,2,6,10029,"['HSPA5', 'Pdia4']","['HSPA5', 'Pdia4']",3.69e-05,0.0242,(2024) Quantitative proteomics reveals cellular responses to individual mAb expression and tunicamycin in CHO cells.,4,True,False
PMID,PMID:32271992,2,6,10029,"['Herpud1', 'HSPA5']","['Herpud1', 'HSPA5']",3.69e-05,0.0242,(2021) Temperature Down-Shift Modifies Expression of UPR-ERAD-Related Genes and Enhances Production of a Chimeric Fusion Protein in CHO Cells.,4,True,False
PMID,PMID:31808946,2,6,10029,"['Calr', 'HSPA5']","['Calr', 'HSPA5']",3.69e-05,0.0242,(2020) Pathophysiology and targets for treatment in hereditary galactosemia: A systematic review of animal and cellular models.,4,True,False
PMID,PMID:27931136,2,6,10029,"['Calr', 'HSPA5']","['Calr', 'HSPA5']",3.69e-05,0.0242,(2017) Iminosugars: Promising therapeutics for influenza infection.,4,True,False
PMID,PMID:27738645,2,6,10029,"['Calr', 'HSPA5']","['Calr', 'HSPA5']",3.69e-05,0.0242,(2016) Overexpression of factor VIII after AAV delivery is transiently associated with cellular stress in hemophilia A mice.,4,True,False
PMID,PMID:20070606,2,6,10029,"['Calr', 'HSPA5']","['Calr', 'HSPA5']",3.69e-05,0.0242,"(2010) Mechanisms of function of tapasin, a critical major histocompatibility complex class I assembly factor.",4,True,False
PMID,PMID:34109214,2,7,10029,"['Calr', 'HSPA5']","['Calr', 'HSPA5']",4.74e-05,0.0272,(2021) Scrutinizing Coronaviruses Using Publicly Available Bioinformatic Tools: The Viral Structural Proteins as a Case Study.,4,True,False
PMID,PMID:34536241,2,7,10029,"['Calr', 'HSPA5']","['Calr', 'HSPA5']",4.74e-05,0.0272,(2021) Secretion of a low-molecular-weight species of endogenous GRP94 devoid of the KDEL motif during endoplasmic reticulum stress in Chinese hamster ovary cells.,4,True,False
PMID,PMID:26657798,2,7,10029,"['Hsp90b1', 'HSPA5']","['Hsp90b1', 'HSPA5']",4.74e-05,0.0272,(2015) Versatile microscale screening platform for improving recombinant protein productivity in Chinese hamster ovary cells.,4,True,False
PMID,PMID:25078082,2,7,10029,"['Sel1l', 'Calr']","['Sel1l', 'Calr']",4.74e-05,0.0272,(2014) Cytolethal distending toxins require components of the ER-associated degradation pathway for host cell entry.,4,True,False
PMID,PMID:27345611,3,60,10029,"['Hsp90b1', 'HSPA5', 'Hyou1']","['Hsp90b1', 'HSPA5', 'Hyou1']",5.45e-05,0.0289,(2016) A theoretical estimate for nucleotide sugar demand towards Chinese Hamster Ovary cellular glycosylation.,4,True,False
PMID,PMID:35781137,2,8,10029,"['Calr', 'Hsp90b1']","['Calr', 'Hsp90b1']",5.92e-05,0.0307,(2022) Process- and product-related impurities in the ChAdOx1 nCov-19 vaccine.,4,True,False
PMID,PMID:29515182,2,8,10029,"['Hsp90b1', 'HSPA5']","['Hsp90b1', 'HSPA5']",5.92e-05,0.0307,(2018) Low incubation temperature during early development negatively affects survival and related innate immune processes in zebrafish larvae exposed to lipopolysaccharide.,4,True,False
PMID,PMID:22973456,2,8,10029,"['Calr', 'HSPA5']","['Calr', 'HSPA5']",5.92e-05,0.0307,(2012) Chemical chaperones improve protein secretion and rescue mutant factor VIII in mice with hemophilia A.,4,True,False
PMID,PMID:21573736,2,8,10029,"['Calr', 'HSPA5']","['Calr', 'HSPA5']",5.92e-05,0.0307,(2011) Antigen retrieval to improve the immunocytochemistry detection of sigma-1 receptors and ER chaperones.,4,True,False
PMID,PMID:9566965,2,8,10029,"['Calr', 'HSPA5']","['Calr', 'HSPA5']",5.92e-05,0.0307,(1998) Folding of insulin receptor monomers is facilitated by the molecular chaperones calnexin and calreticulin and impaired by rapid dimerization.,4,True,False
PMID,PMID:34131805,2,9,10029,"['Sel1l', 'Hsp90b1']","['Sel1l', 'Hsp90b1']",7.23e-05,0.0343,(2021) Differential expression of miRNAs and functional role of mir-200a in high and low productivity CHO cells expressing an Fc fusion protein.,4,True,False
PMID,PMID:34925422,2,9,10029,"['Calr', 'Alg12']","['Calr', 'Alg12']",7.23e-05,0.0343,(2021) Global Profiling of N-Glycoproteins and N-Glycans in the Diatom Phaeodactylum tricornutum.,4,True,False
PMID,PMID:30788454,2,9,10029,"['Calr', 'HSPA5']","['Calr', 'HSPA5']",7.23e-05,0.0343,(2019) IGFBP-3 Induced by Ribotoxic Stress Traffics From the Endoplasmic Reticulum to the Nucleus in Mammary Epithelial Cells.,4,True,False
PMID,PMID:31185295,2,10,10029,"['Calr', 'HSPA5']","['Calr', 'HSPA5']",8.67e-05,0.0391,(2019) N-Glycan-calnexin interactions in human factor VII secretion and deficiency.,4,True,False
PMID,PMID:27918543,2,10,10029,"['FICD', 'HSPA5']","['FICD', 'HSPA5']",8.67e-05,0.0391,(2017) FICD acts bifunctionally to AMPylate and de-AMPylate the endoplasmic reticulum chaperone BiP.,4,True,False
PMID,PMID:23857904,2,10,10029,"['HSPA5', 'Hyou1']","['HSPA5', 'Hyou1']",8.67e-05,0.0391,(2013) The genome sequence of Leishmania (Leishmania) amazonensis: functional annotation and extended analysis of gene models.,4,True,False
PMID,PMID:21599712,2,10,10029,"['Manf', 'HSPA5']","['Manf', 'HSPA5']",8.67e-05,0.0391,(2011) Ethanol induces endoplasmic reticulum stress in the developing brain.,4,True,False
PMID,PMID:30178305,3,73,10029,"['Calr', 'Egr1', 'HSPA5']","['Calr', 'Egr1', 'HSPA5']",9.56e-05,0.0405,"(2018) Radiation, inflammation and the immune response in cancer.",4,True,False
PMID,PMID:36704923,2,11,10029,"['FICD', 'HSPA5']","['FICD', 'HSPA5']",0.0001,0.0427,(2023) Infancy-onset diabetes caused by de-regulated AMPylation of the human endoplasmic reticulum chaperone BiP.,4,True,False
PMID,PMID:32225009,2,11,10029,"['I79_006506', 'Calr']","['I79_006506', 'Calr']",0.0001,0.0427,(2020) TNFa and IL2 Encoding Oncolytic Adenovirus Activates Pathogen and Danger-Associated Immunological Signaling.,4,True,False
PMID,PMID:19420237,2,11,10029,"['Calr', 'HSPA5']","['Calr', 'HSPA5']",0.0001,0.0427,(2009) ATF6alpha induces XBP1-independent expansion of the endoplasmic reticulum.,4,True,False
PMID,PMID:36575109,2,12,10029,"['Egr1', 'Herpud1']","['Egr1', 'Herpud1']",0.00012,0.0476,(2023) SLAM-seq reveals early transcriptomic response mechanisms upon glutamine deprivation in Chinese hamster ovary cells.,4,True,False
PMID,PMID:32268491,2,12,10029,"['Calr', 'HSPA5']","['Calr', 'HSPA5']",0.00012,0.0476,(2020) Overexpression of GRP78BiP in P-Glycoprotein-Positive L1210 Cells is Responsible for Altered Response of Cells to Tunicamycin as a Stressor of the Endoplasmic Reticulum.,4,True,False
PMID,PMID:33391324,2,12,10029,"['Calr', 'Alg12']","['Calr', 'Alg12']",0.00012,0.0476,(2020) N- and O-Glycosylation Pathways in the Microalgae Polyphyletic Group.,4,True,False
PMID,PMID:31356625,2,12,10029,"['Calr', 'HSPA5']","['Calr', 'HSPA5']",0.00012,0.0476,(2019) The host cell secretory pathway mediates the export of Leishmania virulence factors out of the parasitophorous vacuole.,4,True,False
PMID,PMID:24038607,2,12,10029,"['Calr', 'Piga']","['Calr', 'Piga']",0.00012,0.0476,(2013) SAS1B protein [ovastacin] shows temporal and spatial restriction to oocytes in several eutherian orders and initiates translation at the primary to secondary follicle transition.,4,True,False
RCTM,MAP-381119,5,70,10029,"['DNAJB9', 'Edem1', 'Herpud1', 'Ddit3', 'Hyou1']","['DNAJB9', 'Edem1', 'Herpud1', 'Ddit3', 'Hyou1']",2.47e-08,4.22e-05,Unfolded Protein Response (UPR),4,True,True
RCTM,MAP-901042,3,29,10029,"['Edem1', 'Calr', 'Pdia4']","['Edem1', 'Calr', 'Pdia4']",6.98e-06,0.006,Calnexin/calreticulin cycle,4,True,True
RCTM,MAP-381070,3,43,10029,"['DNAJB9', 'Edem1', 'Hyou1']","['DNAJB9', 'Edem1', 'Hyou1']",2.11e-05,0.0105,IRE1alpha activates chaperones,4,True,True
RCTM,MAP-381426,4,141,10029,"['Dnajc3', 'Pdia6', 'Hsp90b1', 'I79_022367']","['Dnajc3', 'Pdia6', 'Hsp90b1', 'I79_022367']",2.38e-05,0.0105,Regulation of Insulin-like Growth Factor (IGF) transport and uptake by Insulin-like Growth Factor Binding Proteins (IGFBPs),4,True,True
RCTM,MAP-532668,3,41,10029,"['Edem1', 'Calr', 'Pdia4']","['Edem1', 'Calr', 'Pdia4']",1.85e-05,0.0105,N-glycan trimming in the ER and Calnexin/Calreticulin cycle,4,True,True
RCTM,MAP-597592,10,1906,10029,"['Dnajc3', 'Edem1', 'Gmppb', 'Pdia6', 'Calr', 'Piga', 'Hsp90b1', 'Alg12', 'Pdia4', 'I79_022367']","['Dnajc3', 'Edem1', 'Gmppb', 'Pdia6', 'Calr', 'Piga', 'Hsp90b1', 'Alg12', 'Pdia4', 'I79_022367']",3.66e-05,0.0105,Post-translational protein modification,4,True,True
RCTM,MAP-8957275,4,134,10029,"['Dnajc3', 'Pdia6', 'Hsp90b1', 'I79_022367']","['Dnajc3', 'Pdia6', 'Hsp90b1', 'I79_022367']",1.96e-05,0.0105,Post-translational protein phosphorylation,4,True,True
RCTM,MAP-983170,3,43,10029,"['Calr', 'HSPA5', 'Pdia4']","['Calr', 'HSPA5', 'Pdia4']",2.11e-05,0.0105,"Antigen Presentation: Folding, assembly and peptide loading of class I MHC",4,True,True
RCTM,MAP-446203,5,397,10029,"['Edem1', 'Gmppb', 'Calr', 'Alg12', 'Pdia4']","['Edem1', 'Gmppb', 'Calr', 'Alg12', 'Pdia4']",9.38e-05,0.0178,Asparagine N-linked glycosylation,4,True,True
RCTM,MAP-2173782,3,83,10029,"['Calr', 'Hsp90b1', 'Hyou1']","['Calr', 'Hsp90b1', 'Hyou1']",0.00014,0.0235,Binding and Uptake of Ligands by Scavenger Receptors,4,True,True
RCTM,MAP-3000480,2,13,10029,"['Calr', 'Hsp90b1']","['Calr', 'Hsp90b1']",0.00014,0.0235,Scavenging by Class A Receptors,4,True,True
RCTM,MAP-2262752,6,741,10029,"['DNAJB9', 'Edem1', 'Herpud1', 'Ddit3', 'HSPA5', 'Hyou1']","['DNAJB9', 'Edem1', 'Herpud1', 'Ddit3', 'HSPA5', 'Hyou1']",0.00019,0.0271,Cellular responses to stress,4,True,True
RCTM,MAP-381042,2,17,10029,"['Herpud1', 'Ddit3']","['Herpud1', 'Ddit3']",0.00022,0.0271,PERK regulates gene expression,4,True,True
RCTM,MAP-392499,11,2810,10029,"['Dnajc3', 'Edem1', 'Gmppb', 'Pdia6', 'Calr', 'Piga', 'Hsp90b1', 'Ero1b', 'Alg12', 'Pdia4', 'I79_022367']","['Dnajc3', 'Edem1', 'Gmppb', 'Pdia6', 'Calr', 'Piga', 'Hsp90b1', 'Ero1b', 'Alg12', 'Pdia4', 'I79_022367']",0.00019,0.0271,Metabolism of proteins,4,True,True
RCTM,MAP-8953897,6,755,10029,"['DNAJB9', 'Edem1', 'Herpud1', 'Ddit3', 'HSPA5', 'Hyou1']","['DNAJB9', 'Edem1', 'Herpud1', 'Ddit3', 'HSPA5', 'Hyou1']",0.00021,0.0271,Cellular responses to stimuli,4,True,True
NetworkNeighborAL,CL:2803,12,32,10029,"['Dnajc3', 'Edem1', 'Manf', 'Pdia6', 'Calr', 'I79_009504', 'Hsp90b1', 'Ero1b', 'HSPA5', 'Hyou1', 'Creld2', 'Pdia4']","['Dnajc3', 'Edem1', 'Manf', 'Pdia6', 'Calr', 'I79_009504', 'Hsp90b1', 'Ero1b', 'HSPA5', 'Hyou1', 'Creld2', 'Pdia4']",8.690000000000001e-27,3.6899999999999996e-23,"Mixed, incl. Endoplasmic reticulum chaperone complex, and Calnexin/calreticulin cycle",4,True,True
NetworkNeighborAL,CL:2798,13,82,10029,"['FICD', 'Dnajc3', 'Edem1', 'Manf', 'Pdia6', 'Calr', 'I79_009504', 'Hsp90b1', 'Ero1b', 'HSPA5', 'Hyou1', 'Creld2', 'Pdia4']","['FICD', 'Dnajc3', 'Edem1', 'Manf', 'Pdia6', 'Calr', 'I79_009504', 'Hsp90b1', 'Ero1b', 'HSPA5', 'Hyou1', 'Creld2', 'Pdia4']",9.36e-25,1.9900000000000003e-21,"Mixed, incl. Protein processing in endoplasmic reticulum, and Oligosaccharyltransferase complex",4,True,True
NetworkNeighborAL,CL:2805,9,25,10029,"['Dnajc3', 'Edem1', 'Pdia6', 'Calr', 'Hsp90b1', 'Ero1b', 'HSPA5', 'Hyou1', 'Pdia4']","['Dnajc3', 'Edem1', 'Pdia6', 'Calr', 'Hsp90b1', 'Ero1b', 'HSPA5', 'Hyou1', 'Pdia4']",5.08e-20,4.31e-17,"Mixed, incl. Calnexin/calreticulin cycle, and Protein folding in endoplasmic reticulum",4,True,True
NetworkNeighborAL,CL:2807,7,18,10029,"['Dnajc3', 'Pdia6', 'Hsp90b1', 'Ero1b', 'HSPA5', 'Hyou1', 'Pdia4']","['Dnajc3', 'Pdia6', 'Hsp90b1', 'Ero1b', 'HSPA5', 'Hyou1', 'Pdia4']",6.35e-16,4.49e-13,"Mixed, incl. Endoplasmic reticulum chaperone complex, and Calreticulin family",4,True,True
NetworkNeighborAL,CL:2809,6,11,10029,"['Dnajc3', 'Pdia6', 'Hsp90b1', 'HSPA5', 'Hyou1', 'Pdia4']","['Dnajc3', 'Pdia6', 'Hsp90b1', 'HSPA5', 'Hyou1', 'Pdia4']",1.79e-14,1.08e-11,"Mixed, incl. Endoplasmic reticulum chaperone complex, and Nitration",4,True,True
NetworkNeighborAL,CL:2811,4,5,10029,"['Hsp90b1', 'HSPA5', 'Hyou1', 'Pdia4']","['Hsp90b1', 'HSPA5', 'Hyou1', 'Pdia4']",1.89e-10,1e-07,"Endoplasmic reticulum chaperone complex, and Nitration",4,True,True
Process,GO:0007275,23,4353,10029,"['Rnf213', 'Syne2', 'Herc1', 'Pkd1', 'Nav2', 'Birc6', 'Tanc2', 'Lama5', 'I79_009930', 'Mycbp2', 'Hspg2', 'Map1b', 'I79_012206', 'Notch2', 'Cbl', 'Fat1', 'Lrp1', 'Dst', 'Fn1', 'Ep300', 'Kmt2a', 'Kmt2d', 'Mki67']","['Rnf213', 'Syne2', 'Herc1', 'Pkd1', 'Nav2', 'Birc6', 'Tanc2', 'Lama5', 'I79_009930', 'Fbxl3', 'Hspg2', 'Map1b', 'I79_012206', 'Notch2', 'Cblb', 'Fat1', 'Lrp1', 'Dst', 'Fn1', 'Ep300', 'Kmt2a', 'Kmt2d', 'Mki67']",3.56e-08,0.00045,Multicellular organism development,5,True,True
Process,GO:0009653,17,2377,10029,"['Rnf213', 'Herc1', 'Pkd1', 'Flnb', 'Lama5', 'I79_009930', 'Mycbp2', 'Hspg2', 'Map1b', 'I79_012206', 'Notch2', 'Fat1', 'Lrp1', 'Dst', 'Fn1', 'Ep300', 'Mki67']","['Rnf213', 'Herc1', 'Pkd1', 'Flnb', 'Lama5', 'I79_009930', 'Fbxl3', 'Hspg2', 'Map1b', 'I79_012206', 'Notch2', 'Fat1', 'Lrp1', 'Dst', 'Fn1', 'Ep300', 'Mki67']",8.95e-08,0.00057,Anatomical structure morphogenesis,5,True,True
Process,GO:0016043,25,5621,10029,"['Mdn1', 'Rnf213', 'Stard9', 'Dync1h1', 'Syne2', 'Herc1', 'Utrn', 'Pkd1', 'Ep400', 'Nav2', 'Flnb', 'Lama5', 'Mycbp2', 'Hspg2', 'Map1b', 'I79_012206', 'Fat1', 'Lrp1', 'Dst', 'Trrap', 'Fn1', 'Ep300', 'Kmt2a', 'Kmt2d', 'I79_019335']","['Mdn1', 'Rnf213', 'Stard9', 'Dync1h1', 'Syne2', 'Herc1', 'Utrn', 'Pkd1', 'Ep400', 'Nav2', 'Flnb', 'Lama5', 'Fbxl3', 'Hspg2', 'Map1b', 'I79_012206', 'Fat1', 'Lrp1', 'Dst', 'Trrap', 'Fn1', 'Ep300', 'Kmt2a', 'Kmt2d', 'I79_019335']",1.77e-07,0.00067,Cellular component organization,5,True,True
Process,GO:0032502,25,5590,10029,"['Rnf213', 'Syne2', 'Herc1', 'Pkd1', 'Nav2', 'Birc6', 'Flnb', 'Tanc2', 'Lama5', 'I79_009930', 'Mycbp2', 'Hspg2', 'Map1b', 'I79_012206', 'Notch2', 'Cbl', 'Herc2', 'Fat1', 'Lrp1', 'Dst', 'Fn1', 'Ep300', 'Kmt2a', 'Kmt2d', 'Mki67']","['Rnf213', 'Syne2', 'Herc1', 'Pkd1', 'Nav2', 'Birc6', 'Flnb', 'Tanc2', 'Lama5', 'I79_009930', 'Fbxl3', 'Hspg2', 'Map1b', 'I79_012206', 'Notch2', 'Cblb', 'Herc2', 'Fat1', 'Lrp1', 'Dst', 'Fn1', 'Ep300', 'Kmt2a', 'Kmt2d', 'Mki67']",1.58e-07,0.00067,Developmental process,5,True,True
Process,GO:0036211,18,2803,10029,"['Rnf213', 'Hectd4', 'Herc1', 'I79_006430', 'Pkd1', 'Ep400', 'Birc6', 'Hipk2', 'Mycbp2', 'Cbl', 'Herc2', 'Trrap', 'Fn1', 'Ep300', 'Kmt2a', 'Kmt2d', 'Ubr4', 'Smg1']","['Rnf213', 'Hectd4', 'Herc1', 'I79_006430', 'Pkd1', 'Ep400', 'Birc6', 'Hipk2', 'Fbxl3', 'Cblb', 'Herc2', 'Trrap', 'Fn1', 'Ep300', 'Kmt2a', 'Kmt2d', 'Ubr4', 'Smg1']",1.6e-07,0.00067,Protein modification process,5,True,True
Process,GO:0048856,24,5157,10029,"['Rnf213', 'Syne2', 'Herc1', 'Pkd1', 'Nav2', 'Birc6', 'Flnb', 'Tanc2', 'Lama5', 'I79_009930', 'Mycbp2', 'Hspg2', 'Map1b', 'I79_012206', 'Notch2', 'Cbl', 'Fat1', 'Lrp1', 'Dst', 'Fn1', 'Ep300', 'Kmt2a', 'Kmt2d', 'Mki67']","['Rnf213', 'Syne2', 'Herc1', 'Pkd1', 'Nav2', 'Birc6', 'Flnb', 'Tanc2', 'Lama5', 'I79_009930', 'Fbxl3', 'Hspg2', 'Map1b', 'I79_012206', 'Notch2', 'Cblb', 'Fat1', 'Lrp1', 'Dst', 'Fn1', 'Ep300', 'Kmt2a', 'Kmt2d', 'Mki67']",1.7e-07,0.00067,Anatomical structure development,5,True,True
Process,GO:0009790,12,1236,10029,"['Pkd1', 'Birc6', 'Tanc2', 'Lama5', 'I79_009930', 'Hspg2', 'I79_012206', 'Notch2', 'Fn1', 'Ep300', 'Kmt2a', 'Kmt2d']","['Pkd1', 'Birc6', 'Tanc2', 'Lama5', 'I79_009930', 'Hspg2', 'I79_012206', 'Notch2', 'Fn1', 'Ep300', 'Kmt2a', 'Kmt2d']",5.54e-07,0.00078,Embryo development,5,True,True
Process,GO:0000904,9,630,10029,"['Flnb', 'Lama5', 'Mycbp2', 'Map1b', 'Fat1', 'Lrp1', 'Dst', 'Fn1', 'Ep300']","['Flnb', 'Lama5', 'Fbxl3', 'Map1b', 'Fat1', 'Lrp1', 'Dst', 'Fn1', 'Ep300']",8.56e-07,0.0011,Cell morphogenesis involved in differentiation,5,True,True
Process,GO:0070647,10,852,10029,"['Rnf213', 'Hectd4', 'Herc1', 'I79_006430', 'Birc6', 'Mycbp2', 'Cbl', 'Herc2', 'Trrap', 'Ubr4']","['Rnf213', 'Hectd4', 'Herc1', 'I79_006430', 'Birc6', 'Fbxl3', 'Cblb', 'Herc2', 'Trrap', 'Ubr4']",1.12e-06,0.0013,Protein modification by small protein conjugation or removal,5,True,True
Process,GO:0006996,19,3632,10029,"['Mdn1', 'Rnf213', 'Stard9', 'Dync1h1', 'Syne2', 'Utrn', 'Ep400', 'Nav2', 'Flnb', 'Lama5', 'Map1b', 'I79_012206', 'Fat1', 'Dst', 'Trrap', 'Ep300', 'Kmt2a', 'Kmt2d', 'I79_019335']","['Mdn1', 'Rnf213', 'Stard9', 'Dync1h1', 'Syne2', 'Utrn', 'Ep400', 'Nav2', 'Flnb', 'Lama5', 'Map1b', 'I79_012206', 'Fat1', 'Dst', 'Trrap', 'Ep300', 'Kmt2a', 'Kmt2d', 'I79_019335']",1.5e-06,0.0015,Organelle organization,5,True,True
Process,GO:0045773,4,55,10029,"['Map1b', 'I79_012206', 'Lrp1', 'Fn1']","['Map1b', 'I79_012206', 'Lrp1', 'Fn1']",2.86e-06,0.0024,Positive regulation of axon extension,5,True,True
Process,GO:0033043,11,1214,10029,"['Dync1h1', 'Syne2', 'Pkd1', 'Mycbp2', 'Map1b', 'Notch2', 'Lrp1', 'Ep300', 'I79_019335', 'Mki67', 'Smg1']","['Dync1h1', 'Syne2', 'Pkd1', 'Fbxl3', 'Map1b', 'Notch2', 'Lrp1', 'Ep300', 'I79_019335', 'Mki67', 'Smg1']",3.57e-06,0.0028,Regulation of organelle organization,5,True,True
Process,GO:0048731,19,3916,10029,"['Rnf213', 'Syne2', 'Herc1', 'Pkd1', 'Nav2', 'Birc6', 'Lama5', 'Mycbp2', 'Hspg2', 'Map1b', 'Notch2', 'Cbl', 'Fat1', 'Lrp1', 'Dst', 'Fn1', 'Ep300', 'Kmt2a', 'Mki67']","['Rnf213', 'Syne2', 'Herc1', 'Pkd1', 'Nav2', 'Birc6', 'Lama5', 'Fbxl3', 'Hspg2', 'Map1b', 'Notch2', 'Cblb', 'Fat1', 'Lrp1', 'Dst', 'Fn1', 'Ep300', 'Kmt2a', 'Mki67']",4.75e-06,0.0035,System development,5,True,True
Process,GO:0006950,17,3187,10029,"['Rnf213', 'I79_006430', 'Pkd1', 'Ep400', 'Flnb', 'Hipk2', 'Map1b', 'I79_012206', 'Notch2', 'Herc2', 'Lrp1', 'Dst', 'Trrap', 'Fn1', 'Ep300', 'Mki67', 'Smg1']","['Rnf213', 'I79_006430', 'Pkd1', 'Ep400', 'Flnb', 'Hipk2', 'Map1b', 'I79_012206', 'Notch2', 'Herc2', 'Lrp1', 'Dst', 'Trrap', 'Fn1', 'Ep300', 'Mki67', 'Smg1']",5.68e-06,0.004,Response to stress,5,True,True
Process,GO:0051128,15,2504,10029,"['Dync1h1', 'Syne2', 'Pkd1', 'Tanc2', 'Mycbp2', 'Hspg2', 'Map1b', 'I79_012206', 'Notch2', 'Lrp1', 'Fn1', 'Ep300', 'I79_019335', 'Mki67', 'Smg1']","['Dync1h1', 'Syne2', 'Pkd1', 'Tanc2', 'Fbxl3', 'Hspg2', 'Map1b', 'I79_012206', 'Notch2', 'Lrp1', 'Fn1', 'Ep300', 'I79_019335', 'Mki67', 'Smg1']",6.46e-06,0.0041,Regulation of cellular component organization,5,True,True
Process,GO:0030705,5,188,10029,"['Dync1h1', 'Syne2', 'Tanc2', 'Map1b', 'Dst']","['Dync1h1', 'Syne2', 'Tanc2', 'Map1b', 'Dst']",1.7e-05,0.0102,Cytoskeleton-dependent intracellular transport,5,True,True
Process,GO:0043967,4,91,10029,"['Ep400', 'Trrap', 'Ep300', 'Kmt2a']","['Ep400', 'Trrap', 'Ep300', 'Kmt2a']",1.91e-05,0.011,Histone H4 acetylation,5,True,True
Process,GO:0009987,38,15994,10029,"['Mdn1', 'Rnf213', 'Stard9', 'Dync1h1', 'Syne2', 'Herc1', 'Utrn', 'I79_006430', 'Pkd1', 'Ep400', 'Nav2', 'Birc6', 'Flnb', 'Tanc2', 'I79_009808', 'Lama5', 'I79_009930', 'Hipk2', 'Mycbp2', 'Hspg2', 'Map1b', 'I79_012206', 'Notch2', 'Cbl', 'Herc2', 'Fat1', 'Lrp1', 'Dst', 'Trrap', 'Fn1', 'Ep300', 'Wdfy3', 'Kmt2a', 'Kmt2d', 'I79_019335', 'Ubr4', 'Mki67', 'Smg1']","['Mdn1', 'Rnf213', 'Stard9', 'Dync1h1', 'Syne2', 'Herc1', 'Utrn', 'I79_006430', 'Pkd1', 'Ep400', 'Nav2', 'Birc6', 'Flnb', 'Tanc2', 'I79_009808', 'Lama5', 'I79_009930', 'Hipk2', 'Fbxl3', 'Hspg2', 'Map1b', 'I79_012206', 'Notch2', 'Cblb', 'Herc2', 'Fat1', 'Lrp1', 'Dst', 'Trrap', 'Fn1', 'Ep300', 'Wdfy3', 'Kmt2a', 'Kmt2d', 'I79_019335', 'Ubr4', 'Mki67', 'Smg1']",2.34e-05,0.0129,Cellular process,5,True,True
Process,GO:0032501,24,6725,10029,"['Rnf213', 'Syne2', 'Herc1', 'Pkd1', 'Nav2', 'Birc6', 'Tanc2', 'Lama5', 'I79_009930', 'Mycbp2', 'Hspg2', 'Map1b', 'I79_012206', 'Notch2', 'Cbl', 'Herc2', 'Fat1', 'Lrp1', 'Dst', 'Fn1', 'Ep300', 'Kmt2a', 'Kmt2d', 'Mki67']","['Rnf213', 'Syne2', 'Herc1', 'Pkd1', 'Nav2', 'Birc6', 'Tanc2', 'Lama5', 'I79_009930', 'Fbxl3', 'Hspg2', 'Map1b', 'I79_012206', 'Notch2', 'Cblb', 'Herc2', 'Fat1', 'Lrp1', 'Dst', 'Fn1', 'Ep300', 'Kmt2a', 'Kmt2d', 'Mki67']",2.65e-05,0.014,Multicellular organismal process,5,True,True
Process,GO:0048468,12,1825,10029,"['Herc1', 'Flnb', 'Lama5', 'Mycbp2', 'Map1b', 'Notch2', 'Fat1', 'Lrp1', 'Dst', 'Fn1', 'Ep300', 'Kmt2d']","['Herc1', 'Flnb', 'Lama5', 'Fbxl3', 'Map1b', 'Notch2', 'Fat1', 'Lrp1', 'Dst', 'Fn1', 'Ep300', 'Kmt2d']",2.99e-05,0.0151,Cell development,5,True,True
Process,GO:0009888,12,1835,10029,"['Pkd1', 'Birc6', 'Flnb', 'Lama5', 'I79_009930', 'Hspg2', 'Map1b', 'I79_012206', 'Notch2', 'Fat1', 'Fn1', 'Ep300']","['Pkd1', 'Birc6', 'Flnb', 'Lama5', 'I79_009930', 'Hspg2', 'Map1b', 'I79_012206', 'Notch2', 'Fat1', 'Fn1', 'Ep300']",3.15e-05,0.0153,Tissue development,5,True,True
Process,GO:0120035,8,760,10029,"['Syne2', 'Tanc2', 'Mycbp2', 'Map1b', 'I79_012206', 'Lrp1', 'Fn1', 'Ep300']","['Syne2', 'Tanc2', 'Fbxl3', 'Map1b', 'I79_012206', 'Lrp1', 'Fn1', 'Ep300']",3.37e-05,0.0158,Regulation of plasma membrane bounded cell projection organization,5,True,True
Process,GO:0010975,7,568,10029,"['Tanc2', 'Mycbp2', 'Map1b', 'I79_012206', 'Lrp1', 'Fn1', 'Ep300']","['Tanc2', 'Fbxl3', 'Map1b', 'I79_012206', 'Lrp1', 'Fn1', 'Ep300']",4.19e-05,0.0177,Regulation of neuron projection development,5,True,True
Process,GO:1990705,2,4,10029,"['Notch2', 'Mki67']","['Notch2', 'Mki67']",4.07e-05,0.0177,Cholangiocyte proliferation,5,True,True
Process,GO:0030154,16,3418,10029,"['Syne2', 'Herc1', 'Nav2', 'Flnb', 'Lama5', 'I79_009930', 'Mycbp2', 'Hspg2', 'Map1b', 'Notch2', 'Fat1', 'Lrp1', 'Dst', 'Fn1', 'Ep300', 'Kmt2d']","['Syne2', 'Herc1', 'Nav2', 'Flnb', 'Lama5', 'I79_009930', 'Fbxl3', 'Hspg2', 'Map1b', 'Notch2', 'Fat1', 'Lrp1', 'Dst', 'Fn1', 'Ep300', 'Kmt2d']",6.36e-05,0.0244,Cell differentiation,5,True,True
Process,GO:0007163,5,259,10029,"['Pkd1', 'Map1b', 'I79_012206', 'Fat1', 'Dst']","['Pkd1', 'Map1b', 'I79_012206', 'Fat1', 'Dst']",7.57e-05,0.0274,Establishment or maintenance of cell polarity,5,True,True
Process,GO:0044648,2,7,10029,"['Kmt2a', 'Kmt2d']","['Kmt2a', 'Kmt2d']",9.75e-05,0.0325,Histone H3-K4 dimethylation,5,True,True
Process,GO:0072574,2,8,10029,"['Notch2', 'Mki67']","['Notch2', 'Mki67']",0.00012,0.0395,Hepatocyte proliferation,5,True,True
Process,GO:0050769,5,296,10029,"['Map1b', 'I79_012206', 'Lrp1', 'Fn1', 'I79_019732']","['Map1b', 'I79_012206', 'Lrp1', 'Fn1', 'I79_019732']",0.00014,0.0432,Positive regulation of neurogenesis,5,True,True
Process,GO:0007399,12,2147,10029,"['Syne2', 'Herc1', 'Pkd1', 'Nav2', 'Lama5', 'Mycbp2', 'Hspg2', 'Map1b', 'Notch2', 'Lrp1', 'Dst', 'Fn1']","['Syne2', 'Herc1', 'Pkd1', 'Nav2', 'Lama5', 'Fbxl3', 'Hspg2', 'Map1b', 'Notch2', 'Lrp1', 'Dst', 'Fn1']",0.00014,0.0433,Nervous system development,5,True,True
Process,GO:0010970,4,157,10029,"['Dync1h1', 'Syne2', 'Map1b', 'Dst']","['Dync1h1', 'Syne2', 'Map1b', 'Dst']",0.00015,0.0437,Transport along microtubule,5,True,True
Process,GO:0072014,2,9,10029,"['Pkd1', 'Notch2']","['Pkd1', 'Notch2']",0.00015,0.0437,Proximal tubule development,5,True,True
Component,GO:0005634,29,7069,10029,"['Mdn1', 'Rnf213', 'Stard9', 'Dync1h1', 'Syne2', 'Utrn', 'I79_006430', 'Pkd1', 'Ep400', 'Nav2', 'Birc6', 'Flnb', 'Hipk2', 'Mycbp2', 'Notch2', 'Cbl', 'Herc2', 'Fat1', 'Lrp1', 'Dst', 'Trrap', 'Ep300', 'Wdfy3', 'Kmt2a', 'Kmt2d', 'I79_019732', 'Ubr4', 'Mki67', 'Smg1']","['Mdn1', 'Rnf213', 'Stard9', 'Dync1h1', 'Syne2', 'Utrn', 'I79_006430', 'Pkd1', 'Ep400', 'Nav2', 'Birc6', 'Flnb', 'Hipk2', 'Fbxl3', 'Notch2', 'Cblb', 'Herc2', 'Fat1', 'Lrp1', 'Dst', 'Trrap', 'Ep300', 'Wdfy3', 'Kmt2a', 'Kmt2d', 'I79_019732', 'Ubr4', 'Mki67', 'Smg1']",2.77e-08,4.75e-05,Nucleus,5,True,True
Component,GO:0031981,18,3363,10029,"['Mdn1', 'Rnf213', 'Syne2', 'Utrn', 'Ep400', 'Nav2', 'Hipk2', 'Notch2', 'Cbl', 'Trrap', 'Ep300', 'Wdfy3', 'Kmt2a', 'Kmt2d', 'I79_019732', 'Ubr4', 'Mki67', 'Smg1']","['Mdn1', 'Rnf213', 'Syne2', 'Utrn', 'Ep400', 'Nav2', 'Hipk2', 'Notch2', 'Cblb', 'Trrap', 'Ep300', 'Wdfy3', 'Kmt2a', 'Kmt2d', 'I79_019732', 'Ubr4', 'Mki67', 'Smg1']",2.42e-06,0.0021,Nuclear lumen,5,True,True
Component,GO:0005654,16,2881,10029,"['Mdn1', 'Syne2', 'Utrn', 'Ep400', 'Nav2', 'Hipk2', 'Notch2', 'Cbl', 'Trrap', 'Ep300', 'Wdfy3', 'Kmt2a', 'Kmt2d', 'I79_019732', 'Ubr4', 'Smg1']","['Mdn1', 'Syne2', 'Utrn', 'Ep400', 'Nav2', 'Hipk2', 'Notch2', 'Cblb', 'Trrap', 'Ep300', 'Wdfy3', 'Kmt2a', 'Kmt2d', 'I79_019732', 'Ubr4', 'Smg1']",7.36e-06,0.0042,Nucleoplasm,5,True,True
Component,GO:0043227,33,11827,10029,"['Mdn1', 'Rnf213', 'Stard9', 'Dync1h1', 'Syne2', 'Herc1', 'Utrn', 'I79_006430', 'Pkd1', 'Ep400', 'Nav2', 'Birc6', 'Flnb', 'Hipk2', 'Mycbp2', 'Map1b', 'I79_012206', 'Notch2', 'Cbl', 'Herc2', 'Fat1', 'Lrp1', 'Dst', 'Trrap', 'Fn1', 'Ep300', 'Wdfy3', 'Kmt2a', 'Kmt2d', 'I79_019732', 'Ubr4', 'Mki67', 'Smg1']","['Mdn1', 'Rnf213', 'Stard9', 'Dync1h1', 'Syne2', 'Herc1', 'Utrn', 'I79_006430', 'Pkd1', 'Ep400', 'Nav2', 'Birc6', 'Flnb', 'Hipk2', 'Fbxl3', 'Map1b', 'I79_012206', 'Notch2', 'Cblb', 'Herc2', 'Fat1', 'Lrp1', 'Dst', 'Trrap', 'Fn1', 'Ep300', 'Wdfy3', 'Kmt2a', 'Kmt2d', 'I79_019732', 'Ubr4', 'Mki67', 'Smg1']",1.68e-05,0.0071,Membrane-bounded organelle,5,True,True
Component,GO:0043229,34,12803,10029,"['Mdn1', 'Rnf213', 'Stard9', 'Dync1h1', 'Syne2', 'Herc1', 'Utrn', 'I79_006430', 'Pkd1', 'Ep400', 'Nav2', 'Birc6', 'Flnb', 'Tanc2', 'Hipk2', 'Mycbp2', 'Map1b', 'I79_012206', 'Notch2', 'Cbl', 'Herc2', 'Fat1', 'Lrp1', 'Dst', 'Trrap', 'Fn1', 'Ep300', 'Wdfy3', 'Kmt2a', 'Kmt2d', 'I79_019732', 'Ubr4', 'Mki67', 'Smg1']","['Mdn1', 'Rnf213', 'Stard9', 'Dync1h1', 'Syne2', 'Herc1', 'Utrn', 'I79_006430', 'Pkd1', 'Ep400', 'Nav2', 'Birc6', 'Flnb', 'Tanc2', 'Hipk2', 'Fbxl3', 'Map1b', 'I79_012206', 'Notch2', 'Cblb', 'Herc2', 'Fat1', 'Lrp1', 'Dst', 'Trrap', 'Fn1', 'Ep300', 'Wdfy3', 'Kmt2a', 'Kmt2d', 'I79_019732', 'Ubr4', 'Mki67', 'Smg1']",3.01e-05,0.0071,Intracellular organelle,5,True,True
Component,GO:0043231,32,11255,10029,"['Mdn1', 'Rnf213', 'Stard9', 'Dync1h1', 'Syne2', 'Herc1', 'Utrn', 'I79_006430', 'Pkd1', 'Ep400', 'Nav2', 'Birc6', 'Flnb', 'Hipk2', 'Mycbp2', 'I79_012206', 'Notch2', 'Cbl', 'Herc2', 'Fat1', 'Lrp1', 'Dst', 'Trrap', 'Fn1', 'Ep300', 'Wdfy3', 'Kmt2a', 'Kmt2d', 'I79_019732', 'Ubr4', 'Mki67', 'Smg1']","['Mdn1', 'Rnf213', 'Stard9', 'Dync1h1', 'Syne2', 'Herc1', 'Utrn', 'I79_006430', 'Pkd1', 'Ep400', 'Nav2', 'Birc6', 'Flnb', 'Hipk2', 'Fbxl3', 'I79_012206', 'Notch2', 'Cblb', 'Herc2', 'Fat1', 'Lrp1', 'Dst', 'Trrap', 'Fn1', 'Ep300', 'Wdfy3', 'Kmt2a', 'Kmt2d', 'I79_019732', 'Ubr4', 'Mki67', 'Smg1']",2.13e-05,0.0071,Intracellular membrane-bounded organelle,5,True,True
Component,GO:0030175,4,117,10029,"['Dync1h1', 'Syne2', 'Utrn', 'Fat1']","['Dync1h1', 'Syne2', 'Utrn', 'Fat1']",4.95e-05,0.0085,Filopodium,5,True,True
Component,GO:0005856,13,2276,10029,"['Mdn1', 'Stard9', 'Dync1h1', 'Syne2', 'Utrn', 'Birc6', 'Flnb', 'Mycbp2', 'Map1b', 'I79_012206', 'Lrp1', 'Dst', 'Ubr4']","['Mdn1', 'Stard9', 'Dync1h1', 'Syne2', 'Utrn', 'Birc6', 'Flnb', 'Fbxl3', 'Map1b', 'I79_012206', 'Lrp1', 'Dst', 'Ubr4']",5.52e-05,0.0086,Cytoskeleton,5,True,True
Component,GO:0031012,6,430,10029,"['Nav2', 'Lama5', 'I79_009930', 'Hspg2', 'Notch2', 'Fn1']","['Nav2', 'Lama5', 'I79_009930', 'Hspg2', 'Notch2', 'Fn1']",8.06e-05,0.0106,Extracellular matrix,5,True,True
Component,GO:0110165,40,18916,10029,"['Mdn1', 'Rnf213', 'Stard9', 'Hectd4', 'Dync1h1', 'Syne2', 'Herc1', 'Utrn', 'I79_006430', 'Pkd1', 'Ep400', 'Nav2', 'Birc6', 'Flnb', 'Tanc2', 'I79_009808', 'Lama5', 'I79_009930', 'Hipk2', 'Mycbp2', 'Hspg2', 'Map1b', 'I79_012206', 'Notch2', 'Cbl', 'Herc2', 'Fat1', 'Lrp1', 'Dst', 'Trrap', 'Fn1', 'Ep300', 'Wdfy3', 'Kmt2a', 'Kmt2d', 'I79_019335', 'I79_019732', 'Ubr4', 'Mki67', 'Smg1']","['Mdn1', 'Rnf213', 'Stard9', 'Hectd4', 'Dync1h1', 'Syne2', 'Herc1', 'Utrn', 'I79_006430', 'Pkd1', 'Ep400', 'Nav2', 'Birc6', 'Flnb', 'Tanc2', 'I79_009808', 'Lama5', 'I79_009930', 'Hipk2', 'Fbxl3', 'Hspg2', 'Map1b', 'I79_012206', 'Notch2', 'Cblb', 'Herc2', 'Fat1', 'Lrp1', 'Dst', 'Trrap', 'Fn1', 'Ep300', 'Wdfy3', 'Kmt2a', 'Kmt2d', 'I79_019335', 'I79_019732', 'Ubr4', 'Mki67', 'Smg1']",9.12e-05,0.0106,Cellular anatomical entity,5,True,True
Component,GO:0043232,19,4832,10029,"['Mdn1', 'Rnf213', 'Stard9', 'Dync1h1', 'Syne2', 'Utrn', 'Ep400', 'Birc6', 'Flnb', 'Tanc2', 'Mycbp2', 'Map1b', 'I79_012206', 'Lrp1', 'Dst', 'Trrap', 'Ubr4', 'Mki67', 'Smg1']","['Mdn1', 'Rnf213', 'Stard9', 'Dync1h1', 'Syne2', 'Utrn', 'Ep400', 'Birc6', 'Flnb', 'Tanc2', 'Fbxl3', 'Map1b', 'I79_012206', 'Lrp1', 'Dst', 'Trrap', 'Ubr4', 'Mki67', 'Smg1']",0.0001,0.011,Intracellular non-membrane-bounded organelle,5,True,True
Component,GO:0062023,5,281,10029,"['Nav2', 'Lama5', 'I79_009930', 'Hspg2', 'Fn1']","['Nav2', 'Lama5', 'I79_009930', 'Hspg2', 'Fn1']",0.00011,0.011,Collagen-containing extracellular matrix,5,True,True
Component,GO:0120025,13,2626,10029,"['Dync1h1', 'Syne2', 'Utrn', 'Pkd1', 'Flnb', 'Tanc2', 'Mycbp2', 'Map1b', 'I79_012206', 'Notch2', 'Fat1', 'Lrp1', 'Dst']","['Dync1h1', 'Syne2', 'Utrn', 'Pkd1', 'Flnb', 'Tanc2', 'Fbxl3', 'Map1b', 'I79_012206', 'Notch2', 'Fat1', 'Lrp1', 'Dst']",0.00024,0.0213,Plasma membrane bounded cell projection,5,True,True
Component,GO:0030424,7,819,10029,"['Dync1h1', 'Utrn', 'Tanc2', 'Mycbp2', 'Map1b', 'Lrp1', 'Dst']","['Dync1h1', 'Utrn', 'Tanc2', 'Fbxl3', 'Map1b', 'Lrp1', 'Dst']",0.00039,0.0321,Axon,5,True,True
Component,GO:0000812,2,17,10029,"['Ep400', 'Trrap']","['Ep400', 'Trrap']",0.00046,0.0357,Swr1 complex,5,True,True
Component,GO:0031527,2,20,10029,"['Syne2', 'Utrn']","['Syne2', 'Utrn']",0.00062,0.0459,Filopodium membrane,5,True,True
Function,GO:0004842,9,403,10029,"['Rnf213', 'Hectd4', 'Herc1', 'I79_006430', 'Birc6', 'Mycbp2', 'Cbl', 'Herc2', 'Ubr4']","['Rnf213', 'Hectd4', 'Herc1', 'I79_006430', 'Birc6', 'Fbxl3', 'Cblb', 'Herc2', 'Ubr4']",2.09e-08,6.89e-05,Ubiquitin-protein transferase activity,5,True,True
Function,GO:0016740,16,2430,10029,"['Rnf213', 'Hectd4', 'Herc1', 'I79_006430', 'Birc6', 'Hipk2', 'Mycbp2', 'Cbl', 'Herc2', 'Trrap', 'Ep300', 'Wdfy3', 'Kmt2a', 'Kmt2d', 'Ubr4', 'Smg1']","['Rnf213', 'Hectd4', 'Herc1', 'I79_006430', 'Birc6', 'Hipk2', 'Fbxl3', 'Cblb', 'Herc2', 'Trrap', 'Ep300', 'Wdfy3', 'Kmt2a', 'Kmt2d', 'Ubr4', 'Smg1']",7.8e-07,0.00086,Transferase activity,5,True,True
Function,GO:0043167,22,5669,10029,"['Mdn1', 'Rnf213', 'Stard9', 'Dync1h1', 'Utrn', 'Ep400', 'Hipk2', 'Mycbp2', 'I79_012206', 'Notch2', 'Cbl', 'Herc2', 'Fat1', 'Lrp1', 'Dst', 'Fn1', 'Ep300', 'Wdfy3', 'Kmt2a', 'Kmt2d', 'Ubr4', 'Smg1']","['Mdn1', 'Rnf213', 'Stard9', 'Dync1h1', 'Utrn', 'Ep400', 'Hipk2', 'Fbxl3', 'I79_012206', 'Notch2', 'Cblb', 'Herc2', 'Fat1', 'Lrp1', 'Dst', 'Fn1', 'Ep300', 'Wdfy3', 'Kmt2a', 'Kmt2d', 'Ubr4', 'Smg1']",2.11e-05,0.0174,Ion binding,5,True,True
Function,GO:0046872,17,3580,10029,"['Rnf213', 'Utrn', 'Mycbp2', 'I79_012206', 'Notch2', 'Cbl', 'Herc2', 'Fat1', 'Lrp1', 'Dst', 'Fn1', 'Ep300', 'Wdfy3', 'Kmt2a', 'Kmt2d', 'Ubr4', 'Smg1']","['Rnf213', 'Utrn', 'Fbxl3', 'I79_012206', 'Notch2', 'Cblb', 'Herc2', 'Fat1', 'Lrp1', 'Dst', 'Fn1', 'Ep300', 'Wdfy3', 'Kmt2a', 'Kmt2d', 'Ubr4', 'Smg1']",2.72e-05,0.0174,Metal ion binding,5,True,True
Function,GO:0140096,14,2421,10029,"['Rnf213', 'Hectd4', 'Herc1', 'I79_006430', 'Birc6', 'Hipk2', 'Mycbp2', 'Cbl', 'Herc2', 'Ep300', 'Kmt2a', 'Kmt2d', 'Ubr4', 'Smg1']","['Rnf213', 'Hectd4', 'Herc1', 'I79_006430', 'Birc6', 'Hipk2', 'Fbxl3', 'Cblb', 'Herc2', 'Ep300', 'Kmt2a', 'Kmt2d', 'Ubr4', 'Smg1']",2.22e-05,0.0174,"Catalytic activity, acting on a protein",5,True,True
Function,GO:0008022,5,252,10029,"['Hspg2', 'Dst', 'Fn1', 'Ep300', 'Mki67']","['Hspg2', 'Dst', 'Fn1', 'Ep300', 'Mki67']",6.67e-05,0.0275,Protein C-terminus binding,5,True,True
Function,GO:0005515,25,7697,10029,"['Stard9', 'Dync1h1', 'Syne2', 'Utrn', 'Pkd1', 'Ep400', 'Flnb', 'Lama5', 'Mycbp2', 'Hspg2', 'Map1b', 'I79_012206', 'Notch2', 'Cbl', 'Herc2', 'Lrp1', 'Dst', 'Fn1', 'Ep300', 'Kmt2a', 'Kmt2d', 'I79_019335', 'I79_019732', 'Ubr4', 'Mki67']","['Stard9', 'Dync1h1', 'Syne2', 'Utrn', 'Pkd1', 'Ep400', 'Flnb', 'Lama5', 'Fbxl3', 'Hspg2', 'Map1b', 'I79_012206', 'Notch2', 'Cblb', 'Herc2', 'Lrp1', 'Dst', 'Fn1', 'Ep300', 'Kmt2a', 'Kmt2d', 'I79_019335', 'I79_019732', 'Ubr4', 'Mki67']",8.31e-05,0.0304,Protein binding,5,True,True
Function,GO:0140657,7,652,10029,"['Mdn1', 'Rnf213', 'Stard9', 'Dync1h1', 'Ep400', 'Nav2', 'I79_012206']","['Mdn1', 'Rnf213', 'Stard9', 'Dync1h1', 'Ep400', 'Nav2', 'I79_012206']",9.88e-05,0.0325,ATP-dependent activity,5,True,True
Function,GO:0005178,4,145,10029,"['Utrn', 'Lama5', 'Dst', 'Fn1']","['Utrn', 'Lama5', 'Dst', 'Fn1']",0.00011,0.0333,Integrin binding,5,True,True
Function,GO:0003779,6,481,10029,"['Syne2', 'Utrn', 'Flnb', 'Map1b', 'I79_012206', 'Dst']","['Syne2', 'Utrn', 'Flnb', 'Map1b', 'I79_012206', 'Dst']",0.00015,0.0385,Actin binding,5,True,True
Function,GO:0061630,5,296,10029,"['Rnf213', 'Mycbp2', 'Cbl', 'Herc2', 'Ubr4']","['Rnf213', 'Fbxl3', 'Cblb', 'Herc2', 'Ubr4']",0.00014,0.0385,Ubiquitin protein ligase activity,5,True,True
Function,GO:0003824,21,6043,10029,"['Mdn1', 'Rnf213', 'Stard9', 'Hectd4', 'Herc1', 'I79_006430', 'Ep400', 'Nav2', 'Birc6', 'Hipk2', 'Mycbp2', 'I79_012206', 'Cbl', 'Herc2', 'Trrap', 'Ep300', 'Wdfy3', 'Kmt2a', 'Kmt2d', 'Ubr4', 'Smg1']","['Mdn1', 'Rnf213', 'Stard9', 'Hectd4', 'Herc1', 'I79_006430', 'Ep400', 'Nav2', 'Birc6', 'Hipk2', 'Fbxl3', 'I79_012206', 'Cblb', 'Herc2', 'Trrap', 'Ep300', 'Wdfy3', 'Kmt2a', 'Kmt2d', 'Ubr4', 'Smg1']",0.00021,0.047,Catalytic activity,5,True,True
TISSUES,BTO:0004725,6,145,10029,"['I79_006430', 'Flnb', 'Lrp1', 'Ep300', 'Kmt2d', 'Smg1']","['I79_006430', 'Flnb', 'Lrp1', 'Ep300', 'Kmt2d', 'Smg1']",1.84e-07,0.00038,Embryonic fibroblast,5,True,True
TISSUES,BTO:0000379,11,1052,10029,"['Dync1h1', 'I79_006430', 'Ep400', 'Flnb', 'I79_009930', 'Hspg2', 'I79_012206', 'Lrp1', 'Ep300', 'Kmt2d', 'Smg1']","['Dync1h1', 'I79_006430', 'Ep400', 'Flnb', 'I79_009930', 'Hspg2', 'I79_012206', 'Lrp1', 'Ep300', 'Kmt2d', 'Smg1']",8.96e-07,0.00084,Embryo,5,True,True
TISSUES,BTO:0000452,7,308,10029,"['Dync1h1', 'I79_006430', 'Flnb', 'Lrp1', 'Ep300', 'Kmt2d', 'Smg1']","['Dync1h1', 'I79_006430', 'Flnb', 'Lrp1', 'Ep300', 'Kmt2d', 'Smg1']",8.27e-07,0.00084,Fibroblast,5,True,True
TISSUES,BTO:0000284,12,1708,10029,"['Dync1h1', 'I79_006430', 'Pkd1', 'Ep400', 'Flnb', 'I79_009930', 'Hspg2', 'I79_012206', 'Lrp1', 'Ep300', 'Kmt2d', 'Smg1']","['Dync1h1', 'I79_006430', 'Pkd1', 'Ep400', 'Flnb', 'I79_009930', 'Hspg2', 'I79_012206', 'Lrp1', 'Ep300', 'Kmt2d', 'Smg1']",1.55e-05,0.0079,Organism form,5,True,True
TISSUES,BTO:0001491,18,4193,10029,"['Syne2', 'I79_006430', 'Pkd1', 'Birc6', 'Lama5', 'I79_009930', 'Hipk2', 'Mycbp2', 'I79_012206', 'Cbl', 'Fat1', 'Ep300', 'Wdfy3', 'Kmt2d', 'I79_019335', 'I79_019732', 'Ubr4', 'Smg1']","['Syne2', 'I79_006430', 'Pkd1', 'Birc6', 'Lama5', 'I79_009930', 'Hipk2', 'Fbxl3', 'I79_012206', 'Cblb', 'Fat1', 'Ep300', 'Wdfy3', 'Kmt2d', 'I79_019335', 'I79_019732', 'Ubr4', 'Smg1']",5.49e-05,0.0187,Viscus,5,True,True
TISSUES,BTO:0000227,16,3667,10029,"['Mdn1', 'Dync1h1', 'Syne2', 'I79_006430', 'Ep400', 'Birc6', 'Tanc2', 'Mycbp2', 'Map1b', 'I79_012206', 'Herc2', 'Ep300', 'Wdfy3', 'Kmt2a', 'Kmt2d', 'Smg1']","['Mdn1', 'Dync1h1', 'Syne2', 'I79_006430', 'Ep400', 'Birc6', 'Tanc2', 'Fbxl3', 'Map1b', 'I79_012206', 'Herc2', 'Ep300', 'Wdfy3', 'Kmt2a', 'Kmt2d', 'Smg1']",0.00015,0.0435,Central nervous system,5,True,True
Keyword,KW-0677,14,757,10029,"['Syne2', 'Herc1', 'Utrn', 'Flnb', 'Lama5', 'Mycbp2', 'Hspg2', 'I79_012206', 'Notch2', 'Herc2', 'Fat1', 'Lrp1', 'Dst', 'Fn1']","['Syne2', 'Herc1', 'Utrn', 'Flnb', 'Lama5', 'Fbxl3', 'Hspg2', 'I79_012206', 'Notch2', 'Herc2', 'Fat1', 'Lrp1', 'Dst', 'Fn1']",1.24e-11,4.27e-09,Repeat,5,True,True
Keyword,KW-0175,16,2927,10029,"['Stard9', 'Dync1h1', 'Syne2', 'Utrn', 'I79_006430', 'Ep400', 'Nav2', 'Birc6', 'Lama5', 'Mycbp2', 'I79_012206', 'Dst', 'Kmt2a', 'Kmt2d', 'I79_019335', 'Smg1']","['Stard9', 'Dync1h1', 'Syne2', 'Utrn', 'I79_006430', 'Ep400', 'Nav2', 'Birc6', 'Lama5', 'Fbxl3', 'I79_012206', 'Dst', 'Kmt2a', 'Kmt2d', 'I79_019335', 'Smg1']",9.03e-06,0.0015,Coiled coil,5,True,True
Keyword,KW-0833,4,97,10029,"['Hectd4', 'Herc1', 'I79_006430', 'Herc2']","['Hectd4', 'Herc1', 'I79_006430', 'Herc2']",2.44e-05,0.0028,Ubl conjugation pathway,5,True,True
Keyword,KW-0245,4,151,10029,"['Hspg2', 'Notch2', 'Fat1', 'Lrp1']","['Hspg2', 'Notch2', 'Fat1', 'Lrp1']",0.00013,0.0111,EGF-like domain,5,True,True
Keyword,KW-0206,3,68,10029,"['Utrn', 'I79_012206', 'Dst']","['Utrn', 'I79_012206', 'Dst']",0.00023,0.0157,Cytoskeleton,5,True,True
Keyword,KW-0009,3,79,10029,"['Utrn', 'Flnb', 'I79_012206']","['Utrn', 'Flnb', 'I79_012206']",0.00035,0.02,Actin-binding,5,True,True
Keyword,KW-0424,2,22,10029,"['Lama5', 'Hspg2']","['Lama5', 'Hspg2']",0.00074,0.036,Laminin EGF-like domain,5,True,True
KEGG,cge04120,4,104,10029,"['Herc1', 'Birc6', 'Cbl', 'Herc2']","['Herc1', 'Birc6', 'Cblb', 'Herc2']",3.17e-05,0.0105,Ubiquitin mediated proteolysis,5,True,True
KEGG,cge05165,5,251,10029,"['Lama5', 'Notch2', 'Fn1', 'Ep300', 'Ubr4']","['Lama5', 'Notch2', 'Fn1', 'Ep300', 'Ubr4']",6.55e-05,0.0109,Human papillomavirus infection,5,True,True
KEGG,cge04512,3,57,10029,"['Lama5', 'Hspg2', 'Fn1']","['Lama5', 'Hspg2', 'Fn1']",0.00014,0.0154,ECM-receptor interaction,5,True,True
SMART,SM00119,4,22,10029,"['Hectd4', 'Herc1', 'I79_006430', 'Herc2']","['Hectd4', 'Herc1', 'I79_006430', 'Herc2']",9.77e-08,7.27e-05,Domain Homologous to E6-AP Carboxyl Terminus with,5,True,True
SMART,SM00150,4,27,10029,"['Syne2', 'Utrn', 'I79_012206', 'Dst']","['Syne2', 'Utrn', 'I79_012206', 'Dst']",2.04e-07,7.6e-05,Spectrin repeats,5,True,True
SMART,SM00033,4,47,10029,"['Utrn', 'Nav2', 'Flnb', 'I79_012206']","['Utrn', 'Nav2', 'Flnb', 'I79_012206']",1.58e-06,0.00039,Calponin homology domain,5,True,True
SMART,SM00181,5,142,10029,"['Lama5', 'Hspg2', 'Notch2', 'Fat1', 'Lrp1']","['Lama5', 'Hspg2', 'Notch2', 'Fat1', 'Lrp1']",4.54e-06,0.00084,Epidermal growth factor-like domain.,5,True,True
SMART,SM00165,3,31,10029,"['I79_006430', 'Cbl', 'I79_019335']","['I79_006430', 'Cblb', 'I79_019335']",2.5e-05,0.0037,Ubiquitin associated domain,5,True,True
SMART,SM00282,3,34,10029,"['Lama5', 'Hspg2', 'Fat1']","['Lama5', 'Hspg2', 'Fat1']",3.24e-05,0.004,Laminin G domain,5,True,True
SMART,SM00281,2,4,10029,"['Lama5', 'Hspg2']","['Lama5', 'Hspg2']",4.07e-05,0.0043,Laminin B domain,5,True,True
SMART,SM00001,3,40,10029,"['Lama5', 'Hspg2', 'Lrp1']","['Lama5', 'Hspg2', 'Lrp1']",5.11e-05,0.0047,"EGF domain, unclasssified subfamily",5,True,True
SMART,SM00179,3,75,10029,"['Notch2', 'Fat1', 'Lrp1']","['Notch2', 'Fat1', 'Lrp1']",0.0003,0.0234,Calcium-binding EGF-like domain,5,True,True
SMART,SM00291,2,13,10029,"['Utrn', 'Ep300']","['Utrn', 'Ep300']",0.00028,0.0234,"Zinc-binding domain, present in Dystrophin, CREB-binding protein.",5,True,True
InterPro,IPR000569,4,26,10029,"['Hectd4', 'Herc1', 'I79_006430', 'Herc2']","['Hectd4', 'Herc1', 'I79_006430', 'Herc2']",1.78e-07,0.00063,HECT domain,5,True,True
InterPro,IPR002017,4,22,10029,"['Syne2', 'Utrn', 'I79_012206', 'Dst']","['Syne2', 'Utrn', 'I79_012206', 'Dst']",9.77e-08,0.00063,Spectrin repeat,5,True,True
InterPro,IPR018159,4,25,10029,"['Syne2', 'Utrn', 'I79_012206', 'Dst']","['Syne2', 'Utrn', 'I79_012206', 'Dst']",1.55e-07,0.00063,Spectrin/alpha-actinin,5,True,True
InterPro,IPR035983,4,26,10029,"['Hectd4', 'Herc1', 'I79_006430', 'Herc2']","['Hectd4', 'Herc1', 'I79_006430', 'Herc2']",1.78e-07,0.00063,"HECT, E3 ligase catalytic domain",5,True,True
InterPro,IPR001791,4,47,10029,"['Lama5', 'I79_009930', 'Hspg2', 'Fat1']","['Lama5', 'I79_009930', 'Hspg2', 'Fat1']",1.58e-06,0.0021,Laminin G domain,5,True,True
InterPro,IPR001715,4,59,10029,"['Utrn', 'Nav2', 'Flnb', 'I79_012206']","['Utrn', 'Nav2', 'Flnb', 'I79_012206']",3.72e-06,0.004,Calponin homology domain,5,True,True
InterPro,IPR000408,3,18,10029,"['Herc1', 'Mycbp2', 'Herc2']","['Herc1', 'Fbxl3', 'Herc2']",5.65e-06,0.0052,"Regulator of chromosome condensation, RCC1",5,True,True
InterPro,IPR009091,3,19,10029,"['Herc1', 'Mycbp2', 'Herc2']","['Herc1', 'Fbxl3', 'Herc2']",6.53e-06,0.0052,Regulator of chromosome condensation 1/beta-lactamase-inhibitor protein II,5,True,True
InterPro,IPR036872,4,66,10029,"['Utrn', 'Nav2', 'Flnb', 'I79_012206']","['Utrn', 'Nav2', 'Flnb', 'I79_012206']",5.68e-06,0.0052,CH domain superfamily,5,True,True
InterPro,IPR000742,5,165,10029,"['Lama5', 'Hspg2', 'Notch2', 'Fat1', 'Lrp1']","['Lama5', 'Hspg2', 'Notch2', 'Fat1', 'Lrp1']",9.21e-06,0.006,EGF-like domain,5,True,True
InterPro,IPR001881,4,99,10029,"['Hspg2', 'Notch2', 'Fat1', 'Lrp1']","['Hspg2', 'Notch2', 'Fat1', 'Lrp1']",2.63e-05,0.0155,EGF-like calcium-binding domain,5,True,True
InterPro,IPR000034,2,5,10029,"['Lama5', 'Hspg2']","['Lama5', 'Hspg2']",5.7e-05,0.0308,Laminin IV,5,True,True
InterPro,IPR015940,3,43,10029,"['I79_006430', 'Cbl', 'I79_019335']","['I79_006430', 'Cblb', 'I79_019335']",6.26e-05,0.0313,Ubiquitin-associated domain,5,True,True
InterPro,IPR003108,2,7,10029,"['I79_012206', 'Dst']","['I79_012206', 'Dst']",9.75e-05,0.0452,GAR domain,5,True,True
InterPro,IPR036534,2,7,10029,"['I79_012206', 'Dst']","['I79_012206', 'Dst']",9.75e-05,0.0452,GAR domain superfamily,5,True,True
Pfam,PF00415,3,16,10029,"['Herc1', 'Mycbp2', 'Herc2']","['Herc1', 'Fbxl3', 'Herc2']",4.12e-06,0.0051,Regulator of chromosome condensation (RCC1) repeat,5,True,True
Pfam,PF13540,3,13,10029,"['Herc1', 'Mycbp2', 'Herc2']","['Herc1', 'Fbxl3', 'Herc2']",2.39e-06,0.0051,Regulator of chromosome condensation (RCC1) repeat,5,True,True
NetworkNeighborAL,CL:32762,4,69,10029,"['Herc1', 'Mycbp2', 'Herc2', 'I79_019335']","['Herc1', 'Fbxl3', 'Herc2', 'I79_019335']",6.72e-06,0.0285,"Mixed, incl. Histone lysine demethylation, and Myelin transcription factor 1",5,True,True
Process,GO:0001945,2,34,10029,"['I79_001024', 'I79_013907']","['I79_001024', 'I79_013907']",3.3e-05,0.0403,Lymph vessel development,8,True,True
Process,GO:0002042,2,28,10029,"['I79_001024', 'I79_013907']","['I79_001024', 'I79_013907']",2.28e-05,0.0403,Cell migration involved in sprouting angiogenesis,8,True,True
Process,GO:0010839,2,36,10029,"['I79_001024', 'I79_013907']","['I79_001024', 'I79_013907']",3.68e-05,0.0403,Negative regulation of keratinocyte proliferation,8,True,True
Process,GO:0031295,2,28,10029,"['I79_001024', 'I79_013907']","['I79_001024', 'I79_013907']",2.28e-05,0.0403,T cell costimulation,8,True,True
Process,GO:0043616,2,35,10029,"['I79_001024', 'I79_013907']","['I79_001024', 'I79_013907']",3.49e-05,0.0403,Keratinocyte proliferation,8,True,True
Process,GO:0048013,2,50,10029,"['I79_001024', 'I79_013907']","['I79_001024', 'I79_013907']",6.94e-05,0.0403,Ephrin receptor signaling pathway,8,True,True
Process,GO:0048259,3,135,10029,"['I79_001024', 'Clu', 'I79_013907']","['I79_001024', 'Clu', 'I79_013907']",3.73e-06,0.0403,Regulation of receptor-mediated endocytosis,8,True,True
Process,GO:0048845,2,20,10029,"['I79_001024', 'I79_013907']","['I79_001024', 'I79_013907']",1.21e-05,0.0403,Venous blood vessel morphogenesis,8,True,True
Process,GO:0072178,2,22,10029,"['I79_001024', 'I79_013907']","['I79_001024', 'I79_013907']",1.45e-05,0.0403,Nephric duct morphogenesis,8,True,True
Process,GO:0099054,2,30,10029,"['I79_001024', 'I79_013907']","['I79_001024', 'I79_013907']",2.6e-05,0.0403,Presynapse assembly,8,True,True
Process,GO:0099149,2,36,10029,"['I79_001024', 'I79_013907']","['I79_001024', 'I79_013907']",3.68e-05,0.0403,Regulation of postsynaptic neurotransmitter receptor internalization,8,True,True
Process,GO:1901216,3,128,10029,"['I79_001024', 'Clu', 'I79_013907']","['I79_001024', 'Clu', 'I79_013907']",3.19e-06,0.0403,Positive regulation of neuron death,8,True,True
Process,GO:1903849,2,13,10029,"['I79_001024', 'I79_013907']","['I79_001024', 'I79_013907']",5.52e-06,0.0403,Positive regulation of aorta morphogenesis,8,True,True
Process,GO:2000727,2,21,10029,"['I79_001024', 'I79_013907']","['I79_001024', 'I79_013907']",1.33e-05,0.0403,Positive regulation of cardiac muscle cell differentiation,8,True,True
Process,GO:0099072,2,67,10029,"['I79_001024', 'I79_013907']","['I79_001024', 'I79_013907']",0.00012,0.05,Regulation of postsynaptic membrane neurotransmitter receptor levels,8,True,True
TISSUES,BTO:0004758,2,11,10029,"['I79_001024', 'I79_013907']","['I79_001024', 'I79_013907']",4.1e-06,0.0084,Arterial endothelial cell,8,True,True
TISSUES,BTO:0004759,2,12,10029,"['I79_001024', 'I79_013907']","['I79_001024', 'I79_013907']",4.78e-06,0.0084,Venous endothelial cell,8,True,True
COMPARTMENTS,GOCC:0005840,28,522,10029,"['Rpl13', 'Rplp0', 'I79_002027', 'Rpl26', 'Rps8', 'Rpl30', 'Rpl37a', 'Rpl23', 'Rpl37', 'Rps24', 'Rps23', 'Rps16', 'RPS3A', 'Rpl17', 'Rpl11', 'Rpl24', 'Rpl32', 'Rpl13a', 'Rps11', 'Rps4x', 'Rpl14', 'Rps12', 'Rps25', 'Rps17', 'Rps3', 'Rpl34', 'I79_023563', 'Rpl9']","['Rpl13', 'Rplp0', 'I79_002027', 'Rpl26', 'Rps8', 'Rpl30', 'Rpl37a', 'Rpl23', 'Rpl37', 'Rps24', 'Rps23', 'Rps16', 'RPS3A', 'Rpl17', 'Rpl11', 'Rpl24', 'Rpl32', 'Rpl13a', 'Rps11', 'Rps4x', 'Rpl14', 'Rps12', 'Rps25', 'Rps17', 'Rps3', 'Rpl34', 'I79_023563', 'Rpl9']",1.74e-39,3.41e-36,Ribosome,9,True,True
COMPARTMENTS,GOCC:0022626,25,416,10029,"['Rpl13', 'Rplp0', 'Rpl26', 'Rps8', 'Rpl30', 'Rpl37a', 'Rpl23', 'Rpl37', 'Rps23', 'Rps16', 'RPS3A', 'Rpl17', 'Rpl11', 'Rpl24', 'Rpl32', 'Rpl13a', 'Rps11', 'Rpl14', 'Rps12', 'Rps25', 'Rps17', 'Rps3', 'Rpl34', 'I79_023563', 'Rpl9']","['Rpl13', 'Rplp0', 'Rpl26', 'Rps8', 'Rpl30', 'Rpl37a', 'Rpl23', 'Rpl37', 'Rps23', 'Rps16', 'RPS3A', 'Rpl17', 'Rpl11', 'Rpl24', 'Rpl32', 'Rpl13a', 'Rps11', 'Rpl14', 'Rps12', 'Rps25', 'Rps17', 'Rps3', 'Rpl34', 'I79_023563', 'Rpl9']",1.12e-35,1.1e-32,Cytosolic ribosome,9,True,True
COMPARTMENTS,GOCC:0005829,28,1754,10029,"['Rpl13', 'Rplp0', 'Rpl26', 'Prdx1', 'Rps8', 'Rpl30', 'Rpl37a', 'Rpl23', 'Rpl37', 'S100a5', 'Rps23', 'Rps16', 'RPS3A', 'Rpl17', 'Rpl11', 'Rpl24', 'Rpl32', 'Rpl13a', 'Rps11', 'Rpl14', 'Rps12', 'Rpl22l1', 'Rps25', 'Rps17', 'Rps3', 'Rpl34', 'I79_023563', 'Rpl9']","['Rpl13', 'Rplp0', 'Rpl26', 'Prdx1', 'Rps8', 'Rpl30', 'Rpl37a', 'Rpl23', 'Rpl37', 'S100a5', 'Rps23', 'Rps16', 'RPS3A', 'Rpl17', 'Rpl11', 'Rpl24', 'Rpl32', 'Rpl13a', 'Rps11', 'Rpl14', 'Rps12', 'Rpl22l1', 'Rps25', 'Rps17', 'Rps3', 'Rpl34', 'I79_023563', 'Rpl9']",3.67e-25,2.4e-22,Cytosol,9,True,True
COMPARTMENTS,GOCC:0044391,18,395,10029,"['Rpl26', 'Rps8', 'Rpl37a', 'Rps24', 'Rps23', 'Rps16', 'RPS3A', 'Rpl17', 'Rpl11', 'Rpl32', 'Rpl13a', 'Rps11', 'Rps12', 'Rps25', 'Rps17', 'Rps3', 'I79_023563', 'Rpl9']","['Rpl26', 'Rps8', 'Rpl37a', 'Rps24', 'Rps23', 'Rps16', 'RPS3A', 'Rpl17', 'Rpl11', 'Rpl32', 'Rpl13a', 'Rps11', 'Rps12', 'Rps25', 'Rps17', 'Rps3', 'I79_023563', 'Rpl9']",8.839999999999999e-23,4.33e-20,Ribosomal subunit,9,True,True
COMPARTMENTS,GOCC:1990904,22,919,10029,"['Rplp0', 'Rpl26', 'Rps8', 'Rpl30', 'Rpl37a', 'Rps24', 'Rps23', 'Rps16', 'RPS3A', 'Rpl17', 'Rpl11', 'Rpl24', 'Rpl32', 'Rpl13a', 'Rps11', 'Rps4x', 'Rps12', 'Rps25', 'Rps17', 'Rps3', 'I79_023563', 'Rpl9']","['Rplp0', 'Rpl26', 'Rps8', 'Rpl30', 'Rpl37a', 'Rps24', 'Rps23', 'Rps16', 'RPS3A', 'Rpl17', 'Rpl11', 'Rpl24', 'Rpl32', 'Rpl13a', 'Rps11', 'Rps4x', 'Rps12', 'Rps25', 'Rps17', 'Rps3', 'I79_023563', 'Rpl9']",2.18e-22,8.55e-20,Ribonucleoprotein complex,9,True,True
COMPARTMENTS,GOCC:0043232,29,3329,10029,"['Rpl13', 'Rplp0', 'I79_002027', 'Rpl26', 'Prdx1', 'Rps8', 'Rpl30', 'Rpl37a', 'Rpl23', 'Rpl37', 'Rps24', 'Rps23', 'Rps16', 'RPS3A', 'Rpl17', 'Rpl11', 'Rpl24', 'Rpl32', 'Rpl13a', 'Rps11', 'Rps4x', 'Rpl14', 'Rps12', 'Rps25', 'Rps17', 'Rps3', 'Rpl34', 'I79_023563', 'Rpl9']","['Rpl13', 'Rplp0', 'I79_002027', 'Rpl26', 'Prdx1', 'Rps8', 'Rpl30', 'Rpl37a', 'Rpl23', 'Rpl37', 'Rps24', 'Rps23', 'Rps16', 'RPS3A', 'Rpl17', 'Rpl11', 'Rpl24', 'Rpl32', 'Rpl13a', 'Rps11', 'Rps4x', 'Rpl14', 'Rps12', 'Rps25', 'Rps17', 'Rps3', 'Rpl34', 'I79_023563', 'Rpl9']",5.18e-19,1.69e-16,Intracellular non-membrane-bounded organelle,9,True,True
COMPARTMENTS,GOCC:0015935,11,168,10029,"['Rps8', 'Rps24', 'Rps23', 'Rps16', 'RPS3A', 'Rps11', 'Rps12', 'Rps25', 'Rps17', 'Rps3', 'I79_023563']","['Rps8', 'Rps24', 'Rps23', 'Rps16', 'RPS3A', 'Rps11', 'Rps12', 'Rps25', 'Rps17', 'Rps3', 'I79_023563']",1.55e-15,3.8e-13,Small ribosomal subunit,9,True,True
COMPARTMENTS,GOCC:0022627,10,135,10029,"['Rps8', 'Rps23', 'Rps16', 'RPS3A', 'Rps11', 'Rps12', 'Rps25', 'Rps17', 'Rps3', 'I79_023563']","['Rps8', 'Rps23', 'Rps16', 'RPS3A', 'Rps11', 'Rps12', 'Rps25', 'Rps17', 'Rps3', 'I79_023563']",1.09e-14,2.38e-12,Cytosolic small ribosomal subunit,9,True,True
COMPARTMENTS,GOCC:0005737,32,7387,10029,"['Rpl13', 'Rplp0', 'Rpl26', 'Prdx1', 'Rps8', 'Rpl30', 'Rpl37a', 'Txnl1', 'Rpl23', 'Rpl37', 'S100a4', 'S100a5', 'Rps21', 'Rps23', 'Rps16', 'RPS3A', 'Rpl27', 'Rpl17', 'Rpl11', 'Rpl24', 'Rpl32', 'Rpl13a', 'Rps11', 'Rpl14', 'Rps12', 'Rpl22l1', 'Rps25', 'Rps17', 'Rps3', 'Rpl34', 'I79_023563', 'Rpl9']","['Rpl13', 'Rplp0', 'Rpl26', 'Prdx1', 'Rps8', 'Rpl30', 'Rpl37a', 'Txnl1', 'Rpl23', 'Rpl37', 'S100a4', 'S100a5', 'Rps21', 'Rps23', 'Rps16', 'RPS3A', 'Rpl27', 'Rpl17', 'Rpl11', 'Rpl24', 'Rpl32', 'Rpl13a', 'Rps11', 'Rpl14', 'Rps12', 'Rpl22l1', 'Rps25', 'Rps17', 'Rps3', 'Rpl34', 'I79_023563', 'Rpl9']",7.37e-13,1.44e-10,Cytoplasm,9,True,True
COMPARTMENTS,GOCC:0005844,9,192,10029,"['Rpl30', 'Rps23', 'Rpl17', 'Rpl11', 'Rpl24', 'Rpl32', 'Rps25', 'Rps3', 'I79_023563']","['Rpl30', 'Rps23', 'Rpl17', 'Rpl11', 'Rpl24', 'Rpl32', 'Rps25', 'Rps3', 'I79_023563']",1.36e-11,2.41e-09,Polysome,9,True,True
COMPARTMENTS,GOCC:0005622,36,12999,10029,"['Rpl13', 'Rplp0', 'I79_002027', 'Rpl26', 'Prdx1', 'Rps8', 'Rpl30', 'Rpl37a', 'I79_005382', 'Txnl1', 'Rpl23', 'Rpl37', 'S100a4', 'S100a5', 'Rps21', 'Rps24', 'Rps23', 'Rps16', 'RPS3A', 'Rpl27', 'Rpl17', 'Rpl11', 'Rpl24', 'Rpl32', 'Rpl13a', 'Rps11', 'Rps4x', 'Rpl14', 'Rps12', 'Rpl22l1', 'Rps25', 'Rps17', 'Rps3', 'Rpl34', 'I79_023563', 'Rpl9']","['Rpl13', 'Rplp0', 'I79_002027', 'Rpl26', 'Prdx1', 'Rps8', 'Rpl30', 'Rpl37a', 'I79_005382', 'Txnl1', 'Rpl23', 'Rpl37', 'S100a4', 'S100a5', 'Rps21', 'Rps24', 'Rps23', 'Rps16', 'RPS3A', 'Rpl27', 'Rpl17', 'Rpl11', 'Rpl24', 'Rpl32', 'Rpl13a', 'Rps11', 'Rps4x', 'Rpl14', 'Rps12', 'Rpl22l1', 'Rps25', 'Rps17', 'Rps3', 'Rpl34', 'I79_023563', 'Rpl9']",3.2e-10,5.23e-08,Intracellular,9,True,True
COMPARTMENTS,GOCC:0022625,8,183,10029,"['Rpl26', 'Rpl37a', 'Rpl17', 'Rpl11', 'Rpl32', 'Rpl13a', 'Rps12', 'Rpl9']","['Rpl26', 'Rpl37a', 'Rpl17', 'Rpl11', 'Rpl32', 'Rpl13a', 'Rps12', 'Rpl9']",3.58e-10,5.39e-08,Cytosolic large ribosomal subunit,9,True,True
COMPARTMENTS,GOCC:0043229,32,9624,10029,"['Rpl13', 'Rplp0', 'I79_002027', 'Rpl26', 'Prdx1', 'Rps8', 'Rpl30', 'Rpl37a', 'Rpl23', 'Rpl37', 'S100a5', 'Rps21', 'Rps24', 'Rps23', 'Rps16', 'RPS3A', 'Rpl27', 'Rpl17', 'Rpl11', 'Rpl24', 'Rpl32', 'Rpl13a', 'Rps11', 'Rps4x', 'Rpl14', 'Rps12', 'Rps25', 'Rps17', 'Rps3', 'Rpl34', 'I79_023563', 'Rpl9']","['Rpl13', 'Rplp0', 'I79_002027', 'Rpl26', 'Prdx1', 'Rps8', 'Rpl30', 'Rpl37a', 'Rpl23', 'Rpl37', 'S100a5', 'Rps21', 'Rps24', 'Rps23', 'Rps16', 'RPS3A', 'Rpl27', 'Rpl17', 'Rpl11', 'Rpl24', 'Rpl32', 'Rpl13a', 'Rps11', 'Rps4x', 'Rpl14', 'Rps12', 'Rps25', 'Rps17', 'Rps3', 'Rpl34', 'I79_023563', 'Rpl9']",1.98e-09,2.77e-07,Intracellular organelle,9,True,True
COMPARTMENTS,GOCC:0042788,6,141,10029,"['Rpl30', 'Rps23', 'Rpl11', 'Rpl24', 'Rpl32', 'I79_023563']","['Rpl30', 'Rps23', 'Rpl11', 'Rpl24', 'Rpl32', 'I79_023563']",8.15e-08,9.4e-06,Polysomal ribosome,9,True,True
COMPARTMENTS,GOCC:0032991,23,5639,10029,"['Rplp0', 'I79_002027', 'Rpl26', 'Rps8', 'Rpl30', 'Rpl37a', 'Rps24', 'Rps23', 'Rps16', 'RPS3A', 'Rpl17', 'Rpl11', 'Rpl24', 'Rpl32', 'Rpl13a', 'Rps11', 'Rps4x', 'Rps12', 'Rps25', 'Rps17', 'Rps3', 'I79_023563', 'Rpl9']","['Rplp0', 'I79_002027', 'Rpl26', 'Rps8', 'Rpl30', 'Rpl37a', 'Rps24', 'Rps23', 'Rps16', 'RPS3A', 'Rpl17', 'Rpl11', 'Rpl24', 'Rpl32', 'Rpl13a', 'Rps11', 'Rps4x', 'Rps12', 'Rps25', 'Rps17', 'Rps3', 'I79_023563', 'Rpl9']",3.29e-07,3.58e-05,Protein-containing complex,9,True,True
COMPARTMENTS,GOCC:0110165,35,16461,10029,"['Rpl13', 'Rplp0', 'I79_002027', 'Rpl26', 'Prdx1', 'Rps8', 'Rpl30', 'Rpl37a', 'Txnl1', 'Rpl23', 'Rpl37', 'S100a4', 'S100a5', 'Rps21', 'Rps24', 'Rps23', 'Rps16', 'RPS3A', 'Rpl27', 'Rpl17', 'Rpl11', 'Rpl24', 'Rpl32', 'Rpl13a', 'Rps11', 'Rps4x', 'Rpl14', 'Rps12', 'Rpl22l1', 'Rps25', 'Rps17', 'Rps3', 'Rpl34', 'I79_023563', 'Rpl9']","['Rpl13', 'Rplp0', 'I79_002027', 'Rpl26', 'Prdx1', 'Rps8', 'Rpl30', 'Rpl37a', 'Txnl1', 'Rpl23', 'Rpl37', 'S100a4', 'S100a5', 'Rps21', 'Rps24', 'Rps23', 'Rps16', 'RPS3A', 'Rpl27', 'Rpl17', 'Rpl11', 'Rpl24', 'Rpl32', 'Rpl13a', 'Rps11', 'Rps4x', 'Rpl14', 'Rps12', 'Rpl22l1', 'Rps25', 'Rps17', 'Rps3', 'Rpl34', 'I79_023563', 'Rpl9']",2.68e-05,0.0028,Cellular anatomical entity,9,True,True
Process,GO:0006412,31,700,10029,"['Rpl13', 'Rplp0', 'I79_002027', 'Rpl26', 'Rps8', 'Rpl30', 'Rpl37a', 'I79_005382', 'Rpl23', 'Rpl37', 'Rps21', 'Rps24', 'Rps23', 'Rps16', 'RPS3A', 'Rpl27', 'Rpl17', 'Rpl11', 'Rpl24', 'Rpl32', 'Rpl13a', 'Rps11', 'Rps4x', 'Rpl14', 'Rps12', 'Rpl22l1', 'Rps17', 'Rps3', 'Rpl34', 'I79_023563', 'Rpl9']","['Rpl13', 'Rplp0', 'I79_002027', 'Rpl26', 'Rps8', 'Rpl30', 'Rpl37a', 'I79_005382', 'Rpl23', 'Rpl37', 'Rps21', 'Rps24', 'Rps23', 'Rps16', 'RPS3A', 'Rpl27', 'Rpl17', 'Rpl11', 'Rpl24', 'Rpl32', 'Rpl13a', 'Rps11', 'Rps4x', 'Rpl14', 'Rps12', 'Rpl22l1', 'Rps17', 'Rps3', 'Rpl34', 'I79_023563', 'Rpl9']",1.94e-42,2.4499999999999997e-38,Translation,9,True,True
Process,GO:0010467,32,2399,10029,"['Rpl13', 'Rplp0', 'I79_002027', 'Rpl26', 'Rps8', 'Rpl30', 'Rpl37a', 'I79_005382', 'Rpl23', 'Rpl37', 'Rps21', 'Rps24', 'Rps23', 'Rps16', 'RPS3A', 'Rpl27', 'Rpl17', 'Rpl11', 'Rpl24', 'Rpl32', 'Rpl13a', 'Rps11', 'Rps4x', 'Rpl14', 'Rps12', 'Rpl22l1', 'Rps25', 'Rps17', 'Rps3', 'Rpl34', 'I79_023563', 'Rpl9']","['Rpl13', 'Rplp0', 'I79_002027', 'Rpl26', 'Rps8', 'Rpl30', 'Rpl37a', 'I79_005382', 'Rpl23', 'Rpl37', 'Rps21', 'Rps24', 'Rps23', 'Rps16', 'RPS3A', 'Rpl27', 'Rpl17', 'Rpl11', 'Rpl24', 'Rpl32', 'Rpl13a', 'Rps11', 'Rps4x', 'Rpl14', 'Rps12', 'Rpl22l1', 'Rps25', 'Rps17', 'Rps3', 'Rpl34', 'I79_023563', 'Rpl9']",5.53e-28,6.9899999999999995e-25,Gene expression,9,True,True
Process,GO:0034641,32,3820,10029,"['Rpl13', 'Rplp0', 'I79_002027', 'Rpl26', 'Rps8', 'Rpl30', 'Rpl37a', 'I79_005382', 'Rpl23', 'Rpl37', 'Rps21', 'Rps24', 'Rps23', 'Rps16', 'RPS3A', 'Rpl27', 'Rpl17', 'Rpl11', 'Rpl24', 'Rpl32', 'Rpl13a', 'Rps11', 'Rps4x', 'Rpl14', 'Rps12', 'Rpl22l1', 'Rps25', 'Rps17', 'Rps3', 'Rpl34', 'I79_023563', 'Rpl9']","['Rpl13', 'Rplp0', 'I79_002027', 'Rpl26', 'Rps8', 'Rpl30', 'Rpl37a', 'I79_005382', 'Rpl23', 'Rpl37', 'Rps21', 'Rps24', 'Rps23', 'Rps16', 'RPS3A', 'Rpl27', 'Rpl17', 'Rpl11', 'Rpl24', 'Rpl32', 'Rpl13a', 'Rps11', 'Rps4x', 'Rpl14', 'Rps12', 'Rpl22l1', 'Rps25', 'Rps17', 'Rps3', 'Rpl34', 'I79_023563', 'Rpl9']",1.1400000000000001e-21,9.63e-19,Cellular nitrogen compound metabolic process,9,True,True
Process,GO:0044237,33,7040,10029,"['Rpl13', 'Rplp0', 'I79_002027', 'Rpl26', 'Prdx1', 'Rps8', 'Rpl30', 'Rpl37a', 'I79_005382', 'Rpl23', 'Rpl37', 'Rps21', 'Rps24', 'Rps23', 'Rps16', 'RPS3A', 'Rpl27', 'Rpl17', 'Rpl11', 'Rpl24', 'Rpl32', 'Rpl13a', 'Rps11', 'Rps4x', 'Rpl14', 'Rps12', 'Rpl22l1', 'Rps25', 'Rps17', 'Rps3', 'Rpl34', 'I79_023563', 'Rpl9']","['Rpl13', 'Rplp0', 'I79_002027', 'Rpl26', 'Prdx1', 'Rps8', 'Rpl30', 'Rpl37a', 'I79_005382', 'Rpl23', 'Rpl37', 'Rps21', 'Rps24', 'Rps23', 'Rps16', 'RPS3A', 'Rpl27', 'Rpl17', 'Rpl11', 'Rpl24', 'Rpl32', 'Rpl13a', 'Rps11', 'Rps4x', 'Rpl14', 'Rps12', 'Rpl22l1', 'Rps25', 'Rps17', 'Rps3', 'Rpl34', 'I79_023563', 'Rpl9']",8.62e-15,5.74e-12,Cellular metabolic process,9,True,True
Process,GO:0044238,32,7736,10029,"['Rpl13', 'Rplp0', 'I79_002027', 'Rpl26', 'Rps8', 'Rpl30', 'Rpl37a', 'I79_005382', 'Rpl23', 'Rpl37', 'Rps21', 'Rps24', 'Rps23', 'Rps16', 'RPS3A', 'Rpl27', 'Rpl17', 'Rpl11', 'Rpl24', 'Rpl32', 'Rpl13a', 'Rps11', 'Rps4x', 'Rpl14', 'Rps12', 'Rpl22l1', 'Rps25', 'Rps17', 'Rps3', 'Rpl34', 'I79_023563', 'Rpl9']","['Rpl13', 'Rplp0', 'I79_002027', 'Rpl26', 'Rps8', 'Rpl30', 'Rpl37a', 'I79_005382', 'Rpl23', 'Rpl37', 'Rps21', 'Rps24', 'Rps23', 'Rps16', 'RPS3A', 'Rpl27', 'Rpl17', 'Rpl11', 'Rpl24', 'Rpl32', 'Rpl13a', 'Rps11', 'Rps4x', 'Rpl14', 'Rps12', 'Rpl22l1', 'Rps25', 'Rps17', 'Rps3', 'Rpl34', 'I79_023563', 'Rpl9']",2.97e-12,1.79e-09,Primary metabolic process,9,True,True
Process,GO:0002181,8,170,10029,"['Rplp0', 'Rpl26', 'Rpl30', 'Rpl17', 'Rpl11', 'Rpl24', 'Rpl22l1', 'Rpl9']","['Rplp0', 'Rpl26', 'Rpl30', 'Rpl17', 'Rpl11', 'Rpl24', 'Rpl22l1', 'Rpl9']",2.04e-10,1.08e-07,Cytoplasmic translation,9,True,True
Process,GO:0042254,10,459,10029,"['Rplp0', 'Rpl26', 'Rps8', 'I79_005382', 'Rps21', 'Rps16', 'Rpl11', 'Rpl24', 'Rpl14', 'Rps25']","['Rplp0', 'Rpl26', 'Rps8', 'I79_005382', 'Rps21', 'Rps16', 'Rpl11', 'Rpl24', 'Rpl14', 'Rps25']",1.23e-09,6.24e-07,Ribosome biogenesis,9,True,True
Process,GO:0042274,5,115,10029,"['Rps8', 'I79_005382', 'Rps21', 'Rps16', 'Rps25']","['Rps8', 'I79_005382', 'Rps21', 'Rps16', 'Rps25']",9.75e-07,0.00046,Ribosomal small subunit biogenesis,9,True,True
Process,GO:0006364,6,296,10029,"['Rps8', 'Rps21', 'Rps16', 'Rpl11', 'Rpl14', 'Rps25']","['Rps8', 'Rps21', 'Rps16', 'Rpl11', 'Rpl14', 'Rps25']",5.47e-06,0.0024,rRNA processing,9,True,True
Process,GO:0042255,5,164,10029,"['Rplp0', 'I79_005382', 'Rpl11', 'Rpl24', 'Rps25']","['Rplp0', 'I79_005382', 'Rpl11', 'Rpl24', 'Rps25']",5.25e-06,0.0024,Ribosome assembly,9,True,True
Process,GO:0009987,35,15994,10029,"['Rpl13', 'Rplp0', 'I79_002027', 'Rpl26', 'Prdx1', 'Rps8', 'Rpl30', 'Rpl37a', 'I79_005382', 'Txnl1', 'Rpl23', 'Rpl37', 'S100a5', 'Rps21', 'Rps24', 'Rps23', 'Rps16', 'RPS3A', 'Rpl27', 'Rpl17', 'Rpl11', 'Rpl24', 'Rpl32', 'Rpl13a', 'Rps11', 'Rps4x', 'Rpl14', 'Rps12', 'Rpl22l1', 'Rps25', 'Rps17', 'Rps3', 'Rpl34', 'I79_023563', 'Rpl9']","['Rpl13', 'Rplp0', 'I79_002027', 'Rpl26', 'Prdx1', 'Rps8', 'Rpl30', 'Rpl37a', 'I79_005382', 'Txnl1', 'Rpl23', 'Rpl37', 'S100a5', 'Rps21', 'Rps24', 'Rps23', 'Rps16', 'RPS3A', 'Rpl27', 'Rpl17', 'Rpl11', 'Rpl24', 'Rpl32', 'Rpl13a', 'Rps11', 'Rps4x', 'Rpl14', 'Rps12', 'Rpl22l1', 'Rps25', 'Rps17', 'Rps3', 'Rpl34', 'I79_023563', 'Rpl9']",1.03e-05,0.0042,Cellular process,9,True,True
Process,GO:0042273,5,210,10029,"['Rplp0', 'Rpl26', 'Rpl11', 'Rpl24', 'Rpl14']","['Rplp0', 'Rpl26', 'Rpl11', 'Rpl24', 'Rpl14']",1.69e-05,0.0067,Ribosomal large subunit biogenesis,9,True,True
Process,GO:0140694,6,418,10029,"['Rplp0', 'I79_005382', 'Rpl11', 'Rpl24', 'Rps25', 'Rps3']","['Rplp0', 'I79_005382', 'Rpl11', 'Rpl24', 'Rps25', 'Rps3']",3.73e-05,0.0143,Non-membrane-bounded organelle assembly,9,True,True
Process,GO:0000462,3,54,10029,"['Rps8', 'Rps21', 'Rps16']","['Rps8', 'Rps21', 'Rps16']",8.67e-05,0.0313,"Maturation of SSU-rRNA from tricistronic rRNA transcript (SSU-rRNA, 5.8S rRNA, LSU-rRNA)",9,True,True
Process,GO:0022618,5,314,10029,"['Rplp0', 'I79_005382', 'Rpl11', 'Rpl24', 'Rps25']","['Rplp0', 'I79_005382', 'Rpl11', 'Rpl24', 'Rps25']",0.00011,0.0386,Ribonucleoprotein complex assembly,9,True,True
Component,GO:0005840,32,573,10029,"['Rpl13', 'Rplp0', 'I79_002027', 'Rpl26', 'Rps8', 'Rpl30', 'Rpl37a', 'I79_005382', 'Rpl23', 'Rpl37', 'Rps21', 'Rps24', 'Rps23', 'Rps16', 'RPS3A', 'Rpl27', 'Rpl17', 'Rpl11', 'Rpl24', 'Rpl32', 'Rpl13a', 'Rps11', 'Rps4x', 'Rpl14', 'Rps12', 'Rpl22l1', 'Rps25', 'Rps17', 'Rps3', 'Rpl34', 'I79_023563', 'Rpl9']","['Rpl13', 'Rplp0', 'I79_002027', 'Rpl26', 'Rps8', 'Rpl30', 'Rpl37a', 'I79_005382', 'Rpl23', 'Rpl37', 'Rps21', 'Rps24', 'Rps23', 'Rps16', 'RPS3A', 'Rpl27', 'Rpl17', 'Rpl11', 'Rpl24', 'Rpl32', 'Rpl13a', 'Rps11', 'Rps4x', 'Rpl14', 'Rps12', 'Rpl22l1', 'Rps25', 'Rps17', 'Rps3', 'Rpl34', 'I79_023563', 'Rpl9']",1.89e-47,3.24e-44,Ribosome,9,True,True
Component,GO:0022626,28,425,10029,"['Rpl13', 'Rplp0', 'Rpl26', 'Rps8', 'Rpl30', 'Rpl37a', 'I79_005382', 'Rpl23', 'Rpl37', 'Rps21', 'Rps24', 'Rps23', 'Rps16', 'RPS3A', 'Rpl27', 'Rpl17', 'Rpl11', 'Rpl24', 'Rpl32', 'Rpl13a', 'Rps11', 'Rpl14', 'Rps12', 'Rps25', 'Rps3', 'Rpl34', 'I79_023563', 'Rpl9']","['Rpl13', 'Rplp0', 'Rpl26', 'Rps8', 'Rpl30', 'Rpl37a', 'I79_005382', 'Rpl23', 'Rpl37', 'Rps21', 'Rps24', 'Rps23', 'Rps16', 'RPS3A', 'Rpl27', 'Rpl17', 'Rpl11', 'Rpl24', 'Rpl32', 'Rpl13a', 'Rps11', 'Rpl14', 'Rps12', 'Rps25', 'Rps3', 'Rpl34', 'I79_023563', 'Rpl9']",6.73e-42,5.76e-39,Cytosolic ribosome,9,True,True
Component,GO:0044391,28,515,10029,"['Rpl13', 'Rplp0', 'Rpl26', 'Rps8', 'Rpl30', 'Rpl37a', 'I79_005382', 'Rpl23', 'Rpl37', 'Rps21', 'Rps24', 'Rps23', 'Rps16', 'RPS3A', 'Rpl27', 'Rpl17', 'Rpl11', 'Rpl24', 'Rpl32', 'Rpl13a', 'Rps11', 'Rpl14', 'Rps12', 'Rps25', 'Rps3', 'Rpl34', 'I79_023563', 'Rpl9']","['Rpl13', 'Rplp0', 'Rpl26', 'Rps8', 'Rpl30', 'Rpl37a', 'I79_005382', 'Rpl23', 'Rpl37', 'Rps21', 'Rps24', 'Rps23', 'Rps16', 'RPS3A', 'Rpl27', 'Rpl17', 'Rpl11', 'Rpl24', 'Rpl32', 'Rpl13a', 'Rps11', 'Rpl14', 'Rps12', 'Rps25', 'Rps3', 'Rpl34', 'I79_023563', 'Rpl9']",1.21e-39,6.88e-37,Ribosomal subunit,9,True,True
Component,GO:1990904,29,1139,10029,"['Rpl13', 'Rplp0', 'Rpl26', 'Rps8', 'Rpl30', 'Rpl37a', 'I79_005382', 'Rpl23', 'Rpl37', 'Rps21', 'Rps24', 'Rps23', 'Rps16', 'RPS3A', 'Rpl27', 'Rpl17', 'Rpl11', 'Rpl24', 'Rpl32', 'Rpl13a', 'Rps11', 'Rps4x', 'Rpl14', 'Rps12', 'Rps25', 'Rps3', 'Rpl34', 'I79_023563', 'Rpl9']","['Rpl13', 'Rplp0', 'Rpl26', 'Rps8', 'Rpl30', 'Rpl37a', 'I79_005382', 'Rpl23', 'Rpl37', 'Rps21', 'Rps24', 'Rps23', 'Rps16', 'RPS3A', 'Rpl27', 'Rpl17', 'Rpl11', 'Rpl24', 'Rpl32', 'Rpl13a', 'Rps11', 'Rps4x', 'Rpl14', 'Rps12', 'Rps25', 'Rps3', 'Rpl34', 'I79_023563', 'Rpl9']",4.08e-32,1.7400000000000001e-29,Ribonucleoprotein complex,9,True,True
Component,GO:0022625,16,299,10029,"['Rpl13', 'Rplp0', 'Rpl26', 'Rpl30', 'Rpl37a', 'Rpl23', 'Rpl37', 'Rpl27', 'Rpl17', 'Rpl11', 'Rpl24', 'Rpl32', 'Rpl13a', 'Rpl14', 'Rpl34', 'Rpl9']","['Rpl13', 'Rplp0', 'Rpl26', 'Rpl30', 'Rpl37a', 'Rpl23', 'Rpl37', 'Rpl27', 'Rpl17', 'Rpl11', 'Rpl24', 'Rpl32', 'Rpl13a', 'Rpl14', 'Rpl34', 'Rpl9']",3.2400000000000004e-21,1.11e-18,Cytosolic large ribosomal subunit,9,True,True
Component,GO:0043232,33,4832,10029,"['Rpl13', 'Rplp0', 'I79_002027', 'Rpl26', 'Prdx1', 'Rps8', 'Rpl30', 'Rpl37a', 'I79_005382', 'Rpl23', 'Rpl37', 'Rps21', 'Rps24', 'Rps23', 'Rps16', 'RPS3A', 'Rpl27', 'Rpl17', 'Rpl11', 'Rpl24', 'Rpl32', 'Rpl13a', 'Rps11', 'Rps4x', 'Rpl14', 'Rps12', 'Rpl22l1', 'Rps25', 'Rps17', 'Rps3', 'Rpl34', 'I79_023563', 'Rpl9']","['Rpl13', 'Rplp0', 'I79_002027', 'Rpl26', 'Prdx1', 'Rps8', 'Rpl30', 'Rpl37a', 'I79_005382', 'Rpl23', 'Rpl37', 'Rps21', 'Rps24', 'Rps23', 'Rps16', 'RPS3A', 'Rpl27', 'Rpl17', 'Rpl11', 'Rpl24', 'Rpl32', 'Rpl13a', 'Rps11', 'Rps4x', 'Rpl14', 'Rps12', 'Rpl22l1', 'Rps25', 'Rps17', 'Rps3', 'Rpl34', 'I79_023563', 'Rpl9']",5.15e-20,1.26e-17,Intracellular non-membrane-bounded organelle,9,True,True
Component,GO:0005829,31,3933,10029,"['Rpl13', 'Rplp0', 'Rpl26', 'Prdx1', 'Rps8', 'Rpl30', 'Rpl37a', 'I79_005382', 'Txnl1', 'Rpl23', 'Rpl37', 'S100a5', 'Rps21', 'Rps24', 'Rps23', 'Rps16', 'RPS3A', 'Rpl27', 'Rpl17', 'Rpl11', 'Rpl24', 'Rpl32', 'Rpl13a', 'Rps11', 'Rpl14', 'Rps12', 'Rps25', 'Rps3', 'Rpl34', 'I79_023563', 'Rpl9']","['Rpl13', 'Rplp0', 'Rpl26', 'Prdx1', 'Rps8', 'Rpl30', 'Rpl37a', 'I79_005382', 'Txnl1', 'Rpl23', 'Rpl37', 'S100a5', 'Rps21', 'Rps24', 'Rps23', 'Rps16', 'RPS3A', 'Rpl27', 'Rpl17', 'Rpl11', 'Rpl24', 'Rpl32', 'Rpl13a', 'Rps11', 'Rpl14', 'Rps12', 'Rps25', 'Rps3', 'Rpl34', 'I79_023563', 'Rpl9']",9.17e-20,1.75e-17,Cytosol,9,True,True
Component,GO:0015935,12,166,10029,"['Rps8', 'I79_005382', 'Rps21', 'Rps24', 'Rps23', 'Rps16', 'RPS3A', 'Rps11', 'Rps12', 'Rps25', 'Rps3', 'I79_023563']","['Rps8', 'I79_005382', 'Rps21', 'Rps24', 'Rps23', 'Rps16', 'RPS3A', 'Rps11', 'Rps12', 'Rps25', 'Rps3', 'I79_023563']",2.13e-17,3.65e-15,Small ribosomal subunit,9,True,True
Component,GO:0022627,11,124,10029,"['Rps8', 'I79_005382', 'Rps21', 'Rps23', 'Rps16', 'RPS3A', 'Rps11', 'Rps12', 'Rps25', 'Rps3', 'I79_023563']","['Rps8', 'I79_005382', 'Rps21', 'Rps23', 'Rps16', 'RPS3A', 'Rps11', 'Rps12', 'Rps25', 'Rps3', 'I79_023563']",6.54e-17,1.02e-14,Cytosolic small ribosomal subunit,9,True,True
Component,GO:0032991,30,6073,10029,"['Rpl13', 'Rplp0', 'Rpl26', 'Rps8', 'Rpl30', 'Rpl37a', 'I79_005382', 'Txnl1', 'Rpl23', 'Rpl37', 'Rps21', 'Rps24', 'Rps23', 'Rps16', 'RPS3A', 'Rpl27', 'Rpl17', 'Rpl11', 'Rpl24', 'Rpl32', 'Rpl13a', 'Rps11', 'Rps4x', 'Rpl14', 'Rps12', 'Rps25', 'Rps3', 'Rpl34', 'I79_023563', 'Rpl9']","['Rpl13', 'Rplp0', 'Rpl26', 'Rps8', 'Rpl30', 'Rpl37a', 'I79_005382', 'Txnl1', 'Rpl23', 'Rpl37', 'Rps21', 'Rps24', 'Rps23', 'Rps16', 'RPS3A', 'Rpl27', 'Rpl17', 'Rpl11', 'Rpl24', 'Rpl32', 'Rpl13a', 'Rps11', 'Rps4x', 'Rpl14', 'Rps12', 'Rps25', 'Rps3', 'Rpl34', 'I79_023563', 'Rpl9']",5.49e-13,7.84e-11,Protein-containing complex,9,True,True
Component,GO:0043229,36,12803,10029,"['Rpl13', 'Rplp0', 'I79_002027', 'Rpl26', 'Prdx1', 'Rps8', 'Rpl30', 'Rpl37a', 'I79_005382', 'Txnl1', 'Rpl23', 'Rpl37', 'S100a4', 'S100a5', 'Rps21', 'Rps24', 'Rps23', 'Rps16', 'RPS3A', 'Rpl27', 'Rpl17', 'Rpl11', 'Rpl24', 'Rpl32', 'Rpl13a', 'Rps11', 'Rps4x', 'Rpl14', 'Rps12', 'Rpl22l1', 'Rps25', 'Rps17', 'Rps3', 'Rpl34', 'I79_023563', 'Rpl9']","['Rpl13', 'Rplp0', 'I79_002027', 'Rpl26', 'Prdx1', 'Rps8', 'Rpl30', 'Rpl37a', 'I79_005382', 'Txnl1', 'Rpl23', 'Rpl37', 'S100a4', 'S100a5', 'Rps21', 'Rps24', 'Rps23', 'Rps16', 'RPS3A', 'Rpl27', 'Rpl17', 'Rpl11', 'Rpl24', 'Rpl32', 'Rpl13a', 'Rps11', 'Rps4x', 'Rpl14', 'Rps12', 'Rpl22l1', 'Rps25', 'Rps17', 'Rps3', 'Rpl34', 'I79_023563', 'Rpl9']",1.86e-10,2.44e-08,Intracellular organelle,9,True,True
Component,GO:0005737,33,11693,10029,"['Rpl13', 'Rplp0', 'Rpl26', 'Prdx1', 'Rps8', 'Rpl30', 'Rpl37a', 'I79_005382', 'Txnl1', 'Rpl23', 'Rpl37', 'S100a4', 'S100a5', 'Rps21', 'Rps24', 'Rps23', 'Rps16', 'RPS3A', 'Rpl27', 'Rpl17', 'Rpl11', 'Rpl24', 'Rpl32', 'Rpl13a', 'Rps11', 'Rps4x', 'Rpl14', 'Rps12', 'Rps25', 'Rps3', 'Rpl34', 'I79_023563', 'Rpl9']","['Rpl13', 'Rplp0', 'Rpl26', 'Prdx1', 'Rps8', 'Rpl30', 'Rpl37a', 'I79_005382', 'Txnl1', 'Rpl23', 'Rpl37', 'S100a4', 'S100a5', 'Rps21', 'Rps24', 'Rps23', 'Rps16', 'RPS3A', 'Rpl27', 'Rpl17', 'Rpl11', 'Rpl24', 'Rpl32', 'Rpl13a', 'Rps11', 'Rps4x', 'Rpl14', 'Rps12', 'Rps25', 'Rps3', 'Rpl34', 'I79_023563', 'Rpl9']",6.21e-08,6.65e-06,Cytoplasm,9,True,True
Component,GO:0005844,4,99,10029,"['Rpl30', 'Rpl11', 'Rpl24', 'Rps3']","['Rpl30', 'Rpl11', 'Rpl24', 'Rps3']",1.72e-05,0.0017,Polysome,9,True,True
Component,GO:0042788,3,53,10029,"['Rpl30', 'Rpl11', 'Rpl24']","['Rpl30', 'Rpl11', 'Rpl24']",8.23e-05,0.0078,Polysomal ribosome,9,True,True
Function,GO:0003735,32,512,10029,"['Rpl13', 'Rplp0', 'I79_002027', 'Rpl26', 'Rps8', 'Rpl30', 'Rpl37a', 'I79_005382', 'Rpl23', 'Rpl37', 'Rps21', 'Rps24', 'Rps23', 'Rps16', 'RPS3A', 'Rpl27', 'Rpl17', 'Rpl11', 'Rpl24', 'Rpl32', 'Rpl13a', 'Rps11', 'Rps4x', 'Rpl14', 'Rps12', 'Rpl22l1', 'Rps25', 'Rps17', 'Rps3', 'Rpl34', 'I79_023563', 'Rpl9']","['Rpl13', 'Rplp0', 'I79_002027', 'Rpl26', 'Rps8', 'Rpl30', 'Rpl37a', 'I79_005382', 'Rpl23', 'Rpl37', 'Rps21', 'Rps24', 'Rps23', 'Rps16', 'RPS3A', 'Rpl27', 'Rpl17', 'Rpl11', 'Rpl24', 'Rpl32', 'Rpl13a', 'Rps11', 'Rps4x', 'Rpl14', 'Rps12', 'Rpl22l1', 'Rps25', 'Rps17', 'Rps3', 'Rpl34', 'I79_023563', 'Rpl9']",5.799999999999999e-49,1.91e-45,Structural constituent of ribosome,9,True,True
Function,GO:0003723,18,1541,10029,"['Rpl13', 'Rplp0', 'Rpl26', 'Rpl30', 'I79_005382', 'Rpl23', 'Rpl37', 'Rps16', 'RPS3A', 'Rpl11', 'Rpl24', 'Rpl13a', 'Rps4x', 'Rpl14', 'Rpl22l1', 'Rps3', 'I79_023563', 'Rpl9']","['Rpl13', 'Rplp0', 'Rpl26', 'Rpl30', 'I79_005382', 'Rpl23', 'Rpl37', 'Rps16', 'RPS3A', 'Rpl11', 'Rpl24', 'Rpl13a', 'Rps4x', 'Rpl14', 'Rpl22l1', 'Rps3', 'I79_023563', 'Rpl9']",1.21e-12,1.33e-09,RNA binding,9,True,True
Function,GO:0019843,7,140,10029,"['Rplp0', 'Rpl23', 'Rpl37', 'Rpl11', 'Rps4x', 'Rps3', 'Rpl9']","['Rplp0', 'Rpl23', 'Rpl37', 'Rpl11', 'Rps4x', 'Rps3', 'Rpl9']",2.07e-09,1.7e-06,rRNA binding,9,True,True
Function,GO:0003729,6,385,10029,"['Rpl30', 'RPS3A', 'Rpl24', 'Rpl13a', 'Rps3', 'I79_023563']","['Rpl30', 'RPS3A', 'Rpl24', 'Rpl13a', 'Rps3', 'I79_023563']",2.37e-05,0.013,mRNA binding,9,True,True
TISSUES,BTO:0001489,34,13787,10029,"['Rplp0', 'I79_002027', 'Rpl26', 'Prdx1', 'Rps8', 'Rpl30', 'Rpl37a', 'I79_005382', 'Txnl1', 'Rpl23', 'Rpl37', 'S100a4', 'S100a5', 'Rps21', 'Rps24', 'Rps23', 'Rps16', 'RPS3A', 'Rpl27', 'Rpl17', 'Rpl11', 'Rpl24', 'Rpl32', 'Rpl13a', 'Rps4x', 'Rpl14', 'Rps12', 'Rpl22l1', 'Rps25', 'Rps17', 'Rps3', 'Rpl34', 'I79_023563', 'Rpl9']","['Rplp0', 'I79_002027', 'Rpl26', 'Prdx1', 'Rps8', 'Rpl30', 'Rpl37a', 'I79_005382', 'Txnl1', 'Rpl23', 'Rpl37', 'S100a4', 'S100a5', 'Rps21', 'Rps24', 'Rps23', 'Rps16', 'RPS3A', 'Rpl27', 'Rpl17', 'Rpl11', 'Rpl24', 'Rpl32', 'Rpl13a', 'Rps4x', 'Rpl14', 'Rps12', 'Rpl22l1', 'Rps25', 'Rps17', 'Rps3', 'Rpl34', 'I79_023563', 'Rpl9']",9.64e-07,0.002,Whole body,9,True,True
TISSUES,BTO:0000759,10,1300,10029,"['Rpl26', 'Prdx1', 'I79_005382', 'Rpl37', 'S100a4', 'Rps16', 'Rpl27', 'Rpl13a', 'Rpl22l1', 'Rpl34']","['Rpl26', 'Prdx1', 'I79_005382', 'Rpl37', 'S100a4', 'Rps16', 'Rpl27', 'Rpl13a', 'Rpl22l1', 'Rpl34']",1.62e-05,0.012,Liver,9,True,True
TISSUES,BTO:0000522,21,6286,10029,"['Rplp0', 'I79_002027', 'Rpl26', 'Prdx1', 'Rpl30', 'I79_005382', 'Rpl37', 'S100a4', 'S100a5', 'Rps24', 'Rps16', 'RPS3A', 'Rpl27', 'Rpl17', 'Rpl32', 'Rpl13a', 'Rpl22l1', 'Rps3', 'Rpl34', 'I79_023563', 'Rpl9']","['Rplp0', 'I79_002027', 'Rpl26', 'Prdx1', 'Rpl30', 'I79_005382', 'Rpl37', 'S100a4', 'S100a5', 'Rps24', 'Rps16', 'RPS3A', 'Rpl27', 'Rpl17', 'Rpl32', 'Rpl13a', 'Rpl22l1', 'Rps3', 'Rpl34', 'I79_023563', 'Rpl9']",5.11e-05,0.0208,Gland,9,True,True
TISSUES,BTO:0001488,19,5322,10029,"['Rplp0', 'I79_002027', 'Rpl26', 'Prdx1', 'Rpl30', 'I79_005382', 'Rpl37', 'S100a4', 'S100a5', 'Rps24', 'Rps16', 'RPS3A', 'Rpl27', 'Rpl32', 'Rpl13a', 'Rpl22l1', 'Rpl34', 'I79_023563', 'Rpl9']","['Rplp0', 'I79_002027', 'Rpl26', 'Prdx1', 'Rpl30', 'I79_005382', 'Rpl37', 'S100a4', 'S100a5', 'Rps24', 'Rps16', 'RPS3A', 'Rpl27', 'Rpl32', 'Rpl13a', 'Rpl22l1', 'Rpl34', 'I79_023563', 'Rpl9']",6.48e-05,0.022,Endocrine gland,9,True,True
TISSUES,BTO:0000174,10,1583,10029,"['Rpl26', 'S100a4', 'S100a5', 'Rpl24', 'Rpl13a', 'Rpl14', 'Rpl22l1', 'Rps25', 'Rps17', 'Rpl34']","['Rpl26', 'S100a4', 'S100a5', 'Rpl24', 'Rpl13a', 'Rpl14', 'Rpl22l1', 'Rps25', 'Rps17', 'Rpl34']",8.58e-05,0.0221,Embryonic structure,9,True,True
TISSUES,BTO:0000421,9,1245,10029,"['Rpl26', 'S100a4', 'S100a5', 'Rpl11', 'Rpl24', 'Rpl13a', 'Rpl14', 'Rps17', 'Rpl34']","['Rpl26', 'S100a4', 'S100a5', 'Rpl11', 'Rpl24', 'Rpl13a', 'Rpl14', 'Rps17', 'Rpl34']",7.59e-05,0.0221,Connective tissue,9,True,True
TISSUES,BTO:0000379,8,1052,10029,"['Rpl26', 'S100a4', 'S100a5', 'Rpl24', 'Rpl14', 'Rpl22l1', 'Rps17', 'Rpl34']","['Rpl26', 'S100a4', 'S100a5', 'Rpl24', 'Rpl14', 'Rpl22l1', 'Rps17', 'Rpl34']",0.00015,0.0329,Embryo,9,True,True
Keyword,KW-0689,32,524,10029,"['Rpl13', 'Rplp0', 'I79_002027', 'Rpl26', 'Rps8', 'Rpl30', 'Rpl37a', 'I79_005382', 'Rpl23', 'Rpl37', 'Rps21', 'Rps24', 'Rps23', 'Rps16', 'RPS3A', 'Rpl27', 'Rpl17', 'Rpl11', 'Rpl24', 'Rpl32', 'Rpl13a', 'Rps11', 'Rps4x', 'Rpl14', 'Rps12', 'Rpl22l1', 'Rps25', 'Rps17', 'Rps3', 'Rpl34', 'I79_023563', 'Rpl9']","['Rpl13', 'Rplp0', 'I79_002027', 'Rpl26', 'Rps8', 'Rpl30', 'Rpl37a', 'I79_005382', 'Rpl23', 'Rpl37', 'Rps21', 'Rps24', 'Rps23', 'Rps16', 'RPS3A', 'Rpl27', 'Rpl17', 'Rpl11', 'Rpl24', 'Rpl32', 'Rpl13a', 'Rps11', 'Rps4x', 'Rpl14', 'Rps12', 'Rpl22l1', 'Rps25', 'Rps17', 'Rps3', 'Rpl34', 'I79_023563', 'Rpl9']",1.1899999999999999e-48,4.07e-46,Ribosomal protein,9,True,True
KEGG,cge03010,30,184,10029,"['Rpl13', 'Rplp0', 'Rpl26', 'Rps8', 'Rpl30', 'Rpl37a', 'I79_005382', 'Rpl23', 'Rpl37', 'Rps21', 'Rps24', 'Rps23', 'Rps16', 'RPS3A', 'Rpl27', 'Rpl17', 'Rpl11', 'Rpl24', 'Rpl32', 'Rpl13a', 'Rps11', 'Rps4x', 'Rpl14', 'Rps12', 'Rpl22l1', 'Rps25', 'Rps17', 'Rps3', 'Rpl34', 'Rpl9']","['Rpl13', 'Rplp0', 'Rpl26', 'Rps8', 'Rpl30', 'Rpl37a', 'I79_005382', 'Rpl23', 'Rpl37', 'Rps21', 'Rps24', 'Rps23', 'Rps16', 'RPS3A', 'Rpl27', 'Rpl17', 'Rpl11', 'Rpl24', 'Rpl32', 'Rpl13a', 'Rps11', 'Rps4x', 'Rpl14', 'Rps12', 'Rpl22l1', 'Rps25', 'Rps17', 'Rps3', 'Rpl34', 'Rpl9']",8.06e-57,2.6799999999999996e-54,Ribosome,9,True,True
InterPro,IPR005824,3,10,10029,"['Rpl26', 'Rpl27', 'Rps4x']","['Rpl26', 'Rpl27', 'Rps4x']",8.87e-07,0.0058,KOW,9,True,True
InterPro,IPR011332,3,26,10029,"['Rpl37a', 'I79_005382', 'Rpl37']","['Rpl37a', 'I79_005382', 'Rpl37']",1.11e-05,0.0362,Zinc-binding ribosomal protein,9,True,True
InterPro,IPR014722,3,33,10029,"['Rpl26', 'Rps4x', 'Rpl14']","['Rpl26', 'Rps4x', 'Rpl14']",2.16e-05,0.0468,"Ribosomal protein L2, domain 2",9,True,True
PMID,PMID:35844510,5,56,10029,"['Rpl37', 'S100a4', 'Rps21', 'Rps25', 'Rps3']","['Rpl37', 'S100a4', 'Rps21', 'Rps25', 'Rps3']",3.24e-08,0.00089,(2022) The Lung Alveolar Cell (LAC) miRNome and Gene Expression Profile of the SP-A-KO Mice After Infection With and Without Rescue With Human Surfactant Protein-A2 (1A(0)).,9,True,False
PMID,PMID:32913333,4,21,10029,"['Rpl26', 'Rpl37', 'Rps16', 'Rpl11']","['Rpl26', 'Rpl37', 'Rps16', 'Rpl11']",5.35e-08,0.00089,(2020) Proteomics provides insights into the inhibition of Chinese hamster V79 cell proliferation in the deep underground environment.,9,True,False
PMID,PMID:34392148,3,20,10029,"['Rpl13a', 'Rps4x', 'Rps3']","['Rpl13a', 'Rps4x', 'Rps3']",5.44e-06,0.0499,(2021) Identification of COVID-19 prognostic markers and therapeutic targets through meta-analysis and validation of Omics data from nasopharyngeal samples.,9,True,False
RCTM,MAP-1799339,32,476,10029,"['Rpl13', 'Rplp0', 'I79_002027', 'Rpl26', 'Rps8', 'Rpl30', 'Rpl37a', 'I79_005382', 'Rpl23', 'Rpl37', 'Rps21', 'Rps24', 'Rps23', 'Rps16', 'RPS3A', 'Rpl27', 'Rpl17', 'Rpl11', 'Rpl24', 'Rpl32', 'Rpl13a', 'Rps11', 'Rps4x', 'Rpl14', 'Rps12', 'Rpl22l1', 'Rps25', 'Rps17', 'Rps3', 'Rpl34', 'I79_023563', 'Rpl9']","['Rpl13', 'Rplp0', 'I79_002027', 'Rpl26', 'Rps8', 'Rpl30', 'Rpl37a', 'I79_005382', 'Rpl23', 'Rpl37', 'Rps21', 'Rps24', 'Rps23', 'Rps16', 'RPS3A', 'Rpl27', 'Rpl17', 'Rpl11', 'Rpl24', 'Rpl32', 'Rpl13a', 'Rps11', 'Rps4x', 'Rpl14', 'Rps12', 'Rpl22l1', 'Rps25', 'Rps17', 'Rps3', 'Rpl34', 'I79_023563', 'Rpl9']",6.1e-50,8.580000000000001e-47,SRP-dependent cotranslational protein targeting to membrane,9,True,True
RCTM,MAP-72689,32,473,10029,"['Rpl13', 'Rplp0', 'I79_002027', 'Rpl26', 'Rps8', 'Rpl30', 'Rpl37a', 'I79_005382', 'Rpl23', 'Rpl37', 'Rps21', 'Rps24', 'Rps23', 'Rps16', 'RPS3A', 'Rpl27', 'Rpl17', 'Rpl11', 'Rpl24', 'Rpl32', 'Rpl13a', 'Rps11', 'Rps4x', 'Rpl14', 'Rps12', 'Rpl22l1', 'Rps25', 'Rps17', 'Rps3', 'Rpl34', 'I79_023563', 'Rpl9']","['Rpl13', 'Rplp0', 'I79_002027', 'Rpl26', 'Rps8', 'Rpl30', 'Rpl37a', 'I79_005382', 'Rpl23', 'Rpl37', 'Rps21', 'Rps24', 'Rps23', 'Rps16', 'RPS3A', 'Rpl27', 'Rpl17', 'Rpl11', 'Rpl24', 'Rpl32', 'Rpl13a', 'Rps11', 'Rps4x', 'Rpl14', 'Rps12', 'Rpl22l1', 'Rps25', 'Rps17', 'Rps3', 'Rpl34', 'I79_023563', 'Rpl9']",5.02e-50,8.580000000000001e-47,Formation of a pool of free 40S subunits,9,True,True
RCTM,MAP-72706,32,491,10029,"['Rpl13', 'Rplp0', 'I79_002027', 'Rpl26', 'Rps8', 'Rpl30', 'Rpl37a', 'I79_005382', 'Rpl23', 'Rpl37', 'Rps21', 'Rps24', 'Rps23', 'Rps16', 'RPS3A', 'Rpl27', 'Rpl17', 'Rpl11', 'Rpl24', 'Rpl32', 'Rpl13a', 'Rps11', 'Rps4x', 'Rpl14', 'Rps12', 'Rpl22l1', 'Rps25', 'Rps17', 'Rps3', 'Rpl34', 'I79_023563', 'Rpl9']","['Rpl13', 'Rplp0', 'I79_002027', 'Rpl26', 'Rps8', 'Rpl30', 'Rpl37a', 'I79_005382', 'Rpl23', 'Rpl37', 'Rps21', 'Rps24', 'Rps23', 'Rps16', 'RPS3A', 'Rpl27', 'Rpl17', 'Rpl11', 'Rpl24', 'Rpl32', 'Rpl13a', 'Rps11', 'Rps4x', 'Rpl14', 'Rps12', 'Rpl22l1', 'Rps25', 'Rps17', 'Rps3', 'Rpl34', 'I79_023563', 'Rpl9']",1.59e-49,8.580000000000001e-47,GTP hydrolysis and joining of the 60S ribosomal subunit,9,True,True
RCTM,MAP-975956,32,478,10029,"['Rpl13', 'Rplp0', 'I79_002027', 'Rpl26', 'Rps8', 'Rpl30', 'Rpl37a', 'I79_005382', 'Rpl23', 'Rpl37', 'Rps21', 'Rps24', 'Rps23', 'Rps16', 'RPS3A', 'Rpl27', 'Rpl17', 'Rpl11', 'Rpl24', 'Rpl32', 'Rpl13a', 'Rps11', 'Rps4x', 'Rpl14', 'Rps12', 'Rpl22l1', 'Rps25', 'Rps17', 'Rps3', 'Rpl34', 'I79_023563', 'Rpl9']","['Rpl13', 'Rplp0', 'I79_002027', 'Rpl26', 'Rps8', 'Rpl30', 'Rpl37a', 'I79_005382', 'Rpl23', 'Rpl37', 'Rps21', 'Rps24', 'Rps23', 'Rps16', 'RPS3A', 'Rpl27', 'Rpl17', 'Rpl11', 'Rpl24', 'Rpl32', 'Rpl13a', 'Rps11', 'Rps4x', 'Rpl14', 'Rps12', 'Rpl22l1', 'Rps25', 'Rps17', 'Rps3', 'Rpl34', 'I79_023563', 'Rpl9']",6.94e-50,8.580000000000001e-47,Nonsense Mediated Decay (NMD) independent of the Exon Junction Complex (EJC),9,True,True
RCTM,MAP-156827,32,503,10029,"['Rpl13', 'Rplp0', 'I79_002027', 'Rpl26', 'Rps8', 'Rpl30', 'Rpl37a', 'I79_005382', 'Rpl23', 'Rpl37', 'Rps21', 'Rps24', 'Rps23', 'Rps16', 'RPS3A', 'Rpl27', 'Rpl17', 'Rpl11', 'Rpl24', 'Rpl32', 'Rpl13a', 'Rps11', 'Rps4x', 'Rpl14', 'Rps12', 'Rpl22l1', 'Rps25', 'Rps17', 'Rps3', 'Rpl34', 'I79_023563', 'Rpl9']","['Rpl13', 'Rplp0', 'I79_002027', 'Rpl26', 'Rps8', 'Rpl30', 'Rpl37a', 'I79_005382', 'Rpl23', 'Rpl37', 'Rps21', 'Rps24', 'Rps23', 'Rps16', 'RPS3A', 'Rpl27', 'Rpl17', 'Rpl11', 'Rpl24', 'Rpl32', 'Rpl13a', 'Rps11', 'Rps4x', 'Rpl14', 'Rps12', 'Rpl22l1', 'Rps25', 'Rps17', 'Rps3', 'Rpl34', 'I79_023563', 'Rpl9']",3.35e-49,1.15e-46,L13a-mediated translational silencing of Ceruloplasmin expression,9,True,True
RCTM,MAP-72613,32,512,10029,"['Rpl13', 'Rplp0', 'I79_002027', 'Rpl26', 'Rps8', 'Rpl30', 'Rpl37a', 'I79_005382', 'Rpl23', 'Rpl37', 'Rps21', 'Rps24', 'Rps23', 'Rps16', 'RPS3A', 'Rpl27', 'Rpl17', 'Rpl11', 'Rpl24', 'Rpl32', 'Rpl13a', 'Rps11', 'Rps4x', 'Rpl14', 'Rps12', 'Rpl22l1', 'Rps25', 'Rps17', 'Rps3', 'Rpl34', 'I79_023563', 'Rpl9']","['Rpl13', 'Rplp0', 'I79_002027', 'Rpl26', 'Rps8', 'Rpl30', 'Rpl37a', 'I79_005382', 'Rpl23', 'Rpl37', 'Rps21', 'Rps24', 'Rps23', 'Rps16', 'RPS3A', 'Rpl27', 'Rpl17', 'Rpl11', 'Rpl24', 'Rpl32', 'Rpl13a', 'Rps11', 'Rps4x', 'Rpl14', 'Rps12', 'Rpl22l1', 'Rps25', 'Rps17', 'Rps3', 'Rpl34', 'I79_023563', 'Rpl9']",5.799999999999999e-49,1.38e-46,Eukaryotic Translation Initiation,9,True,True
RCTM,MAP-72737,32,512,10029,"['Rpl13', 'Rplp0', 'I79_002027', 'Rpl26', 'Rps8', 'Rpl30', 'Rpl37a', 'I79_005382', 'Rpl23', 'Rpl37', 'Rps21', 'Rps24', 'Rps23', 'Rps16', 'RPS3A', 'Rpl27', 'Rpl17', 'Rpl11', 'Rpl24', 'Rpl32', 'Rpl13a', 'Rps11', 'Rps4x', 'Rpl14', 'Rps12', 'Rpl22l1', 'Rps25', 'Rps17', 'Rps3', 'Rpl34', 'I79_023563', 'Rpl9']","['Rpl13', 'Rplp0', 'I79_002027', 'Rpl26', 'Rps8', 'Rpl30', 'Rpl37a', 'I79_005382', 'Rpl23', 'Rpl37', 'Rps21', 'Rps24', 'Rps23', 'Rps16', 'RPS3A', 'Rpl27', 'Rpl17', 'Rpl11', 'Rpl24', 'Rpl32', 'Rpl13a', 'Rps11', 'Rps4x', 'Rpl14', 'Rps12', 'Rpl22l1', 'Rps25', 'Rps17', 'Rps3', 'Rpl34', 'I79_023563', 'Rpl9']",5.799999999999999e-49,1.38e-46,Cap-dependent Translation Initiation,9,True,True
RCTM,MAP-927802,32,509,10029,"['Rpl13', 'Rplp0', 'I79_002027', 'Rpl26', 'Rps8', 'Rpl30', 'Rpl37a', 'I79_005382', 'Rpl23', 'Rpl37', 'Rps21', 'Rps24', 'Rps23', 'Rps16', 'RPS3A', 'Rpl27', 'Rpl17', 'Rpl11', 'Rpl24', 'Rpl32', 'Rpl13a', 'Rps11', 'Rps4x', 'Rpl14', 'Rps12', 'Rpl22l1', 'Rps25', 'Rps17', 'Rps3', 'Rpl34', 'I79_023563', 'Rpl9']","['Rpl13', 'Rplp0', 'I79_002027', 'Rpl26', 'Rps8', 'Rpl30', 'Rpl37a', 'I79_005382', 'Rpl23', 'Rpl37', 'Rps21', 'Rps24', 'Rps23', 'Rps16', 'RPS3A', 'Rpl27', 'Rpl17', 'Rpl11', 'Rpl24', 'Rpl32', 'Rpl13a', 'Rps11', 'Rps4x', 'Rpl14', 'Rps12', 'Rpl22l1', 'Rps25', 'Rps17', 'Rps3', 'Rpl34', 'I79_023563', 'Rpl9']",4.84e-49,1.38e-46,Nonsense-Mediated Decay (NMD),9,True,True
RCTM,MAP-975957,32,509,10029,"['Rpl13', 'Rplp0', 'I79_002027', 'Rpl26', 'Rps8', 'Rpl30', 'Rpl37a', 'I79_005382', 'Rpl23', 'Rpl37', 'Rps21', 'Rps24', 'Rps23', 'Rps16', 'RPS3A', 'Rpl27', 'Rpl17', 'Rpl11', 'Rpl24', 'Rpl32', 'Rpl13a', 'Rps11', 'Rps4x', 'Rpl14', 'Rps12', 'Rpl22l1', 'Rps25', 'Rps17', 'Rps3', 'Rpl34', 'I79_023563', 'Rpl9']","['Rpl13', 'Rplp0', 'I79_002027', 'Rpl26', 'Rps8', 'Rpl30', 'Rpl37a', 'I79_005382', 'Rpl23', 'Rpl37', 'Rps21', 'Rps24', 'Rps23', 'Rps16', 'RPS3A', 'Rpl27', 'Rpl17', 'Rpl11', 'Rpl24', 'Rpl32', 'Rpl13a', 'Rps11', 'Rps4x', 'Rpl14', 'Rps12', 'Rpl22l1', 'Rps25', 'Rps17', 'Rps3', 'Rpl34', 'I79_023563', 'Rpl9']",4.84e-49,1.38e-46,Nonsense Mediated Decay (NMD) enhanced by the Exon Junction Complex (EJC),9,True,True
RCTM,MAP-6791226,32,569,10029,"['Rpl13', 'Rplp0', 'I79_002027', 'Rpl26', 'Rps8', 'Rpl30', 'Rpl37a', 'I79_005382', 'Rpl23', 'Rpl37', 'Rps21', 'Rps24', 'Rps23', 'Rps16', 'RPS3A', 'Rpl27', 'Rpl17', 'Rpl11', 'Rpl24', 'Rpl32', 'Rpl13a', 'Rps11', 'Rps4x', 'Rpl14', 'Rps12', 'Rpl22l1', 'Rps25', 'Rps17', 'Rps3', 'Rpl34', 'I79_023563', 'Rpl9']","['Rpl13', 'Rplp0', 'I79_002027', 'Rpl26', 'Rps8', 'Rpl30', 'Rpl37a', 'I79_005382', 'Rpl23', 'Rpl37', 'Rps21', 'Rps24', 'Rps23', 'Rps16', 'RPS3A', 'Rpl27', 'Rpl17', 'Rpl11', 'Rpl24', 'Rpl32', 'Rpl13a', 'Rps11', 'Rps4x', 'Rpl14', 'Rps12', 'Rpl22l1', 'Rps25', 'Rps17', 'Rps3', 'Rpl34', 'I79_023563', 'Rpl9']",1.52e-47,2.61e-45,Major pathway of rRNA processing in the nucleolus and cytosol,9,True,True
RCTM,MAP-8868773,32,574,10029,"['Rpl13', 'Rplp0', 'I79_002027', 'Rpl26', 'Rps8', 'Rpl30', 'Rpl37a', 'I79_005382', 'Rpl23', 'Rpl37', 'Rps21', 'Rps24', 'Rps23', 'Rps16', 'RPS3A', 'Rpl27', 'Rpl17', 'Rpl11', 'Rpl24', 'Rpl32', 'Rpl13a', 'Rps11', 'Rps4x', 'Rpl14', 'Rps12', 'Rpl22l1', 'Rps25', 'Rps17', 'Rps3', 'Rpl34', 'I79_023563', 'Rpl9']","['Rpl13', 'Rplp0', 'I79_002027', 'Rpl26', 'Rps8', 'Rpl30', 'Rpl37a', 'I79_005382', 'Rpl23', 'Rpl37', 'Rps21', 'Rps24', 'Rps23', 'Rps16', 'RPS3A', 'Rpl27', 'Rpl17', 'Rpl11', 'Rpl24', 'Rpl32', 'Rpl13a', 'Rps11', 'Rps4x', 'Rpl14', 'Rps12', 'Rpl22l1', 'Rps25', 'Rps17', 'Rps3', 'Rpl34', 'I79_023563', 'Rpl9']",2e-47,3.11e-45,rRNA processing in the nucleus and cytosol,9,True,True
RCTM,MAP-72312,32,587,10029,"['Rpl13', 'Rplp0', 'I79_002027', 'Rpl26', 'Rps8', 'Rpl30', 'Rpl37a', 'I79_005382', 'Rpl23', 'Rpl37', 'Rps21', 'Rps24', 'Rps23', 'Rps16', 'RPS3A', 'Rpl27', 'Rpl17', 'Rpl11', 'Rpl24', 'Rpl32', 'Rpl13a', 'Rps11', 'Rps4x', 'Rpl14', 'Rps12', 'Rpl22l1', 'Rps25', 'Rps17', 'Rps3', 'Rpl34', 'I79_023563', 'Rpl9']","['Rpl13', 'Rplp0', 'I79_002027', 'Rpl26', 'Rps8', 'Rpl30', 'Rpl37a', 'I79_005382', 'Rpl23', 'Rpl37', 'Rps21', 'Rps24', 'Rps23', 'Rps16', 'RPS3A', 'Rpl27', 'Rpl17', 'Rpl11', 'Rpl24', 'Rpl32', 'Rpl13a', 'Rps11', 'Rps4x', 'Rpl14', 'Rps12', 'Rpl22l1', 'Rps25', 'Rps17', 'Rps3', 'Rpl34', 'I79_023563', 'Rpl9']",4.0100000000000003e-47,5.71e-45,rRNA processing,9,True,True
RCTM,MAP-72766,32,719,10029,"['Rpl13', 'Rplp0', 'I79_002027', 'Rpl26', 'Rps8', 'Rpl30', 'Rpl37a', 'I79_005382', 'Rpl23', 'Rpl37', 'Rps21', 'Rps24', 'Rps23', 'Rps16', 'RPS3A', 'Rpl27', 'Rpl17', 'Rpl11', 'Rpl24', 'Rpl32', 'Rpl13a', 'Rps11', 'Rps4x', 'Rpl14', 'Rps12', 'Rpl22l1', 'Rps25', 'Rps17', 'Rps3', 'Rpl34', 'I79_023563', 'Rpl9']","['Rpl13', 'Rplp0', 'I79_002027', 'Rpl26', 'Rps8', 'Rpl30', 'Rpl37a', 'I79_005382', 'Rpl23', 'Rpl37', 'Rps21', 'Rps24', 'Rps23', 'Rps16', 'RPS3A', 'Rpl27', 'Rpl17', 'Rpl11', 'Rpl24', 'Rpl32', 'Rpl13a', 'Rps11', 'Rps4x', 'Rpl14', 'Rps12', 'Rpl22l1', 'Rps25', 'Rps17', 'Rps3', 'Rpl34', 'I79_023563', 'Rpl9']",2.2e-44,2.8899999999999995e-42,Translation,9,True,True
RCTM,MAP-8953854,32,1376,10029,"['Rpl13', 'Rplp0', 'I79_002027', 'Rpl26', 'Rps8', 'Rpl30', 'Rpl37a', 'I79_005382', 'Rpl23', 'Rpl37', 'Rps21', 'Rps24', 'Rps23', 'Rps16', 'RPS3A', 'Rpl27', 'Rpl17', 'Rpl11', 'Rpl24', 'Rpl32', 'Rpl13a', 'Rps11', 'Rps4x', 'Rpl14', 'Rps12', 'Rpl22l1', 'Rps25', 'Rps17', 'Rps3', 'Rpl34', 'I79_023563', 'Rpl9']","['Rpl13', 'Rplp0', 'I79_002027', 'Rpl26', 'Rps8', 'Rpl30', 'Rpl37a', 'I79_005382', 'Rpl23', 'Rpl37', 'Rps21', 'Rps24', 'Rps23', 'Rps16', 'RPS3A', 'Rpl27', 'Rpl17', 'Rpl11', 'Rpl24', 'Rpl32', 'Rpl13a', 'Rps11', 'Rps4x', 'Rpl14', 'Rps12', 'Rpl22l1', 'Rps25', 'Rps17', 'Rps3', 'Rpl34', 'I79_023563', 'Rpl9']",1.47e-35,1.7900000000000002e-33,Metabolism of RNA,9,True,True
RCTM,MAP-392499,32,2810,10029,"['Rpl13', 'Rplp0', 'I79_002027', 'Rpl26', 'Rps8', 'Rpl30', 'Rpl37a', 'I79_005382', 'Rpl23', 'Rpl37', 'Rps21', 'Rps24', 'Rps23', 'Rps16', 'RPS3A', 'Rpl27', 'Rpl17', 'Rpl11', 'Rpl24', 'Rpl32', 'Rpl13a', 'Rps11', 'Rps4x', 'Rpl14', 'Rps12', 'Rpl22l1', 'Rps25', 'Rps17', 'Rps3', 'Rpl34', 'I79_023563', 'Rpl9']","['Rpl13', 'Rplp0', 'I79_002027', 'Rpl26', 'Rps8', 'Rpl30', 'Rpl37a', 'I79_005382', 'Rpl23', 'Rpl37', 'Rps21', 'Rps24', 'Rps23', 'Rps16', 'RPS3A', 'Rpl27', 'Rpl17', 'Rpl11', 'Rpl24', 'Rpl32', 'Rpl13a', 'Rps11', 'Rps4x', 'Rpl14', 'Rps12', 'Rpl22l1', 'Rps25', 'Rps17', 'Rps3', 'Rpl34', 'I79_023563', 'Rpl9']",7.840000000000001e-26,8.93e-24,Metabolism of proteins,9,True,True
RCTM,MAP-72695,15,178,10029,"['I79_002027', 'Rps8', 'I79_005382', 'Rps21', 'Rps24', 'Rps23', 'Rps16', 'RPS3A', 'Rps11', 'Rps4x', 'Rps12', 'Rps25', 'Rps17', 'Rps3', 'I79_023563']","['I79_002027', 'Rps8', 'I79_005382', 'Rps21', 'Rps24', 'Rps23', 'Rps16', 'RPS3A', 'Rps11', 'Rps4x', 'Rps12', 'Rps25', 'Rps17', 'Rps3', 'I79_023563']",1.11e-22,1.19e-20,"Formation of the ternary complex, and subsequently, the 43S complex",9,True,True
RCTM,MAP-72649,15,190,10029,"['I79_002027', 'Rps8', 'I79_005382', 'Rps21', 'Rps24', 'Rps23', 'Rps16', 'RPS3A', 'Rps11', 'Rps4x', 'Rps12', 'Rps25', 'Rps17', 'Rps3', 'I79_023563']","['I79_002027', 'Rps8', 'I79_005382', 'Rps21', 'Rps24', 'Rps23', 'Rps16', 'RPS3A', 'Rps11', 'Rps4x', 'Rps12', 'Rps25', 'Rps17', 'Rps3', 'I79_023563']",2.81e-22,2.83e-20,Translation initiation complex formation,9,True,True
RCTM,MAP-72662,15,192,10029,"['I79_002027', 'Rps8', 'I79_005382', 'Rps21', 'Rps24', 'Rps23', 'Rps16', 'RPS3A', 'Rps11', 'Rps4x', 'Rps12', 'Rps25', 'Rps17', 'Rps3', 'I79_023563']","['I79_002027', 'Rps8', 'I79_005382', 'Rps21', 'Rps24', 'Rps23', 'Rps16', 'RPS3A', 'Rps11', 'Rps4x', 'Rps12', 'Rps25', 'Rps17', 'Rps3', 'I79_023563']",3.26e-22,3.1e-20,"Activation of the mRNA upon binding of the cap-binding complex and eIFs, and subsequent binding to 43S",9,True,True
RCTM,MAP-72702,15,192,10029,"['I79_002027', 'Rps8', 'I79_005382', 'Rps21', 'Rps24', 'Rps23', 'Rps16', 'RPS3A', 'Rps11', 'Rps4x', 'Rps12', 'Rps25', 'Rps17', 'Rps3', 'I79_023563']","['I79_002027', 'Rps8', 'I79_005382', 'Rps21', 'Rps24', 'Rps23', 'Rps16', 'RPS3A', 'Rps11', 'Rps4x', 'Rps12', 'Rps25', 'Rps17', 'Rps3', 'I79_023563']",3.26e-22,3.1e-20,Ribosomal scanning and start codon recognition,9,True,True
NetworkNeighborAL,CL:380,24,180,10029,"['Rpl13', 'Rplp0', 'I79_002027', 'Rpl26', 'Rps8', 'Rpl30', 'I79_005382', 'Rpl37', 'Rps21', 'Rps24', 'Rps23', 'Rps16', 'RPS3A', 'Rpl27', 'Rpl11', 'Rpl13a', 'Rps11', 'Rps4x', 'Rpl14', 'Rps12', 'Rpl22l1', 'Rps17', 'Rps3', 'Rpl34']","['Rpl13', 'Rplp0', 'I79_002027', 'Rpl26', 'Rps8', 'Rpl30', 'I79_005382', 'Rpl37', 'Rps21', 'Rps24', 'Rps23', 'Rps16', 'RPS3A', 'Rpl27', 'Rpl11', 'Rpl13a', 'Rps11', 'Rps4x', 'Rpl14', 'Rps12', 'Rpl22l1', 'Rps17', 'Rps3', 'Rpl34']",6.289999999999999e-42,2.67e-38,Formation of a pool of free 40S subunits,9,True,True
NetworkNeighborAL,CL:389,23,170,10029,"['Rpl13', 'Rplp0', 'I79_002027', 'Rpl26', 'Rps8', 'Rpl30', 'I79_005382', 'Rpl37', 'Rps21', 'Rps24', 'Rps23', 'Rps16', 'RPS3A', 'Rpl11', 'Rpl13a', 'Rps11', 'Rps4x', 'Rpl14', 'Rps12', 'Rpl22l1', 'Rps17', 'Rps3', 'Rpl34']","['Rpl13', 'Rplp0', 'I79_002027', 'Rpl26', 'Rps8', 'Rpl30', 'I79_005382', 'Rpl37', 'Rps21', 'Rps24', 'Rps23', 'Rps16', 'RPS3A', 'Rpl11', 'Rpl13a', 'Rps11', 'Rps4x', 'Rpl14', 'Rps12', 'Rpl22l1', 'Rps17', 'Rps3', 'Rpl34']",3.96e-40,2.8e-37,Formation of a pool of free 40S subunits,9,True,True
NetworkNeighborAL,CL:405,22,146,10029,"['Rpl13', 'Rplp0', 'Rpl26', 'Rps8', 'Rpl30', 'I79_005382', 'Rpl37', 'Rps21', 'Rps24', 'Rps23', 'Rps16', 'RPS3A', 'Rpl11', 'Rpl13a', 'Rps11', 'Rps4x', 'Rpl14', 'Rps12', 'Rpl22l1', 'Rps17', 'Rps3', 'Rpl34']","['Rpl13', 'Rplp0', 'Rpl26', 'Rps8', 'Rpl30', 'I79_005382', 'Rpl37', 'Rps21', 'Rps24', 'Rps23', 'Rps16', 'RPS3A', 'Rpl11', 'Rpl13a', 'Rps11', 'Rps4x', 'Rpl14', 'Rps12', 'Rpl22l1', 'Rps17', 'Rps3', 'Rpl34']",3.56e-39,1.89e-36,"Formation of the ternary complex, and subsequently, the 43S complex, and Cytosolic large ribosomal subunit",9,True,True
NetworkNeighborAL,CL:408,21,139,10029,"['Rpl13', 'Rplp0', 'Rpl26', 'Rps8', 'Rpl30', 'I79_005382', 'Rpl37', 'Rps21', 'Rps24', 'Rps23', 'Rps16', 'RPS3A', 'Rpl11', 'Rps11', 'Rps4x', 'Rpl14', 'Rps12', 'Rpl22l1', 'Rps17', 'Rps3', 'Rpl34']","['Rpl13', 'Rplp0', 'Rpl26', 'Rps8', 'Rpl30', 'I79_005382', 'Rpl37', 'Rps21', 'Rps24', 'Rps23', 'Rps16', 'RPS3A', 'Rpl11', 'Rps11', 'Rps4x', 'Rpl14', 'Rps12', 'Rpl22l1', 'Rps17', 'Rps3', 'Rpl34']",2.84e-37,1.0000000000000001e-34,"Formation of the ternary complex, and subsequently, the 43S complex, and Cytosolic large ribosomal subunit",9,True,True
NetworkNeighborAL,CL:411,20,134,10029,"['Rpl13', 'Rpl26', 'Rps8', 'Rpl30', 'I79_005382', 'Rpl37', 'Rps21', 'Rps24', 'Rps23', 'Rps16', 'RPS3A', 'Rpl11', 'Rps11', 'Rps4x', 'Rpl14', 'Rps12', 'Rpl22l1', 'Rps17', 'Rps3', 'Rpl34']","['Rpl13', 'Rpl26', 'Rps8', 'Rpl30', 'I79_005382', 'Rpl37', 'Rps21', 'Rps24', 'Rps23', 'Rps16', 'RPS3A', 'Rpl11', 'Rps11', 'Rps4x', 'Rpl14', 'Rps12', 'Rpl22l1', 'Rps17', 'Rps3', 'Rpl34']",2.81e-35,9.180000000000001e-33,"Formation of the ternary complex, and subsequently, the 43S complex, and Polysomal ribosome",9,True,True
NetworkNeighborAL,CL:419,19,123,10029,"['Rpl13', 'Rpl26', 'Rps8', 'I79_005382', 'Rpl37', 'Rps21', 'Rps24', 'Rps23', 'Rps16', 'RPS3A', 'Rpl11', 'Rps11', 'Rps4x', 'Rpl14', 'Rps12', 'Rpl22l1', 'Rps17', 'Rps3', 'Rpl34']","['Rpl13', 'Rpl26', 'Rps8', 'I79_005382', 'Rpl37', 'Rps21', 'Rps24', 'Rps23', 'Rps16', 'RPS3A', 'Rpl11', 'Rps11', 'Rps4x', 'Rpl14', 'Rps12', 'Rpl22l1', 'Rps17', 'Rps3', 'Rpl34']",1.13e-33,3.4400000000000004e-31,"Formation of the ternary complex, and subsequently, the 43S complex, and Polysomal ribosome",9,True,True
NetworkNeighborAL,CL:421,18,118,10029,"['Rpl13', 'Rpl26', 'Rps8', 'I79_005382', 'Rpl37', 'Rps21', 'Rps24', 'Rps23', 'Rps16', 'RPS3A', 'Rpl11', 'Rps11', 'Rpl14', 'Rps12', 'Rpl22l1', 'Rps17', 'Rps3', 'Rpl34']","['Rpl13', 'Rpl26', 'Rps8', 'I79_005382', 'Rpl37', 'Rps21', 'Rps24', 'Rps23', 'Rps16', 'RPS3A', 'Rpl11', 'Rps11', 'Rpl14', 'Rps12', 'Rpl22l1', 'Rps17', 'Rps3', 'Rpl34']",1.0100000000000001e-31,2.67e-29,"Cytosolic small ribosomal subunit, and Polysomal ribosome",9,True,True
NetworkNeighborAL,CL:444,15,73,10029,"['Rpl13', 'Rps8', 'I79_005382', 'Rps21', 'Rps24', 'Rps23', 'Rps16', 'RPS3A', 'Rps11', 'Rpl14', 'Rps12', 'Rpl22l1', 'Rps17', 'Rps3', 'Rpl34']","['Rpl13', 'Rps8', 'I79_005382', 'Rps21', 'Rps24', 'Rps23', 'Rps16', 'RPS3A', 'Rps11', 'Rpl14', 'Rps12', 'Rpl22l1', 'Rps17', 'Rps3', 'Rpl34']",4.58e-28,1.14e-25,"Cytosolic small ribosomal subunit, and Ribosomal protein S30",9,True,True
NetworkNeighborAL,CL:453,14,59,10029,"['Rpl13', 'Rps8', 'I79_005382', 'Rps24', 'Rps23', 'Rps16', 'RPS3A', 'Rps11', 'Rpl14', 'Rps12', 'Rpl22l1', 'Rps17', 'Rps3', 'Rpl34']","['Rpl13', 'Rps8', 'I79_005382', 'Rps24', 'Rps23', 'Rps16', 'RPS3A', 'Rps11', 'Rpl14', 'Rps12', 'Rpl22l1', 'Rps17', 'Rps3', 'Rpl34']",5.850000000000001e-27,1.24e-24,"Cytosolic small ribosomal subunit, and Ribosomal protein S30",9,True,True
NetworkNeighborAL,CL:457,11,53,10029,"['Rpl13', 'Rps8', 'Rps24', 'Rps23', 'Rps16', 'Rpl14', 'Rps12', 'Rpl22l1', 'Rps17', 'Rps3', 'Rpl34']","['Rpl13', 'Rps8', 'Rps24', 'Rps23', 'Rps16', 'Rpl14', 'Rps12', 'Rpl22l1', 'Rps17', 'Rps3', 'Rpl34']",1.16e-20,1.9e-18,"Cytosolic small ribosomal subunit, and Ribosomal protein S30",9,True,True
NetworkNeighborAL,CL:461,10,48,10029,"['Rpl13', 'Rps8', 'Rps24', 'Rps23', 'Rpl14', 'Rps12', 'Rpl22l1', 'Rps17', 'Rps3', 'Rpl34']","['Rpl13', 'Rps8', 'Rps24', 'Rps23', 'Rpl14', 'Rps12', 'Rpl22l1', 'Rps17', 'Rps3', 'Rpl34']",7.53e-19,1.18e-16,"Cytosolic small ribosomal subunit, and Ribosomal protein S30",9,True,True
NetworkNeighborAL,CL:466,9,43,10029,"['Rpl13', 'Rps24', 'Rps23', 'Rpl14', 'Rps12', 'Rpl22l1', 'Rps17', 'Rps3', 'Rpl34']","['Rpl13', 'Rps24', 'Rps23', 'Rpl14', 'Rps12', 'Rpl22l1', 'Rps17', 'Rps3', 'Rpl34']",4.72e-17,7.15e-15,"Cytosolic small ribosomal subunit, and Ribosomal protein S30",9,True,True
NetworkNeighborAL,CL:476,8,33,10029,"['Rpl13', 'Rps24', 'Rps23', 'Rpl14', 'Rpl22l1', 'Rps17', 'Rps3', 'Rpl34']","['Rpl13', 'Rps24', 'Rps23', 'Rpl14', 'Rpl22l1', 'Rps17', 'Rps3', 'Rpl34']",1.06e-15,1.55e-13,"Mixed, incl. Small ribosomal subunit rRNA binding, and Ribosomal protein S30",9,True,True
NetworkNeighborAL,CL:480,6,23,10029,"['Rpl13', 'Rps24', 'Rps23', 'Rpl14', 'Rpl22l1', 'Rpl34']","['Rpl13', 'Rps24', 'Rps23', 'Rpl14', 'Rpl22l1', 'Rpl34']",3.48e-12,4.76e-10,"Mixed, incl. Small ribosomal subunit rRNA binding, and Ribosomal protein S28e",9,True,True
NetworkNeighborAL,CL:489,5,13,10029,"['Rpl13', 'Rps24', 'Rpl14', 'Rpl22l1', 'Rpl34']","['Rpl13', 'Rps24', 'Rpl14', 'Rpl22l1', 'Rpl34']",4.89e-11,6.29e-09,"Mostly uncharacterized, incl. Ubiquitin family, and Ribosomal protein S17e",9,True,True
NetworkNeighborAL,CL:532,2,5,10029,"['Rps17', 'Rps3']","['Rps17', 'Rps3']",4.61e-05,0.0056,"Small ribosomal subunit rRNA binding, and Ribosomal protein S17e",9,True,True
NetworkNeighborAL,CL:644,2,5,10029,"['Rpl37', 'Rpl11']","['Rpl37', 'Rpl11']",4.61e-05,0.0056,"Ribosomal protein L37e, and Ribosomal L5P family C-terminus",9,True,True
NetworkNeighborAL,CL:492,2,6,10029,"['Rpl14', 'Rpl34']","['Rpl14', 'Rpl34']",6.14e-05,0.007,"Mixed, incl. Ribosomal protein S5/S7, and Ribosomal protein S10p/S20e",9,True,True
NetworkNeighborAL,CL:18179,2,11,10029,"['S100a4', 'S100a5']","['S100a4', 'S100a5']",0.00017,0.019,"S100/Calcium binding protein 7/8-like, conserved site, and High mobility group box 1 binding",9,True,True
Process,GO:0035914,4,53,10029,"['Egr1', 'Fos', 'Btg2', 'Egr2']","['Egr1', 'Fos', 'Btg2', 'Egr2']",6.05e-09,7.66e-05,Skeletal muscle cell differentiation,12,True,True
Process,GO:1901700,8,1648,10029,"['Egr1', 'Fos', 'I79_009953', 'Zfp36', 'Btg2', 'Cxcl1', 'Sgk1', 'Egr2']","['Egr1', 'Fos', 'I79_009953', 'Zfp36', 'Btg2', 'Cxcl1', 'Sgk1', 'Egr2']",2.08e-08,0.00013,Response to oxygen-containing compound,12,True,True
Process,GO:0007611,5,335,10029,"['Egr1', 'I79_009953', 'Btg2', 'Sgk1', 'Egr2']","['Egr1', 'I79_009953', 'Btg2', 'Sgk1', 'Egr2']",1.35e-07,0.00057,Learning or memory,12,True,True
Process,GO:0009719,7,1425,10029,"['Egr1', 'Fos', 'I79_009953', 'Zfp36', 'Btg2', 'Sgk1', 'Egr2']","['Egr1', 'Fos', 'I79_009953', 'Zfp36', 'Btg2', 'Sgk1', 'Egr2']",2.81e-07,0.00072,Response to endogenous stimulus,12,True,True
Process,GO:0009725,6,809,10029,"['Egr1', 'I79_009953', 'Zfp36', 'Btg2', 'Sgk1', 'Egr2']","['Egr1', 'I79_009953', 'Zfp36', 'Btg2', 'Sgk1', 'Egr2']",2.89e-07,0.00072,Response to hormone,12,True,True
Process,GO:0043434,5,393,10029,"['Egr1', 'I79_009953', 'Btg2', 'Sgk1', 'Egr2']","['Egr1', 'I79_009953', 'Btg2', 'Sgk1', 'Egr2']",2.95e-07,0.00072,Response to peptide hormone,12,True,True
Process,GO:0010033,8,2827,10029,"['Egr1', 'Fos', 'I79_009953', 'Zfp36', 'Btg2', 'Cxcl1', 'Sgk1', 'Egr2']","['Egr1', 'Fos', 'I79_009953', 'Zfp36', 'Btg2', 'Cxcl1', 'Sgk1', 'Egr2']",1.41e-06,0.0016,Response to organic substance,12,True,True
Process,GO:1901701,6,1095,10029,"['Egr1', 'Fos', 'I79_009953', 'Zfp36', 'Cxcl1', 'Sgk1']","['Egr1', 'Fos', 'I79_009953', 'Zfp36', 'Cxcl1', 'Sgk1']",1.69e-06,0.0018,Cellular response to oxygen-containing compound,12,True,True
Process,GO:0071310,7,2069,10029,"['Egr1', 'Fos', 'I79_009953', 'Zfp36', 'Cxcl1', 'Sgk1', 'Egr2']","['Egr1', 'Fos', 'I79_009953', 'Zfp36', 'Cxcl1', 'Sgk1', 'Egr2']",3.52e-06,0.0032,Cellular response to organic substance,12,True,True
Process,GO:0033554,6,1609,10029,"['Egr1', 'Fos', 'I79_009953', 'Zfp36', 'Btg2', 'Sgk1']","['Egr1', 'Fos', 'I79_009953', 'Zfp36', 'Btg2', 'Sgk1']",1.57e-05,0.011,Cellular response to stress,12,True,True
Process,GO:0051240,6,1593,10029,"['Egr1', 'Fos', 'I79_009953', 'Sgk1', 'Dusp5', 'Egr2']","['Egr1', 'Fos', 'I79_009953', 'Sgk1', 'Dusp5', 'Egr2']",1.48e-05,0.011,Positive regulation of multicellular organismal process,12,True,True
Process,GO:0045597,5,928,10029,"['Fos', 'I79_009953', 'Zfp36', 'Sgk1', 'Egr2']","['Fos', 'I79_009953', 'Zfp36', 'Sgk1', 'Egr2']",1.93e-05,0.0122,Positive regulation of cell differentiation,12,True,True
Process,GO:0014070,5,964,10029,"['Egr1', 'I79_009953', 'Zfp36', 'Btg2', 'Sgk1']","['Egr1', 'I79_009953', 'Zfp36', 'Btg2', 'Sgk1']",2.31e-05,0.0139,Response to organic cyclic compound,12,True,True
Process,GO:0010941,6,1740,10029,"['Egr1', 'I79_009953', 'Zfp36', 'Btg2', 'Sgk1', 'Ccn1']","['Egr1', 'I79_009953', 'Zfp36', 'Btg2', 'Sgk1', 'Ccn1']",2.46e-05,0.0141,Regulation of cell death,12,True,True
Process,GO:0007275,8,4353,10029,"['Egr1', 'Fos', 'I79_009953', 'Zfp36', 'Btg2', 'Sgk1', 'Dusp5', 'Egr2']","['Egr1', 'Fos', 'I79_009953', 'Zfp36', 'Btg2', 'Sgk1', 'Dusp5', 'Egr2']",3.88e-05,0.0164,Multicellular organism development,12,True,True
Process,GO:0009888,6,1835,10029,"['Egr1', 'Fos', 'I79_009953', 'Btg2', 'Dusp5', 'Egr2']","['Egr1', 'Fos', 'I79_009953', 'Btg2', 'Dusp5', 'Egr2']",3.33e-05,0.0164,Tissue development,12,True,True
Process,GO:0051239,7,2847,10029,"['Egr1', 'Fos', 'I79_009953', 'Zfp36', 'Sgk1', 'Dusp5', 'Egr2']","['Egr1', 'Fos', 'I79_009953', 'Zfp36', 'Sgk1', 'Dusp5', 'Egr2']",2.98e-05,0.0164,Regulation of multicellular organismal process,12,True,True
Process,GO:0051254,6,1816,10029,"['Egr1', 'Fos', 'I79_009953', 'Zfp36', 'Btg2', 'Egr2']","['Egr1', 'Fos', 'I79_009953', 'Zfp36', 'Btg2', 'Egr2']",3.14e-05,0.0164,Positive regulation of RNA metabolic process,12,True,True
Process,GO:0060213,2,19,10029,"['Zfp36', 'Btg2']","['Zfp36', 'Btg2']",3.3e-05,0.0164,Positive regulation of nuclear-transcribed mRNA poly(A) tail shortening,12,True,True
Process,GO:0071363,4,472,10029,"['Egr1', 'Fos', 'I79_009953', 'Zfp36']","['Egr1', 'Fos', 'I79_009953', 'Zfp36']",2.97e-05,0.0164,Cellular response to growth factor stimulus,12,True,True
Process,GO:0071495,5,1127,10029,"['Egr1', 'Fos', 'I79_009953', 'Zfp36', 'Sgk1']","['Egr1', 'Fos', 'I79_009953', 'Zfp36', 'Sgk1']",4.89e-05,0.0184,Cellular response to endogenous stimulus,12,True,True
Process,GO:0048518,9,6368,10029,"['Egr1', 'Fos', 'I79_009953', 'Zfp36', 'Btg2', 'Cxcl1', 'Sgk1', 'Dusp5', 'Egr2']","['Egr1', 'Fos', 'I79_009953', 'Zfp36', 'Btg2', 'Cxcl1', 'Sgk1', 'Dusp5', 'Egr2']",5.22e-05,0.0189,Positive regulation of biological process,12,True,True
Process,GO:0071276,2,25,10029,"['Fos', 'I79_009953']","['Fos', 'I79_009953']",5.51e-05,0.0189,Cellular response to cadmium ion,12,True,True
Process,GO:0006355,7,3184,10029,"['Egr1', 'Fos', 'I79_009953', 'Zfp36', 'Btg2', 'Dusp5', 'Egr2']","['Egr1', 'Fos', 'I79_009953', 'Zfp36', 'Btg2', 'Dusp5', 'Egr2']",6.25e-05,0.0203,"Regulation of transcription, DNA-templated",12,True,True
Process,GO:0006950,7,3187,10029,"['Egr1', 'Fos', 'I79_009953', 'Zfp36', 'Btg2', 'Cxcl1', 'Sgk1']","['Egr1', 'Fos', 'I79_009953', 'Zfp36', 'Btg2', 'Cxcl1', 'Sgk1']",6.29e-05,0.0203,Response to stress,12,True,True
Process,GO:0007178,3,197,10029,"['Egr1', 'Fos', 'I79_009953']","['Egr1', 'Fos', 'I79_009953']",6.65e-05,0.0203,Transmembrane receptor protein serine/threonine kinase signaling pathway,12,True,True
Process,GO:0007612,3,196,10029,"['I79_009953', 'Btg2', 'Sgk1']","['I79_009953', 'Btg2', 'Sgk1']",6.55e-05,0.0203,Learning,12,True,True
Process,GO:0009628,5,1190,10029,"['Egr1', 'Fos', 'I79_009953', 'Btg2', 'Sgk1']","['Egr1', 'Fos', 'I79_009953', 'Btg2', 'Sgk1']",6.34e-05,0.0203,Response to abiotic stimulus,12,True,True
Process,GO:0031325,7,3172,10029,"['Egr1', 'Fos', 'I79_009953', 'Zfp36', 'Btg2', 'Cxcl1', 'Egr2']","['Egr1', 'Fos', 'I79_009953', 'Zfp36', 'Btg2', 'Cxcl1', 'Egr2']",6.1e-05,0.0203,Positive regulation of cellular metabolic process,12,True,True
Process,GO:0035994,2,27,10029,"['Fos', 'I79_009953']","['Fos', 'I79_009953']",6.37e-05,0.0203,Response to muscle stretch,12,True,True
Process,GO:0045637,3,205,10029,"['Fos', 'I79_009953', 'Zfp36']","['Fos', 'I79_009953', 'Zfp36']",7.47e-05,0.0203,Regulation of myeloid cell differentiation,12,True,True
Process,GO:0045892,5,1227,10029,"['Egr1', 'I79_009953', 'Zfp36', 'Btg2', 'Dusp5']","['Egr1', 'I79_009953', 'Zfp36', 'Btg2', 'Dusp5']",7.34e-05,0.0203,"Negative regulation of transcription, DNA-templated",12,True,True
Process,GO:0051716,9,6532,10029,"['Egr1', 'Fos', 'I79_009953', 'Zfp36', 'Btg2', 'Cxcl1', 'Sgk1', 'Ccn1', 'Egr2']","['Egr1', 'Fos', 'I79_009953', 'Zfp36', 'Btg2', 'Cxcl1', 'Sgk1', 'Ccn1', 'Egr2']",6.51e-05,0.0203,Cellular response to stimulus,12,True,True
Process,GO:0032868,3,218,10029,"['Egr1', 'Sgk1', 'Egr2']","['Egr1', 'Sgk1', 'Egr2']",8.94e-05,0.0213,Response to insulin,12,True,True
Process,GO:0030154,7,3418,10029,"['Egr1', 'Fos', 'I79_009953', 'Zfp36', 'Btg2', 'Sgk1', 'Egr2']","['Egr1', 'Fos', 'I79_009953', 'Zfp36', 'Btg2', 'Sgk1', 'Egr2']",9.97e-05,0.0234,Cell differentiation,12,True,True
Process,GO:0009612,3,238,10029,"['Fos', 'I79_009953', 'Btg2']","['Fos', 'I79_009953', 'Btg2']",0.00012,0.0256,Response to mechanical stimulus,12,True,True
Process,GO:0030097,4,667,10029,"['Egr1', 'Fos', 'I79_009953', 'Zfp36']","['Egr1', 'Fos', 'I79_009953', 'Zfp36']",0.00011,0.0256,Hemopoiesis,12,True,True
Process,GO:0007622,2,38,10029,"['Egr1', 'Egr2']","['Egr1', 'Egr2']",0.00012,0.0257,Rhythmic behavior,12,True,True
Process,GO:0009605,6,2319,10029,"['Fos', 'I79_009953', 'Zfp36', 'Btg2', 'Cxcl1', 'Egr2']","['Fos', 'I79_009953', 'Zfp36', 'Btg2', 'Cxcl1', 'Egr2']",0.00013,0.026,Response to external stimulus,12,True,True
Process,GO:0006357,6,2341,10029,"['Egr1', 'Fos', 'I79_009953', 'Zfp36', 'Btg2', 'Egr2']","['Egr1', 'Fos', 'I79_009953', 'Zfp36', 'Btg2', 'Egr2']",0.00013,0.027,Regulation of transcription by RNA polymerase II,12,True,True
Process,GO:0003008,6,2352,10029,"['Egr1', 'I79_009953', 'Btg2', 'Sgk1', 'Dusp5', 'Egr2']","['Egr1', 'I79_009953', 'Btg2', 'Sgk1', 'Dusp5', 'Egr2']",0.00014,0.0273,System process,12,True,True
Process,GO:0010765,2,45,10029,"['Cxcl1', 'Sgk1']","['Cxcl1', 'Sgk1']",0.00017,0.0314,Positive regulation of sodium ion transport,12,True,True
Process,GO:0043618,2,45,10029,"['Egr1', 'I79_009953']","['Egr1', 'I79_009953']",0.00017,0.0314,Regulation of transcription from RNA polymerase II promoter in response to stress,12,True,True
Process,GO:2000026,5,1465,10029,"['Fos', 'I79_009953', 'Zfp36', 'Sgk1', 'Egr2']","['Fos', 'I79_009953', 'Zfp36', 'Sgk1', 'Egr2']",0.00017,0.0314,Regulation of multicellular organismal development,12,True,True
Process,GO:0030099,3,279,10029,"['Fos', 'I79_009953', 'Zfp36']","['Fos', 'I79_009953', 'Zfp36']",0.00018,0.0323,Myeloid cell differentiation,12,True,True
Process,GO:0007616,2,49,10029,"['Egr1', 'Sgk1']","['Egr1', 'Sgk1']",0.0002,0.0328,Long-term memory,12,True,True
Process,GO:0031175,4,765,10029,"['I79_009953', 'Btg2', 'Sgk1', 'Egr2']","['I79_009953', 'Btg2', 'Sgk1', 'Egr2']",0.00019,0.0328,Neuron projection development,12,True,True
Process,GO:0042981,5,1531,10029,"['Egr1', 'I79_009953', 'Zfp36', 'Btg2', 'Sgk1']","['Egr1', 'I79_009953', 'Zfp36', 'Btg2', 'Sgk1']",0.00021,0.0328,Regulation of apoptotic process,12,True,True
Process,GO:0043523,3,284,10029,"['Egr1', 'I79_009953', 'Btg2']","['Egr1', 'I79_009953', 'Btg2']",0.00019,0.0328,Regulation of neuron apoptotic process,12,True,True
Process,GO:0048545,3,295,10029,"['I79_009953', 'Zfp36', 'Sgk1']","['I79_009953', 'Zfp36', 'Sgk1']",0.00022,0.0328,Response to steroid hormone,12,True,True
Process,GO:0065008,7,3854,10029,"['Egr1', 'I79_009953', 'Zfp36', 'Cxcl1', 'Sgk1', 'Dusp5', 'Egr2']","['Egr1', 'I79_009953', 'Zfp36', 'Cxcl1', 'Sgk1', 'Dusp5', 'Egr2']",0.00022,0.0328,Regulation of biological quality,12,True,True
Process,GO:1902895,2,49,10029,"['Egr1', 'I79_009953']","['Egr1', 'I79_009953']",0.0002,0.0328,Positive regulation of miRNA transcription,12,True,True
Process,GO:0032496,3,307,10029,"['I79_009953', 'Zfp36', 'Cxcl1']","['I79_009953', 'Zfp36', 'Cxcl1']",0.00024,0.0345,Response to lipopolysaccharide,12,True,True
Process,GO:0048731,7,3916,10029,"['Egr1', 'Fos', 'I79_009953', 'Zfp36', 'Btg2', 'Sgk1', 'Egr2']","['Egr1', 'Fos', 'I79_009953', 'Zfp36', 'Btg2', 'Sgk1', 'Egr2']",0.00024,0.0345,System development,12,True,True
Process,GO:0031323,8,5592,10029,"['Egr1', 'Fos', 'I79_009953', 'Zfp36', 'Btg2', 'Cxcl1', 'Dusp5', 'Egr2']","['Egr1', 'Fos', 'I79_009953', 'Zfp36', 'Btg2', 'Cxcl1', 'Dusp5', 'Egr2']",0.00026,0.0352,Regulation of cellular metabolic process,12,True,True
Process,GO:0034097,4,834,10029,"['Egr1', 'I79_009953', 'Zfp36', 'Cxcl1']","['Egr1', 'I79_009953', 'Zfp36', 'Cxcl1']",0.00027,0.0359,Response to cytokine,12,True,True
Process,GO:0033993,4,861,10029,"['I79_009953', 'Zfp36', 'Cxcl1', 'Sgk1']","['I79_009953', 'Zfp36', 'Cxcl1', 'Sgk1']",0.0003,0.0389,Response to lipid,12,True,True
Process,GO:0048522,8,5758,10029,"['Egr1', 'Fos', 'I79_009953', 'Zfp36', 'Btg2', 'Cxcl1', 'Sgk1', 'Egr2']","['Egr1', 'Fos', 'I79_009953', 'Zfp36', 'Btg2', 'Cxcl1', 'Sgk1', 'Egr2']",0.00032,0.0408,Positive regulation of cellular process,12,True,True
Process,GO:0000122,4,883,10029,"['Egr1', 'I79_009953', 'Zfp36', 'Btg2']","['Egr1', 'I79_009953', 'Zfp36', 'Btg2']",0.00033,0.0409,Negative regulation of transcription by RNA polymerase II,12,True,True
Process,GO:0042127,5,1686,10029,"['Egr1', 'I79_009953', 'Zfp36', 'Btg2', 'Cxcl1']","['Egr1', 'I79_009953', 'Zfp36', 'Btg2', 'Cxcl1']",0.00033,0.0409,Regulation of cell population proliferation,12,True,True
Process,GO:0002763,2,65,10029,"['Fos', 'I79_009953']","['Fos', 'I79_009953']",0.00034,0.0418,Positive regulation of myeloid leukocyte differentiation,12,True,True
Process,GO:0060395,2,70,10029,"['Fos', 'I79_009953']","['Fos', 'I79_009953']",0.0004,0.0472,SMAD protein signal transduction,12,True,True
Process,GO:0048168,2,72,10029,"['Egr1', 'Egr2']","['Egr1', 'Egr2']",0.00042,0.0487,Regulation of neuronal synaptic plasticity,12,True,True
Component,GO:0035976,2,4,10029,"['Fos', 'I79_009953']","['Fos', 'I79_009953']",2.36e-06,0.004,Transcription factor AP-1 complex,12,True,True
KEGG,cge05166,5,168,10029,"['Egr1', 'Fos', 'I79_009953', 'Zfp36', 'Egr2']","['Egr1', 'Fos', 'I79_009953', 'Zfp36', 'Egr2']",4.6e-09,1.53e-06,Human T-cell leukemia virus 1 infection,12,True,True
KEGG,cge05167,4,157,10029,"['Fos', 'I79_009953', 'Zfp36', 'Cxcl1']","['Fos', 'I79_009953', 'Zfp36', 'Cxcl1']",4.05e-07,6.72e-05,Kaposi sarcoma-associated herpesvirus infection,12,True,True
KEGG,cge04657,3,57,10029,"['Fos', 'I79_009953', 'Cxcl1']","['Fos', 'I79_009953', 'Cxcl1']",1.79e-06,0.0002,IL-17 signaling pathway,12,True,True
KEGG,cge05323,3,64,10029,"['Fos', 'I79_009953', 'Cxcl1']","['Fos', 'I79_009953', 'Cxcl1']",2.5e-06,0.00021,Rheumatoid arthritis,12,True,True
KEGG,cge04668,3,81,10029,"['Fos', 'I79_009953', 'Cxcl1']","['Fos', 'I79_009953', 'Cxcl1']",4.95e-06,0.00033,TNF signaling pathway,12,True,True
KEGG,cge05161,3,130,10029,"['Fos', 'I79_009953', 'Egr2']","['Fos', 'I79_009953', 'Egr2']",1.97e-05,0.0011,Hepatitis B,12,True,True
KEGG,cge04010,3,209,10029,"['Fos', 'I79_009953', 'Dusp5']","['Fos', 'I79_009953', 'Dusp5']",7.9e-05,0.0037,MAPK signaling pathway,12,True,True
KEGG,cge05031,2,37,10029,"['Fos', 'I79_009953']","['Fos', 'I79_009953']",0.00012,0.0048,Amphetamine addiction,12,True,True
KEGG,cge04662,2,45,10029,"['Fos', 'I79_009953']","['Fos', 'I79_009953']",0.00017,0.0062,B cell receptor signaling pathway,12,True,True
KEGG,cge05133,2,46,10029,"['Fos', 'I79_009953']","['Fos', 'I79_009953']",0.00018,0.0062,Pertussis,12,True,True
KEGG,cge05140,2,52,10029,"['Fos', 'I79_009953']","['Fos', 'I79_009953']",0.00022,0.0067,Leishmaniasis,12,True,True
KEGG,cge04912,2,58,10029,"['Egr1', 'I79_009953']","['Egr1', 'I79_009953']",0.00028,0.0076,GnRH signaling pathway,12,True,True
KEGG,cge01522,2,72,10029,"['Fos', 'I79_009953']","['Fos', 'I79_009953']",0.00042,0.0078,Endocrine resistance,12,True,True
KEGG,cge04625,2,69,10029,"['I79_009953', 'Egr2']","['I79_009953', 'Egr2']",0.00039,0.0078,C-type lectin receptor signaling pathway,12,True,True
KEGG,cge04658,2,61,10029,"['Fos', 'I79_009953']","['Fos', 'I79_009953']",0.0003,0.0078,Th1 and Th2 cell differentiation,12,True,True
KEGG,cge04660,2,69,10029,"['Fos', 'I79_009953']","['Fos', 'I79_009953']",0.00039,0.0078,T cell receptor signaling pathway,12,True,True
KEGG,cge05210,2,66,10029,"['Fos', 'I79_009953']","['Fos', 'I79_009953']",0.00035,0.0078,Colorectal cancer,12,True,True
KEGG,cge05231,2,68,10029,"['Fos', 'I79_009953']","['Fos', 'I79_009953']",0.00038,0.0078,Choline metabolism in cancer,12,True,True
KEGG,cge05235,2,62,10029,"['Fos', 'I79_009953']","['Fos', 'I79_009953']",0.00031,0.0078,PD-L1 expression and PD-1 checkpoint pathway in cancer,12,True,True
KEGG,cge04380,2,83,10029,"['Fos', 'I79_009953']","['Fos', 'I79_009953']",0.00055,0.0079,Osteoclast differentiation,12,True,True
KEGG,cge04620,2,79,10029,"['Fos', 'I79_009953']","['Fos', 'I79_009953']",0.0005,0.0079,Toll-like receptor signaling pathway,12,True,True
KEGG,cge04659,2,77,10029,"['Fos', 'I79_009953']","['Fos', 'I79_009953']",0.00048,0.0079,Th17 cell differentiation,12,True,True
KEGG,cge04928,2,80,10029,"['Egr1', 'Fos']","['Egr1', 'Fos']",0.00051,0.0079,"Parathyroid hormone synthesis, secretion and action",12,True,True
KEGG,cge04933,2,77,10029,"['Egr1', 'I79_009953']","['Egr1', 'I79_009953']",0.00048,0.0079,AGE-RAGE signaling pathway in diabetic complications,12,True,True
KEGG,cge05142,2,77,10029,"['Fos', 'I79_009953']","['Fos', 'I79_009953']",0.00048,0.0079,Chagas disease,12,True,True
KEGG,cge04210,2,92,10029,"['Fos', 'I79_009953']","['Fos', 'I79_009953']",0.00068,0.0086,Apoptosis,12,True,True
KEGG,cge04915,2,97,10029,"['Fos', 'I79_009953']","['Fos', 'I79_009953']",0.00075,0.0092,Estrogen signaling pathway,12,True,True
KEGG,cge04921,2,98,10029,"['Fos', 'I79_009953']","['Fos', 'I79_009953']",0.00076,0.0092,Oxytocin signaling pathway,12,True,True
KEGG,cge04926,2,99,10029,"['Fos', 'I79_009953']","['Fos', 'I79_009953']",0.00078,0.0092,Relaxin signaling pathway,12,True,True
KEGG,cge05135,2,97,10029,"['Fos', 'I79_009953']","['Fos', 'I79_009953']",0.00075,0.0092,Yersinia infection,12,True,True
KEGG,cge05418,2,100,10029,"['Fos', 'I79_009953']","['Fos', 'I79_009953']",0.00079,0.0092,Fluid shear stress and atherosclerosis,12,True,True
KEGG,cge05224,2,107,10029,"['Fos', 'I79_009953']","['Fos', 'I79_009953']",0.00091,0.0094,Breast cancer,12,True,True
KEGG,cge05162,2,111,10029,"['Fos', 'I79_009953']","['Fos', 'I79_009953']",0.00097,0.0098,Measles,12,True,True
KEGG,cge04932,2,118,10029,"['Fos', 'I79_009953']","['Fos', 'I79_009953']",0.0011,0.0107,Non-alcoholic fatty liver disease,12,True,True
KEGG,cge04621,2,130,10029,"['I79_009953', 'Cxcl1']","['I79_009953', 'Cxcl1']",0.0013,0.0126,NOD-like receptor signaling pathway,12,True,True
KEGG,cge04024,2,140,10029,"['Fos', 'I79_009953']","['Fos', 'I79_009953']",0.0015,0.0141,cAMP signaling pathway,12,True,True
KEGG,cge05203,2,143,10029,"['I79_009953', 'Egr2']","['I79_009953', 'Egr2']",0.0016,0.0143,Viral carcinogenesis,12,True,True
KEGG,cge05132,2,172,10029,"['Fos', 'I79_009953']","['Fos', 'I79_009953']",0.0023,0.02,Salmonella infection,12,True,True
KEGG,cge05170,2,174,10029,"['Fos', 'I79_009953']","['Fos', 'I79_009953']",0.0023,0.02,Human immunodeficiency virus 1 infection,12,True,True
InterPro,IPR021849,2,3,10029,"['Egr1', 'Egr2']","['Egr1', 'Egr2']",1.58e-06,0.0102,"Early growth response, N-terminal",12,True,True
Pfam,PF11928,2,3,10029,"['Egr1', 'Egr2']","['Egr1', 'Egr2']",1.58e-06,0.0034,Early growth response N-terminal domain,12,True,True
PMID,PMID:33766097,4,20,10029,"['Egr1', 'Fos', 'Btg2', 'Cxcl1']","['Egr1', 'Fos', 'Btg2', 'Cxcl1']",1.64e-10,4.51e-06,(2021) The CD33 short isoform is a gain-of-function variant that enhances Abeta1-42 phagocytosis in microglia.,12,True,False
PMID,PMID:36284088,4,31,10029,"['Egr1', 'Cxcl1', 'Dusp5', 'Ccn1']","['Egr1', 'Cxcl1', 'Dusp5', 'Ccn1']",8.06e-10,1.11e-05,(2022) Loss of thyroid gland circadian PER2 rhythmicity in aged mice and its potential association with thyroid cancer development.,12,True,False
PMID,PMID:35216067,3,15,10029,"['Egr1', 'Fos', 'Cxcl1']","['Egr1', 'Fos', 'Cxcl1']",4.3e-08,0.00039,(2022) Takotsubo Syndrome: Translational Implications and Pathomechanisms.,12,True,False
PMID,PMID:29157358,3,21,10029,"['Egr1', 'Fos', 'Btg2']","['Egr1', 'Fos', 'Btg2']",1.06e-07,0.00073,"(2017) RNG105caprin1, an RNA granule protein for dendritic mRNA localization, is essential for long-term memory formation.",12,True,False
PMID,PMID:19440550,3,21,10029,"['Egr1', 'Cxcl1', 'Ccn1']","['Egr1', 'Cxcl1', 'Ccn1']",1.06e-07,0.00073,(2009) Lysophosphatidic acid-induced transcriptional profile represents serous epithelial ovarian carcinoma and worsened prognosis.,12,True,False
PMID,PMID:38273376,3,25,10029,"['Egr1', 'Ccn1', 'Egr2']","['Egr1', 'Ccn1', 'Egr2']",1.72e-07,0.00079,(2024) Therapeutic potential of berberine in attenuating cholestatic liver injury: insights from a PSC mouse model.,12,True,False
PMID,PMID:36900315,3,34,10029,"['Egr1', 'Cxcl1', 'Ccn1']","['Egr1', 'Cxcl1', 'Ccn1']",4.08e-07,0.0016,(2023) The Tissue Factor Pathway in Cancer: Overview and Role of Heparan Sulfate Proteoglycans.,12,True,False
PMID,PMID:34417736,3,34,10029,"['Egr1', 'Sgk1', 'Ccn1']","['Egr1', 'Sgk1', 'Ccn1']",4.08e-07,0.0016,(2022) 2021 update on thyroid-associated ophthalmopathy.,12,True,False
PMID,PMID:37280670,3,48,10029,"['Egr1', 'Cxcl1', 'Ccn1']","['Egr1', 'Cxcl1', 'Ccn1']",1.09e-06,0.0029,(2023) Tissue factor (coagulation factor III): a potential double-edge molecule to be targeted and re-targeted toward cancer.,12,True,False
PMID,PMID:26775236,2,2,10029,"['Egr1', 'Egr2']","['Egr1', 'Egr2']",9.46e-07,0.0029,"(2017) Overexpression of the immediate-early genes Egr1, Egr2, and Egr3 in two strains of rodents susceptible to audiogenic seizures.",12,True,False
PMID,PMID:11460264,2,2,10029,"['Egr1', 'Egr2']","['Egr1', 'Egr2']",9.46e-07,0.0029,(2001) Rapid effects of triiodothyronine on immediate-early gene expression in Schwann cells.,12,True,False
PMID,PMID:33619488,3,72,10029,"['Egr1', 'Fos', 'Cxcl1']","['Egr1', 'Fos', 'Cxcl1']",3.51e-06,0.0036,(2021) Impaired local intrinsic immunity to SARS-CoV-2 infection in severe COVID-19.,12,True,False
PMID,PMID:29951699,2,3,10029,"['Egr1', 'Fos']","['Egr1', 'Fos']",1.58e-06,0.0036,(2019) The role of vasopressin in olfactory and visual processing.,12,True,False
PMID,PMID:30864256,2,4,10029,"['Zfp36', 'Cxcl1']","['Zfp36', 'Cxcl1']",2.36e-06,0.0036,(2019) The tandem zinc finger RNA binding domain of members of the tristetraprolin protein family.,12,True,False
PMID,PMID:31020055,2,5,10029,"['Egr1', 'Fos']","['Egr1', 'Fos']",3.31e-06,0.0036,"(2019) Cytogenetic, Genomic, and Functional Characterization of Pituitary Gonadotrope Cell Lines.",12,True,False
PMID,PMID:29534047,2,4,10029,"['Egr1', 'Fos']","['Egr1', 'Fos']",2.36e-06,0.0036,"(2018) Seasonal Reproduction in Vertebrates: Melatonin Synthesis, Binding, and Functionality Using Tinbergens Four Questions.",12,True,False
PMID,PMID:26643557,2,3,10029,"['Egr1', 'Fos']","['Egr1', 'Fos']",1.58e-06,0.0036,(2016) Central oxytocin receptors mediate mating-induced partner preferences and enhance correlated activation across forebrain nuclei in male prairie voles.,12,True,False
PMID,PMID:25222636,2,4,10029,"['Egr1', 'Egr2']","['Egr1', 'Egr2']",2.36e-06,0.0036,(2014) Toward a neurology of loneliness.,12,True,False
PMID,PMID:22269661,2,5,10029,"['Egr1', 'Fos']","['Egr1', 'Fos']",3.31e-06,0.0036,(2012) Evolving nonapeptide mechanisms of gregariousness and social diversity in birds.,12,True,False
PMID,PMID:22569510,2,4,10029,"['Egr1', 'Fos']","['Egr1', 'Fos']",2.36e-06,0.0036,(2012) The role of motivation and reward neural systems in vocal communication in songbirds.,12,True,False
PMID,PMID:22679420,2,3,10029,"['Egr1', 'Fos']","['Egr1', 'Fos']",1.58e-06,0.0036,(2012) Contribution of pheromones processed by the main olfactory system to mate recognition in female mammals.,12,True,False
PMID,PMID:21316366,2,4,10029,"['Egr1', 'Fos']","['Egr1', 'Fos']",2.36e-06,0.0036,"(2011) Chemosensory and hormone information are relayed directly between the medial amygdala, posterior bed nucleus of the stria terminalis, and medial preoptic area in male Syrian hamsters.",12,True,False
PMID,PMID:21427780,2,4,10029,"['Egr1', 'Fos']","['Egr1', 'Fos']",2.36e-06,0.0036,(2011) Nonapeptides and the evolution of social group sizes in birds.,12,True,False
PMID,PMID:20165943,2,3,10029,"['Egr1', 'Egr2']","['Egr1', 'Egr2']",1.58e-06,0.0036,(2010) The serotonin 2C receptor potently modulates the head-twitch response in mice induced by a phenethylamine hallucinogen.,12,True,False
PMID,PMID:19446074,2,3,10029,"['Egr1', 'Fos']","['Egr1', 'Fos']",1.58e-06,0.0036,(2009) Sexual differentiation of pheromone processing: links to male-typical mating behavior and partner preference.,12,True,False
PMID,PMID:19524021,2,4,10029,"['Egr1', 'Fos']","['Egr1', 'Fos']",2.36e-06,0.0036,(2009) Social contact elicits immediate-early gene expression in dopaminergic cells of the male prairie vole extended olfactory amygdala.,12,True,False
PMID,PMID:15629029,2,3,10029,"['Egr1', 'Egr2']","['Egr1', 'Egr2']",1.58e-06,0.0036,(2003) Integration of G-protein coupled receptor signaling pathways for activation of a transcription factor (EGR-3).,12,True,False
PMID,PMID:32422399,2,8,10029,"['Egr1', 'Fos']","['Egr1', 'Fos']",7.09e-06,0.007,(2020) Time course of photo-induced Egr-1 expression in the hypothalamus of a seasonally breeding songbird.,12,True,False
PMID,PMID:35896273,2,9,10029,"['Egr1', 'Fos']","['Egr1', 'Fos']",8.66e-06,0.0082,(2022) A pulmonologists guide to perform and analyse cross-species single lung cell transcriptomics.,12,True,False
PMID,PMID:31749682,2,9,10029,"['Fos', 'Zfp36']","['Fos', 'Zfp36']",8.66e-06,0.0082,"(2019) Nuclear Tau, p53 and Pin1 Regulate PARN-Mediated Deadenylation and Gene Expression.",12,True,False
PMID,PMID:22517680,2,9,10029,"['Egr1', 'Egr2']","['Egr1', 'Egr2']",8.66e-06,0.0082,"(2012) Head-twitch response in rodents induced by the hallucinogen 2,5-dimethoxy-4-iodoamphetamine: a comprehensive history, a re-evaluation of mechanisms, and its utility as a model.",12,True,False
PMID,PMID:26456077,2,10,10029,"['Fos', 'Ccn1']","['Fos', 'Ccn1']",1.04e-05,0.0089,(2016) Models of endometriosis and their utility in studying progression to ovarian clear cell carcinoma.,12,True,False
PMID,PMID:21787834,2,10,10029,"['Egr1', 'Fos']","['Egr1', 'Fos']",1.04e-05,0.0089,(2012) Clocks on top: the role of the circadian clock in the hypothalamic and pituitary regulation of endocrine physiology.,12,True,False
PMID,PMID:23155381,2,10,10029,"['Egr1', 'Fos']","['Egr1', 'Fos']",1.04e-05,0.0089,(2012) Transforming growth factor alpha (TGFalpha) regulates granulosa cell tumor (GCT) cell proliferation and migration through activation of multiple pathways.,12,True,False
PMID,PMID:18373885,2,10,10029,"['Egr1', 'Ccn1']","['Egr1', 'Ccn1']",1.04e-05,0.0089,"(2008) Tissue factor, angiogenesis and tumour progression.",12,True,False
PMID,PMID:36416282,2,11,10029,"['Egr1', 'Cxcl1']","['Egr1', 'Cxcl1']",1.23e-05,0.0094,(2023) alpha-Synuclein aggregation causes muscle atrophy through neuromuscular junction degeneration.,12,True,False
PMID,PMID:32117006,2,13,10029,"['Egr1', 'Egr2']","['Egr1', 'Egr2']",1.65e-05,0.0123,(2020) Top Common Differentially Expressed Genes in the Epileptogenic Nucleus of Two Strains of Rodents Susceptible to Audiogenic Seizures: WAR and GASHSal.,12,True,False
PMID,PMID:30090055,2,13,10029,"['Egr1', 'Fos']","['Egr1', 'Fos']",1.65e-05,0.0123,(2018) Clusterin Is Required for beta-Amyloid Toxicity in Human iPSC-Derived Neurons.,12,True,False
PMID,PMID:30400822,3,123,10029,"['Egr1', 'Fos', 'Egr2']","['Egr1', 'Fos', 'Egr2']",1.67e-05,0.0123,"(2018) 33rd Annual Meeting & Pre-Conference Programs of the Society for Immunotherapy of Cancer (SITC 2018) : Washington, D.C., USA. 7-11 November 2018.",12,True,False
PMID,PMID:32528245,2,16,10029,"['Fos', 'Egr2']","['Fos', 'Egr2']",2.41e-05,0.0165,(2020) Inferior Colliculus Transcriptome After Status Epilepticus in the Genetically Audiogenic Seizure-Prone Hamster GASHSal.,12,True,False
PMID,PMID:30687231,2,19,10029,"['Egr1', 'Ccn1']","['Egr1', 'Ccn1']",3.3e-05,0.0221,(2018) Estrogen Signaling in ERalpha-Negative Breast Cancer: ERbeta and GPER.,12,True,False
PMID,PMID:22079256,2,19,10029,"['Egr1', 'Dusp5']","['Egr1', 'Dusp5']",3.3e-05,0.0221,(2012) Epigallocatechin-3-gallate (EGCG) protects against chromate-induced toxicity in vitro.,12,True,False
PMID,PMID:26346901,2,20,10029,"['Egr1', 'Egr2']","['Egr1', 'Egr2']",3.63e-05,0.0232,(2015) Update on the Mechanism of Action of Aripiprazole: Translational Insights into Antipsychotic Strategies Beyond Dopamine Receptor Antagonism.,12,True,False
PMID,PMID:36819978,2,21,10029,"['Egr1', 'Fos']","['Egr1', 'Fos']",3.97e-05,0.0248,(2023) Production of rAAV by plasmid transfection induces antiviral and inflammatory responses in suspension HEK293 cells.,12,True,False
PMID,PMID:29687889,2,21,10029,"['Egr1', 'Sgk1']","['Egr1', 'Sgk1']",3.97e-05,0.0248,"(2018) SLC9 Gene Family: Function, Expression, and Regulation.",12,True,False
PMID,PMID:30949179,2,23,10029,"['Fos', 'Sgk1']","['Fos', 'Sgk1']",4.71e-05,0.0282,(2019) Regulation of Inflammatory Functions of Macrophages and T Lymphocytes by NFAT5.,12,True,False
PMID,PMID:23505488,2,24,10029,"['Fos', 'Egr2']","['Fos', 'Egr2']",5.1e-05,0.0299,(2013) Inactivation of DNA-dependent protein kinase promotes heat-induced apoptosis independently of heat-shock protein induction in human cancer cell lines.,12,True,False
PMID,PMID:37108597,2,27,10029,"['Egr1', 'Fos']","['Egr1', 'Fos']",6.37e-05,0.0365,(2023) Distinct Transcriptional Responses of Skeletal Muscle to Short-Term Cold Exposure in Tibetan Pigs and Bama Pigs.,12,True,False
PMID,PMID:36741369,2,27,10029,"['Egr1', 'Cxcl1']","['Egr1', 'Cxcl1']",6.37e-05,0.0365,(2022) Airway microbiome-immune crosstalk in chronic obstructive pulmonary disease.,12,True,False
PMID,PMID:33536943,2,27,10029,"['Fos', 'Btg2']","['Fos', 'Btg2']",6.37e-05,0.0365,(2020) Dynamic RNA Regulation in the Brain Underlies Physiological Plasticity in a Hibernating Mammal.,12,True,False
PMID,PMID:16507464,2,28,10029,"['Egr1', 'Ccn1']","['Egr1', 'Ccn1']",6.82e-05,0.0368,(2006) Global gene expression associated with hepatocarcinogenesis in adult male mice induced by in utero arsenic exposure.,12,True,False
PMID,PMID:32168507,2,30,10029,"['Egr1', 'Egr2']","['Egr1', 'Egr2']",7.77e-05,0.0411,(2020) Analysis of gene variants in the GASHSal model of epilepsy.,12,True,False
PMID,PMID:28798904,2,30,10029,"['Cxcl1', 'Ccn1']","['Cxcl1', 'Ccn1']",7.77e-05,0.0411,(2017) Tick-Borne Viruses and Biological Processes at the Tick-Host-Virus Interface.,12,True,False
PMID,PMID:23219158,2,31,10029,"['Egr1', 'Egr2']","['Egr1', 'Egr2']",8.27e-05,0.0422,(2013) SOCS proteins in infectious diseases of mammals.,12,True,False
PMID,PMID:30569461,2,34,10029,"['Fos', 'Ccn1']","['Fos', 'Ccn1']",9.86e-05,0.0494,(2019) Morpho-regulation in diverse chicken feather formation: Integrating branching modules and sex hormone-dependent morpho-regulatory modules.,12,True,False
RCTM,MAP-9031628,3,20,10029,"['Egr1', 'Sgk1', 'Egr2']","['Egr1', 'Sgk1', 'Egr2']",9.32e-08,0.00016,NGF-stimulated transcription,12,True,True
RCTM,MAP-198725,3,54,10029,"['Egr1', 'Sgk1', 'Egr2']","['Egr1', 'Sgk1', 'Egr2']",1.53e-06,0.0013,Nuclear Events (kinase and transcription factor activation),12,True,True
RCTM,MAP-166520,3,137,10029,"['Egr1', 'Sgk1', 'Egr2']","['Egr1', 'Sgk1', 'Egr2']",2.3e-05,0.0078,Signaling by NTRKs,12,True,True
RCTM,MAP-187037,3,115,10029,"['Egr1', 'Sgk1', 'Egr2']","['Egr1', 'Sgk1', 'Egr2']",1.38e-05,0.0078,Signaling by NTRK1 (TRKA),12,True,True
RCTM,MAP-450341,2,13,10029,"['Fos', 'I79_009953']","['Fos', 'I79_009953']",1.65e-05,0.0078,Activation of the AP-1 family of transcription factors,12,True,True
RCTM,MAP-450282,2,45,10029,"['Fos', 'I79_009953']","['Fos', 'I79_009953']",0.00017,0.0481,MAPK targets/ Nuclear events mediated by MAP kinases,12,True,True
NetworkNeighborAL,CL:14900,6,124,10029,"['Egr1', 'Fos', 'I79_009953', 'Zfp36', 'Btg2', 'Egr2']","['Egr1', 'Fos', 'I79_009953', 'Zfp36', 'Btg2', 'Egr2']",4.77e-12,2.03e-08,"Mixed, incl. Nuclear Receptor transcription pathway, and Basic-leucine zipper domain",12,True,True
NetworkNeighborAL,CL:15120,4,11,10029,"['Egr1', 'Zfp36', 'Btg2', 'Egr2']","['Egr1', 'Zfp36', 'Btg2', 'Egr2']",2.11e-11,2.68e-08,"Mixed, incl. Early growth response, N-terminal, and Orphan nuclear receptor",12,True,True
NetworkNeighborAL,CL:15087,2,5,10029,"['Fos', 'I79_009953']","['Fos', 'I79_009953']",3.31e-06,0.002,AP-1 transcription factor,12,True,True
NetworkNeighborAL,CL:15122,2,6,10029,"['Egr1', 'Egr2']","['Egr1', 'Egr2']",4.41e-06,0.0023,"Early growth response, N-terminal, and Orphan nuclear receptor",12,True,True
Process,GO:0048518,23,6368,10029,"['I79_000233', 'Srpx', 'Chst2', 'H671_4g12045', 'I79_004399', 'I79_004757', 'Hoxa7', 'Hoxa9', 'I79_008458', 'Evl', 'Igf2bp2', 'Brd4', 'Clu', 'Tcf7l1', 'Slitrk5', 'Fabp4', 'Actn3', 'Znf516', 'Vnn1', 'I79_020064', 'I79_020269', 'Themis', 'Rspo3']","['I79_000233', 'Srpx', 'Chst2', 'H671_4g12045', 'I79_004399', 'I79_004757', 'Hoxa7', 'Hoxa9', 'I79_008458', 'Evl', 'Igf2bp2', 'Brd4', 'Clu', 'Tcf7l1', 'Slitrk5', 'Fabp4', 'Actn3', 'Znf516', 'Vnn1', 'I79_020064', 'I79_020269', 'Themis', 'Rspo3']",3.26e-06,0.0413,Positive regulation of biological process,14,True,True
Keyword,KW-0371,5,197,10029,"['I79_008450', 'Hoxa6', 'Hoxa7', 'Hoxa9', 'I79_008458']","['I79_008450', 'Hoxa6', 'Hoxa7', 'Hoxa9', 'I79_008458']",1.25e-05,0.0043,Homeobox,14,True,True
SMART,SM00389,5,163,10029,"['I79_008450', 'Hoxa6', 'Hoxa7', 'Hoxa9', 'I79_008458']","['I79_008450', 'Hoxa6', 'Hoxa7', 'Hoxa9', 'I79_008458']",5.1e-06,0.0038,Homeodomain,14,True,True
InterPro,IPR020479,5,55,10029,"['I79_008450', 'Hoxa6', 'Hoxa7', 'Hoxa9', 'I79_008458']","['I79_008450', 'Hoxa6', 'Hoxa7', 'Hoxa9', 'I79_008458']",2.98e-08,0.00019,"Homeobox domain, metazoa",14,True,True
InterPro,IPR017970,5,104,10029,"['I79_008450', 'Hoxa6', 'Hoxa7', 'Hoxa9', 'I79_008458']","['I79_008450', 'Hoxa6', 'Hoxa7', 'Hoxa9', 'I79_008458']",6.05e-07,0.002,"Homeobox, conserved site",14,True,True
InterPro,IPR001356,5,175,10029,"['I79_008450', 'Hoxa6', 'Hoxa7', 'Hoxa9', 'I79_008458']","['I79_008450', 'Hoxa6', 'Hoxa7', 'Hoxa9', 'I79_008458']",7.14e-06,0.0154,Homeobox domain,14,True,True
InterPro,IPR009057,5,227,10029,"['I79_008450', 'Hoxa6', 'Hoxa7', 'Hoxa9', 'I79_008458']","['I79_008450', 'Hoxa6', 'Hoxa7', 'Hoxa9', 'I79_008458']",2.43e-05,0.0394,Homeobox-like domain superfamily,14,True,True
NetworkNeighborAL,CL:15420,5,28,10029,"['I79_008450', 'Hoxa6', 'Hoxa7', 'Hoxa9', 'I79_008458']","['I79_008450', 'Hoxa6', 'Hoxa7', 'Hoxa9', 'I79_008458']",1.33e-09,5.66e-06,"Homeobox domain, metazoa, and PBX, PBC domain",14,True,True
NetworkNeighborAL,CL:15422,4,22,10029,"['Hoxa6', 'Hoxa7', 'Hoxa9', 'I79_008458']","['Hoxa6', 'Hoxa7', 'Hoxa9', 'I79_008458']",6.32e-08,4.47e-05,"Mixed, incl. Homeobox protein, antennapedia type, conserved site, and Rhombomere 4 development",14,True,True
NetworkNeighborAL,CL:31913,2,5,10029,"['Chst2', 'I79_019041']","['Chst2', 'I79_019041']",4.61e-05,0.0217,"N-acetylglucosamine 6-O-sulfotransferase activity, and Protein FAM210A/B-like",14,True,True
COMPARTMENTS,GOCC:0000775,10,165,10029,"['Cdt1', 'Cenpa', 'Aurkb', 'Kif2c', 'I79_012327', 'Nuf2', 'Cenpn', 'Knstrn', 'Mki67', 'Spag5']","['Cdt1', 'Cenpa', 'Aurkb', 'Kif2c', 'I79_012327', 'Nuf2', 'Cenpn', 'Knstrn', 'Mki67', 'Spag5']",2.73e-14,5.35e-11,"Chromosome, centromeric region",16,True,True
COMPARTMENTS,GOCC:0005694,15,864,10029,"['Cdt1', 'Cenpa', 'Aurkb', 'Kif2c', 'Traip', 'Asf1b', 'Cdc45', 'Gins4', 'I79_012327', 'Nuf2', 'Cenpn', 'Knstrn', 'Mki67', 'Cdca5', 'Spag5']","['Cdt1', 'Cenpa', 'Aurkb', 'Kif2c', 'Traip', 'Asf1b', 'Cdc45', 'Gins4', 'I79_012327', 'Nuf2', 'Cenpn', 'Knstrn', 'Mki67', 'Cdca5', 'Spag5']",1.51e-13,1.48e-10,Chromosome,16,True,True
COMPARTMENTS,GOCC:0043232,22,3329,10029,"['Ccnb2', 'Cdt1', 'Cenpa', 'Aurkb', 'Kif2c', 'Parpbp', 'Dlgap5', 'Traip', 'Asf1b', 'Cdc45', 'Gins4', 'I79_011096', 'I79_012327', 'Tmem42', 'Nuf2', 'Ccnb1', 'Cenpn', 'Knstrn', 'Mki67', 'Prc1', 'Cdca5', 'Spag5']","['Ccnb2', 'Cdt1', 'Cenpa', 'Aurkb', 'Kif2c', 'Parpbp', 'Dlgap5', 'Traip', 'Asf1b', 'Cdc45', 'Gins4', 'I79_011096', 'I79_012327', 'Tmem42', 'Nuf2', 'Ccnb1', 'Cenpn', 'Knstrn', 'Mki67', 'Prc1', 'Cdca5', 'Spag5']",6.38e-12,3.13e-09,Intracellular non-membrane-bounded organelle,16,True,True
COMPARTMENTS,GOCC:0000793,8,199,10029,"['Cdt1', 'Aurkb', 'Kif2c', 'Nuf2', 'Cenpn', 'Knstrn', 'Mki67', 'Spag5']","['Cdt1', 'Aurkb', 'Kif2c', 'Nuf2', 'Cenpn', 'Knstrn', 'Mki67', 'Spag5']",3.18e-10,1.04e-07,Condensed chromosome,16,True,True
COMPARTMENTS,GOCC:0000776,6,108,10029,"['Cdt1', 'Kif2c', 'Nuf2', 'Cenpn', 'Knstrn', 'Spag5']","['Cdt1', 'Kif2c', 'Nuf2', 'Cenpn', 'Knstrn', 'Spag5']",1.03e-08,2.87e-06,Kinetochore,16,True,True
COMPARTMENTS,GOCC:0000779,6,113,10029,"['Cdt1', 'Kif2c', 'Nuf2', 'Cenpn', 'Knstrn', 'Spag5']","['Cdt1', 'Kif2c', 'Nuf2', 'Cenpn', 'Knstrn', 'Spag5']",1.33e-08,3.24e-06,"Condensed chromosome, centromeric region",16,True,True
COMPARTMENTS,GOCC:0015630,11,861,10029,"['Ccnb2', 'Aurkb', 'Kif2c', 'Dlgap5', 'Cdc45', 'I79_011096', 'Tmem42', 'Ccnb1', 'Knstrn', 'Prc1', 'Spag5']","['Ccnb2', 'Aurkb', 'Kif2c', 'Dlgap5', 'Cdc45', 'I79_011096', 'Tmem42', 'Ccnb1', 'Knstrn', 'Prc1', 'Spag5']",1.32e-08,3.24e-06,Microtubule cytoskeleton,16,True,True
COMPARTMENTS,GOCC:0005622,31,12999,10029,"['Ccnb2', 'Cdt1', 'Cenpa', 'Aurkb', 'Kif2c', 'Nusap1', 'Ube2t', 'Parpbp', 'Dlgap5', 'Traip', 'Clspn', 'Asf1b', 'Cdc45', 'Gins4', 'I79_011096', 'Ube2c', 'Pbk', 'I79_012327', 'Tmem42', 'Nuf2', 'Ccnb1', 'Cenpk', 'Cenpn', 'Rrm2', 'Top2a', 'Knstrn', 'Pclaf', 'Mki67', 'Prc1', 'Cdca5', 'Spag5']","['Ccnb2', 'Cdt1', 'Cenpa', 'Aurkb', 'Kif2c', 'Nusap1', 'Ube2t', 'Parpbp', 'Dlgap5', 'Traip', 'Clspn', 'Asf1b', 'Cdc45', 'Gins4', 'I79_011096', 'Ube2c', 'Pbk', 'I79_012327', 'Tmem42', 'Nuf2', 'Ccnb1', 'Cenpk', 'Cenpn', 'Rrm2', 'Top2a', 'Knstrn', 'Pclaf', 'Mki67', 'Prc1', 'Cdca5', 'Spag5']",7.83e-07,0.00015,Intracellular,16,True,True
COMPARTMENTS,GOCC:0043229,27,9624,10029,"['Ccnb2', 'Cdt1', 'Cenpa', 'Aurkb', 'Kif2c', 'Nusap1', 'Parpbp', 'Dlgap5', 'Traip', 'Clspn', 'Asf1b', 'Cdc45', 'Gins4', 'I79_011096', 'Ube2c', 'I79_012327', 'Tmem42', 'Nuf2', 'Ccnb1', 'Cenpn', 'Rrm2', 'Knstrn', 'Pclaf', 'Mki67', 'Prc1', 'Cdca5', 'Spag5']","['Ccnb2', 'Cdt1', 'Cenpa', 'Aurkb', 'Kif2c', 'Nusap1', 'Parpbp', 'Dlgap5', 'Traip', 'Clspn', 'Asf1b', 'Cdc45', 'Gins4', 'I79_011096', 'Ube2c', 'I79_012327', 'Tmem42', 'Nuf2', 'Ccnb1', 'Cenpn', 'Rrm2', 'Knstrn', 'Pclaf', 'Mki67', 'Prc1', 'Cdca5', 'Spag5']",1.32e-06,0.00023,Intracellular organelle,16,True,True
COMPARTMENTS,GOCC:0035371,3,20,10029,"['Kif2c', 'Knstrn', 'Spag5']","['Kif2c', 'Knstrn', 'Spag5']",4.16e-06,0.00063,Microtubule plus-end,16,True,True
COMPARTMENTS,GOCC:0005815,6,361,10029,"['Ccnb2', 'Dlgap5', 'Cdc45', 'I79_011096', 'Ccnb1', 'Spag5']","['Ccnb2', 'Dlgap5', 'Cdc45', 'I79_011096', 'Ccnb1', 'Spag5']",9.8e-06,0.0012,Microtubule organizing center,16,True,True
COMPARTMENTS,GOCC:0005813,5,258,10029,"['Ccnb2', 'Dlgap5', 'I79_011096', 'Ccnb1', 'Spag5']","['Ccnb2', 'Dlgap5', 'I79_011096', 'Ccnb1', 'Spag5']",2.86e-05,0.0033,Centrosome,16,True,True
COMPARTMENTS,GOCC:0005819,5,272,10029,"['Aurkb', 'Dlgap5', 'Knstrn', 'Prc1', 'Spag5']","['Aurkb', 'Dlgap5', 'Knstrn', 'Prc1', 'Spag5']",3.66e-05,0.004,Spindle,16,True,True
COMPARTMENTS,GOCC:0036387,2,5,10029,"['Cdt1', 'Cdc45']","['Cdt1', 'Cdc45']",3.86e-05,0.004,Pre-replicative complex,16,True,True
COMPARTMENTS,GOCC:0000811,2,8,10029,"['Cdc45', 'Gins4']","['Cdc45', 'Gins4']",8.26e-05,0.0081,GINS complex,16,True,True
COMPARTMENTS,GOCC:0032993,4,166,10029,"['Cdt1', 'Cenpa', 'Cdc45', 'Gins4']","['Cdt1', 'Cenpa', 'Cdc45', 'Gins4']",8.6e-05,0.0081,protein-DNA complex,16,True,True
COMPARTMENTS,GOCC:0071162,2,12,10029,"['Cdc45', 'Gins4']","['Cdc45', 'Gins4']",0.00017,0.0148,CMG complex,16,True,True
COMPARTMENTS,GOCC:0072686,3,107,10029,"['Knstrn', 'Prc1', 'Spag5']","['Knstrn', 'Prc1', 'Spag5']",0.00047,0.0382,Mitotic spindle,16,True,True
COMPARTMENTS,GOCC:0051233,2,23,10029,"['Aurkb', 'Prc1']","['Aurkb', 'Prc1']",0.00054,0.0426,Spindle midzone,16,True,True
Process,GO:0007049,24,1118,10029,"['Ccnb2', 'Cdt1', 'Cenpa', 'Aurkb', 'Kif2c', 'Nusap1', 'Dlgap5', 'Clspn', 'Cdc45', 'I79_011096', 'Ube2c', 'I79_012327', 'Nuf2', 'Ccnb1', 'Cenpk', 'Rrm2', 'Top2a', 'Knstrn', 'Pclaf', 'Mki67', 'Prc1', 'Cdca5', 'Spag5', 'Plk1']","['Ccnb2', 'Cdt1', 'Cenpa', 'Aurkb', 'Kif2c', 'Nusap1', 'Dlgap5', 'Clspn', 'Cdc45', 'I79_011096', 'Ube2c', 'I79_012327', 'Nuf2', 'Ccnb1', 'Cenpk', 'Rrm2', 'Top2a', 'Knstrn', 'Pclaf', 'Mki67', 'Prc1', 'Cdca5', 'Spag5', 'Plk1']",4.03e-25,5.1e-21,Cell cycle,16,True,True
Process,GO:0000278,19,648,10029,"['Cdt1', 'Cenpa', 'Aurkb', 'Kif2c', 'Nusap1', 'Dlgap5', 'Clspn', 'Cdc45', 'I79_011096', 'Ube2c', 'I79_012327', 'Nuf2', 'Cenpk', 'Rrm2', 'Knstrn', 'Prc1', 'Cdca5', 'Spag5', 'Plk1']","['Cdt1', 'Cenpa', 'Aurkb', 'Kif2c', 'Nusap1', 'Dlgap5', 'Clspn', 'Cdc45', 'I79_011096', 'Ube2c', 'I79_012327', 'Nuf2', 'Cenpk', 'Rrm2', 'Knstrn', 'Prc1', 'Cdca5', 'Spag5', 'Plk1']",1.29e-21,8.18e-18,Mitotic cell cycle,16,True,True
Process,GO:0022402,20,831,10029,"['Cdt1', 'Cenpa', 'Aurkb', 'Kif2c', 'Nusap1', 'Dlgap5', 'Clspn', 'Cdc45', 'I79_011096', 'Ube2c', 'I79_012327', 'Nuf2', 'Cenpk', 'Top2a', 'Knstrn', 'Pclaf', 'Prc1', 'Cdca5', 'Spag5', 'Plk1']","['Cdt1', 'Cenpa', 'Aurkb', 'Kif2c', 'Nusap1', 'Dlgap5', 'Clspn', 'Cdc45', 'I79_011096', 'Ube2c', 'I79_012327', 'Nuf2', 'Cenpk', 'Top2a', 'Knstrn', 'Pclaf', 'Prc1', 'Cdca5', 'Spag5', 'Plk1']",3.1800000000000004e-21,1.16e-17,Cell cycle process,16,True,True
Process,GO:1903047,18,544,10029,"['Cdt1', 'Cenpa', 'Aurkb', 'Kif2c', 'Nusap1', 'Dlgap5', 'Clspn', 'Cdc45', 'I79_011096', 'Ube2c', 'I79_012327', 'Nuf2', 'Cenpk', 'Knstrn', 'Prc1', 'Cdca5', 'Spag5', 'Plk1']","['Cdt1', 'Cenpa', 'Aurkb', 'Kif2c', 'Nusap1', 'Dlgap5', 'Clspn', 'Cdc45', 'I79_011096', 'Ube2c', 'I79_012327', 'Nuf2', 'Cenpk', 'Knstrn', 'Prc1', 'Cdca5', 'Spag5', 'Plk1']",2.7500000000000003e-21,1.16e-17,Mitotic cell cycle process,16,True,True
Process,GO:0051276,19,966,10029,"['Cdt1', 'Cenpa', 'Rad54l', 'Kif2c', 'Nusap1', 'Dlgap5', 'Asf1b', 'Cdc45', 'Gins4', 'I79_012327', 'Nuf2', 'Cenpk', 'Cenpn', 'Top2a', 'Knstrn', 'Prc1', 'Cdca5', 'Spag5', 'Plk1']","['Cdt1', 'Cenpa', 'Rad54l', 'Kif2c', 'Nusap1', 'Dlgap5', 'Asf1b', 'Cdc45', 'Gins4', 'I79_012327', 'Nuf2', 'Cenpk', 'Cenpn', 'Top2a', 'Knstrn', 'Prc1', 'Cdca5', 'Spag5', 'Plk1']",1.93e-18,4.88e-15,Chromosome organization,16,True,True
Process,GO:0007059,14,307,10029,"['Cdt1', 'Kif2c', 'Nusap1', 'Dlgap5', 'I79_012327', 'Nuf2', 'Cenpk', 'Cenpn', 'Top2a', 'Knstrn', 'Prc1', 'Cdca5', 'Spag5', 'Plk1']","['Cdt1', 'Kif2c', 'Nusap1', 'Dlgap5', 'I79_012327', 'Nuf2', 'Cenpk', 'Cenpn', 'Top2a', 'Knstrn', 'Prc1', 'Cdca5', 'Spag5', 'Plk1']",3.03e-18,6.4e-15,Chromosome segregation,16,True,True
Process,GO:0000819,12,162,10029,"['Cdt1', 'Kif2c', 'Nusap1', 'I79_012327', 'Nuf2', 'Cenpk', 'Top2a', 'Knstrn', 'Prc1', 'Cdca5', 'Spag5', 'Plk1']","['Cdt1', 'Kif2c', 'Nusap1', 'I79_012327', 'Nuf2', 'Cenpk', 'Top2a', 'Knstrn', 'Prc1', 'Cdca5', 'Spag5', 'Plk1']",4.67e-18,8.45e-15,Sister chromatid segregation,16,True,True
Process,GO:0140014,12,195,10029,"['Cdt1', 'Kif2c', 'Nusap1', 'Ube2c', 'I79_012327', 'Nuf2', 'Cenpk', 'Knstrn', 'Prc1', 'Cdca5', 'Spag5', 'Plk1']","['Cdt1', 'Kif2c', 'Nusap1', 'Ube2c', 'I79_012327', 'Nuf2', 'Cenpk', 'Knstrn', 'Prc1', 'Cdca5', 'Spag5', 'Plk1']",3.89e-17,6.16e-14,Mitotic nuclear division,16,True,True
Process,GO:0000070,11,140,10029,"['Cdt1', 'Kif2c', 'Nusap1', 'I79_012327', 'Nuf2', 'Cenpk', 'Knstrn', 'Prc1', 'Cdca5', 'Spag5', 'Plk1']","['Cdt1', 'Kif2c', 'Nusap1', 'I79_012327', 'Nuf2', 'Cenpk', 'Knstrn', 'Prc1', 'Cdca5', 'Spag5', 'Plk1']",7.57e-17,1.06e-13,Mitotic sister chromatid segregation,16,True,True
Process,GO:0000280,13,324,10029,"['Cdt1', 'Kif2c', 'Nusap1', 'Ube2c', 'I79_012327', 'Nuf2', 'Cenpk', 'Top2a', 'Knstrn', 'Prc1', 'Cdca5', 'Spag5', 'Plk1']","['Cdt1', 'Kif2c', 'Nusap1', 'Ube2c', 'I79_012327', 'Nuf2', 'Cenpk', 'Top2a', 'Knstrn', 'Prc1', 'Cdca5', 'Spag5', 'Plk1']",3.06e-16,3.88e-13,Nuclear division,16,True,True
Process,GO:0051301,13,412,10029,"['Ccnb2', 'Cdt1', 'Cenpa', 'Aurkb', 'Kif2c', 'Nusap1', 'Nuf2', 'Ccnb1', 'Top2a', 'Knstrn', 'Cdca5', 'Spag5', 'Plk1']","['Ccnb2', 'Cdt1', 'Cenpa', 'Aurkb', 'Kif2c', 'Nusap1', 'Nuf2', 'Ccnb1', 'Top2a', 'Knstrn', 'Cdca5', 'Spag5', 'Plk1']",6.13e-15,5.96e-12,Cell division,16,True,True
Process,GO:0010564,15,706,10029,"['Cdt1', 'Aurkb', 'Nusap1', 'Clspn', 'I79_011096', 'Ube2c', 'Pbk', 'Tmem42', 'Rrm2', 'Knstrn', 'Mki67', 'Prc1', 'Cdca5', 'Spag5', 'Plk1']","['Cdt1', 'Aurkb', 'Nusap1', 'Clspn', 'I79_011096', 'Ube2c', 'Pbk', 'Tmem42', 'Rrm2', 'Knstrn', 'Mki67', 'Prc1', 'Cdca5', 'Spag5', 'Plk1']",8.43e-15,7.22e-12,Regulation of cell cycle process,16,True,True
Process,GO:0051726,17,1071,10029,"['Cdt1', 'Aurkb', 'Nusap1', 'Dlgap5', 'Clspn', 'I79_011096', 'Ube2c', 'Pbk', 'Tmem42', 'Rrm2', 'Knstrn', 'Pclaf', 'Mki67', 'Prc1', 'Cdca5', 'Spag5', 'Plk1']","['Cdt1', 'Aurkb', 'Nusap1', 'Dlgap5', 'Clspn', 'I79_011096', 'Ube2c', 'Pbk', 'Tmem42', 'Rrm2', 'Knstrn', 'Pclaf', 'Mki67', 'Prc1', 'Cdca5', 'Spag5', 'Plk1']",7.99e-15,7.22e-12,Regulation of cell cycle,16,True,True
Process,GO:0051383,6,18,10029,"['Cdt1', 'Cenpa', 'Dlgap5', 'Nuf2', 'Cenpk', 'Cenpn']","['Cdt1', 'Cenpa', 'Dlgap5', 'Nuf2', 'Cenpk', 'Cenpn']",5.65e-13,4.47e-10,Kinetochore organization,16,True,True
Process,GO:0006996,23,3632,10029,"['Cdt1', 'Cenpa', 'Aurkb', 'Rad54l', 'Kif2c', 'Nusap1', 'Dlgap5', 'Asf1b', 'Cdc45', 'Gins4', 'I79_011096', 'Ube2c', 'I79_012327', 'Nuf2', 'Cenpk', 'Cenpn', 'Top2a', 'Knstrn', 'Pclaf', 'Prc1', 'Cdca5', 'Spag5', 'Plk1']","['Cdt1', 'Cenpa', 'Aurkb', 'Rad54l', 'Kif2c', 'Nusap1', 'Dlgap5', 'Asf1b', 'Cdc45', 'Gins4', 'I79_011096', 'Ube2c', 'I79_012327', 'Nuf2', 'Cenpk', 'Cenpn', 'Top2a', 'Knstrn', 'Pclaf', 'Prc1', 'Cdca5', 'Spag5', 'Plk1']",3.15e-12,2.34e-09,Organelle organization,16,True,True
Process,GO:1902850,8,122,10029,"['Cenpa', 'Aurkb', 'Nusap1', 'Dlgap5', 'I79_011096', 'Nuf2', 'Prc1', 'Plk1']","['Cenpa', 'Aurkb', 'Nusap1', 'Dlgap5', 'I79_011096', 'Nuf2', 'Prc1', 'Plk1']",7.61e-12,5.35e-09,Microtubule cytoskeleton organization involved in mitosis,16,True,True
Process,GO:0006259,13,770,10029,"['Cdt1', 'Rad54l', 'Ube2t', 'Parpbp', 'Traip', 'Cdc45', 'Gins4', 'I79_012327', 'Rrm2', 'Top2a', 'Pclaf', 'Mki67', 'Cdca5']","['Cdt1', 'Rad54l', 'Ube2t', 'Parpbp', 'Traip', 'Cdc45', 'Gins4', 'I79_012327', 'Rrm2', 'Top2a', 'Pclaf', 'Mki67', 'Cdca5']",1.41e-11,9.42e-09,DNA metabolic process,16,True,True
Process,GO:0000226,12,624,10029,"['Cenpa', 'Aurkb', 'Kif2c', 'Nusap1', 'Dlgap5', 'I79_011096', 'Nuf2', 'Knstrn', 'Pclaf', 'Prc1', 'Spag5', 'Plk1']","['Cenpa', 'Aurkb', 'Kif2c', 'Nusap1', 'Dlgap5', 'I79_011096', 'Nuf2', 'Knstrn', 'Pclaf', 'Prc1', 'Spag5', 'Plk1']",2.41e-11,1.53e-08,Microtubule cytoskeleton organization,16,True,True
Process,GO:0007017,13,902,10029,"['Cenpa', 'Aurkb', 'Kif2c', 'Nusap1', 'Dlgap5', 'I79_011096', 'Tmem42', 'Nuf2', 'Knstrn', 'Pclaf', 'Prc1', 'Spag5', 'Plk1']","['Cenpa', 'Aurkb', 'Kif2c', 'Nusap1', 'Dlgap5', 'I79_011096', 'Tmem42', 'Nuf2', 'Knstrn', 'Pclaf', 'Prc1', 'Spag5', 'Plk1']",9.79e-11,5.9e-08,Microtubule-based process,16,True,True
Process,GO:0006974,12,720,10029,"['Rad54l', 'Ube2t', 'Parpbp', 'Traip', 'Clspn', 'Cdc45', 'Gins4', 'I79_012327', 'Top2a', 'Pclaf', 'Cdca5', 'Plk1']","['Rad54l', 'Ube2t', 'Parpbp', 'Traip', 'Clspn', 'Cdc45', 'Gins4', 'I79_012327', 'Top2a', 'Pclaf', 'Cdca5', 'Plk1']",1.22e-10,7.02e-08,Cellular response to DNA damage stimulus,16,True,True
Process,GO:0007346,10,483,10029,"['Cdt1', 'Nusap1', 'Dlgap5', 'Clspn', 'Ube2c', 'Pbk', 'Rrm2', 'Mki67', 'Cdca5', 'Plk1']","['Cdt1', 'Nusap1', 'Dlgap5', 'Clspn', 'Ube2c', 'Pbk', 'Rrm2', 'Mki67', 'Cdca5', 'Plk1']",7.68e-10,4.23e-07,Regulation of mitotic cell cycle,16,True,True
Process,GO:0007051,7,155,10029,"['Aurkb', 'Dlgap5', 'I79_011096', 'Nuf2', 'Knstrn', 'Prc1', 'Spag5']","['Aurkb', 'Dlgap5', 'I79_011096', 'Nuf2', 'Knstrn', 'Prc1', 'Spag5']",2.12e-09,1.12e-06,Spindle organization,16,True,True
Process,GO:0051656,9,387,10029,"['Cdt1', 'Cenpa', 'Kif2c', 'Nusap1', 'I79_011096', 'Nuf2', 'Cdca5', 'Spag5', 'Plk1']","['Cdt1', 'Cenpa', 'Kif2c', 'Nusap1', 'I79_011096', 'Nuf2', 'Cdca5', 'Spag5', 'Plk1']",2.33e-09,1.18e-06,Establishment of organelle localization,16,True,True
Process,GO:0016043,24,5621,10029,"['Cdt1', 'Cenpa', 'Aurkb', 'Rad54l', 'Kif2c', 'Nusap1', 'Dlgap5', 'Asf1b', 'Cdc45', 'Gins4', 'I79_011096', 'Ube2c', 'I79_012327', 'Nuf2', 'Cenpk', 'Cenpn', 'Rrm2', 'Top2a', 'Knstrn', 'Pclaf', 'Prc1', 'Cdca5', 'Spag5', 'Plk1']","['Cdt1', 'Cenpa', 'Aurkb', 'Rad54l', 'Kif2c', 'Nusap1', 'Dlgap5', 'Asf1b', 'Cdc45', 'Gins4', 'I79_011096', 'Ube2c', 'I79_012327', 'Nuf2', 'Cenpk', 'Cenpn', 'Rrm2', 'Top2a', 'Knstrn', 'Pclaf', 'Prc1', 'Cdca5', 'Spag5', 'Plk1']",3.36e-09,1.63e-06,Cellular component organization,16,True,True
Process,GO:0065004,7,177,10029,"['Cdt1', 'Cenpa', 'Dlgap5', 'Asf1b', 'Cdc45', 'Cenpk', 'Cenpn']","['Cdt1', 'Cenpa', 'Dlgap5', 'Asf1b', 'Cdc45', 'Cenpk', 'Cenpn']",5.15e-09,2.41e-06,protein-DNA complex assembly,16,True,True
Process,GO:0051382,4,13,10029,"['Cenpa', 'Dlgap5', 'Cenpk', 'Cenpn']","['Cenpa', 'Dlgap5', 'Cenpk', 'Cenpn']",7.07e-09,3.19e-06,Kinetochore assembly,16,True,True
Process,GO:0033554,14,1609,10029,"['Rad54l', 'Ube2t', 'Parpbp', 'Traip', 'Clspn', 'Cdc45', 'Gins4', 'Pbk', 'I79_012327', 'Top2a', 'Pclaf', 'Mki67', 'Cdca5', 'Plk1']","['Rad54l', 'Ube2t', 'Parpbp', 'Traip', 'Clspn', 'Cdc45', 'Gins4', 'Pbk', 'I79_012327', 'Top2a', 'Pclaf', 'Mki67', 'Cdca5', 'Plk1']",1e-08,4.23e-06,Cellular response to stress,16,True,True
Process,GO:0051983,6,111,10029,"['Cdt1', 'Kif2c', 'I79_011096', 'Ube2c', 'Mki67', 'Plk1']","['Cdt1', 'Kif2c', 'I79_011096', 'Ube2c', 'Mki67', 'Plk1']",1.2e-08,4.9e-06,Regulation of chromosome segregation,16,True,True
Process,GO:0090068,7,273,10029,"['Cdt1', 'Nusap1', 'Ube2c', 'Pbk', 'Rrm2', 'Cdca5', 'Spag5']","['Cdt1', 'Nusap1', 'Ube2c', 'Pbk', 'Rrm2', 'Cdca5', 'Spag5']",9.23e-08,3.41e-05,Positive regulation of cell cycle process,16,True,True
Process,GO:0007052,5,86,10029,"['Aurkb', 'Dlgap5', 'I79_011096', 'Nuf2', 'Prc1']","['Aurkb', 'Dlgap5', 'I79_011096', 'Nuf2', 'Prc1']",1.56e-07,5.33e-05,Mitotic spindle organization,16,True,True
Process,GO:0006281,8,470,10029,"['Rad54l', 'Ube2t', 'Parpbp', 'Cdc45', 'Gins4', 'I79_012327', 'Pclaf', 'Cdca5']","['Rad54l', 'Ube2t', 'Parpbp', 'Cdc45', 'Gins4', 'I79_012327', 'Pclaf', 'Cdca5']",2.16e-07,7.18e-05,DNA repair,16,True,True
Process,GO:0006260,6,192,10029,"['Cdt1', 'Traip', 'Cdc45', 'Gins4', 'Rrm2', 'Pclaf']","['Cdt1', 'Traip', 'Cdc45', 'Gins4', 'Rrm2', 'Pclaf']",2.75e-07,8.92e-05,DNA replication,16,True,True
Process,GO:0090224,4,46,10029,"['I79_011096', 'Tmem42', 'Spag5', 'Plk1']","['I79_011096', 'Tmem42', 'Spag5', 'Plk1']",6.62e-07,0.0002,Regulation of spindle organization,16,True,True
Process,GO:0033044,6,249,10029,"['Cdt1', 'I79_011096', 'Ube2c', 'Top2a', 'Cdca5', 'Plk1']","['Cdt1', 'I79_011096', 'Ube2c', 'Top2a', 'Cdca5', 'Plk1']",1.21e-06,0.00036,Regulation of chromosome organization,16,True,True
Process,GO:1901987,7,405,10029,"['Cdt1', 'Clspn', 'Ube2c', 'Pbk', 'Rrm2', 'Cdca5', 'Plk1']","['Cdt1', 'Clspn', 'Ube2c', 'Pbk', 'Rrm2', 'Cdca5', 'Plk1']",1.24e-06,0.00037,Regulation of cell cycle phase transition,16,True,True
Process,GO:0044260,15,2825,10029,"['Cdt1', 'Rad54l', 'Ube2t', 'Parpbp', 'Traip', 'Cdc45', 'Gins4', 'Ube2c', 'Pbk', 'I79_012327', 'Rrm2', 'Top2a', 'Pclaf', 'Mki67', 'Cdca5']","['Cdt1', 'Rad54l', 'Ube2t', 'Parpbp', 'Traip', 'Cdc45', 'Gins4', 'Ube2c', 'Pbk', 'I79_012327', 'Rrm2', 'Top2a', 'Pclaf', 'Mki67', 'Cdca5']",1.62e-06,0.00047,Cellular macromolecule metabolic process,16,True,True
Process,GO:0009987,33,15994,10029,"['Ccnb2', 'Cdt1', 'Cenpa', 'Aurkb', 'Rad54l', 'Kif2c', 'Nusap1', 'Ube2t', 'Parpbp', 'Dlgap5', 'Traip', 'Clspn', 'Asf1b', 'Cdc45', 'Gins4', 'I79_011096', 'Ube2c', 'Pbk', 'I79_012327', 'Tmem42', 'Nuf2', 'Ccnb1', 'Cenpk', 'Cenpn', 'Rrm2', 'Top2a', 'Knstrn', 'Pclaf', 'Mki67', 'Prc1', 'Cdca5', 'Spag5', 'Plk1']","['Ccnb2', 'Cdt1', 'Cenpa', 'Aurkb', 'Rad54l', 'Kif2c', 'Nusap1', 'Ube2t', 'Parpbp', 'Dlgap5', 'Traip', 'Clspn', 'Asf1b', 'Cdc45', 'Gins4', 'I79_011096', 'Ube2c', 'Pbk', 'I79_012327', 'Tmem42', 'Nuf2', 'Ccnb1', 'Cenpk', 'Cenpn', 'Rrm2', 'Top2a', 'Knstrn', 'Pclaf', 'Mki67', 'Prc1', 'Cdca5', 'Spag5', 'Plk1']",1.84e-06,0.00052,Cellular process,16,True,True
Process,GO:0051293,4,61,10029,"['Cenpa', 'Nusap1', 'Spag5', 'Plk1']","['Cenpa', 'Nusap1', 'Spag5', 'Plk1']",1.92e-06,0.00053,Establishment of spindle localization,16,True,True
Process,GO:0007080,4,66,10029,"['Cdt1', 'Kif2c', 'Nuf2', 'Cdca5']","['Cdt1', 'Kif2c', 'Nuf2', 'Cdca5']",2.59e-06,0.0007,Mitotic metaphase plate congression,16,True,True
Process,GO:0010965,4,73,10029,"['Cdt1', 'I79_011096', 'Ube2c', 'Plk1']","['Cdt1', 'I79_011096', 'Ube2c', 'Plk1']",3.79e-06,0.00097,Regulation of mitotic sister chromatid separation,16,True,True
Process,GO:0033043,10,1214,10029,"['Cdt1', 'Nusap1', 'I79_011096', 'Ube2c', 'Tmem42', 'Top2a', 'Mki67', 'Cdca5', 'Spag5', 'Plk1']","['Cdt1', 'Nusap1', 'I79_011096', 'Ube2c', 'Tmem42', 'Top2a', 'Mki67', 'Cdca5', 'Spag5', 'Plk1']",3.75e-06,0.00097,Regulation of organelle organization,16,True,True
Process,GO:0051315,3,20,10029,"['Cdt1', 'Kif2c', 'Nuf2']","['Cdt1', 'Kif2c', 'Nuf2']",4.16e-06,0.001,Attachment of mitotic spindle microtubules to kinetochore,16,True,True
Process,GO:1901990,6,318,10029,"['Cdt1', 'Clspn', 'Ube2c', 'Rrm2', 'Cdca5', 'Plk1']","['Cdt1', 'Clspn', 'Ube2c', 'Rrm2', 'Cdca5', 'Plk1']",4.81e-06,0.0011,Regulation of mitotic cell cycle phase transition,16,True,True
Process,GO:0033045,4,82,10029,"['Cdt1', 'I79_011096', 'Ube2c', 'Plk1']","['Cdt1', 'I79_011096', 'Ube2c', 'Plk1']",5.9e-06,0.0014,Regulation of sister chromatid segregation,16,True,True
Process,GO:0006950,15,3187,10029,"['Rad54l', 'Ube2t', 'Parpbp', 'Traip', 'Clspn', 'Cdc45', 'Gins4', 'I79_011096', 'Pbk', 'I79_012327', 'Top2a', 'Pclaf', 'Mki67', 'Cdca5', 'Plk1']","['Rad54l', 'Ube2t', 'Parpbp', 'Traip', 'Clspn', 'Cdc45', 'Gins4', 'I79_011096', 'Pbk', 'I79_012327', 'Top2a', 'Pclaf', 'Mki67', 'Cdca5', 'Plk1']",7.38e-06,0.0016,Response to stress,16,True,True
Process,GO:0006302,5,198,10029,"['Rad54l', 'Cdc45', 'Gins4', 'I79_012327', 'Cdca5']","['Rad54l', 'Cdc45', 'Gins4', 'I79_012327', 'Cdca5']",8.22e-06,0.0018,Double-strand break repair,16,True,True
Process,GO:0090169,3,32,10029,"['Tmem42', 'Spag5', 'Plk1']","['Tmem42', 'Spag5', 'Plk1']",1.52e-05,0.0032,Regulation of spindle assembly,16,True,True
Process,GO:1901992,4,106,10029,"['Cdt1', 'Ube2c', 'Rrm2', 'Cdca5']","['Cdt1', 'Ube2c', 'Rrm2', 'Cdca5']",1.57e-05,0.0032,Positive regulation of mitotic cell cycle phase transition,16,True,True
Process,GO:0071163,2,3,10029,"['Cdt1', 'Cdc45']","['Cdt1', 'Cdc45']",1.84e-05,0.0037,DNA replication preinitiation complex assembly,16,True,True
Process,GO:0140694,6,418,10029,"['Cenpa', 'Aurkb', 'Dlgap5', 'Cenpk', 'Cenpn', 'Prc1']","['Cenpa', 'Aurkb', 'Dlgap5', 'Cenpk', 'Cenpn', 'Prc1']",2.22e-05,0.0043,Non-membrane-bounded organelle assembly,16,True,True
Process,GO:0007088,4,119,10029,"['Cdt1', 'Nusap1', 'Mki67', 'Plk1']","['Cdt1', 'Nusap1', 'Mki67', 'Plk1']",2.43e-05,0.0047,Regulation of mitotic nuclear division,16,True,True
Process,GO:0043933,10,1505,10029,"['Cdt1', 'Cenpa', 'Kif2c', 'Dlgap5', 'Asf1b', 'Cdc45', 'Ube2c', 'Cenpk', 'Cenpn', 'Rrm2']","['Cdt1', 'Cenpa', 'Kif2c', 'Dlgap5', 'Asf1b', 'Cdc45', 'Ube2c', 'Cenpk', 'Cenpn', 'Rrm2']",2.44e-05,0.0047,Protein-containing complex organization,16,True,True
Process,GO:0030261,3,39,10029,"['Nusap1', 'Top2a', 'Cdca5']","['Nusap1', 'Top2a', 'Cdca5']",2.65e-05,0.0049,Chromosome condensation,16,True,True
Process,GO:0060236,3,41,10029,"['I79_011096', 'Tmem42', 'Plk1']","['I79_011096', 'Tmem42', 'Plk1']",3.05e-05,0.0056,Regulation of mitotic spindle organization,16,True,True
Process,GO:0040001,3,43,10029,"['Cenpa', 'Nusap1', 'Plk1']","['Cenpa', 'Nusap1', 'Plk1']",3.49e-05,0.0062,Establishment of mitotic spindle localization,16,True,True
Process,GO:0006261,4,135,10029,"['Cdt1', 'Traip', 'Cdc45', 'Gins4']","['Cdt1', 'Traip', 'Cdc45', 'Gins4']",3.93e-05,0.0069,DNA-templated DNA replication,16,True,True
Process,GO:0051294,3,46,10029,"['Cenpa', 'Spag5', 'Plk1']","['Cenpa', 'Spag5', 'Plk1']",4.23e-05,0.0073,Establishment of spindle orientation,16,True,True
Process,GO:0065003,9,1312,10029,"['Cdt1', 'Cenpa', 'Dlgap5', 'Asf1b', 'Cdc45', 'Ube2c', 'Cenpk', 'Cenpn', 'Rrm2']","['Cdt1', 'Cenpa', 'Dlgap5', 'Asf1b', 'Cdc45', 'Ube2c', 'Cenpk', 'Cenpn', 'Rrm2']",5.39e-05,0.0089,Protein-containing complex assembly,16,True,True
Process,GO:0031536,2,7,10029,"['Ube2c', 'Cdca5']","['Ube2c', 'Cdca5']",6.61e-05,0.0107,Positive regulation of exit from mitosis,16,True,True
Process,GO:0030071,3,68,10029,"['Cdt1', 'Ube2c', 'Plk1']","['Cdt1', 'Ube2c', 'Plk1']",0.00013,0.0198,Regulation of mitotic metaphase/anaphase transition,16,True,True
Process,GO:0051255,2,11,10029,"['Aurkb', 'Prc1']","['Aurkb', 'Prc1']",0.00014,0.0218,Spindle midzone assembly,16,True,True
Process,GO:0000281,3,74,10029,"['Cenpa', 'Nusap1', 'Plk1']","['Cenpa', 'Nusap1', 'Plk1']",0.00016,0.0243,Mitotic cytokinesis,16,True,True
Process,GO:0018105,4,197,10029,"['Aurkb', 'Clspn', 'Pbk', 'Plk1']","['Aurkb', 'Clspn', 'Pbk', 'Plk1']",0.00016,0.0243,Peptidyl-serine phosphorylation,16,True,True
Process,GO:0000727,2,13,10029,"['Cdc45', 'Gins4']","['Cdc45', 'Gins4']",0.00019,0.0279,Double-strand break repair via break-induced replication,16,True,True
Process,GO:0051321,4,214,10029,"['Nuf2', 'Top2a', 'Mki67', 'Plk1']","['Nuf2', 'Top2a', 'Mki67', 'Plk1']",0.00022,0.0318,Meiotic cell cycle,16,True,True
Process,GO:0007076,2,15,10029,"['Nusap1', 'Cdca5']","['Nusap1', 'Cdca5']",0.00025,0.0345,Mitotic chromosome condensation,16,True,True
Process,GO:0045132,3,86,10029,"['Nuf2', 'Top2a', 'Plk1']","['Nuf2', 'Top2a', 'Plk1']",0.00025,0.0345,Meiotic chromosome segregation,16,True,True
Process,GO:0000076,2,16,10029,"['Cdt1', 'Clspn']","['Cdt1', 'Clspn']",0.00028,0.0375,DNA replication checkpoint signaling,16,True,True
Process,GO:0051988,2,16,10029,"['Knstrn', 'Spag5']","['Knstrn', 'Spag5']",0.00028,0.0375,Regulation of attachment of spindle microtubules to kinetochore,16,True,True
Process,GO:0034502,3,90,10029,"['Cenpa', 'I79_012327', 'Plk1']","['Cenpa', 'I79_012327', 'Plk1']",0.00029,0.0376,Protein localization to chromosome,16,True,True
Process,GO:0032465,3,94,10029,"['Aurkb', 'Prc1', 'Plk1']","['Aurkb', 'Prc1', 'Plk1']",0.00032,0.0422,Regulation of cytokinesis,16,True,True
Process,GO:0006310,4,238,10029,"['Rad54l', 'Cdc45', 'Gins4', 'Top2a']","['Rad54l', 'Cdc45', 'Gins4', 'Top2a']",0.00033,0.0429,DNA recombination,16,True,True
Process,GO:0051649,9,1689,10029,"['Cdt1', 'Cenpa', 'Kif2c', 'Nusap1', 'I79_011096', 'Nuf2', 'Cdca5', 'Spag5', 'Plk1']","['Cdt1', 'Cenpa', 'Kif2c', 'Nusap1', 'I79_011096', 'Nuf2', 'Cdca5', 'Spag5', 'Plk1']",0.00036,0.0465,Establishment of localization in cell,16,True,True
Process,GO:0022607,11,2516,10029,"['Cdt1', 'Cenpa', 'Aurkb', 'Dlgap5', 'Asf1b', 'Cdc45', 'Ube2c', 'Cenpk', 'Cenpn', 'Rrm2', 'Prc1']","['Cdt1', 'Cenpa', 'Aurkb', 'Dlgap5', 'Asf1b', 'Cdc45', 'Ube2c', 'Cenpk', 'Cenpn', 'Rrm2', 'Prc1']",0.00038,0.0483,Cellular component assembly,16,True,True
Component,GO:0000775,13,242,10029,"['Cdt1', 'Cenpa', 'Aurkb', 'Kif2c', 'I79_012327', 'Nuf2', 'Cenpk', 'Cenpn', 'Top2a', 'Knstrn', 'Mki67', 'Spag5', 'Plk1']","['Cdt1', 'Cenpa', 'Aurkb', 'Kif2c', 'I79_012327', 'Nuf2', 'Cenpk', 'Cenpn', 'Top2a', 'Knstrn', 'Mki67', 'Spag5', 'Plk1']",8.07e-18,1.38e-14,"Chromosome, centromeric region",16,True,True
Component,GO:0005694,19,1224,10029,"['Cdt1', 'Cenpa', 'Aurkb', 'Kif2c', 'Parpbp', 'Traip', 'Asf1b', 'Cdc45', 'Gins4', 'I79_012327', 'Nuf2', 'Cenpk', 'Cenpn', 'Top2a', 'Knstrn', 'Mki67', 'Cdca5', 'Spag5', 'Plk1']","['Cdt1', 'Cenpa', 'Aurkb', 'Kif2c', 'Parpbp', 'Traip', 'Asf1b', 'Cdc45', 'Gins4', 'I79_012327', 'Nuf2', 'Cenpk', 'Cenpn', 'Top2a', 'Knstrn', 'Mki67', 'Cdca5', 'Spag5', 'Plk1']",1.43e-16,1.23e-13,Chromosome,16,True,True
Component,GO:0000793,11,268,10029,"['Cdt1', 'Cenpa', 'Aurkb', 'Kif2c', 'Nuf2', 'Cenpn', 'Top2a', 'Knstrn', 'Mki67', 'Spag5', 'Plk1']","['Cdt1', 'Cenpa', 'Aurkb', 'Kif2c', 'Nuf2', 'Cenpn', 'Top2a', 'Knstrn', 'Mki67', 'Spag5', 'Plk1']",6.92e-14,2.52e-11,Condensed chromosome,16,True,True
Component,GO:0043232,27,4832,10029,"['Ccnb2', 'Cdt1', 'Cenpa', 'Aurkb', 'Kif2c', 'Nusap1', 'Ube2t', 'Parpbp', 'Dlgap5', 'Traip', 'Asf1b', 'Cdc45', 'Gins4', 'I79_011096', 'I79_012327', 'Tmem42', 'Nuf2', 'Ccnb1', 'Cenpk', 'Cenpn', 'Top2a', 'Knstrn', 'Mki67', 'Prc1', 'Cdca5', 'Spag5', 'Plk1']","['Ccnb2', 'Cdt1', 'Cenpa', 'Aurkb', 'Kif2c', 'Nusap1', 'Ube2t', 'Parpbp', 'Dlgap5', 'Traip', 'Asf1b', 'Cdc45', 'Gins4', 'I79_011096', 'I79_012327', 'Tmem42', 'Nuf2', 'Ccnb1', 'Cenpk', 'Cenpn', 'Top2a', 'Knstrn', 'Mki67', 'Prc1', 'Cdca5', 'Spag5', 'Plk1']",5.9e-14,2.52e-11,Intracellular non-membrane-bounded organelle,16,True,True
Component,GO:0005634,30,7069,10029,"['Ccnb2', 'Cdt1', 'Cenpa', 'Aurkb', 'Rad54l', 'Kif2c', 'Nusap1', 'Ube2t', 'Parpbp', 'Dlgap5', 'Traip', 'Clspn', 'Asf1b', 'Cdc45', 'Gins4', 'Ube2c', 'Pbk', 'I79_012327', 'Nuf2', 'Ccnb1', 'Cenpk', 'Cenpn', 'Rrm2', 'Top2a', 'Knstrn', 'Pclaf', 'Mki67', 'Prc1', 'Cdca5', 'Plk1']","['Ccnb2', 'Cdt1', 'Cenpa', 'Aurkb', 'Rad54l', 'Kif2c', 'Nusap1', 'Ube2t', 'Parpbp', 'Dlgap5', 'Traip', 'Clspn', 'Asf1b', 'Cdc45', 'Gins4', 'Ube2c', 'Pbk', 'I79_012327', 'Nuf2', 'Ccnb1', 'Cenpk', 'Cenpn', 'Rrm2', 'Top2a', 'Knstrn', 'Pclaf', 'Mki67', 'Prc1', 'Cdca5', 'Plk1']",2.88e-13,7.03e-11,Nucleus,16,True,True
Component,GO:0000776,8,163,10029,"['Cdt1', 'Cenpa', 'Kif2c', 'Nuf2', 'Cenpn', 'Knstrn', 'Spag5', 'Plk1']","['Cdt1', 'Cenpa', 'Kif2c', 'Nuf2', 'Cenpn', 'Knstrn', 'Spag5', 'Plk1']",6.93e-11,1.48e-08,Kinetochore,16,True,True
Component,GO:0043229,33,12803,10029,"['Ccnb2', 'Cdt1', 'Cenpa', 'Aurkb', 'Rad54l', 'Kif2c', 'Nusap1', 'Ube2t', 'Parpbp', 'Dlgap5', 'Traip', 'Clspn', 'Asf1b', 'Cdc45', 'Gins4', 'I79_011096', 'Ube2c', 'Pbk', 'I79_012327', 'Tmem42', 'Nuf2', 'Ccnb1', 'Cenpk', 'Cenpn', 'Rrm2', 'Top2a', 'Knstrn', 'Pclaf', 'Mki67', 'Prc1', 'Cdca5', 'Spag5', 'Plk1']","['Ccnb2', 'Cdt1', 'Cenpa', 'Aurkb', 'Rad54l', 'Kif2c', 'Nusap1', 'Ube2t', 'Parpbp', 'Dlgap5', 'Traip', 'Clspn', 'Asf1b', 'Cdc45', 'Gins4', 'I79_011096', 'Ube2c', 'Pbk', 'I79_012327', 'Tmem42', 'Nuf2', 'Ccnb1', 'Cenpk', 'Cenpn', 'Rrm2', 'Top2a', 'Knstrn', 'Pclaf', 'Mki67', 'Prc1', 'Cdca5', 'Spag5', 'Plk1']",1.2e-09,2.05e-07,Intracellular organelle,16,True,True
Component,GO:0015630,14,1383,10029,"['Ccnb2', 'Aurkb', 'Kif2c', 'Nusap1', 'Dlgap5', 'Cdc45', 'I79_011096', 'Tmem42', 'Ccnb1', 'Top2a', 'Knstrn', 'Prc1', 'Spag5', 'Plk1']","['Ccnb2', 'Aurkb', 'Kif2c', 'Nusap1', 'Dlgap5', 'Cdc45', 'I79_011096', 'Tmem42', 'Ccnb1', 'Top2a', 'Knstrn', 'Prc1', 'Spag5', 'Plk1']",1.45e-09,2.26e-07,Microtubule cytoskeleton,16,True,True
Component,GO:0005819,9,400,10029,"['Aurkb', 'Kif2c', 'Nusap1', 'Dlgap5', 'Tmem42', 'Knstrn', 'Prc1', 'Spag5', 'Plk1']","['Aurkb', 'Kif2c', 'Nusap1', 'Dlgap5', 'Tmem42', 'Knstrn', 'Prc1', 'Spag5', 'Plk1']",3.08e-09,4.4e-07,Spindle,16,True,True
Component,GO:0005813,10,599,10029,"['Ccnb2', 'Aurkb', 'Kif2c', 'Dlgap5', 'Cdc45', 'I79_011096', 'Ccnb1', 'Knstrn', 'Spag5', 'Plk1']","['Ccnb2', 'Aurkb', 'Kif2c', 'Dlgap5', 'Cdc45', 'I79_011096', 'Ccnb1', 'Knstrn', 'Spag5', 'Plk1']",5.84e-09,7.14e-07,Centrosome,16,True,True
Component,GO:0005815,11,803,10029,"['Ccnb2', 'Aurkb', 'Kif2c', 'Dlgap5', 'Cdc45', 'I79_011096', 'Ccnb1', 'Top2a', 'Knstrn', 'Spag5', 'Plk1']","['Ccnb2', 'Aurkb', 'Kif2c', 'Dlgap5', 'Cdc45', 'I79_011096', 'Ccnb1', 'Top2a', 'Knstrn', 'Spag5', 'Plk1']",6.5e-09,7.42e-07,Microtubule organizing center,16,True,True
Component,GO:0043227,31,11827,10029,"['Ccnb2', 'Cdt1', 'Cenpa', 'Aurkb', 'Rad54l', 'Kif2c', 'Nusap1', 'Ube2t', 'Parpbp', 'Dlgap5', 'Traip', 'Clspn', 'Asf1b', 'Cdc45', 'Gins4', 'Ube2c', 'Pbk', 'I79_012327', 'Nuf2', 'Ccnb1', 'Cenpk', 'Cenpn', 'Rrm2', 'Top2a', 'Knstrn', 'Pclaf', 'Mki67', 'Prc1', 'Cdca5', 'Spag5', 'Plk1']","['Ccnb2', 'Cdt1', 'Cenpa', 'Aurkb', 'Rad54l', 'Kif2c', 'Nusap1', 'Ube2t', 'Parpbp', 'Dlgap5', 'Traip', 'Clspn', 'Asf1b', 'Cdc45', 'Gins4', 'Ube2c', 'Pbk', 'I79_012327', 'Nuf2', 'Ccnb1', 'Cenpk', 'Cenpn', 'Rrm2', 'Top2a', 'Knstrn', 'Pclaf', 'Mki67', 'Prc1', 'Cdca5', 'Spag5', 'Plk1']",5.09e-08,5.45e-06,Membrane-bounded organelle,16,True,True
Component,GO:0099080,11,1301,10029,"['Cdt1', 'Cenpa', 'Aurkb', 'Kif2c', 'Nusap1', 'Tmem42', 'Nuf2', 'Cenpn', 'Knstrn', 'Spag5', 'Plk1']","['Cdt1', 'Cenpa', 'Aurkb', 'Kif2c', 'Nusap1', 'Tmem42', 'Nuf2', 'Cenpn', 'Knstrn', 'Spag5', 'Plk1']",8.24e-07,7.05e-05,Supramolecular complex,16,True,True
Component,GO:0005874,7,462,10029,"['Aurkb', 'Kif2c', 'Nusap1', 'Tmem42', 'Knstrn', 'Spag5', 'Plk1']","['Aurkb', 'Kif2c', 'Nusap1', 'Tmem42', 'Knstrn', 'Spag5', 'Plk1']",2.94e-06,0.00024,Microtubule,16,True,True
Component,GO:0072686,5,166,10029,"['Nusap1', 'Knstrn', 'Prc1', 'Spag5', 'Plk1']","['Nusap1', 'Knstrn', 'Prc1', 'Spag5', 'Plk1']",3.56e-06,0.00028,Mitotic spindle,16,True,True
Component,GO:0000922,5,174,10029,"['Aurkb', 'Dlgap5', 'Knstrn', 'Spag5', 'Plk1']","['Aurkb', 'Dlgap5', 'Knstrn', 'Spag5', 'Plk1']",4.46e-06,0.00033,Spindle pole,16,True,True
Component,GO:0034451,4,87,10029,"['Dlgap5', 'Knstrn', 'Spag5', 'Plk1']","['Dlgap5', 'Knstrn', 'Spag5', 'Plk1']",7.39e-06,0.00053,Centriolar satellite,16,True,True
Component,GO:0035371,3,25,10029,"['Kif2c', 'Knstrn', 'Spag5']","['Kif2c', 'Knstrn', 'Spag5']",7.67e-06,0.00053,Microtubule plus-end,16,True,True
Component,GO:0051233,3,34,10029,"['Aurkb', 'Prc1', 'Plk1']","['Aurkb', 'Prc1', 'Plk1']",1.8e-05,0.0011,Spindle midzone,16,True,True
Component,GO:0031981,14,3363,10029,"['Cdt1', 'Cenpa', 'Nusap1', 'Ube2t', 'Traip', 'Clspn', 'Asf1b', 'Cdc45', 'Gins4', 'Nuf2', 'Cenpn', 'Top2a', 'Mki67', 'Plk1']","['Cdt1', 'Cenpa', 'Nusap1', 'Ube2t', 'Traip', 'Clspn', 'Asf1b', 'Cdc45', 'Gins4', 'Nuf2', 'Cenpn', 'Top2a', 'Mki67', 'Plk1']",7.06e-05,0.0042,Nuclear lumen,16,True,True
Component,GO:0071162,2,12,10029,"['Cdc45', 'Gins4']","['Cdc45', 'Gins4']",0.00017,0.0095,CMG complex,16,True,True
Component,GO:0000228,4,222,10029,"['Cdc45', 'Gins4', 'Top2a', 'Plk1']","['Cdc45', 'Gins4', 'Top2a', 'Plk1']",0.00026,0.0137,Nuclear chromosome,16,True,True
Component,GO:0000785,6,682,10029,"['Cenpa', 'Parpbp', 'Asf1b', 'I79_012327', 'Cdca5', 'Plk1']","['Cenpa', 'Parpbp', 'Asf1b', 'I79_012327', 'Cdca5', 'Plk1']",0.00032,0.0149,Chromatin,16,True,True
Component,GO:0031616,2,18,10029,"['Aurkb', 'Dlgap5']","['Aurkb', 'Dlgap5']",0.00035,0.0152,Spindle pole centrosome,16,True,True
Component,GO:0005721,2,32,10029,"['Cenpa', 'I79_012327']","['Cenpa', 'I79_012327']",0.001,0.0421,Pericentric heterochromatin,16,True,True
Component,GO:0005654,11,2881,10029,"['Cdt1', 'Cenpa', 'Ube2t', 'Traip', 'Clspn', 'Asf1b', 'Cdc45', 'Gins4', 'Nuf2', 'Cenpn', 'Top2a']","['Cdt1', 'Cenpa', 'Ube2t', 'Traip', 'Clspn', 'Asf1b', 'Cdc45', 'Gins4', 'Nuf2', 'Cenpn', 'Top2a']",0.0012,0.0492,Nucleoplasm,16,True,True
Function,GO:0008017,8,340,10029,"['Kif2c', 'Nusap1', 'Dlgap5', 'Tmem42', 'Knstrn', 'Prc1', 'Spag5', 'Plk1']","['Kif2c', 'Nusap1', 'Dlgap5', 'Tmem42', 'Knstrn', 'Prc1', 'Spag5', 'Plk1']",1.88e-08,6.2e-05,Microtubule binding,16,True,True
Function,GO:0010997,2,5,10029,"['Clspn', 'Plk1']","['Clspn', 'Plk1']",3.86e-05,0.0424,Anaphase-promoting complex binding,16,True,True
TISSUES,BTO:0000081,18,3736,10029,"['Ccnb2', 'Cenpa', 'Rad54l', 'Kif2c', 'Ube2t', 'Parpbp', 'Dlgap5', 'Clspn', 'Cdc45', 'Gins4', 'I79_011096', 'Pbk', 'Tmem42', 'Nuf2', 'Rrm2', 'Knstrn', 'Spag5', 'Plk1']","['Ccnb2', 'Cenpa', 'Rad54l', 'Kif2c', 'Ube2t', 'Parpbp', 'Dlgap5', 'Clspn', 'Cdc45', 'Gins4', 'I79_011096', 'Pbk', 'Tmem42', 'Nuf2', 'Rrm2', 'Knstrn', 'Spag5', 'Plk1']",3.07e-07,0.00063,Reproductive system,16,True,True
TISSUES,BTO:0000083,16,3320,10029,"['Ccnb2', 'Cenpa', 'Kif2c', 'Ube2t', 'Parpbp', 'Dlgap5', 'Clspn', 'Cdc45', 'I79_011096', 'Pbk', 'Tmem42', 'Nuf2', 'Rrm2', 'Knstrn', 'Spag5', 'Plk1']","['Ccnb2', 'Cenpa', 'Kif2c', 'Ube2t', 'Parpbp', 'Dlgap5', 'Clspn', 'Cdc45', 'I79_011096', 'Pbk', 'Tmem42', 'Nuf2', 'Rrm2', 'Knstrn', 'Spag5', 'Plk1']",2.18e-06,0.0022,Female reproductive system,16,True,True
TISSUES,BTO:0000082,12,1921,10029,"['Ccnb2', 'Kif2c', 'Ube2t', 'Parpbp', 'Cdc45', 'Gins4', 'I79_011096', 'Pbk', 'Nuf2', 'Knstrn', 'Spag5', 'Plk1']","['Ccnb2', 'Kif2c', 'Ube2t', 'Parpbp', 'Cdc45', 'Gins4', 'I79_011096', 'Pbk', 'Nuf2', 'Knstrn', 'Spag5', 'Plk1']",5.36e-06,0.0036,Male reproductive system,16,True,True
TISSUES,BTO:0000080,11,1796,10029,"['Ccnb2', 'Kif2c', 'Ube2t', 'Parpbp', 'Cdc45', 'I79_011096', 'Pbk', 'Nuf2', 'Knstrn', 'Spag5', 'Plk1']","['Ccnb2', 'Kif2c', 'Ube2t', 'Parpbp', 'Cdc45', 'I79_011096', 'Pbk', 'Nuf2', 'Knstrn', 'Spag5', 'Plk1']",1.82e-05,0.0069,Male reproductive gland,16,True,True
TISSUES,BTO:0000254,12,2256,10029,"['Ccnb2', 'Kif2c', 'Ube2t', 'Parpbp', 'Cdc45', 'I79_011096', 'Pbk', 'Tmem42', 'Nuf2', 'Knstrn', 'Spag5', 'Plk1']","['Ccnb2', 'Kif2c', 'Ube2t', 'Parpbp', 'Cdc45', 'I79_011096', 'Pbk', 'Tmem42', 'Nuf2', 'Knstrn', 'Spag5', 'Plk1']",2.74e-05,0.0069,Female reproductive gland,16,True,True
TISSUES,BTO:0001363,10,1405,10029,"['Ccnb2', 'Kif2c', 'Parpbp', 'Cdc45', 'I79_011096', 'Pbk', 'Nuf2', 'Knstrn', 'Spag5', 'Plk1']","['Ccnb2', 'Kif2c', 'Parpbp', 'Cdc45', 'I79_011096', 'Pbk', 'Nuf2', 'Knstrn', 'Spag5', 'Plk1']",1.35e-05,0.0069,Testis,16,True,True
TISSUES,BTO:0003096,11,1760,10029,"['Ccnb2', 'Kif2c', 'Ube2t', 'Parpbp', 'Cdc45', 'I79_011096', 'Pbk', 'Nuf2', 'Knstrn', 'Spag5', 'Plk1']","['Ccnb2', 'Kif2c', 'Ube2t', 'Parpbp', 'Cdc45', 'I79_011096', 'Pbk', 'Nuf2', 'Knstrn', 'Spag5', 'Plk1']",1.5e-05,0.0069,Internal male genital organ,16,True,True
KEGG,cge04110,4,99,10029,"['Ccnb2', 'Cdc45', 'Ccnb1', 'Plk1']","['Ccnb2', 'Cdc45', 'Ccnb1', 'Plk1']",1.21e-05,0.004,Cell cycle,16,True,True
KEGG,cge04115,3,55,10029,"['Ccnb2', 'Ccnb1', 'Rrm2']","['Ccnb2', 'Ccnb1', 'Rrm2']",7.02e-05,0.0117,p53 signaling pathway,16,True,True
KEGG,cge04914,3,62,10029,"['Ccnb2', 'Ccnb1', 'Plk1']","['Ccnb2', 'Ccnb1', 'Plk1']",9.87e-05,0.0117,Progesterone-mediated oocyte maturation,16,True,True
KEGG,cge04114,3,82,10029,"['Ccnb2', 'Ccnb1', 'Plk1']","['Ccnb2', 'Ccnb1', 'Plk1']",0.00022,0.0182,Oocyte meiosis,16,True,True
KEGG,cge04068,3,92,10029,"['Ccnb2', 'Ccnb1', 'Plk1']","['Ccnb2', 'Ccnb1', 'Plk1']",0.0003,0.0202,FoxO signaling pathway,16,True,True
PMID,PMID:22309699,4,19,10029,"['Cdt1', 'Clspn', 'Cdc45', 'Plk1']","['Cdt1', 'Clspn', 'Cdc45', 'Plk1']",2.61e-08,0.00072,(2012) Polo-like kinase 1 (Plk1): an Unexpected Player in DNA Replication.,16,True,False
PMID,PMID:29375621,4,25,10029,"['Ccnb2', 'Aurkb', 'Ccnb1', 'Plk1']","['Ccnb2', 'Aurkb', 'Ccnb1', 'Plk1']",6.97e-08,0.00096,(2017) Molecular Genetic Analysis of Human Endometrial Mesenchymal Stem Cells That Survived Sublethal Heat Shock.,16,True,False
PMID,PMID:34946810,3,9,10029,"['Ccnb2', 'Dlgap5', 'Top2a']","['Ccnb2', 'Dlgap5', 'Top2a']",5.23e-07,0.0048,(2021) Transcriptome Analysis of Neuroendocrine Regulation of Ovine Hypothalamus-Pituitary-Ovary Axis during Ovine Anestrus and the Breeding Season.,16,True,False
PMID,PMID:30424570,3,16,10029,"['Cdt1', 'Clspn', 'Cdc45']","['Cdt1', 'Clspn', 'Cdc45']",2.29e-06,0.0157,(2018) The Protective Role of Dormant Origins in Response to Replicative Stress.,16,True,False
PMID,PMID:21417598,3,17,10029,"['Cdt1', 'Asf1b', 'Cdc45']","['Cdt1', 'Asf1b', 'Cdc45']",2.69e-06,0.0157,(2011) Defining the replication program through the chromatin landscape.,16,True,False
PMID,PMID:35746678,3,20,10029,"['Aurkb', 'Asf1b', 'Rrm2']","['Aurkb', 'Asf1b', 'Rrm2']",4.16e-06,0.0191,(2022) SARS CoV-2 (Delta Variant) Infection Kinetics and Immunopathogenesis in Domestic Cats.,16,True,False
PMID,PMID:33744934,3,23,10029,"['Cdt1', 'Clspn', 'Cdc45']","['Cdt1', 'Clspn', 'Cdc45']",6.1e-06,0.0212,(2021) Repriming DNA synthesis: an intrinsic restart pathway that maintains efficient genome replication.,16,True,False
PMID,PMID:33915740,3,22,10029,"['Cenpa', 'Aurkb', 'Ccnb1']","['Cenpa', 'Aurkb', 'Ccnb1']",5.4e-06,0.0212,(2021) Aurora Kinase B Inhibition: A Potential Therapeutic Strategy for Cancer.,16,True,False
PMID,PMID:35071014,3,30,10029,"['Rad54l', 'Ube2t', 'Top2a']","['Rad54l', 'Ube2t', 'Top2a']",1.27e-05,0.0389,(2021) Identification of SRXN1 and KRT6A as Key Genes in Smoking-Related Non-Small-Cell Lung Cancer Through Bioinformatics and Functional Analyses.,16,True,False
RCTM,MAP-1640170,16,869,10029,"['Ccnb2', 'Cdt1', 'Cenpa', 'Aurkb', 'Kif2c', 'Clspn', 'Cdc45', 'Gins4', 'Ube2c', 'I79_012327', 'Nuf2', 'Ccnb1', 'Cenpk', 'Cenpn', 'Cdca5', 'Plk1']","['Ccnb2', 'Cdt1', 'Cenpa', 'Aurkb', 'Kif2c', 'Clspn', 'Cdc45', 'Gins4', 'Ube2c', 'I79_012327', 'Nuf2', 'Ccnb1', 'Cenpk', 'Cenpn', 'Cdca5', 'Plk1']",7.04e-15,1.2e-11,Cell Cycle,16,True,True
RCTM,MAP-69278,15,722,10029,"['Ccnb2', 'Cdt1', 'Cenpa', 'Aurkb', 'Kif2c', 'Cdc45', 'Gins4', 'Ube2c', 'I79_012327', 'Nuf2', 'Ccnb1', 'Cenpk', 'Cenpn', 'Cdca5', 'Plk1']","['Ccnb2', 'Cdt1', 'Cenpa', 'Aurkb', 'Kif2c', 'Cdc45', 'Gins4', 'Ube2c', 'I79_012327', 'Nuf2', 'Ccnb1', 'Cenpk', 'Cenpn', 'Cdca5', 'Plk1']",1.16e-14,1.2e-11,"Cell Cycle, Mitotic",16,True,True
RCTM,MAP-2500257,10,166,10029,"['Ccnb2', 'Cenpa', 'Aurkb', 'Kif2c', 'Nuf2', 'Ccnb1', 'Cenpk', 'Cenpn', 'Cdca5', 'Plk1']","['Ccnb2', 'Cenpa', 'Aurkb', 'Kif2c', 'Nuf2', 'Ccnb1', 'Cenpk', 'Cenpn', 'Cdca5', 'Plk1']",2.89e-14,1.46e-11,Resolution of Sister Chromatid Cohesion,16,True,True
RCTM,MAP-69620,12,343,10029,"['Ccnb2', 'Cenpa', 'Aurkb', 'Kif2c', 'Clspn', 'Cdc45', 'Ube2c', 'Nuf2', 'Ccnb1', 'Cenpk', 'Cenpn', 'Plk1']","['Ccnb2', 'Cenpa', 'Aurkb', 'Kif2c', 'Clspn', 'Cdc45', 'Ube2c', 'Nuf2', 'Ccnb1', 'Cenpk', 'Cenpn', 'Plk1']",2.56e-14,1.46e-11,Cell Cycle Checkpoints,16,True,True
RCTM,MAP-2555396,11,317,10029,"['Ccnb2', 'Cenpa', 'Aurkb', 'Kif2c', 'Ube2c', 'Nuf2', 'Ccnb1', 'Cenpk', 'Cenpn', 'Cdca5', 'Plk1']","['Ccnb2', 'Cenpa', 'Aurkb', 'Kif2c', 'Ube2c', 'Nuf2', 'Ccnb1', 'Cenpk', 'Cenpn', 'Cdca5', 'Plk1']",4.06e-13,1.3e-10,Mitotic Metaphase and Anaphase,16,True,True
RCTM,MAP-68882,11,315,10029,"['Ccnb2', 'Cenpa', 'Aurkb', 'Kif2c', 'Ube2c', 'Nuf2', 'Ccnb1', 'Cenpk', 'Cenpn', 'Cdca5', 'Plk1']","['Ccnb2', 'Cenpa', 'Aurkb', 'Kif2c', 'Ube2c', 'Nuf2', 'Ccnb1', 'Cenpk', 'Cenpn', 'Cdca5', 'Plk1']",3.8e-13,1.3e-10,Mitotic Anaphase,16,True,True
RCTM,MAP-68877,10,269,10029,"['Ccnb2', 'Cenpa', 'Aurkb', 'Kif2c', 'Nuf2', 'Ccnb1', 'Cenpk', 'Cenpn', 'Cdca5', 'Plk1']","['Ccnb2', 'Cenpa', 'Aurkb', 'Kif2c', 'Nuf2', 'Ccnb1', 'Cenpk', 'Cenpn', 'Cdca5', 'Plk1']",2.91e-12,7.11e-10,Mitotic Prometaphase,16,True,True
RCTM,MAP-69618,8,144,10029,"['Cenpa', 'Aurkb', 'Kif2c', 'Ube2c', 'Nuf2', 'Cenpk', 'Cenpn', 'Plk1']","['Cenpa', 'Aurkb', 'Kif2c', 'Ube2c', 'Nuf2', 'Cenpk', 'Cenpn', 'Plk1']",2.69e-11,5.75e-09,Mitotic Spindle Checkpoint,16,True,True
RCTM,MAP-2467813,9,242,10029,"['Cenpa', 'Aurkb', 'Kif2c', 'Ube2c', 'Nuf2', 'Cenpk', 'Cenpn', 'Cdca5', 'Plk1']","['Cenpa', 'Aurkb', 'Kif2c', 'Ube2c', 'Nuf2', 'Cenpk', 'Cenpn', 'Cdca5', 'Plk1']",4.16e-11,7.89e-09,Separation of Sister Chromatids,16,True,True
RCTM,MAP-68886,11,533,10029,"['Ccnb2', 'Cenpa', 'Aurkb', 'Kif2c', 'Ube2c', 'Nuf2', 'Ccnb1', 'Cenpk', 'Cenpn', 'Cdca5', 'Plk1']","['Ccnb2', 'Cenpa', 'Aurkb', 'Kif2c', 'Ube2c', 'Nuf2', 'Ccnb1', 'Cenpk', 'Cenpn', 'Cdca5', 'Plk1']",9.42e-11,1.61e-08,M Phase,16,True,True
RCTM,MAP-141424,7,115,10029,"['Cenpa', 'Aurkb', 'Kif2c', 'Nuf2', 'Cenpk', 'Cenpn', 'Plk1']","['Cenpa', 'Aurkb', 'Kif2c', 'Nuf2', 'Cenpk', 'Cenpn', 'Plk1']",2.9e-10,4.5e-08,Amplification of signal from the kinetochores,16,True,True
RCTM,MAP-141444,7,115,10029,"['Cenpa', 'Aurkb', 'Kif2c', 'Nuf2', 'Cenpk', 'Cenpn', 'Plk1']","['Cenpa', 'Aurkb', 'Kif2c', 'Nuf2', 'Cenpk', 'Cenpn', 'Plk1']",2.9e-10,4.5e-08,Amplification  of signal from unattached  kinetochores via a MAD2  inhibitory signal,16,True,True
RCTM,MAP-9648025,7,160,10029,"['Cenpa', 'Aurkb', 'Kif2c', 'Nuf2', 'Cenpk', 'Cenpn', 'Plk1']","['Cenpa', 'Aurkb', 'Kif2c', 'Nuf2', 'Cenpk', 'Cenpn', 'Plk1']",2.62e-09,3.45e-07,EML4 and NUDC in mitotic spindle formation,16,True,True
RCTM,MAP-5663220,7,190,10029,"['Cenpa', 'Aurkb', 'Kif2c', 'Nuf2', 'Cenpk', 'Cenpn', 'Plk1']","['Cenpa', 'Aurkb', 'Kif2c', 'Nuf2', 'Cenpk', 'Cenpn', 'Plk1']",8.26e-09,1.01e-06,RHO GTPases Activate Formins,16,True,True
RCTM,MAP-195258,8,368,10029,"['Cenpa', 'Aurkb', 'Kif2c', 'Nuf2', 'Cenpk', 'Cenpn', 'Prc1', 'Plk1']","['Cenpa', 'Aurkb', 'Kif2c', 'Nuf2', 'Cenpk', 'Cenpn', 'Prc1', 'Plk1']",3.42e-08,3.9e-06,RHO GTPase Effectors,16,True,True
RCTM,MAP-2980767,3,6,10029,"['Ccnb2', 'Ccnb1', 'Plk1']","['Ccnb2', 'Ccnb1', 'Plk1']",2e-07,2.14e-05,"Activation of NIMA Kinases NEK9, NEK6, NEK7",16,True,True
RCTM,MAP-69242,5,178,10029,"['Cdt1', 'Gins4', 'Ube2c', 'I79_012327', 'Cdca5']","['Cdt1', 'Gins4', 'Ube2c', 'I79_012327', 'Cdca5']",4.96e-06,0.0005,S Phase,16,True,True
RCTM,MAP-176412,3,27,10029,"['Ube2c', 'Ccnb1', 'Plk1']","['Ube2c', 'Ccnb1', 'Plk1']",9.48e-06,0.0009,Phosphorylation of the APC/C,16,True,True
RCTM,MAP-174143,4,106,10029,"['Aurkb', 'Ube2c', 'Ccnb1', 'Plk1']","['Aurkb', 'Ube2c', 'Ccnb1', 'Plk1']",1.57e-05,0.0014,APC/C-mediated degradation of cell cycle proteins,16,True,True
RCTM,MAP-453276,4,106,10029,"['Aurkb', 'Ube2c', 'Ccnb1', 'Plk1']","['Aurkb', 'Ube2c', 'Ccnb1', 'Plk1']",1.57e-05,0.0014,Regulation of mitotic cell cycle,16,True,True
RCTM,MAP-176408,3,43,10029,"['Ube2c', 'Ccnb1', 'Plk1']","['Ube2c', 'Ccnb1', 'Plk1']",3.49e-05,0.0028,Regulation of APC/C activators between G1/S and early anaphase,16,True,True
RCTM,MAP-194315,8,939,10029,"['Cenpa', 'Aurkb', 'Kif2c', 'Nuf2', 'Cenpk', 'Cenpn', 'Prc1', 'Plk1']","['Cenpa', 'Aurkb', 'Kif2c', 'Nuf2', 'Cenpk', 'Cenpn', 'Prc1', 'Plk1']",3.38e-05,0.0028,Signaling by Rho GTPases,16,True,True
RCTM,MAP-69273,3,44,10029,"['Ccnb2', 'Ccnb1', 'Plk1']","['Ccnb2', 'Ccnb1', 'Plk1']",3.73e-05,0.0028,Cyclin A/B1/B2 associated events during G2/M transition,16,True,True
RCTM,MAP-9716542,8,957,10029,"['Cenpa', 'Aurkb', 'Kif2c', 'Nuf2', 'Cenpk', 'Cenpn', 'Prc1', 'Plk1']","['Cenpa', 'Aurkb', 'Kif2c', 'Nuf2', 'Cenpk', 'Cenpn', 'Prc1', 'Plk1']",3.86e-05,0.0028,"Signaling by Rho GTPases, Miro GTPases and RHOBTB3",16,True,True
RCTM,MAP-176417,2,7,10029,"['Ccnb1', 'Plk1']","['Ccnb1', 'Plk1']",6.61e-05,0.0045,Phosphorylation of Emi1,16,True,True
RCTM,MAP-69306,4,155,10029,"['Cdt1', 'Cdc45', 'Gins4', 'Ube2c']","['Cdt1', 'Cdc45', 'Gins4', 'Ube2c']",6.63e-05,0.0045,DNA Replication,16,True,True
RCTM,MAP-69478,2,8,10029,"['Ccnb2', 'Ccnb1']","['Ccnb2', 'Ccnb1']",8.26e-05,0.0052,G2/M DNA replication checkpoint,16,True,True
RCTM,MAP-606279,3,62,10029,"['Cenpa', 'Cenpk', 'Cenpn']","['Cenpa', 'Cenpk', 'Cenpn']",9.87e-05,0.006,Deposition of new CENPA-containing nucleosomes at the centromere,16,True,True
RCTM,MAP-774815,3,62,10029,"['Cenpa', 'Cenpk', 'Cenpn']","['Cenpa', 'Cenpk', 'Cenpn']",9.87e-05,0.006,Nucleosome assembly,16,True,True
RCTM,MAP-69481,4,184,10029,"['Ccnb2', 'Clspn', 'Cdc45', 'Ccnb1']","['Ccnb2', 'Clspn', 'Cdc45', 'Ccnb1']",0.00013,0.0072,G2/M Checkpoints,16,True,True
RCTM,MAP-2980766,3,70,10029,"['Ccnb2', 'Ccnb1', 'Plk1']","['Ccnb2', 'Ccnb1', 'Plk1']",0.00014,0.0077,Nuclear Envelope Breakdown,16,True,True
RCTM,MAP-2468052,2,12,10029,"['I79_012327', 'Cdca5']","['I79_012327', 'Cdca5']",0.00017,0.0089,Establishment of Sister Chromatid Cohesion,16,True,True
RCTM,MAP-174178,3,90,10029,"['Aurkb', 'Ube2c', 'Plk1']","['Aurkb', 'Ube2c', 'Plk1']",0.00029,0.0148,APC/C:Cdh1 mediated degradation of Cdc20 and other APC/C:Cdh1 targeted proteins in late mitosis/early G1,16,True,True
RCTM,MAP-176814,3,90,10029,"['Ube2c', 'Ccnb1', 'Plk1']","['Ube2c', 'Ccnb1', 'Plk1']",0.00029,0.0148,Activation of APC/C and APC/C:Cdc20 mediated degradation of mitotic proteins,16,True,True
RCTM,MAP-8852276,3,102,10029,"['Ccnb2', 'Ccnb1', 'Plk1']","['Ccnb2', 'Ccnb1', 'Plk1']",0.00041,0.0199,The role of GTSE1 in G2/M progression after G2 checkpoint,16,True,True
RCTM,MAP-2565942,3,119,10029,"['Ccnb2', 'Ccnb1', 'Plk1']","['Ccnb2', 'Ccnb1', 'Plk1']",0.00063,0.03,Regulation of PLK1 Activity at G2/M Transition,16,True,True
RCTM,MAP-69002,3,121,10029,"['Cdt1', 'Cdc45', 'Ube2c']","['Cdt1', 'Cdc45', 'Ube2c']",0.00066,0.0306,DNA Replication Pre-Initiation,16,True,True
RCTM,MAP-2995383,2,26,10029,"['Ccnb2', 'Ccnb1']","['Ccnb2', 'Ccnb1']",0.00068,0.0307,Initiation of Nuclear Envelope (NE) Reformation,16,True,True
RCTM,MAP-174048,2,29,10029,"['Ube2c', 'Ccnb1']","['Ube2c', 'Ccnb1']",0.00084,0.0367,APC/C:Cdc20 mediated degradation of Cyclin B,16,True,True
RCTM,MAP-8866652,2,30,10029,"['Ube2t', 'Ube2c']","['Ube2t', 'Ube2c']",0.00089,0.0382,Synthesis of active ubiquitin: roles of E1 and E2 enzymes,16,True,True
RCTM,MAP-73886,3,136,10029,"['Cenpa', 'Cenpk', 'Cenpn']","['Cenpa', 'Cenpk', 'Cenpn']",0.00092,0.0385,Chromosome Maintenance,16,True,True
RCTM,MAP-69239,3,140,10029,"['Cdt1', 'Gins4', 'Ube2c']","['Cdt1', 'Gins4', 'Ube2c']",0.001,0.0408,Synthesis of DNA,16,True,True
RCTM,MAP-9012852,2,32,10029,"['Dlgap5', 'I79_011096']","['Dlgap5', 'I79_011096']",0.001,0.0408,Signaling by NOTCH3,16,True,True
RCTM,MAP-68962,2,34,10029,"['Cdt1', 'Cdc45']","['Cdt1', 'Cdc45']",0.0011,0.0439,Activation of the pre-replicative complex,16,True,True
NetworkNeighborAL,CL:4929,18,104,10029,"['Cenpa', 'Aurkb', 'Kif2c', 'Nusap1', 'Parpbp', 'Dlgap5', 'I79_011096', 'Ube2c', 'Pbk', 'Tmem42', 'Nuf2', 'Cenpk', 'Cenpn', 'Top2a', 'Knstrn', 'Pclaf', 'Prc1', 'Spag5']","['Cenpa', 'Aurkb', 'Kif2c', 'Nusap1', 'Parpbp', 'Dlgap5', 'I79_011096', 'Ube2c', 'Pbk', 'Tmem42', 'Nuf2', 'Cenpk', 'Cenpn', 'Top2a', 'Knstrn', 'Pclaf', 'Prc1', 'Spag5']",1.45e-33,6.13e-30,"Mixed, incl. Amplification of signal from the kinetochores, and Kinesin motor, catalytic domain. ATPase.",16,True,True
NetworkNeighborAL,CL:4930,15,81,10029,"['Aurkb', 'Kif2c', 'Nusap1', 'Parpbp', 'Dlgap5', 'I79_011096', 'Ube2c', 'Pbk', 'Tmem42', 'Nuf2', 'Top2a', 'Knstrn', 'Pclaf', 'Prc1', 'Spag5']","['Aurkb', 'Kif2c', 'Nusap1', 'Parpbp', 'Dlgap5', 'I79_011096', 'Ube2c', 'Pbk', 'Tmem42', 'Nuf2', 'Top2a', 'Knstrn', 'Pclaf', 'Prc1', 'Spag5']",3.53e-28,7.5e-25,"Mixed, incl. Kinesin motor domain, and Amplification of signal from the kinetochores",16,True,True
NetworkNeighborAL,CL:4941,12,41,10029,"['Aurkb', 'Kif2c', 'Nusap1', 'Dlgap5', 'I79_011096', 'Ube2c', 'Pbk', 'Tmem42', 'Top2a', 'Pclaf', 'Prc1', 'Spag5']","['Aurkb', 'Kif2c', 'Nusap1', 'Dlgap5', 'I79_011096', 'Ube2c', 'Pbk', 'Tmem42', 'Top2a', 'Pclaf', 'Prc1', 'Spag5']",1.26e-24,1.78e-21,"Mixed, incl. Spindle midzone assembly, and Negative regulation of sister chromatid segregation",16,True,True
NetworkNeighborAL,CL:4945,10,30,10029,"['Aurkb', 'Kif2c', 'Nusap1', 'Dlgap5', 'Ube2c', 'Pbk', 'Tmem42', 'Top2a', 'Prc1', 'Spag5']","['Aurkb', 'Kif2c', 'Nusap1', 'Dlgap5', 'Ube2c', 'Pbk', 'Tmem42', 'Top2a', 'Prc1', 'Spag5']",4.5600000000000005e-21,2.42e-18,"Mixed, incl. Chromosome passenger complex, and Negative regulation of sister chromatid segregation",16,True,True
NetworkNeighborAL,CL:4948,8,21,10029,"['Kif2c', 'Nusap1', 'Dlgap5', 'Ube2c', 'Pbk', 'Top2a', 'Prc1', 'Spag5']","['Kif2c', 'Nusap1', 'Dlgap5', 'Ube2c', 'Pbk', 'Top2a', 'Prc1', 'Spag5']",2.21e-17,9.38e-15,"Mixed, incl. Negative regulation of sister chromatid segregation, and SAPAP family",16,True,True
NetworkNeighborAL,CL:4949,4,11,10029,"['Nusap1', 'Ube2c', 'Top2a', 'Spag5']","['Nusap1', 'Ube2c', 'Top2a', 'Spag5']",4.06e-09,1.57e-06,"Mixed, incl. Mad3/Bub1 homology region 1, and The WD repeat Cdc20/Fizzy family",16,True,True
NetworkNeighborAL,CL:5224,3,5,10029,"['Ccnb2', 'Ccnb1', 'Plk1']","['Ccnb2', 'Ccnb1', 'Plk1']",1.34e-07,4.72e-05,"Activation of NIMA Kinases NEK9, NEK6, NEK7",16,True,True
NetworkNeighborAL,CL:5655,4,31,10029,"['Cdt1', 'Clspn', 'Cdc45', 'Gins4']","['Cdt1', 'Clspn', 'Cdc45', 'Gins4']",1.53e-07,4.99e-05,"Activation of the pre-replicative complex, and GINS complex",16,True,True
NetworkNeighborAL,CL:5477,6,184,10029,"['Cdt1', 'Rad54l', 'Ube2t', 'Clspn', 'Cdc45', 'Gins4']","['Cdt1', 'Rad54l', 'Ube2t', 'Clspn', 'Cdc45', 'Gins4']",2.16e-07,6.54e-05,"Mixed, incl. Homology Directed Repair, and Activation of the pre-replicative complex",16,True,True
NetworkNeighborAL,CL:5478,5,145,10029,"['Cdt1', 'Rad54l', 'Clspn', 'Cdc45', 'Gins4']","['Cdt1', 'Rad54l', 'Clspn', 'Cdc45', 'Gins4']",1.87e-06,0.00047,"HDR through Homologous Recombination (HRR) or Single Strand Annealing (SSA), and Activation of the pre-replicative complex",16,True,True
NetworkNeighborAL,CL:5091,3,23,10029,"['Cenpa', 'Cenpk', 'Cenpn']","['Cenpa', 'Cenpk', 'Cenpn']",6.1e-06,0.0014,"Centromere complex assembly, and KNL2-like",16,True,True
NetworkNeighborAL,CL:4972,2,6,10029,"['Kif2c', 'Prc1']","['Kif2c', 'Prc1']",5.15e-05,0.0109,"Mixed, incl. Kinetochore binding, and Establishment or maintenance of microtubule cytoskeleton polarity",16,True,True
NetworkNeighborAL,CL:5099,2,8,10029,"['Cenpk', 'Cenpn']","['Cenpk', 'Cenpn']",8.26e-05,0.0159,"Mis6-Sim4 complex, and Kinetochore assembly",16,True,True
NetworkNeighborAL,CL:5697,2,8,10029,"['Clspn', 'Gins4']","['Clspn', 'Gins4']",8.26e-05,0.0159,"GINS complex, and Replication fork arrest",16,True,True
COMPARTMENTS,GOCC:0005840,10,522,10029,"['I79_000460', 'Btf3l4', 'Rpl26', 'Rpl30', 'Rpl31', 'Rps23', 'RPS3A', 'Rpl11', 'Rpl35', 'Mrpl30']","['I79_000460', 'Btf3l4', 'Rpl26', 'Rpl30', 'Rpl31', 'Rps23', 'RPS3A', 'Rpl11', 'Rpl35', 'Mrpl30']",7.99e-10,1.57e-06,Ribosome,17,True,True
COMPARTMENTS,GOCC:1990904,11,919,10029,"['I79_000460', 'Btf3l4', 'Rpl26', 'I79_003075', 'Rpl30', 'Snrpf', 'Rpl31', 'Rps23', 'RPS3A', 'Rpl11', 'Mrpl30']","['I79_000460', 'Btf3l4', 'Rpl26', 'I79_003075', 'Rpl30', 'Snrpf', 'Rpl31', 'Rps23', 'RPS3A', 'Rpl11', 'Mrpl30']",1.21e-08,1.18e-05,Ribonucleoprotein complex,17,True,True
COMPARTMENTS,GOCC:0022626,8,416,10029,"['I79_000460', 'Rpl26', 'Rpl30', 'Rpl31', 'Rps23', 'RPS3A', 'Rpl11', 'Rpl35']","['I79_000460', 'Rpl26', 'Rpl30', 'Rpl31', 'Rps23', 'RPS3A', 'Rpl11', 'Rpl35']",5.06e-08,3.31e-05,Cytosolic ribosome,17,True,True
COMPARTMENTS,GOCC:0005737,24,7387,10029,"['I79_000460', 'Rala', 'Btf3l4', 'Rpl26', 'I79_003075', 'I79_003341', 'Timm8b', 'Rpl30', 'Kras', 'I79_005484', 'Sec61b', 'Snrpf', 'S100a16', 'Sec61g', 'Rpl31', 'Rps23', 'RPS3A', 'Rpl11', 'Bcap31', 'Rpl35', 'Atp5mg', 'Tardbp', 'Mrpl30', 'Crip1']","['I79_000460', 'Rala', 'Btf3l4', 'Rpl26', 'I79_003075', 'I79_003341', 'Timm8b', 'Rpl30', 'Kras', 'I79_005484', 'Sec61b', 'Snrpf', 'S100a16', 'Sec61g', 'Rpl31', 'Rps23', 'RPS3A', 'Rpl11', 'Bcap31', 'Rpl35', 'Atp5mg', 'Tardbp', 'Mrpl30', 'Crip1']",1.36e-07,6.66e-05,Cytoplasm,17,True,True
COMPARTMENTS,GOCC:0044391,7,395,10029,"['I79_000460', 'Rpl26', 'Rpl31', 'Rps23', 'RPS3A', 'Rpl11', 'Mrpl30']","['I79_000460', 'Rpl26', 'Rpl31', 'Rps23', 'RPS3A', 'Rpl11', 'Mrpl30']",6.7e-07,0.00026,Ribosomal subunit,17,True,True
COMPARTMENTS,GOCC:0042788,5,141,10029,"['Btf3l4', 'Rpl30', 'Rpl31', 'Rps23', 'Rpl11']","['Btf3l4', 'Rpl30', 'Rpl31', 'Rps23', 'Rpl11']",1.19e-06,0.00039,Polysomal ribosome,17,True,True
COMPARTMENTS,GOCC:0005622,29,12999,10029,"['I79_000460', 'I79_000932', 'Rala', 'Btf3l4', 'Rpl26', 'I79_003075', 'I79_003341', 'Timm8b', 'I79_004658', 'Rpl30', 'Kras', 'I79_005382', 'I79_005484', 'Sec61b', 'Snrpf', 'S100a16', 'Sec61g', 'Rpl31', 'Rps23', 'I79_011106', 'RPS3A', 'Rpl11', 'Myl6', 'Bcap31', 'Rpl35', 'Atp5mg', 'Tardbp', 'Mrpl30', 'Crip1']","['I79_000460', 'I79_000932', 'Rala', 'Btf3l4', 'Rpl26', 'I79_003075', 'I79_003341', 'Timm8b', 'I79_004658', 'Rpl30', 'Kras', 'I79_005382', 'I79_005484', 'Sec61b', 'Snrpf', 'S100a16', 'Sec61g', 'Rpl31', 'Rps23', 'I79_011106', 'RPS3A', 'Rpl11', 'Myl6', 'Bcap31', 'Rpl35', 'Atp5mg', 'Tardbp', 'Mrpl30', 'Crip1']",2.33e-06,0.00065,Intracellular,17,True,True
COMPARTMENTS,GOCC:0043229,25,9624,10029,"['I79_000460', 'I79_000932', 'Rala', 'Btf3l4', 'Rpl26', 'I79_003075', 'I79_003341', 'I79_004658', 'Rpl30', 'Kras', 'I79_005484', 'Sec61b', 'Snrpf', 'Sec61g', 'Rpl31', 'Rps23', 'I79_011106', 'RPS3A', 'Rpl11', 'Myl6', 'Bcap31', 'Rpl35', 'Atp5mg', 'Tardbp', 'Mrpl30']","['I79_000460', 'I79_000932', 'Rala', 'Btf3l4', 'Rpl26', 'I79_003075', 'I79_003341', 'I79_004658', 'Rpl30', 'Kras', 'I79_005484', 'Sec61b', 'Snrpf', 'Sec61g', 'Rpl31', 'Rps23', 'I79_011106', 'RPS3A', 'Rpl11', 'Myl6', 'Bcap31', 'Rpl35', 'Atp5mg', 'Tardbp', 'Mrpl30']",5.44e-06,0.0013,Intracellular organelle,17,True,True
COMPARTMENTS,GOCC:0032991,19,5639,10029,"['I79_000460', 'Btf3l4', 'Rpl26', 'I79_003075', 'I79_003341', 'I79_004658', 'Rpl30', 'I79_005246', 'I79_005484', 'Sec61b', 'Snrpf', 'Sec61g', 'Rpl31', 'Rps23', 'RPS3A', 'Rpl11', 'Myl6', 'Atp5mg', 'Mrpl30']","['I79_000460', 'Btf3l4', 'Rpl26', 'I79_003075', 'I79_003341', 'I79_004658', 'Rpl30', 'I79_005246', 'I79_005484', 'Sec61b', 'Snrpf', 'Sec61g', 'Rpl31', 'Rps23', 'RPS3A', 'Rpl11', 'Myl6', 'Atp5mg', 'Mrpl30']",8.54e-06,0.0017,Protein-containing complex,17,True,True
COMPARTMENTS,GOCC:0015934,5,234,10029,"['I79_000460', 'Rpl26', 'Rpl31', 'Rpl11', 'Mrpl30']","['I79_000460', 'Rpl26', 'Rpl31', 'Rpl11', 'Mrpl30']",1.32e-05,0.0023,Large ribosomal subunit,17,True,True
COMPARTMENTS,GOCC:0043232,14,3329,10029,"['I79_000460', 'Btf3l4', 'Rpl26', 'I79_004658', 'Rpl30', 'Rpl31', 'Rps23', 'RPS3A', 'Rpl11', 'Myl6', 'Bcap31', 'Rpl35', 'Tardbp', 'Mrpl30']","['I79_000460', 'Btf3l4', 'Rpl26', 'I79_004658', 'Rpl30', 'Rpl31', 'Rps23', 'RPS3A', 'Rpl11', 'Myl6', 'Bcap31', 'Rpl35', 'Tardbp', 'Mrpl30']",2.69e-05,0.0041,Intracellular non-membrane-bounded organelle,17,True,True
COMPARTMENTS,GOCC:0071256,2,9,10029,"['Sec61b', 'Sec61g']","['Sec61b', 'Sec61g']",8.89e-05,0.0116,Translocon complex,17,True,True
COMPARTMENTS,GOCC:0022625,4,183,10029,"['I79_000460', 'Rpl26', 'Rpl31', 'Rpl11']","['I79_000460', 'Rpl26', 'Rpl31', 'Rpl11']",9.67e-05,0.0118,Cytosolic large ribosomal subunit,17,True,True
COMPARTMENTS,GOCC:0005683,2,11,10029,"['I79_003075', 'Snrpf']","['I79_003075', 'Snrpf']",0.00013,0.0145,U7 snRNP,17,True,True
COMPARTMENTS,GOCC:0005753,2,12,10029,"['I79_003341', 'Atp5mg']","['I79_003341', 'Atp5mg']",0.00015,0.016,Mitochondrial proton-transporting ATP synthase complex,17,True,True
COMPARTMENTS,GOCC:0005687,2,15,10029,"['I79_003075', 'Snrpf']","['I79_003075', 'Snrpf']",0.00022,0.0226,U4 snRNP,17,True,True
COMPARTMENTS,GOCC:0034709,2,15,10029,"['I79_003075', 'Snrpf']","['I79_003075', 'Snrpf']",0.00022,0.0226,Methylosome,17,True,True
COMPARTMENTS,GOCC:0005685,2,17,10029,"['I79_003075', 'Snrpf']","['I79_003075', 'Snrpf']",0.00027,0.0256,U1 snRNP,17,True,True
COMPARTMENTS,GOCC:0005829,9,1754,10029,"['I79_000460', 'Rpl26', 'Rpl30', 'Snrpf', 'Rpl31', 'Rps23', 'RPS3A', 'Rpl11', 'Rpl35']","['I79_000460', 'Rpl26', 'Rpl30', 'Snrpf', 'Rpl31', 'Rps23', 'RPS3A', 'Rpl11', 'Rpl35']",0.00029,0.0256,Cytosol,17,True,True
COMPARTMENTS,GOCC:0034719,2,18,10029,"['I79_003075', 'Snrpf']","['I79_003075', 'Snrpf']",0.0003,0.026,SMN-Sm protein complex,17,True,True
Process,GO:0006412,10,700,10029,"['I79_000460', 'Rpl26', 'Rpl30', 'I79_005382', 'Rpl31', 'Rps23', 'RPS3A', 'Rpl11', 'Rpl35', 'Mrpl30']","['I79_000460', 'Rpl26', 'Rpl30', 'I79_005382', 'Rpl31', 'Rps23', 'RPS3A', 'Rpl11', 'Rpl35', 'Mrpl30']",1.26e-08,0.00016,Translation,17,True,True
Process,GO:1901566,12,1579,10029,"['I79_000460', 'Rpl26', 'I79_003341', 'Rpl30', 'I79_005382', 'Rpl31', 'Rps23', 'RPS3A', 'Rpl11', 'Rpl35', 'Atp5mg', 'Mrpl30']","['I79_000460', 'Rpl26', 'I79_003341', 'Rpl30', 'I79_005382', 'Rpl31', 'Rps23', 'RPS3A', 'Rpl11', 'Rpl35', 'Atp5mg', 'Mrpl30']",3.11e-07,0.00079,Organonitrogen compound biosynthetic process,17,True,True
Process,GO:0044271,12,1662,10029,"['I79_000460', 'Rpl26', 'I79_003341', 'Rpl30', 'I79_005382', 'Rpl31', 'Rps23', 'RPS3A', 'Rpl11', 'Rpl35', 'Atp5mg', 'Mrpl30']","['I79_000460', 'Rpl26', 'I79_003341', 'Rpl30', 'I79_005382', 'Rpl31', 'Rps23', 'RPS3A', 'Rpl11', 'Rpl35', 'Atp5mg', 'Mrpl30']",5.39e-07,0.0011,Cellular nitrogen compound biosynthetic process,17,True,True
Process,GO:0002181,5,170,10029,"['I79_000460', 'Rpl26', 'Rpl30', 'Rpl31', 'Rpl11']","['I79_000460', 'Rpl26', 'Rpl30', 'Rpl31', 'Rpl11']",2.89e-06,0.0041,Cytoplasmic translation,17,True,True
Process,GO:0010467,13,2399,10029,"['I79_000460', 'Rpl26', 'I79_003075', 'Rpl30', 'I79_005382', 'Snrpf', 'Rpl31', 'Rps23', 'RPS3A', 'Rpl11', 'Rpl35', 'Tardbp', 'Mrpl30']","['I79_000460', 'Rpl26', 'I79_003075', 'Rpl30', 'I79_005382', 'Snrpf', 'Rpl31', 'Rps23', 'RPS3A', 'Rpl11', 'Rpl35', 'Tardbp', 'Mrpl30']",3.9e-06,0.0049,Gene expression,17,True,True
Process,GO:0034641,15,3820,10029,"['I79_000460', 'Rpl26', 'I79_003075', 'I79_003341', 'Rpl30', 'I79_005382', 'Snrpf', 'Rpl31', 'Rps23', 'RPS3A', 'Rpl11', 'Rpl35', 'Atp5mg', 'Tardbp', 'Mrpl30']","['I79_000460', 'Rpl26', 'I79_003075', 'I79_003341', 'Rpl30', 'I79_005382', 'Snrpf', 'Rpl31', 'Rps23', 'RPS3A', 'Rpl11', 'Rpl35', 'Atp5mg', 'Tardbp', 'Mrpl30']",2.66e-05,0.0281,Cellular nitrogen compound metabolic process,17,True,True
Component,GO:0005840,11,573,10029,"['I79_000460', 'Btf3l4', 'Rpl26', 'Rpl30', 'I79_005382', 'Rpl31', 'Rps23', 'RPS3A', 'Rpl11', 'Rpl35', 'Mrpl30']","['I79_000460', 'Btf3l4', 'Rpl26', 'Rpl30', 'I79_005382', 'Rpl31', 'Rps23', 'RPS3A', 'Rpl11', 'Rpl35', 'Mrpl30']",9.16e-11,1.57e-07,Ribosome,17,True,True
Component,GO:0044391,10,515,10029,"['I79_000460', 'Rpl26', 'Rpl30', 'I79_005382', 'Rpl31', 'Rps23', 'RPS3A', 'Rpl11', 'Rpl35', 'Mrpl30']","['I79_000460', 'Rpl26', 'Rpl30', 'I79_005382', 'Rpl31', 'Rps23', 'RPS3A', 'Rpl11', 'Rpl35', 'Mrpl30']",7.03e-10,5.55e-07,Ribosomal subunit,17,True,True
Component,GO:1990904,13,1139,10029,"['I79_000460', 'Btf3l4', 'Rpl26', 'I79_003075', 'Rpl30', 'I79_005382', 'Snrpf', 'Rpl31', 'Rps23', 'RPS3A', 'Rpl11', 'Rpl35', 'Mrpl30']","['I79_000460', 'Btf3l4', 'Rpl26', 'I79_003075', 'Rpl30', 'I79_005382', 'Snrpf', 'Rpl31', 'Rps23', 'RPS3A', 'Rpl11', 'Rpl35', 'Mrpl30']",6.48e-10,5.55e-07,Ribonucleoprotein complex,17,True,True
Component,GO:0022626,9,425,10029,"['I79_000460', 'Rpl26', 'Rpl30', 'I79_005382', 'Rpl31', 'Rps23', 'RPS3A', 'Rpl11', 'Rpl35']","['I79_000460', 'Rpl26', 'Rpl30', 'I79_005382', 'Rpl31', 'Rps23', 'RPS3A', 'Rpl11', 'Rpl35']",2.79e-09,1.2e-06,Cytosolic ribosome,17,True,True
Component,GO:0015934,7,352,10029,"['I79_000460', 'Rpl26', 'Rpl30', 'Rpl31', 'Rpl11', 'Rpl35', 'Mrpl30']","['I79_000460', 'Rpl26', 'Rpl30', 'Rpl31', 'Rpl11', 'Rpl35', 'Mrpl30']",3.13e-07,0.00011,Large ribosomal subunit,17,True,True
Component,GO:0005737,28,11693,10029,"['I79_000460', 'Rala', 'Btf3l4', 'Rpl26', 'I79_003075', 'I79_003341', 'Timm8b', 'I79_004658', 'Rpl30', 'Kras', 'I79_005246', 'I79_005382', 'I79_005484', 'Sec61b', 'Snrpf', 'S100a16', 'Sec61g', 'Rpl31', 'Rps23', 'I79_011106', 'RPS3A', 'Rpl11', 'Bcap31', 'Rpl35', 'Atp5mg', 'Tardbp', 'Mrpl30', 'Crip1']","['I79_000460', 'Rala', 'Btf3l4', 'Rpl26', 'I79_003075', 'I79_003341', 'Timm8b', 'I79_004658', 'Rpl30', 'Kras', 'I79_005246', 'I79_005382', 'I79_005484', 'Sec61b', 'Snrpf', 'S100a16', 'Sec61g', 'Rpl31', 'Rps23', 'I79_011106', 'RPS3A', 'Rpl11', 'Bcap31', 'Rpl35', 'Atp5mg', 'Tardbp', 'Mrpl30', 'Crip1']",1.4e-06,0.0004,Cytoplasm,17,True,True
Component,GO:0043229,29,12803,10029,"['I79_000460', 'I79_000932', 'Rala', 'Btf3l4', 'Rpl26', 'I79_003075', 'I79_003341', 'Timm8b', 'I79_004658', 'Rpl30', 'Kras', 'I79_005246', 'I79_005382', 'I79_005484', 'Sec61b', 'Snrpf', 'S100a16', 'Sec61g', 'Rpl31', 'Rps23', 'I79_011106', 'RPS3A', 'Rpl11', 'Myl6', 'Bcap31', 'Rpl35', 'Atp5mg', 'Tardbp', 'Mrpl30']","['I79_000460', 'I79_000932', 'Rala', 'Btf3l4', 'Rpl26', 'I79_003075', 'I79_003341', 'Timm8b', 'I79_004658', 'Rpl30', 'Kras', 'I79_005246', 'I79_005382', 'I79_005484', 'Sec61b', 'Snrpf', 'S100a16', 'Sec61g', 'Rpl31', 'Rps23', 'I79_011106', 'RPS3A', 'Rpl11', 'Myl6', 'Bcap31', 'Rpl35', 'Atp5mg', 'Tardbp', 'Mrpl30']",1.55e-06,0.0004,Intracellular organelle,17,True,True
Component,GO:0022625,6,299,10029,"['I79_000460', 'Rpl26', 'Rpl30', 'Rpl31', 'Rpl11', 'Rpl35']","['I79_000460', 'Rpl26', 'Rpl30', 'Rpl31', 'Rpl11', 'Rpl35']",2.31e-06,0.00049,Cytosolic large ribosomal subunit,17,True,True
Component,GO:0043232,18,4832,10029,"['I79_000460', 'Btf3l4', 'Rpl26', 'I79_003075', 'I79_004658', 'Rpl30', 'I79_005382', 'S100a16', 'Rpl31', 'Rps23', 'I79_011106', 'RPS3A', 'Rpl11', 'Myl6', 'Bcap31', 'Rpl35', 'Tardbp', 'Mrpl30']","['I79_000460', 'Btf3l4', 'Rpl26', 'I79_003075', 'I79_004658', 'Rpl30', 'I79_005382', 'S100a16', 'Rpl31', 'Rps23', 'I79_011106', 'RPS3A', 'Rpl11', 'Myl6', 'Bcap31', 'Rpl35', 'Tardbp', 'Mrpl30']",4.35e-06,0.00074,Intracellular non-membrane-bounded organelle,17,True,True
Component,GO:0032991,20,6073,10029,"['I79_000460', 'Btf3l4', 'Rpl26', 'I79_003075', 'I79_003341', 'I79_004658', 'Rpl30', 'I79_005382', 'Sec61b', 'Snrpf', 'Sec61g', 'Rpl31', 'Rps23', 'RPS3A', 'Rpl11', 'Myl6', 'Slitrk5', 'Rpl35', 'Atp5mg', 'Mrpl30']","['I79_000460', 'Btf3l4', 'Rpl26', 'I79_003075', 'I79_003341', 'I79_004658', 'Rpl30', 'I79_005382', 'Sec61b', 'Snrpf', 'Sec61g', 'Rpl31', 'Rps23', 'RPS3A', 'Rpl11', 'Myl6', 'Slitrk5', 'Rpl35', 'Atp5mg', 'Mrpl30']",5.32e-06,0.00076,Protein-containing complex,17,True,True
Component,GO:0005622,30,14868,10029,"['I79_000460', 'I79_000932', 'Rala', 'Btf3l4', 'Rpl26', 'I79_003075', 'I79_003341', 'Timm8b', 'I79_004658', 'Rpl30', 'Kras', 'I79_005246', 'I79_005382', 'I79_005484', 'Sec61b', 'Snrpf', 'S100a16', 'Sec61g', 'Rpl31', 'Rps23', 'I79_011106', 'RPS3A', 'Rpl11', 'Myl6', 'Bcap31', 'Rpl35', 'Atp5mg', 'Tardbp', 'Mrpl30', 'Crip1']","['I79_000460', 'I79_000932', 'Rala', 'Btf3l4', 'Rpl26', 'I79_003075', 'I79_003341', 'Timm8b', 'I79_004658', 'Rpl30', 'Kras', 'I79_005246', 'I79_005382', 'I79_005484', 'Sec61b', 'Snrpf', 'S100a16', 'Sec61g', 'Rpl31', 'Rps23', 'I79_011106', 'RPS3A', 'Rpl11', 'Myl6', 'Bcap31', 'Rpl35', 'Atp5mg', 'Tardbp', 'Mrpl30', 'Crip1']",8.41e-06,0.0011,Intracellular anatomical structure,17,True,True
Component,GO:0042788,3,53,10029,"['Btf3l4', 'Rpl30', 'Rpl11']","['Btf3l4', 'Rpl30', 'Rpl11']",5.22e-05,0.0064,Polysomal ribosome,17,True,True
Component,GO:0071256,2,8,10029,"['Sec61b', 'Sec61g']","['Sec61b', 'Sec61g']",7.28e-05,0.0083,Translocon complex,17,True,True
Component,GO:0005683,2,11,10029,"['I79_003075', 'Snrpf']","['I79_003075', 'Snrpf']",0.00013,0.0135,U7 snRNP,17,True,True
Component,GO:0005829,14,3933,10029,"['I79_000460', 'Btf3l4', 'Rpl26', 'I79_003075', 'I79_004658', 'Rpl30', 'I79_005382', 'Snrpf', 'S100a16', 'Rpl31', 'Rps23', 'RPS3A', 'Rpl11', 'Rpl35']","['I79_000460', 'Btf3l4', 'Rpl26', 'I79_003075', 'I79_004658', 'Rpl30', 'I79_005382', 'Snrpf', 'S100a16', 'Rpl31', 'Rps23', 'RPS3A', 'Rpl11', 'Rpl35']",0.00017,0.0176,Cytosol,17,True,True
Component,GO:0034709,2,16,10029,"['I79_003075', 'Snrpf']","['I79_003075', 'Snrpf']",0.00025,0.0234,Methylosome,17,True,True
Component,GO:0005687,2,19,10029,"['I79_003075', 'Snrpf']","['I79_003075', 'Snrpf']",0.00034,0.0288,U4 snRNP,17,True,True
Component,GO:0034719,2,20,10029,"['I79_003075', 'Snrpf']","['I79_003075', 'Snrpf']",0.00037,0.0302,SMN-Sm protein complex,17,True,True
Component,GO:0005685,2,25,10029,"['I79_003075', 'Snrpf']","['I79_003075', 'Snrpf']",0.00056,0.0417,U1 snRNP,17,True,True
Component,GO:0022627,3,124,10029,"['I79_005382', 'Rps23', 'RPS3A']","['I79_005382', 'Rps23', 'RPS3A']",0.00059,0.0421,Cytosolic small ribosomal subunit,17,True,True
Component,GO:0005753,2,27,10029,"['I79_003341', 'Atp5mg']","['I79_003341', 'Atp5mg']",0.00065,0.0443,Mitochondrial proton-transporting ATP synthase complex,17,True,True
Component,GO:0110165,31,18916,10029,"['I79_000460', 'I79_000932', 'Rala', 'Btf3l4', 'Rpl26', 'I79_003075', 'I79_003341', 'Timm8b', 'I79_004658', 'Rpl30', 'Kras', 'I79_005246', 'I79_005382', 'I79_005484', 'Sec61b', 'Snrpf', 'S100a16', 'Sec61g', 'Rpl31', 'Rps23', 'I79_011106', 'RPS3A', 'Rpl11', 'Myl6', 'Bcap31', 'Slitrk5', 'Rpl35', 'Atp5mg', 'Tardbp', 'Mrpl30', 'Crip1']","['I79_000460', 'I79_000932', 'Rala', 'Btf3l4', 'Rpl26', 'I79_003075', 'I79_003341', 'Timm8b', 'I79_004658', 'Rpl30', 'Kras', 'I79_005246', 'I79_005382', 'I79_005484', 'Sec61b', 'Snrpf', 'S100a16', 'Sec61g', 'Rpl31', 'Rps23', 'I79_011106', 'RPS3A', 'Rpl11', 'Myl6', 'Bcap31', 'Slitrk5', 'Rpl35', 'Atp5mg', 'Tardbp', 'Mrpl30', 'Crip1']",0.00074,0.0468,Cellular anatomical entity,17,True,True
Function,GO:0003735,10,512,10029,"['I79_000460', 'Rpl26', 'Rpl30', 'I79_005382', 'Rpl31', 'Rps23', 'RPS3A', 'Rpl11', 'Rpl35', 'Mrpl30']","['I79_000460', 'Rpl26', 'Rpl30', 'I79_005382', 'Rpl31', 'Rps23', 'RPS3A', 'Rpl11', 'Rpl35', 'Mrpl30']",6.65e-10,2.19e-06,Structural constituent of ribosome,17,True,True
Function,GO:0005198,11,1060,10029,"['I79_000460', 'Rpl26', 'Rpl30', 'I79_005382', 'Rpl31', 'Rps23', 'RPS3A', 'Rpl11', 'Myl6', 'Rpl35', 'Mrpl30']","['I79_000460', 'Rpl26', 'Rpl30', 'I79_005382', 'Rpl31', 'Rps23', 'RPS3A', 'Rpl11', 'Myl6', 'Rpl35', 'Mrpl30']",5.14e-08,8.47e-05,Structural molecule activity,17,True,True
Function,GO:0003723,10,1541,10029,"['I79_000460', 'Rpl26', 'I79_003075', 'Rpl30', 'I79_005382', 'Snrpf', 'RPS3A', 'Rpl11', 'Rpl35', 'Tardbp']","['I79_000460', 'Rpl26', 'I79_003075', 'Rpl30', 'I79_005382', 'Snrpf', 'RPS3A', 'Rpl11', 'Rpl35', 'Tardbp']",1.62e-05,0.0177,RNA binding,17,True,True
Keyword,KW-0687,13,619,10029,"['I79_000460', 'Rpl26', 'I79_003075', 'Rpl30', 'I79_005382', 'I79_005484', 'Snrpf', 'Rpl31', 'Rps23', 'RPS3A', 'Rpl11', 'Rpl35', 'Mrpl30']","['I79_000460', 'Rpl26', 'I79_003075', 'Rpl30', 'I79_005382', 'I79_005484', 'Snrpf', 'Rpl31', 'Rps23', 'RPS3A', 'Rpl11', 'Rpl35', 'Mrpl30']",3.64e-13,1.25e-10,Ribonucleoprotein,17,True,True
Keyword,KW-0689,11,524,10029,"['I79_000460', 'Rpl26', 'Rpl30', 'I79_005382', 'I79_005484', 'Rpl31', 'Rps23', 'RPS3A', 'Rpl11', 'Rpl35', 'Mrpl30']","['I79_000460', 'Rpl26', 'Rpl30', 'I79_005382', 'I79_005484', 'Rpl31', 'Rps23', 'RPS3A', 'Rpl11', 'Rpl35', 'Mrpl30']",3.6e-11,6.17e-09,Ribosomal protein,17,True,True
Keyword,KW-0811,2,20,10029,"['Timm8b', 'Sec61b']","['Timm8b', 'Sec61b']",0.00037,0.0423,Translocation,17,True,True
KEGG,cge03010,9,184,10029,"['Rpl26', 'Rpl30', 'I79_005382', 'Rpl31', 'Rps23', 'RPS3A', 'Rpl11', 'Rpl35', 'Mrpl30']","['Rpl26', 'Rpl30', 'I79_005382', 'Rpl31', 'Rps23', 'RPS3A', 'Rpl11', 'Rpl35', 'Mrpl30']",2.09e-12,6.94e-10,Ribosome,17,True,True
KEGG,cge03060,2,15,10029,"['Sec61b', 'Sec61g']","['Sec61b', 'Sec61g']",0.00022,0.0363,Protein export,17,True,True
RCTM,MAP-156827,9,503,10029,"['I79_000460', 'Rpl26', 'Rpl30', 'I79_005382', 'Rpl31', 'Rps23', 'RPS3A', 'Rpl11', 'Rpl35']","['I79_000460', 'Rpl26', 'Rpl30', 'I79_005382', 'Rpl31', 'Rps23', 'RPS3A', 'Rpl11', 'Rpl35']",1.17e-08,1.19e-05,L13a-mediated translational silencing of Ceruloplasmin expression,17,True,True
RCTM,MAP-1799339,9,476,10029,"['I79_000460', 'Rpl26', 'Rpl30', 'I79_005382', 'Rpl31', 'Rps23', 'RPS3A', 'Rpl11', 'Rpl35']","['I79_000460', 'Rpl26', 'Rpl30', 'I79_005382', 'Rpl31', 'Rps23', 'RPS3A', 'Rpl11', 'Rpl35']",7.34e-09,1.19e-05,SRP-dependent cotranslational protein targeting to membrane,17,True,True
RCTM,MAP-6791226,9,569,10029,"['I79_000460', 'Rpl26', 'Rpl30', 'I79_005382', 'Rpl31', 'Rps23', 'RPS3A', 'Rpl11', 'Rpl35']","['I79_000460', 'Rpl26', 'Rpl30', 'I79_005382', 'Rpl31', 'Rps23', 'RPS3A', 'Rpl11', 'Rpl35']",3.33e-08,1.19e-05,Major pathway of rRNA processing in the nucleolus and cytosol,17,True,True
RCTM,MAP-72312,9,587,10029,"['I79_000460', 'Rpl26', 'Rpl30', 'I79_005382', 'Rpl31', 'Rps23', 'RPS3A', 'Rpl11', 'Rpl35']","['I79_000460', 'Rpl26', 'Rpl30', 'I79_005382', 'Rpl31', 'Rps23', 'RPS3A', 'Rpl11', 'Rpl35']",4.33e-08,1.19e-05,rRNA processing,17,True,True
RCTM,MAP-72613,9,512,10029,"['I79_000460', 'Rpl26', 'Rpl30', 'I79_005382', 'Rpl31', 'Rps23', 'RPS3A', 'Rpl11', 'Rpl35']","['I79_000460', 'Rpl26', 'Rpl30', 'I79_005382', 'Rpl31', 'Rps23', 'RPS3A', 'Rpl11', 'Rpl35']",1.36e-08,1.19e-05,Eukaryotic Translation Initiation,17,True,True
RCTM,MAP-72689,9,473,10029,"['I79_000460', 'Rpl26', 'Rpl30', 'I79_005382', 'Rpl31', 'Rps23', 'RPS3A', 'Rpl11', 'Rpl35']","['I79_000460', 'Rpl26', 'Rpl30', 'I79_005382', 'Rpl31', 'Rps23', 'RPS3A', 'Rpl11', 'Rpl35']",6.95e-09,1.19e-05,Formation of a pool of free 40S subunits,17,True,True
RCTM,MAP-72706,9,491,10029,"['I79_000460', 'Rpl26', 'Rpl30', 'I79_005382', 'Rpl31', 'Rps23', 'RPS3A', 'Rpl11', 'Rpl35']","['I79_000460', 'Rpl26', 'Rpl30', 'I79_005382', 'Rpl31', 'Rps23', 'RPS3A', 'Rpl11', 'Rpl35']",9.55e-09,1.19e-05,GTP hydrolysis and joining of the 60S ribosomal subunit,17,True,True
RCTM,MAP-72737,9,512,10029,"['I79_000460', 'Rpl26', 'Rpl30', 'I79_005382', 'Rpl31', 'Rps23', 'RPS3A', 'Rpl11', 'Rpl35']","['I79_000460', 'Rpl26', 'Rpl30', 'I79_005382', 'Rpl31', 'Rps23', 'RPS3A', 'Rpl11', 'Rpl35']",1.36e-08,1.19e-05,Cap-dependent Translation Initiation,17,True,True
RCTM,MAP-72766,10,719,10029,"['I79_000460', 'Rpl26', 'Rpl30', 'I79_005382', 'Rpl31', 'Rps23', 'RPS3A', 'Rpl11', 'Rpl35', 'Mrpl30']","['I79_000460', 'Rpl26', 'Rpl30', 'I79_005382', 'Rpl31', 'Rps23', 'RPS3A', 'Rpl11', 'Rpl35', 'Mrpl30']",1.62e-08,1.19e-05,Translation,17,True,True
RCTM,MAP-8868773,9,574,10029,"['I79_000460', 'Rpl26', 'Rpl30', 'I79_005382', 'Rpl31', 'Rps23', 'RPS3A', 'Rpl11', 'Rpl35']","['I79_000460', 'Rpl26', 'Rpl30', 'I79_005382', 'Rpl31', 'Rps23', 'RPS3A', 'Rpl11', 'Rpl35']",3.58e-08,1.19e-05,rRNA processing in the nucleus and cytosol,17,True,True
RCTM,MAP-8953854,12,1376,10029,"['I79_000460', 'Rpl26', 'I79_003075', 'Rpl30', 'I79_005382', 'Snrpf', 'Rpl31', 'Rps23', 'RPS3A', 'Rpl11', 'Rpl35', 'Tardbp']","['I79_000460', 'Rpl26', 'I79_003075', 'Rpl30', 'I79_005382', 'Snrpf', 'Rpl31', 'Rps23', 'RPS3A', 'Rpl11', 'Rpl35', 'Tardbp']",7.04e-08,1.19e-05,Metabolism of RNA,17,True,True
RCTM,MAP-927802,9,509,10029,"['I79_000460', 'Rpl26', 'Rpl30', 'I79_005382', 'Rpl31', 'Rps23', 'RPS3A', 'Rpl11', 'Rpl35']","['I79_000460', 'Rpl26', 'Rpl30', 'I79_005382', 'Rpl31', 'Rps23', 'RPS3A', 'Rpl11', 'Rpl35']",1.3e-08,1.19e-05,Nonsense-Mediated Decay (NMD),17,True,True
RCTM,MAP-975956,9,478,10029,"['I79_000460', 'Rpl26', 'Rpl30', 'I79_005382', 'Rpl31', 'Rps23', 'RPS3A', 'Rpl11', 'Rpl35']","['I79_000460', 'Rpl26', 'Rpl30', 'I79_005382', 'Rpl31', 'Rps23', 'RPS3A', 'Rpl11', 'Rpl35']",7.6e-09,1.19e-05,Nonsense Mediated Decay (NMD) independent of the Exon Junction Complex (EJC),17,True,True
RCTM,MAP-975957,9,509,10029,"['I79_000460', 'Rpl26', 'Rpl30', 'I79_005382', 'Rpl31', 'Rps23', 'RPS3A', 'Rpl11', 'Rpl35']","['I79_000460', 'Rpl26', 'Rpl30', 'I79_005382', 'Rpl31', 'Rps23', 'RPS3A', 'Rpl11', 'Rpl35']",1.3e-08,1.19e-05,Nonsense Mediated Decay (NMD) enhanced by the Exon Junction Complex (EJC),17,True,True
RCTM,MAP-111367,2,16,10029,"['I79_003075', 'Snrpf']","['I79_003075', 'Snrpf']",0.00025,0.028,SLBP independent Processing of Histone Pre-mRNAs,17,True,True
RCTM,MAP-77588,2,18,10029,"['I79_003075', 'Snrpf']","['I79_003075', 'Snrpf']",0.0003,0.0326,SLBP Dependent Processing of Replication-Dependent Histone Pre-mRNAs,17,True,True
NetworkNeighborAL,CL:389,8,170,10029,"['I79_000460', 'Rpl26', 'Rpl30', 'I79_005382', 'Rps23', 'RPS3A', 'Rpl11', 'Rpl35']","['I79_000460', 'Rpl26', 'Rpl30', 'I79_005382', 'Rps23', 'RPS3A', 'Rpl11', 'Rpl35']",5.5e-11,2.33e-07,Formation of a pool of free 40S subunits,17,True,True
NetworkNeighborAL,CL:411,7,134,10029,"['Rpl26', 'Rpl30', 'I79_005382', 'Rps23', 'RPS3A', 'Rpl11', 'Rpl35']","['Rpl26', 'Rpl30', 'I79_005382', 'Rps23', 'RPS3A', 'Rpl11', 'Rpl35']",4.99e-10,2.65e-07,"Formation of the ternary complex, and subsequently, the 43S complex, and Polysomal ribosome",17,True,True
NetworkNeighborAL,CL:421,6,118,10029,"['Rpl26', 'I79_005382', 'Rps23', 'RPS3A', 'Rpl11', 'Rpl35']","['Rpl26', 'I79_005382', 'Rps23', 'RPS3A', 'Rpl11', 'Rpl35']",1.14e-08,3.46e-06,"Cytosolic small ribosomal subunit, and Polysomal ribosome",17,True,True
NetworkNeighborAL,CL:423,4,110,10029,"['I79_005382', 'Rps23', 'RPS3A', 'Rpl35']","['I79_005382', 'Rps23', 'RPS3A', 'Rpl35']",1.4e-05,0.0035,"Cytosolic small ribosomal subunit, and Polysomal ribosome",17,True,True
NetworkNeighborAL,CL:2914,2,5,10029,"['Sec61b', 'Sec61g']","['Sec61b', 'Sec61g']",3.4e-05,0.008,"Post-translational protein targeting to membrane, translocation",17,True,True
NetworkNeighborAL,CL:453,3,59,10029,"['I79_005382', 'Rps23', 'RPS3A']","['I79_005382', 'Rps23', 'RPS3A']",7.09e-05,0.0158,"Cytosolic small ribosomal subunit, and Ribosomal protein S30",17,True,True
PMID,PMID:34200147,3,24,10029,"['Sod2', 'Cxcl1', 'Spp1']","['Sod2', 'Cxcl1', 'Spp1']",2.81e-07,0.0077,(2021) Genotoxicity and Gene Expression in the Rat Lung Tissue following Instillation and Inhalation of Different Variants of Amorphous Silica Nanomaterials (aSiO2 NM).,18,True,False
PMID,PMID:8385930,2,2,10029,"['Mt1', 'Sod2']","['Mt1', 'Sod2']",1.39e-06,0.0191,(1993) Metallothionein protects DNA from oxidative damage.,18,True,False
PMID,PMID:27084533,2,6,10029,"['Mt1', 'Sod2']","['Mt1', 'Sod2']",6.47e-06,0.027,(2017) The mammalian circadian clock and its entrainment by stress and exercise.,18,True,False
PMID,PMID:23185294,2,5,10029,"['Cxcl1', 'Spp1']","['Cxcl1', 'Spp1']",4.85e-06,0.027,(2012) Lipopolysaccharide-induced lung injury is independent of serum vitamin D concentration.,18,True,False
PMID,PMID:20377877,3,55,10029,"['Ier3', 'Sod2', 'Spp1']","['Ier3', 'Sod2', 'Spp1']",2.94e-06,0.027,(2010) Microarray studies on effects of Pneumocystis carinii infection on global gene expression in alveolar macrophages.,18,True,False
PMID,PMID:20823713,2,5,10029,"['Mt1', 'Sod2']","['Mt1', 'Sod2']",4.85e-06,0.027,(2010) Fibrosis in hypertensive heart disease: molecular pathways and cardioprotective strategies.,18,True,False
PMID,PMID:19501573,2,6,10029,"['Mt1', 'Eef1a1']","['Mt1', 'Eef1a1']",6.47e-06,0.027,(2009) Fine mapping of interactions between eEF1alpha protein and 3UTR of metallothionein-1 mRNA.,18,True,False
PMID,PMID:20046642,2,6,10029,"['Mt1', 'Sod2']","['Mt1', 'Sod2']",6.47e-06,0.027,(2009) Metallothionein induction reduces caspase-3 activity and TNFalpha levels with preservation of cognitive function and intact hippocampal neurons in carmustine-treated rats.,18,True,False
PMID,PMID:18855608,2,7,10029,"['Mt1', 'Sod2']","['Mt1', 'Sod2']",8.31e-06,0.027,(2008) Biopharmaceutics and therapeutic potential of engineered nanomaterials.,18,True,False
PMID,PMID:15493993,2,4,10029,"['Mt1', 'Eef1a1']","['Mt1', 'Eef1a1']",3.47e-06,0.027,(2004) Isolation and identification of a protein binding to the localization element of Metallothionein-1 mRNA.,18,True,False
PMID,PMID:38019857,2,10,10029,"['Mt1', 'Cxcl1']","['Mt1', 'Cxcl1']",1.52e-05,0.0381,(2023) Adaptive DNA amplification of synthetic gene circuit opens a way to overcome cancer chemoresistance.,18,True,False
PMID,PMID:20662020,2,11,10029,"['Sod2', 'Spp1']","['Sod2', 'Spp1']",1.8e-05,0.0381,(2010) Introduction to experimental and clinical studies using low-level laser (light) therapy (LLLT).,18,True,False
PMID,PMID:21217881,2,10,10029,"['Mt1', 'Sod2']","['Mt1', 'Sod2']",1.52e-05,0.0381,(2010) Deoxynivalenol and its toxicity.,18,True,False
PMID,PMID:19895752,2,11,10029,"['Mt1', 'Sod2']","['Mt1', 'Sod2']",1.8e-05,0.0381,(2009) Myocardial remodeling in low-renin hypertension: molecular pathways to cellular injury in relative aldosteronism.,18,True,False
PMID,PMID:28687269,2,13,10029,"['Mt1', 'Sod2']","['Mt1', 'Sod2']",2.42e-05,0.0444,(2017) Chemopreventive effects of a Tamarindus indica fruit extract against colon carcinogenesis depends on the dietary cholesterol levels in hamsters.,18,True,False
PMID,PMID:21538850,2,13,10029,"['Mt1', 'Sod2']","['Mt1', 'Sod2']",2.42e-05,0.0444,(2011) The role of antioxidant versus pro-oxidant effects of green tea polyphenols in cancer prevention.,18,True,False
PMID,PMID:28766251,2,14,10029,"['Mt1', 'Sod2']","['Mt1', 'Sod2']",2.77e-05,0.0448,"(2018) Melatonin Alleviates Intracerebral Hemorrhage-Induced Secondary Brain Injury in Rats via Suppressing Apoptosis, Inflammation, Oxidative Stress, DNA Damage, and Mitochondria Injury.",18,True,False
PMID,PMID:29752454,2,15,10029,"['Sod2', 'Spp1']","['Sod2', 'Spp1']",3.13e-05,0.0448,(2018) Assigning matrix metalloproteinase roles in ischaemic cardiac remodelling.,18,True,False
PMID,PMID:28475120,2,14,10029,"['Mt1', 'Sod2']","['Mt1', 'Sod2']",2.77e-05,0.0448,"(2017) Protective Effect of Fragaria ananassa Crude Extract on Cadmium-Induced Lipid Peroxidation, Antioxidant Enzymes Suppression, and Apoptosis in Rat Testes.",18,True,False
PMID,PMID:24244887,2,14,10029,"['Sod2', 'Spp1']","['Sod2', 'Spp1']",2.77e-05,0.0448,(2011) Acute Lung Injury Regulation by Hyaluronan.,18,True,False
PMID,PMID:22271984,2,16,10029,"['Sod2', 'Spp1']","['Sod2', 'Spp1']",3.52e-05,0.0462,(2009) Species Comparison of the Role of p38 MAP Kinase in the Female Reproductive System.,18,True,False
PMID,PMID:36499758,2,17,10029,"['Sod2', 'Cxcl1']","['Sod2', 'Cxcl1']",3.94e-05,0.0492,(2022) Experimental Chemotherapy-Induced Mucositis: A Scoping Review Guiding the Design of Suitable Preclinical Models.,18,True,False
PMID,PMID:31159409,2,17,10029,"['Sod2', 'Cxcl1']","['Sod2', 'Cxcl1']",3.94e-05,0.0492,(2019) Analysis of Health Benefits Conferred by Lactobacillus Species from Kefir.,18,True,False
PMID,PMID:31844708,2,17,10029,"['Sod2', 'Spp1']","['Sod2', 'Spp1']",3.94e-05,0.0492,(2019) Ethanolic extract Ocimum sanctum Linn. induces an apoptosis in human lung adenocarcinoma (A549) cells.,18,True,False
PMID,PMID:24492996,2,17,10029,"['Sod2', 'Cxcl1']","['Sod2', 'Cxcl1']",3.94e-05,0.0492,(2014) Neuromyelitis optica IgG stimulates an immunological response in rat astrocyte cultures.,18,True,False
PMID,PMID:22701117,2,17,10029,"['Sod2', 'Cxcl1']","['Sod2', 'Cxcl1']",3.94e-05,0.0492,(2012) The immunobiology of Leishmania braziliensis infection.,18,True,False
PMID,PMID:32887897,2,19,10029,"['Sod2', 'Spp1']","['Sod2', 'Spp1']",4.83e-05,0.0493,(2020) Protein signatures of seminal plasma from bulls with contrasting frozen-thawed sperm viability.,18,True,False
COMPARTMENTS,GOCC:0005576,8,1287,10029,"['I79_006837', 'C3', 'Thbs1', 'Olfml2b', 'Igfbp4', 'Areg', 'Testin-2', 'F3']","['I79_006837', 'C3', 'Thbs1', 'Olfml2b', 'Igfbp4', 'Areg', 'Testin-2', 'F3']",6.35e-07,0.0012,Extracellular region,20,True,True
COMPARTMENTS,GOCC:0005615,6,518,10029,"['C3', 'Thbs1', 'Igfbp4', 'Areg', 'Testin-2', 'F3']","['C3', 'Thbs1', 'Igfbp4', 'Areg', 'Testin-2', 'F3']",7.19e-07,0.0012,Extracellular space,20,True,True
COMPARTMENTS,GOCC:0009986,5,368,10029,"['C3', 'Thbs1', 'Ccr7', 'Areg', 'Testin-2']","['C3', 'Thbs1', 'Ccr7', 'Areg', 'Testin-2']",3.42e-06,0.0022,Cell surface,20,True,True
COMPARTMENTS,GOCC:0030312,4,274,10029,"['I79_006837', 'Thbs1', 'Olfml2b', 'F3']","['I79_006837', 'Thbs1', 'Olfml2b', 'F3']",2.93e-05,0.0143,External encapsulating structure,20,True,True
COMPARTMENTS,GOCC:0031012,4,298,10029,"['I79_006837', 'Thbs1', 'Olfml2b', 'F3']","['I79_006837', 'Thbs1', 'Olfml2b', 'F3']",4.04e-05,0.0158,Extracellular matrix,20,True,True
Component,GO:0005615,8,1322,10029,"['I79_006837', 'C3', 'Thbs1', 'Olfml2b', 'Igfbp4', 'Areg', 'Testin-2', 'F3']","['I79_006837', 'C3', 'Thbs1', 'Olfml2b', 'Igfbp4', 'Areg', 'Testin-2', 'F3']",7.78e-07,0.0013,Extracellular space,20,True,True
Component,GO:0009986,6,860,10029,"['C3', 'Thbs1', 'Ccr7', 'Areg', 'Testin-2', 'F3']","['C3', 'Thbs1', 'Ccr7', 'Areg', 'Testin-2', 'F3']",1.31e-05,0.0103,Cell surface,20,True,True
PMID,PMID:20194223,3,12,10029,"['C3', 'Ccr7', 'F3']","['C3', 'Ccr7', 'F3']",1.12e-07,0.0031,"(2010) Transmembrane TNF-alpha: structure, function and interaction with anti-TNF agents.",20,True,False
SMART,SM01359,2,7,10029,"['C3', 'Cd109']","['C3', 'Cd109']",1.71e-05,0.0099,Alpha-2-Macroglobulin,21,True,True
SMART,SM01360,2,7,10029,"['C3', 'Cd109']","['C3', 'Cd109']",1.71e-05,0.0099,Alpha-2-macroglobulin family,21,True,True
SMART,SM01361,2,6,10029,"['C3', 'Cd109']","['C3', 'Cd109']",1.33e-05,0.0099,A-macroglobulin receptor,21,True,True
SMART,SM01419,2,6,10029,"['C3', 'Cd109']","['C3', 'Cd109']",1.33e-05,0.0099,Alpha-macro-globulin thiol-ester bond-forming region,21,True,True
COMPARTMENTS,GOCC:0005840,12,522,10029,"['I79_000118', 'Btf3l4', 'I79_004135', 'CgPICR_014437', 'I79_005028', 'I79_005588', 'Rpl31', 'Rps25', 'I79_020971', 'Rpl10', 'Rps3', 'I79_023563']","['I79_000118', 'Btf3l4', 'I79_004135', 'CgPICR_014437', 'I79_005028', 'I79_005588', 'Rpl31', 'Rps25', 'I79_020971', 'Rpl10', 'Rps3', 'I79_023563']",1.75e-13,3.44e-10,Ribosome,22,True,True
COMPARTMENTS,GOCC:0022626,10,416,10029,"['I79_000118', 'I79_004135', 'CgPICR_014437', 'I79_005028', 'I79_005588', 'Rpl31', 'Rps25', 'Rpl10', 'Rps3', 'I79_023563']","['I79_000118', 'I79_004135', 'CgPICR_014437', 'I79_005028', 'I79_005588', 'Rpl31', 'Rps25', 'Rpl10', 'Rps3', 'I79_023563']",1.87e-11,1.84e-08,Cytosolic ribosome,22,True,True
COMPARTMENTS,GOCC:0005829,15,1754,10029,"['I79_000118', 'Sms', 'I79_000461', 'Rac1', 'I79_004135', 'CgPICR_014437', 'Hsp90aa1', 'I79_005028', 'I79_005588', 'I79_007634', 'Rpl31', 'Rps25', 'Rpl10', 'Rps3', 'I79_023563']","['I79_000118', 'Sms', 'I79_000461', 'Rac1', 'I79_004135', 'CgPICR_014437', 'Hsp90aa1', 'I79_005028', 'I79_005588', 'I79_007634', 'Rpl31', 'Rps25', 'Rpl10', 'Rps3', 'I79_023563']",7.67e-11,5.01e-08,Cytosol,22,True,True
COMPARTMENTS,GOCC:1990904,12,919,10029,"['I79_000118', 'Btf3l4', 'CgPICR_014437', 'I79_005028', 'I79_005588', 'Rpl31', 'SNRPD2', 'Rps25', 'I79_020971', 'Rpl10', 'Rps3', 'I79_023563']","['I79_000118', 'Btf3l4', 'CgPICR_014437', 'I79_005028', 'I79_005588', 'Rpl31', 'SNRPD2', 'Rps25', 'I79_020971', 'Rpl10', 'Rps3', 'I79_023563']",1.15e-10,5.65e-08,Ribonucleoprotein complex,22,True,True
COMPARTMENTS,GOCC:0044391,9,395,10029,"['I79_000118', 'CgPICR_014437', 'I79_005588', 'Rpl31', 'Rps25', 'I79_020971', 'Rpl10', 'Rps3', 'I79_023563']","['I79_000118', 'CgPICR_014437', 'I79_005588', 'Rpl31', 'Rps25', 'I79_020971', 'Rpl10', 'Rps3', 'I79_023563']",3.69e-10,1.45e-07,Ribosomal subunit,22,True,True
COMPARTMENTS,GOCC:0005844,7,192,10029,"['Btf3l4', 'I79_005028', 'I79_005588', 'Rpl31', 'Rps25', 'Rps3', 'I79_023563']","['Btf3l4', 'I79_005028', 'I79_005588', 'Rpl31', 'Rps25', 'Rps3', 'I79_023563']",1.92e-09,6.29e-07,Polysome,22,True,True
COMPARTMENTS,GOCC:0005737,23,7387,10029,"['I79_000118', 'Sms', 'I79_000461', 'Rac1', 'Btf3l4', 'Eif4a1', 'I79_003341', 'I79_004135', 'CgPICR_014437', 'Hsp90aa1', 'I79_005028', 'I79_005484', 'I79_005588', 'I79_007634', 'Rpl31', 'Rpl27', 'I79_013748', 'Atp5mg', 'Rps25', 'I79_020971', 'Rpl10', 'Rps3', 'I79_023563']","['I79_000118', 'Sms', 'I79_000461', 'Rac1', 'Btf3l4', 'Eif4a1', 'I79_003341', 'I79_004135', 'CgPICR_014437', 'Hsp90aa1', 'I79_005028', 'I79_005484', 'I79_005588', 'I79_007634', 'Rpl31', 'Rpl27', 'I79_013748', 'Atp5mg', 'Rps25', 'I79_020971', 'Rpl10', 'Rps3', 'I79_023563']",8.44e-09,2.36e-06,Cytoplasm,22,True,True
COMPARTMENTS,GOCC:0032991,20,5639,10029,"['I79_000118', 'I79_000461', 'Btf3l4', 'Eif5a', 'I79_003341', 'CgPICR_014437', 'Hsp90aa1', 'I79_005028', 'I79_005484', 'I79_005588', 'I79_007634', 'Rpl31', 'Nutf2', 'SNRPD2', 'Atp5mg', 'Rps25', 'I79_020971', 'Rpl10', 'Rps3', 'I79_023563']","['I79_000118', 'I79_000461', 'Btf3l4', 'Eif5a', 'I79_003341', 'CgPICR_014437', 'Hsp90aa1', 'I79_005028', 'I79_005484', 'I79_005588', 'I79_007634', 'Rpl31', 'Nutf2', 'SNRPD2', 'Atp5mg', 'Rps25', 'I79_020971', 'Rpl10', 'Rps3', 'I79_023563']",4.48e-08,1.1e-05,Protein-containing complex,22,True,True
COMPARTMENTS,GOCC:0005622,27,12999,10029,"['I79_000118', 'Sms', 'I79_000461', 'Rac1', 'Btf3l4', 'Eif4a1', 'Eif5a', 'I79_003341', 'I79_004135', 'CgPICR_014437', 'Hsp90aa1', 'I79_005028', 'I79_005382', 'I79_005484', 'I79_005588', 'I79_007634', 'Rpl31', 'Nutf2', 'Rpl27', 'SNRPD2', 'I79_013748', 'Atp5mg', 'Rps25', 'I79_020971', 'Rpl10', 'Rps3', 'I79_023563']","['I79_000118', 'Sms', 'I79_000461', 'Rac1', 'Btf3l4', 'Eif4a1', 'Eif5a', 'I79_003341', 'I79_004135', 'CgPICR_014437', 'Hsp90aa1', 'I79_005028', 'I79_005382', 'I79_005484', 'I79_005588', 'I79_007634', 'Rpl31', 'Nutf2', 'Rpl27', 'SNRPD2', 'I79_013748', 'Atp5mg', 'Rps25', 'I79_020971', 'Rpl10', 'Rps3', 'I79_023563']",7.54e-08,1.64e-05,Intracellular,22,True,True
COMPARTMENTS,GOCC:0015934,6,234,10029,"['I79_000118', 'CgPICR_014437', 'I79_005588', 'Rpl31', 'I79_020971', 'Rpl10']","['I79_000118', 'CgPICR_014437', 'I79_005588', 'Rpl31', 'I79_020971', 'Rpl10']",2.39e-07,4.56e-05,Large ribosomal subunit,22,True,True
COMPARTMENTS,GOCC:0043229,24,9624,10029,"['I79_000118', 'I79_000461', 'Rac1', 'Btf3l4', 'Eif5a', 'I79_003341', 'I79_004135', 'CgPICR_014437', 'Hsp90aa1', 'I79_005028', 'I79_005484', 'I79_005588', 'I79_007634', 'Rpl31', 'Nutf2', 'Rpl27', 'SNRPD2', 'I79_013748', 'Atp5mg', 'Rps25', 'I79_020971', 'Rpl10', 'Rps3', 'I79_023563']","['I79_000118', 'I79_000461', 'Rac1', 'Btf3l4', 'Eif5a', 'I79_003341', 'I79_004135', 'CgPICR_014437', 'Hsp90aa1', 'I79_005028', 'I79_005484', 'I79_005588', 'I79_007634', 'Rpl31', 'Nutf2', 'Rpl27', 'SNRPD2', 'I79_013748', 'Atp5mg', 'Rps25', 'I79_020971', 'Rpl10', 'Rps3', 'I79_023563']",2.33e-07,4.56e-05,Intracellular organelle,22,True,True
COMPARTMENTS,GOCC:0042788,5,141,10029,"['Btf3l4', 'I79_005028', 'I79_005588', 'Rpl31', 'I79_023563']","['Btf3l4', 'I79_005028', 'I79_005588', 'Rpl31', 'I79_023563']",5.75e-07,9.39e-05,Polysomal ribosome,22,True,True
COMPARTMENTS,GOCC:0022625,5,183,10029,"['I79_000118', 'CgPICR_014437', 'I79_005588', 'Rpl31', 'Rpl10']","['I79_000118', 'CgPICR_014437', 'I79_005588', 'Rpl31', 'Rpl10']",2e-06,0.00028,Cytosolic large ribosomal subunit,22,True,True
COMPARTMENTS,GOCC:0043232,14,3329,10029,"['I79_000118', 'I79_000461', 'Rac1', 'Btf3l4', 'I79_004135', 'CgPICR_014437', 'I79_005028', 'I79_005588', 'Rpl31', 'Rps25', 'I79_020971', 'Rpl10', 'Rps3', 'I79_023563']","['I79_000118', 'I79_000461', 'Rac1', 'Btf3l4', 'I79_004135', 'CgPICR_014437', 'I79_005028', 'I79_005588', 'Rpl31', 'Rps25', 'I79_020971', 'Rpl10', 'Rps3', 'I79_023563']",3.54e-06,0.00046,Intracellular non-membrane-bounded organelle,22,True,True
COMPARTMENTS,GOCC:0015935,4,168,10029,"['Rps25', 'I79_020971', 'Rps3', 'I79_023563']","['Rps25', 'I79_020971', 'Rps3', 'I79_023563']",3.99e-05,0.0046,Small ribosomal subunit,22,True,True
COMPARTMENTS,GOCC:0005753,2,12,10029,"['I79_003341', 'Atp5mg']","['I79_003341', 'Atp5mg']",0.00011,0.0121,Mitochondrial proton-transporting ATP synthase complex,22,True,True
COMPARTMENTS,GOCC:0044294,2,21,10029,"['Hsp90aa1', 'I79_007634']","['Hsp90aa1', 'I79_007634']",0.00031,0.0316,Dendritic growth cone,22,True,True
COMPARTMENTS,GOCC:0097524,2,21,10029,"['Hsp90aa1', 'I79_007634']","['Hsp90aa1', 'I79_007634']",0.00031,0.0316,Sperm plasma membrane,22,True,True
COMPARTMENTS,GOCC:0031253,4,299,10029,"['Rac1', 'Hsp90aa1', 'I79_007634', 'Rps3']","['Rac1', 'Hsp90aa1', 'I79_007634', 'Rps3']",0.00035,0.0329,Cell projection membrane,22,True,True
COMPARTMENTS,GOCC:0022627,3,135,10029,"['Rps25', 'Rps3', 'I79_023563']","['Rps25', 'Rps3', 'I79_023563']",0.0005,0.0443,Cytosolic small ribosomal subunit,22,True,True
COMPARTMENTS,GOCC:0110165,26,16461,10029,"['I79_000118', 'Sms', 'I79_000461', 'Rac1', 'Btf3l4', 'Eif4a1', 'Eif5a', 'I79_003341', 'I79_004135', 'CgPICR_014437', 'Hsp90aa1', 'I79_005028', 'I79_005484', 'I79_005588', 'I79_007634', 'Rpl31', 'Nutf2', 'Rpl27', 'SNRPD2', 'I79_013748', 'Atp5mg', 'Rps25', 'I79_020971', 'Rpl10', 'Rps3', 'I79_023563']","['I79_000118', 'Sms', 'I79_000461', 'Rac1', 'Btf3l4', 'Eif4a1', 'Eif5a', 'I79_003341', 'I79_004135', 'CgPICR_014437', 'Hsp90aa1', 'I79_005028', 'I79_005484', 'I79_005588', 'I79_007634', 'Rpl31', 'Nutf2', 'Rpl27', 'SNRPD2', 'I79_013748', 'Atp5mg', 'Rps25', 'I79_020971', 'Rpl10', 'Rps3', 'I79_023563']",0.00058,0.0493,Cellular anatomical entity,22,True,True
Process,GO:0044271,18,1662,10029,"['I79_000118', 'Sms', 'Eif4a1', 'Eif5a', 'I79_003341', 'I79_004135', 'CgPICR_014437', 'Hsp90aa1', 'I79_005028', 'I79_005382', 'I79_005588', 'I79_007634', 'Rpl31', 'Rpl27', 'Atp5mg', 'Rpl10', 'Rps3', 'I79_023563']","['I79_000118', 'Sms', 'Eif4a1', 'Eif5a', 'I79_003341', 'I79_004135', 'CgPICR_014437', 'Hsp90aa1', 'I79_005028', 'I79_005382', 'I79_005588', 'I79_007634', 'Rpl31', 'Rpl27', 'Atp5mg', 'Rpl10', 'Rps3', 'I79_023563']",4.09e-15,5.17e-11,Cellular nitrogen compound biosynthetic process,22,True,True
Process,GO:0006412,13,700,10029,"['I79_000118', 'Eif4a1', 'Eif5a', 'I79_004135', 'CgPICR_014437', 'I79_005028', 'I79_005382', 'I79_005588', 'Rpl31', 'Rpl27', 'Rpl10', 'Rps3', 'I79_023563']","['I79_000118', 'Eif4a1', 'Eif5a', 'I79_004135', 'CgPICR_014437', 'I79_005028', 'I79_005382', 'I79_005588', 'Rpl31', 'Rpl27', 'Rpl10', 'Rps3', 'I79_023563']",1.82e-13,1.15e-09,Translation,22,True,True
Process,GO:1901566,16,1579,10029,"['I79_000118', 'Sms', 'Eif4a1', 'Eif5a', 'I79_003341', 'I79_004135', 'CgPICR_014437', 'I79_005028', 'I79_005382', 'I79_005588', 'Rpl31', 'Rpl27', 'Atp5mg', 'Rpl10', 'Rps3', 'I79_023563']","['I79_000118', 'Sms', 'Eif4a1', 'Eif5a', 'I79_003341', 'I79_004135', 'CgPICR_014437', 'I79_005028', 'I79_005382', 'I79_005588', 'Rpl31', 'Rpl27', 'Atp5mg', 'Rpl10', 'Rps3', 'I79_023563']",9.28e-13,2.93e-09,Organonitrogen compound biosynthetic process,22,True,True
Process,GO:0034641,21,3820,10029,"['I79_000118', 'Sms', 'I79_000461', 'Eif4a1', 'Eif5a', 'I79_003341', 'I79_004135', 'CgPICR_014437', 'Hsp90aa1', 'I79_005028', 'I79_005382', 'I79_005588', 'I79_007634', 'Rpl31', 'Rpl27', 'SNRPD2', 'Atp5mg', 'Rps25', 'Rpl10', 'Rps3', 'I79_023563']","['I79_000118', 'Sms', 'I79_000461', 'Eif4a1', 'Eif5a', 'I79_003341', 'I79_004135', 'CgPICR_014437', 'Hsp90aa1', 'I79_005028', 'I79_005382', 'I79_005588', 'I79_007634', 'Rpl31', 'Rpl27', 'SNRPD2', 'Atp5mg', 'Rps25', 'Rpl10', 'Rps3', 'I79_023563']",2.22e-12,4.29e-09,Cellular nitrogen compound metabolic process,22,True,True
Process,GO:1901576,18,2581,10029,"['I79_000118', 'Sms', 'Eif4a1', 'Eif5a', 'I79_003341', 'I79_004135', 'CgPICR_014437', 'Hsp90aa1', 'I79_005028', 'I79_005382', 'I79_005588', 'I79_007634', 'Rpl31', 'Rpl27', 'Atp5mg', 'Rpl10', 'Rps3', 'I79_023563']","['I79_000118', 'Sms', 'Eif4a1', 'Eif5a', 'I79_003341', 'I79_004135', 'CgPICR_014437', 'Hsp90aa1', 'I79_005028', 'I79_005382', 'I79_005588', 'I79_007634', 'Rpl31', 'Rpl27', 'Atp5mg', 'Rpl10', 'Rps3', 'I79_023563']",7.61e-12,1.07e-08,Organic substance biosynthetic process,22,True,True
Process,GO:0009059,15,1615,10029,"['I79_000118', 'Eif4a1', 'Eif5a', 'I79_004135', 'CgPICR_014437', 'Hsp90aa1', 'I79_005028', 'I79_005382', 'I79_005588', 'I79_007634', 'Rpl31', 'Rpl27', 'Rpl10', 'Rps3', 'I79_023563']","['I79_000118', 'Eif4a1', 'Eif5a', 'I79_004135', 'CgPICR_014437', 'Hsp90aa1', 'I79_005028', 'I79_005382', 'I79_005588', 'I79_007634', 'Rpl31', 'Rpl27', 'Rpl10', 'Rps3', 'I79_023563']",2.4e-11,2.76e-08,Macromolecule biosynthetic process,22,True,True
Process,GO:0010467,15,2399,10029,"['I79_000118', 'Eif4a1', 'Eif5a', 'I79_004135', 'CgPICR_014437', 'I79_005028', 'I79_005382', 'I79_005588', 'Rpl31', 'Rpl27', 'SNRPD2', 'Rps25', 'Rpl10', 'Rps3', 'I79_023563']","['I79_000118', 'Eif4a1', 'Eif5a', 'I79_004135', 'CgPICR_014437', 'I79_005028', 'I79_005382', 'I79_005588', 'Rpl31', 'Rpl27', 'SNRPD2', 'Rps25', 'Rpl10', 'Rps3', 'I79_023563']",5.94e-09,5.37e-06,Gene expression,22,True,True
Process,GO:0044237,22,7040,10029,"['I79_000118', 'Sms', 'I79_000461', 'Eif4a1', 'Eif5a', 'I79_003341', 'I79_004135', 'CgPICR_014437', 'Hsp90aa1', 'I79_005028', 'I79_005382', 'I79_005588', 'I79_007634', 'Rpl31', 'Rpl27', 'SNRPD2', 'I79_013748', 'Atp5mg', 'Rps25', 'Rpl10', 'Rps3', 'I79_023563']","['I79_000118', 'Sms', 'I79_000461', 'Eif4a1', 'Eif5a', 'I79_003341', 'I79_004135', 'CgPICR_014437', 'Hsp90aa1', 'I79_005028', 'I79_005382', 'I79_005588', 'I79_007634', 'Rpl31', 'Rpl27', 'SNRPD2', 'I79_013748', 'Atp5mg', 'Rps25', 'Rpl10', 'Rps3', 'I79_023563']",3.39e-08,2.86e-05,Cellular metabolic process,22,True,True
Process,GO:0022618,7,314,10029,"['I79_000118', 'Hsp90aa1', 'I79_005382', 'I79_007634', 'SNRPD2', 'Rps25', 'Rpl10']","['I79_000118', 'Hsp90aa1', 'I79_005382', 'I79_007634', 'SNRPD2', 'Rps25', 'Rpl10']",5.21e-08,4.12e-05,Ribonucleoprotein complex assembly,22,True,True
Process,GO:0044260,15,2825,10029,"['I79_000118', 'Eif4a1', 'Eif5a', 'I79_004135', 'CgPICR_014437', 'Hsp90aa1', 'I79_005028', 'I79_005382', 'I79_005588', 'I79_007634', 'Rpl31', 'Rpl27', 'Rpl10', 'Rps3', 'I79_023563']","['I79_000118', 'Eif4a1', 'Eif5a', 'I79_004135', 'CgPICR_014437', 'Hsp90aa1', 'I79_005028', 'I79_005382', 'I79_005588', 'I79_007634', 'Rpl31', 'Rpl27', 'Rpl10', 'Rps3', 'I79_023563']",5.48e-08,4.12e-05,Cellular macromolecule metabolic process,22,True,True
Process,GO:0022613,8,616,10029,"['I79_000118', 'Hsp90aa1', 'I79_005382', 'I79_007634', 'SNRPD2', 'Rps25', 'I79_020971', 'Rpl10']","['I79_000118', 'Hsp90aa1', 'I79_005382', 'I79_007634', 'SNRPD2', 'Rps25', 'I79_020971', 'Rpl10']",2.96e-07,0.0002,Ribonucleoprotein complex biogenesis,22,True,True
Process,GO:0071704,21,8137,10029,"['I79_000118', 'Sms', 'I79_000461', 'Eif4a1', 'Eif5a', 'I79_003341', 'I79_004135', 'CgPICR_014437', 'Hsp90aa1', 'I79_005028', 'I79_005382', 'I79_005588', 'I79_007634', 'Rpl31', 'Rpl27', 'SNRPD2', 'Atp5mg', 'Rps25', 'Rpl10', 'Rps3', 'I79_023563']","['I79_000118', 'Sms', 'I79_000461', 'Eif4a1', 'Eif5a', 'I79_003341', 'I79_004135', 'CgPICR_014437', 'Hsp90aa1', 'I79_005028', 'I79_005382', 'I79_005588', 'I79_007634', 'Rpl31', 'Rpl27', 'SNRPD2', 'Atp5mg', 'Rps25', 'Rpl10', 'Rps3', 'I79_023563']",4.35e-06,0.0025,Organic substance metabolic process,22,True,True
Process,GO:1901564,17,5394,10029,"['I79_000118', 'Sms', 'I79_000461', 'Eif4a1', 'Eif5a', 'I79_003341', 'I79_004135', 'CgPICR_014437', 'I79_005028', 'I79_005382', 'I79_005588', 'Rpl31', 'Rpl27', 'Atp5mg', 'Rpl10', 'Rps3', 'I79_023563']","['I79_000118', 'Sms', 'I79_000461', 'Eif4a1', 'Eif5a', 'I79_003341', 'I79_004135', 'CgPICR_014437', 'I79_005028', 'I79_005382', 'I79_005588', 'Rpl31', 'Rpl27', 'Atp5mg', 'Rpl10', 'Rps3', 'I79_023563']",8.18e-06,0.0045,Organonitrogen compound metabolic process,22,True,True
Process,GO:0044238,20,7736,10029,"['I79_000118', 'I79_000461', 'Eif4a1', 'Eif5a', 'I79_003341', 'I79_004135', 'CgPICR_014437', 'Hsp90aa1', 'I79_005028', 'I79_005382', 'I79_005588', 'I79_007634', 'Rpl31', 'Rpl27', 'SNRPD2', 'Atp5mg', 'Rps25', 'Rpl10', 'Rps3', 'I79_023563']","['I79_000118', 'I79_000461', 'Eif4a1', 'Eif5a', 'I79_003341', 'I79_004135', 'CgPICR_014437', 'Hsp90aa1', 'I79_005028', 'I79_005382', 'I79_005588', 'I79_007634', 'Rpl31', 'Rpl27', 'SNRPD2', 'Atp5mg', 'Rps25', 'Rpl10', 'Rps3', 'I79_023563']",1.12e-05,0.0059,Primary metabolic process,22,True,True
Process,GO:0043170,18,6322,10029,"['I79_000118', 'I79_000461', 'Eif4a1', 'Eif5a', 'I79_004135', 'CgPICR_014437', 'Hsp90aa1', 'I79_005028', 'I79_005382', 'I79_005588', 'I79_007634', 'Rpl31', 'Rpl27', 'SNRPD2', 'Rps25', 'Rpl10', 'Rps3', 'I79_023563']","['I79_000118', 'I79_000461', 'Eif4a1', 'Eif5a', 'I79_004135', 'CgPICR_014437', 'Hsp90aa1', 'I79_005028', 'I79_005382', 'I79_005588', 'I79_007634', 'Rpl31', 'Rpl27', 'SNRPD2', 'Rps25', 'Rpl10', 'Rps3', 'I79_023563']",1.46e-05,0.0074,Macromolecule metabolic process,22,True,True
Process,GO:0006417,6,531,10029,"['I79_000461', 'Eif4a1', 'Eif5a', 'I79_005382', 'Rpl10', 'Rps3']","['I79_000461', 'Eif4a1', 'Eif5a', 'I79_005382', 'Rpl10', 'Rps3']",2.48e-05,0.0121,Regulation of translation,22,True,True
Process,GO:0042255,4,164,10029,"['I79_000118', 'I79_005382', 'Rps25', 'Rpl10']","['I79_000118', 'I79_005382', 'Rps25', 'Rpl10']",3.64e-05,0.0171,Ribosome assembly,22,True,True
Process,GO:0065003,8,1312,10029,"['I79_000118', 'Rac1', 'Hsp90aa1', 'I79_005382', 'I79_007634', 'SNRPD2', 'Rps25', 'Rpl10']","['I79_000118', 'Rac1', 'Hsp90aa1', 'I79_005382', 'I79_007634', 'SNRPD2', 'Rps25', 'Rpl10']",7.32e-05,0.0299,Protein-containing complex assembly,22,True,True
Process,GO:0019538,14,4367,10029,"['I79_000118', 'I79_000461', 'Eif4a1', 'Eif5a', 'I79_004135', 'CgPICR_014437', 'I79_005028', 'I79_005382', 'I79_005588', 'Rpl31', 'Rpl27', 'Rpl10', 'Rps3', 'I79_023563']","['I79_000118', 'I79_000461', 'Eif4a1', 'Eif5a', 'I79_004135', 'CgPICR_014437', 'I79_005028', 'I79_005382', 'I79_005588', 'Rpl31', 'Rpl27', 'Rpl10', 'Rps3', 'I79_023563']",8.5e-05,0.0336,Protein metabolic process,22,True,True
Process,GO:0045428,3,73,10029,"['Rac1', 'Hsp90aa1', 'I79_007634']","['Rac1', 'Hsp90aa1', 'I79_007634']",8.55e-05,0.0336,Regulation of nitric oxide biosynthetic process,22,True,True
Process,GO:0140694,5,418,10029,"['I79_000118', 'I79_005382', 'Rps25', 'Rpl10', 'Rps3']","['I79_000118', 'I79_005382', 'Rps25', 'Rpl10', 'Rps3']",9.93e-05,0.0359,Non-membrane-bounded organelle assembly,22,True,True
Process,GO:0001817,6,717,10029,"['I79_000461', 'Rac1', 'Hsp90aa1', 'I79_007634', 'I79_013748', 'Rps3']","['I79_000461', 'Rac1', 'Hsp90aa1', 'I79_007634', 'I79_013748', 'Rps3']",0.00013,0.0449,Regulation of cytokine production,22,True,True
Process,GO:0044085,11,2815,10029,"['I79_000118', 'Rac1', 'Hsp90aa1', 'I79_005382', 'I79_007634', 'SNRPD2', 'I79_013748', 'Rps25', 'I79_020971', 'Rpl10', 'Rps3']","['I79_000118', 'Rac1', 'Hsp90aa1', 'I79_005382', 'I79_007634', 'SNRPD2', 'I79_013748', 'Rps25', 'I79_020971', 'Rpl10', 'Rps3']",0.00013,0.0449,Cellular component biogenesis,22,True,True
Process,GO:1905323,2,13,10029,"['Hsp90aa1', 'I79_007634']","['Hsp90aa1', 'I79_007634']",0.00013,0.0449,Telomerase holoenzyme complex assembly,22,True,True
Process,GO:0006970,3,88,10029,"['Rac1', 'Hsp90aa1', 'I79_007634']","['Rac1', 'Hsp90aa1', 'I79_007634']",0.00015,0.0474,Response to osmotic stress,22,True,True
Process,GO:0042254,5,459,10029,"['I79_000118', 'I79_005382', 'Rps25', 'I79_020971', 'Rpl10']","['I79_000118', 'I79_005382', 'Rps25', 'I79_020971', 'Rpl10']",0.00015,0.0484,Ribosome biogenesis,22,True,True
Component,GO:0005840,13,573,10029,"['I79_000118', 'Btf3l4', 'I79_004135', 'CgPICR_014437', 'I79_005028', 'I79_005382', 'I79_005588', 'Rpl31', 'Rpl27', 'Rps25', 'Rpl10', 'Rps3', 'I79_023563']","['I79_000118', 'Btf3l4', 'I79_004135', 'CgPICR_014437', 'I79_005028', 'I79_005382', 'I79_005588', 'Rpl31', 'Rpl27', 'Rps25', 'Rpl10', 'Rps3', 'I79_023563']",1.49e-14,2.54e-11,Ribosome,22,True,True
Component,GO:0022626,12,425,10029,"['I79_000118', 'I79_004135', 'CgPICR_014437', 'I79_005028', 'I79_005382', 'I79_005588', 'Rpl31', 'Rpl27', 'Rps25', 'Rpl10', 'Rps3', 'I79_023563']","['I79_000118', 'I79_004135', 'CgPICR_014437', 'I79_005028', 'I79_005382', 'I79_005588', 'Rpl31', 'Rpl27', 'Rps25', 'Rpl10', 'Rps3', 'I79_023563']",1.63e-14,2.54e-11,Cytosolic ribosome,22,True,True
Component,GO:0044391,12,515,10029,"['I79_000118', 'I79_004135', 'CgPICR_014437', 'I79_005028', 'I79_005382', 'I79_005588', 'Rpl31', 'Rpl27', 'Rps25', 'Rpl10', 'Rps3', 'I79_023563']","['I79_000118', 'I79_004135', 'CgPICR_014437', 'I79_005028', 'I79_005382', 'I79_005588', 'Rpl31', 'Rpl27', 'Rps25', 'Rpl10', 'Rps3', 'I79_023563']",1.5e-13,8.57e-11,Ribosomal subunit,22,True,True
Component,GO:1990904,15,1139,10029,"['I79_000118', 'Btf3l4', 'I79_004135', 'CgPICR_014437', 'I79_005028', 'I79_005382', 'I79_005588', 'Rpl31', 'Rpl27', 'SNRPD2', 'Rps25', 'I79_020971', 'Rpl10', 'Rps3', 'I79_023563']","['I79_000118', 'Btf3l4', 'I79_004135', 'CgPICR_014437', 'I79_005028', 'I79_005382', 'I79_005588', 'Rpl31', 'Rpl27', 'SNRPD2', 'Rps25', 'I79_020971', 'Rpl10', 'Rps3', 'I79_023563']",1.66e-13,8.57e-11,Ribonucleoprotein complex,22,True,True
Component,GO:0005829,21,3933,10029,"['I79_000118', 'Sms', 'I79_000461', 'Rac1', 'Btf3l4', 'I79_004135', 'CgPICR_014437', 'Hsp90aa1', 'I79_005028', 'I79_005382', 'I79_005588', 'I79_007634', 'Rpl31', 'Nutf2', 'Rpl27', 'SNRPD2', 'I79_013748', 'Rps25', 'Rpl10', 'Rps3', 'I79_023563']","['I79_000118', 'Sms', 'I79_000461', 'Rac1', 'Btf3l4', 'I79_004135', 'CgPICR_014437', 'Hsp90aa1', 'I79_005028', 'I79_005382', 'I79_005588', 'I79_007634', 'Rpl31', 'Nutf2', 'Rpl27', 'SNRPD2', 'I79_013748', 'Rps25', 'Rpl10', 'Rps3', 'I79_023563']",3.96e-12,1.36e-09,Cytosol,22,True,True
Component,GO:0022625,8,299,10029,"['I79_000118', 'I79_004135', 'CgPICR_014437', 'I79_005028', 'I79_005588', 'Rpl31', 'Rpl27', 'Rpl10']","['I79_000118', 'I79_004135', 'CgPICR_014437', 'I79_005028', 'I79_005588', 'Rpl31', 'Rpl27', 'Rpl10']",1.21e-09,3.47e-07,Cytosolic large ribosomal subunit,22,True,True
Component,GO:0032991,22,6073,10029,"['I79_000118', 'I79_000461', 'Btf3l4', 'Eif5a', 'I79_003341', 'I79_004135', 'CgPICR_014437', 'Hsp90aa1', 'I79_005028', 'I79_005382', 'I79_005588', 'I79_007634', 'Rpl31', 'Nutf2', 'Rpl27', 'SNRPD2', 'Atp5mg', 'Rps25', 'I79_020971', 'Rpl10', 'Rps3', 'I79_023563']","['I79_000118', 'I79_000461', 'Btf3l4', 'Eif5a', 'I79_003341', 'I79_004135', 'CgPICR_014437', 'Hsp90aa1', 'I79_005028', 'I79_005382', 'I79_005588', 'I79_007634', 'Rpl31', 'Nutf2', 'Rpl27', 'SNRPD2', 'Atp5mg', 'Rps25', 'I79_020971', 'Rpl10', 'Rps3', 'I79_023563']",1.72e-09,4.2e-07,Protein-containing complex,22,True,True
Component,GO:0005737,27,11693,10029,"['I79_000118', 'Sms', 'I79_000461', 'Rac1', 'Btf3l4', 'Eif4a1', 'Eif5a', 'I79_003341', 'I79_004135', 'CgPICR_014437', 'Hsp90aa1', 'I79_005028', 'I79_005382', 'I79_005484', 'I79_005588', 'I79_007634', 'Rpl31', 'Nutf2', 'Rpl27', 'SNRPD2', 'I79_013748', 'Atp5mg', 'Rps25', 'I79_020971', 'Rpl10', 'Rps3', 'I79_023563']","['I79_000118', 'Sms', 'I79_000461', 'Rac1', 'Btf3l4', 'Eif4a1', 'Eif5a', 'I79_003341', 'I79_004135', 'CgPICR_014437', 'Hsp90aa1', 'I79_005028', 'I79_005382', 'I79_005484', 'I79_005588', 'I79_007634', 'Rpl31', 'Nutf2', 'Rpl27', 'SNRPD2', 'I79_013748', 'Atp5mg', 'Rps25', 'I79_020971', 'Rpl10', 'Rps3', 'I79_023563']",4.34e-09,9.07e-07,Cytoplasm,22,True,True
Component,GO:0043226,26,13226,10029,"['I79_000118', 'Sms', 'I79_000461', 'Rac1', 'Btf3l4', 'Eif5a', 'I79_003341', 'I79_004135', 'CgPICR_014437', 'Hsp90aa1', 'I79_005028', 'I79_005382', 'I79_005484', 'I79_005588', 'I79_007634', 'Rpl31', 'Nutf2', 'Rpl27', 'SNRPD2', 'I79_013748', 'Atp5mg', 'Rps25', 'I79_020971', 'Rpl10', 'Rps3', 'I79_023563']","['I79_000118', 'Sms', 'I79_000461', 'Rac1', 'Btf3l4', 'Eif5a', 'I79_003341', 'I79_004135', 'CgPICR_014437', 'Hsp90aa1', 'I79_005028', 'I79_005382', 'I79_005484', 'I79_005588', 'I79_007634', 'Rpl31', 'Nutf2', 'Rpl27', 'SNRPD2', 'I79_013748', 'Atp5mg', 'Rps25', 'I79_020971', 'Rpl10', 'Rps3', 'I79_023563']",2.73e-06,0.00047,Organelle,22,True,True
Component,GO:0042470,4,105,10029,"['Rac1', 'Hsp90aa1', 'I79_007634', 'I79_013748']","['Rac1', 'Hsp90aa1', 'I79_007634', 'I79_013748']",6.62e-06,0.00095,Melanosome,22,True,True
Component,GO:0022627,4,124,10029,"['I79_005382', 'Rps25', 'Rps3', 'I79_023563']","['I79_005382', 'Rps25', 'Rps3', 'I79_023563']",1.25e-05,0.0013,Cytosolic small ribosomal subunit,22,True,True
Component,GO:0043232,16,4832,10029,"['I79_000118', 'I79_000461', 'Rac1', 'Btf3l4', 'I79_004135', 'CgPICR_014437', 'I79_005028', 'I79_005382', 'I79_005588', 'Rpl31', 'Rpl27', 'Rps25', 'I79_020971', 'Rpl10', 'Rps3', 'I79_023563']","['I79_000118', 'I79_000461', 'Rac1', 'Btf3l4', 'I79_004135', 'CgPICR_014437', 'I79_005028', 'I79_005382', 'I79_005588', 'Rpl31', 'Rpl27', 'Rps25', 'I79_020971', 'Rpl10', 'Rps3', 'I79_023563']",1.04e-05,0.0013,Intracellular non-membrane-bounded organelle,22,True,True
Component,GO:0043229,25,12803,10029,"['I79_000118', 'I79_000461', 'Rac1', 'Btf3l4', 'Eif5a', 'I79_003341', 'I79_004135', 'CgPICR_014437', 'Hsp90aa1', 'I79_005028', 'I79_005382', 'I79_005484', 'I79_005588', 'I79_007634', 'Rpl31', 'Nutf2', 'Rpl27', 'SNRPD2', 'I79_013748', 'Atp5mg', 'Rps25', 'I79_020971', 'Rpl10', 'Rps3', 'I79_023563']","['I79_000118', 'I79_000461', 'Rac1', 'Btf3l4', 'Eif5a', 'I79_003341', 'I79_004135', 'CgPICR_014437', 'Hsp90aa1', 'I79_005028', 'I79_005382', 'I79_005484', 'I79_005588', 'I79_007634', 'Rpl31', 'Nutf2', 'Rpl27', 'SNRPD2', 'I79_013748', 'Atp5mg', 'Rps25', 'I79_020971', 'Rpl10', 'Rps3', 'I79_023563']",1.43e-05,0.0014,Intracellular organelle,22,True,True
Component,GO:0044294,2,21,10029,"['Hsp90aa1', 'I79_007634']","['Hsp90aa1', 'I79_007634']",0.00031,0.0276,Dendritic growth cone,22,True,True
Component,GO:0005753,2,27,10029,"['I79_003341', 'Atp5mg']","['I79_003341', 'Atp5mg']",0.00049,0.0419,Mitochondrial proton-transporting ATP synthase complex,22,True,True
Component,GO:0097524,2,29,10029,"['Hsp90aa1', 'I79_007634']","['Hsp90aa1', 'I79_007634']",0.00056,0.0436,Sperm plasma membrane,22,True,True
Component,GO:0031253,4,353,10029,"['Rac1', 'Hsp90aa1', 'I79_007634', 'Rps3']","['Rac1', 'Hsp90aa1', 'I79_007634', 'Rps3']",0.00065,0.0467,Cell projection membrane,22,True,True
Function,GO:0003735,12,512,10029,"['I79_000118', 'I79_004135', 'CgPICR_014437', 'I79_005028', 'I79_005382', 'I79_005588', 'Rpl31', 'Rpl27', 'Rps25', 'Rpl10', 'Rps3', 'I79_023563']","['I79_000118', 'I79_004135', 'CgPICR_014437', 'I79_005028', 'I79_005382', 'I79_005588', 'Rpl31', 'Rpl27', 'Rps25', 'Rpl10', 'Rps3', 'I79_023563']",1.4e-13,4.62e-10,Structural constituent of ribosome,22,True,True
Function,GO:0005198,13,1060,10029,"['I79_000118', 'I79_004135', 'CgPICR_014437', 'I79_005028', 'I79_005382', 'I79_005588', 'Rpl31', 'Nutf2', 'Rpl27', 'Rps25', 'Rpl10', 'Rps3', 'I79_023563']","['I79_000118', 'I79_004135', 'CgPICR_014437', 'I79_005028', 'I79_005382', 'I79_005588', 'Rpl31', 'Nutf2', 'Rpl27', 'Rps25', 'Rpl10', 'Rps3', 'I79_023563']",3.13e-11,5.15e-08,Structural molecule activity,22,True,True
Function,GO:0003723,9,1541,10029,"['Eif4a1', 'Eif5a', 'Hsp90aa1', 'I79_005382', 'I79_005588', 'I79_007634', 'I79_020971', 'Rps3', 'I79_023563']","['Eif4a1', 'Eif5a', 'Hsp90aa1', 'I79_005382', 'I79_005588', 'I79_007634', 'I79_020971', 'Rps3', 'I79_023563']",3.19e-05,0.0347,RNA binding,22,True,True
Function,GO:0045182,4,158,10029,"['Eif4a1', 'Eif5a', 'I79_005382', 'Rpl10']","['Eif4a1', 'Eif5a', 'I79_005382', 'Rpl10']",3.16e-05,0.0347,Translation regulator activity,22,True,True
Keyword,KW-0687,14,619,10029,"['I79_000118', 'I79_004135', 'CgPICR_014437', 'I79_005028', 'I79_005382', 'I79_005484', 'I79_005588', 'Rpl31', 'Rpl27', 'SNRPD2', 'Rps25', 'Rpl10', 'Rps3', 'I79_023563']","['I79_000118', 'I79_004135', 'CgPICR_014437', 'I79_005028', 'I79_005382', 'I79_005484', 'I79_005588', 'Rpl31', 'Rpl27', 'SNRPD2', 'Rps25', 'Rpl10', 'Rps3', 'I79_023563']",1.06e-15,3.63e-13,Ribonucleoprotein,22,True,True
Keyword,KW-0689,13,524,10029,"['I79_000118', 'I79_004135', 'CgPICR_014437', 'I79_005028', 'I79_005382', 'I79_005484', 'I79_005588', 'Rpl31', 'Rpl27', 'Rps25', 'Rpl10', 'Rps3', 'I79_023563']","['I79_000118', 'I79_004135', 'CgPICR_014437', 'I79_005028', 'I79_005382', 'I79_005484', 'I79_005588', 'Rpl31', 'Rpl27', 'Rps25', 'Rpl10', 'Rps3', 'I79_023563']",4.85e-15,8.31e-13,Ribosomal protein,22,True,True
KEGG,cge03010,9,184,10029,"['I79_000118', 'I79_004135', 'CgPICR_014437', 'I79_005382', 'Rpl31', 'Rpl27', 'Rps25', 'Rpl10', 'Rps3']","['I79_000118', 'I79_004135', 'CgPICR_014437', 'I79_005382', 'Rpl31', 'Rpl27', 'Rps25', 'Rpl10', 'Rps3']",5e-13,1.66e-10,Ribosome,22,True,True
InterPro,IPR011332,3,26,10029,"['CgPICR_014437', 'I79_005028', 'I79_005382']","['CgPICR_014437', 'I79_005028', 'I79_005382']",4.61e-06,0.0299,Zinc-binding ribosomal protein,22,True,True
RCTM,MAP-156827,13,503,10029,"['I79_000118', 'Eif4a1', 'I79_004135', 'CgPICR_014437', 'I79_005028', 'I79_005382', 'I79_005588', 'Rpl31', 'Rpl27', 'Rps25', 'Rpl10', 'Rps3', 'I79_023563']","['I79_000118', 'Eif4a1', 'I79_004135', 'CgPICR_014437', 'I79_005028', 'I79_005382', 'I79_005588', 'Rpl31', 'Rpl27', 'Rps25', 'Rpl10', 'Rps3', 'I79_023563']",2.9e-15,3.66e-12,L13a-mediated translational silencing of Ceruloplasmin expression,22,True,True
RCTM,MAP-72613,13,512,10029,"['I79_000118', 'Eif4a1', 'I79_004135', 'CgPICR_014437', 'I79_005028', 'I79_005382', 'I79_005588', 'Rpl31', 'Rpl27', 'Rps25', 'Rpl10', 'Rps3', 'I79_023563']","['I79_000118', 'Eif4a1', 'I79_004135', 'CgPICR_014437', 'I79_005028', 'I79_005382', 'I79_005588', 'Rpl31', 'Rpl27', 'Rps25', 'Rpl10', 'Rps3', 'I79_023563']",3.62e-15,3.66e-12,Eukaryotic Translation Initiation,22,True,True
RCTM,MAP-72706,13,491,10029,"['I79_000118', 'Eif4a1', 'I79_004135', 'CgPICR_014437', 'I79_005028', 'I79_005382', 'I79_005588', 'Rpl31', 'Rpl27', 'Rps25', 'Rpl10', 'Rps3', 'I79_023563']","['I79_000118', 'Eif4a1', 'I79_004135', 'CgPICR_014437', 'I79_005028', 'I79_005382', 'I79_005588', 'Rpl31', 'Rpl27', 'Rps25', 'Rpl10', 'Rps3', 'I79_023563']",2.14e-15,3.66e-12,GTP hydrolysis and joining of the 60S ribosomal subunit,22,True,True
RCTM,MAP-72737,13,512,10029,"['I79_000118', 'Eif4a1', 'I79_004135', 'CgPICR_014437', 'I79_005028', 'I79_005382', 'I79_005588', 'Rpl31', 'Rpl27', 'Rps25', 'Rpl10', 'Rps3', 'I79_023563']","['I79_000118', 'Eif4a1', 'I79_004135', 'CgPICR_014437', 'I79_005028', 'I79_005382', 'I79_005588', 'Rpl31', 'Rpl27', 'Rps25', 'Rpl10', 'Rps3', 'I79_023563']",3.62e-15,3.66e-12,Cap-dependent Translation Initiation,22,True,True
RCTM,MAP-1799339,12,476,10029,"['I79_000118', 'I79_004135', 'CgPICR_014437', 'I79_005028', 'I79_005382', 'I79_005588', 'Rpl31', 'Rpl27', 'Rps25', 'Rpl10', 'Rps3', 'I79_023563']","['I79_000118', 'I79_004135', 'CgPICR_014437', 'I79_005028', 'I79_005382', 'I79_005588', 'Rpl31', 'Rpl27', 'Rps25', 'Rpl10', 'Rps3', 'I79_023563']",6.04e-14,1.92e-11,SRP-dependent cotranslational protein targeting to membrane,22,True,True
RCTM,MAP-72689,12,473,10029,"['I79_000118', 'I79_004135', 'CgPICR_014437', 'I79_005028', 'I79_005382', 'I79_005588', 'Rpl31', 'Rpl27', 'Rps25', 'Rpl10', 'Rps3', 'I79_023563']","['I79_000118', 'I79_004135', 'CgPICR_014437', 'I79_005028', 'I79_005382', 'I79_005588', 'Rpl31', 'Rpl27', 'Rps25', 'Rpl10', 'Rps3', 'I79_023563']",5.62e-14,1.92e-11,Formation of a pool of free 40S subunits,22,True,True
RCTM,MAP-975956,12,478,10029,"['I79_000118', 'I79_004135', 'CgPICR_014437', 'I79_005028', 'I79_005382', 'I79_005588', 'Rpl31', 'Rpl27', 'Rps25', 'Rpl10', 'Rps3', 'I79_023563']","['I79_000118', 'I79_004135', 'CgPICR_014437', 'I79_005028', 'I79_005382', 'I79_005588', 'Rpl31', 'Rpl27', 'Rps25', 'Rpl10', 'Rps3', 'I79_023563']",6.34e-14,1.92e-11,Nonsense Mediated Decay (NMD) independent of the Exon Junction Complex (EJC),22,True,True
RCTM,MAP-927802,12,509,10029,"['I79_000118', 'I79_004135', 'CgPICR_014437', 'I79_005028', 'I79_005382', 'I79_005588', 'Rpl31', 'Rpl27', 'Rps25', 'Rpl10', 'Rps3', 'I79_023563']","['I79_000118', 'I79_004135', 'CgPICR_014437', 'I79_005028', 'I79_005382', 'I79_005588', 'Rpl31', 'Rpl27', 'Rps25', 'Rpl10', 'Rps3', 'I79_023563']",1.31e-13,2.8e-11,Nonsense-Mediated Decay (NMD),22,True,True
RCTM,MAP-975957,12,509,10029,"['I79_000118', 'I79_004135', 'CgPICR_014437', 'I79_005028', 'I79_005382', 'I79_005588', 'Rpl31', 'Rpl27', 'Rps25', 'Rpl10', 'Rps3', 'I79_023563']","['I79_000118', 'I79_004135', 'CgPICR_014437', 'I79_005028', 'I79_005382', 'I79_005588', 'Rpl31', 'Rpl27', 'Rps25', 'Rpl10', 'Rps3', 'I79_023563']",1.31e-13,2.8e-11,Nonsense Mediated Decay (NMD) enhanced by the Exon Junction Complex (EJC),22,True,True
RCTM,MAP-72766,13,719,10029,"['I79_000118', 'Eif4a1', 'I79_004135', 'CgPICR_014437', 'I79_005028', 'I79_005382', 'I79_005588', 'Rpl31', 'Rpl27', 'Rps25', 'Rpl10', 'Rps3', 'I79_023563']","['I79_000118', 'Eif4a1', 'I79_004135', 'CgPICR_014437', 'I79_005028', 'I79_005382', 'I79_005588', 'Rpl31', 'Rpl27', 'Rps25', 'Rpl10', 'Rps3', 'I79_023563']",2.54e-13,4.33e-11,Translation,22,True,True
RCTM,MAP-6791226,12,569,10029,"['I79_000118', 'I79_004135', 'CgPICR_014437', 'I79_005028', 'I79_005382', 'I79_005588', 'Rpl31', 'Rpl27', 'Rps25', 'Rpl10', 'Rps3', 'I79_023563']","['I79_000118', 'I79_004135', 'CgPICR_014437', 'I79_005028', 'I79_005382', 'I79_005588', 'Rpl31', 'Rpl27', 'Rps25', 'Rpl10', 'Rps3', 'I79_023563']",4.74e-13,7.37e-11,Major pathway of rRNA processing in the nucleolus and cytosol,22,True,True
RCTM,MAP-8868773,12,574,10029,"['I79_000118', 'I79_004135', 'CgPICR_014437', 'I79_005028', 'I79_005382', 'I79_005588', 'Rpl31', 'Rpl27', 'Rps25', 'Rpl10', 'Rps3', 'I79_023563']","['I79_000118', 'I79_004135', 'CgPICR_014437', 'I79_005028', 'I79_005382', 'I79_005588', 'Rpl31', 'Rpl27', 'Rps25', 'Rpl10', 'Rps3', 'I79_023563']",5.25e-13,7.47e-11,rRNA processing in the nucleus and cytosol,22,True,True
RCTM,MAP-72312,12,587,10029,"['I79_000118', 'I79_004135', 'CgPICR_014437', 'I79_005028', 'I79_005382', 'I79_005588', 'Rpl31', 'Rpl27', 'Rps25', 'Rpl10', 'Rps3', 'I79_023563']","['I79_000118', 'I79_004135', 'CgPICR_014437', 'I79_005028', 'I79_005382', 'I79_005588', 'Rpl31', 'Rpl27', 'Rps25', 'Rpl10', 'Rps3', 'I79_023563']",6.79e-13,8.93e-11,rRNA processing,22,True,True
RCTM,MAP-8953854,14,1376,10029,"['I79_000118', 'Eif4a1', 'I79_004135', 'CgPICR_014437', 'I79_005028', 'I79_005382', 'I79_005588', 'Rpl31', 'Rpl27', 'SNRPD2', 'Rps25', 'Rpl10', 'Rps3', 'I79_023563']","['I79_000118', 'Eif4a1', 'I79_004135', 'CgPICR_014437', 'I79_005028', 'I79_005382', 'I79_005588', 'Rpl31', 'Rpl27', 'SNRPD2', 'Rps25', 'Rpl10', 'Rps3', 'I79_023563']",4.66e-11,5.69e-09,Metabolism of RNA,22,True,True
RCTM,MAP-392499,16,2810,10029,"['I79_000118', 'Eif4a1', 'Eif5a', 'I79_004135', 'CgPICR_014437', 'I79_005028', 'I79_005382', 'I79_005588', 'Rpl31', 'Rpl27', 'I79_013748', 'Rps25', 'I79_020971', 'Rpl10', 'Rps3', 'I79_023563']","['I79_000118', 'Eif4a1', 'Eif5a', 'I79_004135', 'CgPICR_014437', 'I79_005028', 'I79_005382', 'I79_005588', 'Rpl31', 'Rpl27', 'I79_013748', 'Rps25', 'I79_020971', 'Rpl10', 'Rps3', 'I79_023563']",5.05e-09,5.76e-07,Metabolism of proteins,22,True,True
RCTM,MAP-72649,5,190,10029,"['Eif4a1', 'I79_005382', 'Rps25', 'Rps3', 'I79_023563']","['Eif4a1', 'I79_005382', 'Rps25', 'Rps3', 'I79_023563']",2.4e-06,0.00026,Translation initiation complex formation,22,True,True
RCTM,MAP-72662,5,192,10029,"['Eif4a1', 'I79_005382', 'Rps25', 'Rps3', 'I79_023563']","['Eif4a1', 'I79_005382', 'Rps25', 'Rps3', 'I79_023563']",2.52e-06,0.00026,"Activation of the mRNA upon binding of the cap-binding complex and eIFs, and subsequent binding to 43S",22,True,True
RCTM,MAP-72702,5,192,10029,"['Eif4a1', 'I79_005382', 'Rps25', 'Rps3', 'I79_023563']","['Eif4a1', 'I79_005382', 'Rps25', 'Rps3', 'I79_023563']",2.52e-06,0.00026,Ribosomal scanning and start codon recognition,22,True,True
RCTM,MAP-399954,3,38,10029,"['Rac1', 'Hsp90aa1', 'I79_007634']","['Rac1', 'Hsp90aa1', 'I79_007634']",1.33e-05,0.0012,Sema3A PAK dependent Axon repulsion,22,True,True
RCTM,MAP-72695,4,178,10029,"['I79_005382', 'Rps25', 'Rps3', 'I79_023563']","['I79_005382', 'Rps25', 'Rps3', 'I79_023563']",4.98e-05,0.0043,"Formation of the ternary complex, and subsequently, the 43S complex",22,True,True
RCTM,MAP-373755,3,88,10029,"['Rac1', 'Hsp90aa1', 'I79_007634']","['Rac1', 'Hsp90aa1', 'I79_007634']",0.00015,0.0119,Semaphorin interactions,22,True,True
RCTM,MAP-2029482,3,123,10029,"['Rac1', 'Hsp90aa1', 'I79_007634']","['Rac1', 'Hsp90aa1', 'I79_007634']",0.00038,0.0296,Regulation of actin dynamics for phagocytic cup formation,22,True,True
RCTM,MAP-163210,2,27,10029,"['I79_003341', 'Atp5mg']","['I79_003341', 'Atp5mg']",0.00049,0.0364,Formation of ATP by chemiosmotic coupling,22,True,True
RCTM,MAP-3371511,2,31,10029,"['Hsp90aa1', 'I79_007634']","['Hsp90aa1', 'I79_007634']",0.00063,0.0452,HSF1 activation,22,True,True
RCTM,MAP-2029480,3,153,10029,"['Rac1', 'Hsp90aa1', 'I79_007634']","['Rac1', 'Hsp90aa1', 'I79_007634']",0.00071,0.0486,Fcgamma receptor (FCGR) dependent phagocytosis,22,True,True
Process,GO:0010810,5,237,10029,"['Mmp12', 'H671_4g12045', 'Wnt4', 'Col1a1', 'Spp1']","['Mmp12', 'H671_4g12045', 'Wnt4', 'Col1a1', 'Spp1']",1.9e-07,0.0014,Regulation of cell-substrate adhesion,24,True,True
Process,GO:0030155,7,775,10029,"['Mmp12', 'H671_4g12045', 'I79_004757', 'Wnt4', 'Col1a1', 'Adam8', 'Spp1']","['Mmp12', 'H671_4g12045', 'I79_004757', 'Wnt4', 'Col1a1', 'Adam8', 'Spp1']",1.1e-07,0.0014,Regulation of cell adhesion,24,True,True
Process,GO:0051240,8,1593,10029,"['Mmp12', 'I79_004757', 'Wnt4', 'Col1a1', 'Fabp4', 'Adam8', 'Spp1', 'Serpinf1']","['Mmp12', 'I79_004757', 'Wnt4', 'Col1a1', 'Fabp4', 'Adam8', 'Spp1', 'Serpinf1']",8.34e-07,0.0035,Positive regulation of multicellular organismal process,24,True,True
Process,GO:0048523,11,4752,10029,"['Mmp12', 'Pdlim2', 'H671_4g12045', 'I79_004757', 'Wnt4', 'Col1a1', 'I79_018216', 'Fabp4', 'Adam8', 'Spp1', 'Serpinf1']","['Mmp12', 'Pdlim2', 'H671_4g12045', 'I79_004757', 'Wnt4', 'Col1a1', 'I79_018216', 'Fabp4', 'Adam8', 'Spp1', 'Serpinf1']",3.91e-06,0.0124,Negative regulation of cellular process,24,True,True
Process,GO:0032101,6,884,10029,"['Mmp12', 'I79_004757', 'Wnt4', 'Fabp4', 'Adam8', 'Serpinf1']","['Mmp12', 'I79_004757', 'Wnt4', 'Fabp4', 'Adam8', 'Serpinf1']",6.11e-06,0.0155,Regulation of response to external stimulus,24,True,True
Process,GO:0010812,3,66,10029,"['Mmp12', 'H671_4g12045', 'Col1a1']","['Mmp12', 'H671_4g12045', 'Col1a1']",8.21e-06,0.0173,Negative regulation of cell-substrate adhesion,24,True,True
Process,GO:0030334,6,961,10029,"['Mmp12', 'H671_4g12045', 'Wnt4', 'Col1a1', 'Adam8', 'Serpinf1']","['Mmp12', 'H671_4g12045', 'Wnt4', 'Col1a1', 'Adam8', 'Serpinf1']",9.84e-06,0.0178,Regulation of cell migration,24,True,True
Process,GO:0007162,4,301,10029,"['Mmp12', 'H671_4g12045', 'I79_004757', 'Col1a1']","['Mmp12', 'H671_4g12045', 'I79_004757', 'Col1a1']",2.36e-05,0.0271,Negative regulation of cell adhesion,24,True,True
Process,GO:2000833,2,11,10029,"['I79_004757', 'Spp1']","['I79_004757', 'Spp1']",2.48e-05,0.0271,Positive regulation of steroid hormone secretion,24,True,True
Process,GO:0010468,10,4725,10029,"['Mmp12', 'Pdlim2', 'I79_004757', 'Wnt4', 'Col1a1', 'I79_018216', 'Fabp4', 'Adam8', 'Spp1', 'Serpinf1']","['Mmp12', 'Pdlim2', 'I79_004757', 'Wnt4', 'Col1a1', 'I79_018216', 'Fabp4', 'Adam8', 'Spp1', 'Serpinf1']",4.22e-05,0.0371,Regulation of gene expression,24,True,True
Process,GO:0032102,4,343,10029,"['Mmp12', 'I79_004757', 'Wnt4', 'Serpinf1']","['Mmp12', 'I79_004757', 'Wnt4', 'Serpinf1']",3.9e-05,0.0371,Negative regulation of response to external stimulus,24,True,True
Process,GO:0035313,2,14,10029,"['Mmp12', 'H671_4g12045']","['Mmp12', 'H671_4g12045']",3.81e-05,0.0371,"Wound healing, spreading of epidermal cells",24,True,True
Process,GO:0080134,6,1261,10029,"['Mmp12', 'I79_004757', 'Wnt4', 'Fabp4', 'Adam8', 'Serpinf1']","['Mmp12', 'I79_004757', 'Wnt4', 'Fabp4', 'Adam8', 'Serpinf1']",4.57e-05,0.0371,Regulation of response to stress,24,True,True
Process,GO:0001952,3,136,10029,"['Mmp12', 'H671_4g12045', 'Wnt4']","['Mmp12', 'H671_4g12045', 'Wnt4']",6.7e-05,0.0472,Regulation of cell-matrix adhesion,24,True,True
Component,GO:0031012,5,430,10029,"['Mmp12', 'Wnt4', 'Col1a1', 'I79_021279', 'Serpinf1']","['Mmp12', 'Wnt4', 'Col1a1', 'I79_021279', 'Serpinf1']",3.42e-06,0.0059,Extracellular matrix,24,True,True
Component,GO:0005615,6,1322,10029,"['Mmp12', 'I79_004757', 'Wnt4', 'Col1a1', 'Spp1', 'Serpinf1']","['Mmp12', 'I79_004757', 'Wnt4', 'Col1a1', 'Spp1', 'Serpinf1']",5.95e-05,0.034,Extracellular space,24,True,True
PMID,PMID:35543703,3,39,10029,"['Mmp12', 'Fabp4', 'Spp1']","['Mmp12', 'Fabp4', 'Spp1']",1.81e-06,0.0499,(2022) Role of adipose tissue macrophages in obesity-related disorders.,24,True,False
RCTM,MAP-1474228,4,157,10029,"['Mmp12', 'Col1a1', 'Adam8', 'Spp1']","['Mmp12', 'Col1a1', 'Adam8', 'Spp1']",1.89e-06,0.0032,Degradation of the extracellular matrix,24,True,True
RCTM,MAP-1474244,4,336,10029,"['Mmp12', 'Col1a1', 'Adam8', 'Spp1']","['Mmp12', 'Col1a1', 'Adam8', 'Spp1']",3.61e-05,0.0308,Extracellular matrix organization,24,True,True
COMPARTMENTS,GOCC:0000785,4,456,10029,"['CgPICR_009863', 'CgPICR_009864', 'I79_008693', 'I79_018217']","['CgPICR_009863', 'CgPICR_009864', 'I79_008693', 'I79_018217']",6.69e-07,0.0013,Chromatin,25,True,True
Process,GO:0006325,5,584,10029,"['CgPICR_009863', 'CgPICR_009864', 'I79_008693', 'Hmgn5', 'I79_018217']","['CgPICR_009863', 'CgPICR_009864', 'I79_008693', 'Hmgn5', 'I79_018217']",8.98e-09,0.00011,Chromatin organization,25,True,True
Process,GO:0006334,3,113,10029,"['CgPICR_009863', 'I79_008693', 'I79_018217']","['CgPICR_009863', 'I79_008693', 'I79_018217']",1.11e-06,0.0047,Nucleosome assembly,25,True,True
Component,GO:0000786,4,120,10029,"['CgPICR_009863', 'CgPICR_009864', 'I79_008693', 'I79_018217']","['CgPICR_009863', 'CgPICR_009864', 'I79_008693', 'I79_018217']",3.45e-09,5.91e-06,Nucleosome,25,True,True
Component,GO:0000785,5,682,10029,"['CgPICR_009863', 'CgPICR_009864', 'I79_008693', 'Hmgn5', 'I79_018217']","['CgPICR_009863', 'CgPICR_009864', 'I79_008693', 'Hmgn5', 'I79_018217']",1.94e-08,1.55e-05,Chromatin,25,True,True
Function,GO:0030527,4,79,10029,"['CgPICR_009863', 'CgPICR_009864', 'I79_008693', 'I79_018217']","['CgPICR_009863', 'CgPICR_009864', 'I79_008693', 'I79_018217']",6.77e-10,2.23e-06,Structural constituent of chromatin,25,True,True
Function,GO:0003677,5,2178,10029,"['CgPICR_009863', 'CgPICR_009864', 'I79_008693', 'Hmgn5', 'I79_018217']","['CgPICR_009863', 'CgPICR_009864', 'I79_008693', 'Hmgn5', 'I79_018217']",6.36e-06,0.0105,DNA binding,25,True,True
Function,GO:0031492,2,34,10029,"['I79_008693', 'Hmgn5']","['I79_008693', 'Hmgn5']",2.2e-05,0.0208,Nucleosomal DNA binding,25,True,True
Function,GO:0046982,3,314,10029,"['CgPICR_009863', 'CgPICR_009864', 'I79_018217']","['CgPICR_009863', 'CgPICR_009864', 'I79_018217']",2.27e-05,0.0208,Protein heterodimerization activity,25,True,True
Keyword,KW-0158,4,88,10029,"['CgPICR_009863', 'CgPICR_009864', 'I79_008693', 'I79_018217']","['CgPICR_009863', 'CgPICR_009864', 'I79_008693', 'I79_018217']",1.03e-09,3.53e-07,Chromosome,25,True,True
Keyword,KW-0544,3,52,10029,"['CgPICR_009863', 'CgPICR_009864', 'I79_018217']","['CgPICR_009863', 'CgPICR_009864', 'I79_018217']",1.15e-07,1.98e-05,Nucleosome core,25,True,True
Keyword,KW-0238,4,613,10029,"['CgPICR_009863', 'CgPICR_009864', 'I79_008693', 'I79_018217']","['CgPICR_009863', 'CgPICR_009864', 'I79_008693', 'I79_018217']",2.16e-06,0.00025,DNA-binding,25,True,True
Keyword,KW-0539,4,879,10029,"['CgPICR_009863', 'CgPICR_009864', 'I79_008693', 'I79_018217']","['CgPICR_009863', 'CgPICR_009864', 'I79_008693', 'I79_018217']",9.01e-06,0.00077,Nucleus,25,True,True
KEGG,cge05322,2,69,10029,"['CgPICR_009863', 'CgPICR_009864']","['CgPICR_009863', 'CgPICR_009864']",8.67e-05,0.0288,Systemic lupus erythematosus,25,True,True
KEGG,cge05034,2,107,10029,"['CgPICR_009863', 'CgPICR_009864']","['CgPICR_009863', 'CgPICR_009864']",0.0002,0.034,Alcoholism,25,True,True
InterPro,IPR009072,3,90,10029,"['CgPICR_009863', 'CgPICR_009864', 'I79_018217']","['CgPICR_009863', 'CgPICR_009864', 'I79_018217']",5.69e-07,0.0037,Histone-fold,25,True,True
PMID,PMID:26866676,2,4,10029,"['CgPICR_009863', 'CgPICR_009864']","['CgPICR_009863', 'CgPICR_009864']",5.26e-07,0.0145,(2016) Hydroxyphenylation of Histone Lysines: Post-translational Modification by Quinone Imines.,25,True,False
NetworkNeighborAL,CL:7252,3,65,10029,"['CgPICR_009863', 'CgPICR_009864', 'I79_018217']","['CgPICR_009863', 'CgPICR_009864', 'I79_018217']",2.2e-07,0.00093,Structural constituent of chromatin,25,True,True
NetworkNeighborAL,CL:7311,2,5,10029,"['CgPICR_009863', 'CgPICR_009864']","['CgPICR_009863', 'CgPICR_009864']",7.36e-07,0.00093,"Histone H3/CENP-A, and Histone H4",25,True,True
PMID,PMID:35427160,3,34,10029,"['Fgf12', 'I79_004399', 'Fgfr1']","['Fgf12', 'I79_004399', 'Fgf1']",4.08e-07,0.0053,(2022) Egr1 is a 3D matrix-specific mediator of mechanosensitive stem cell lineage commitment.,27,True,False
PMID,PMID:36683856,3,26,10029,"['Fgf12', 'Prnp', 'Fgfr1']","['Fgf12', 'Prnp', 'Fgf1']",1.92e-07,0.0053,(2022) The cellular model for Alzheimers disease research: PC12 cells.,27,True,False
PMID,PMID:34509473,3,26,10029,"['Fgf12', 'Fgfr1', 'Clu']","['Fgf12', 'Fgf1', 'Clu']",1.92e-07,0.0053,(2021) ADAM17 mediates ectodomain shedding of the soluble VLDL receptor fragment in the retinal epithelium.,27,True,False
PMID,PMID:33203181,3,28,10029,"['I79_004399', 'Prnp', 'Clu']","['I79_004399', 'Prnp', 'Clu']",2.36e-07,0.0053,(2020) Extracellular Vesicles in Alzheimers and Parkinsons Disease: Small Entities with Large Consequences.,27,True,False
PMID,PMID:29867354,3,34,10029,"['Fgf12', 'Prnp', 'Fgfr1']","['Fgf12', 'Prnp', 'Fgf1']",4.08e-07,0.0053,(2018) Emerging Biosensing Technologies for Neuroinflammatory and Neurodegenerative Disease Diagnostics.,27,True,False
PMID,PMID:26731579,3,31,10029,"['Fgf12', 'Fgfr1', 'Clu']","['Fgf12', 'Fgf1', 'Clu']",3.14e-07,0.0053,(2016) Expanding the 3-O-Sulfate Proteome--Enhanced Binding of Neuropilin-1 to 3-O-Sulfated Heparan Sulfate Modulates Its Activity.,27,True,False
PMID,PMID:23908655,2,3,10029,"['Prnp', 'Fgfr1']","['Prnp', 'Fgf1']",1.58e-06,0.0062,(2013) Expression of recombinant antibodies.,27,True,False
PMID,PMID:36978796,3,58,10029,"['Fgf12', 'Fgfr1', 'Clu']","['Fgf12', 'Fgf1', 'Clu']",1.88e-06,0.0065,(2023) Oxidative Stress and Inflammation in Acute and Chronic Lung Injuries.,27,True,False
PMID,PMID:37371574,2,8,10029,"['Prnp', 'Clu']","['Prnp', 'Clu']",7.09e-06,0.0217,(2023) (Patho)Physiology of Glycosylphosphatidylinositol-Anchored Proteins II: Intercellular Transfer of Matter (Inheritance?) That Matters.,27,True,False
PMID,PMID:27799753,2,9,10029,"['Prnp', 'Clu']","['Prnp', 'Clu']",8.66e-06,0.0238,"(2016) Mutations, associated with early-onset Alzheimers disease, discovered in Asian countries.",27,True,False
PMID,PMID:34867353,2,10,10029,"['Fgf12', 'Fgfr1']","['Fgf12', 'Fgf1']",1.04e-05,0.026,(2021) Peptibody Based on FGFR1-Binding Peptides From the FGF4 Sequence as a Cancer-Targeting Agent.,27,True,False
TISSUES,BTO:0000078,2,13,10029,"['Cd68', 'I79_015109']","['Cd68', 'I79_015109']",2.86e-05,0.0345,Microglia,28,True,True
TISSUES,BTO:0000570,7,1926,10029,"['I79_000266', 'Cd68', 'Csf2', 'Dnajb1', 'Clk1', 'I79_015109', 'Serpinf1']","['I79_000266', 'Cd68', 'Csf2', 'Dnajb1', 'Clk1', 'I79_015109', 'Serpinf1']",2.49e-05,0.0345,Hematopoietic system,28,True,True
TISSUES,BTO:0000573,3,97,10029,"['Cd68', 'Gpr176', 'I79_015109']","['Cd68', 'Gpr176', 'I79_015109']",1.97e-05,0.0345,Artery,28,True,True
TISSUES,BTO:0000801,3,92,10029,"['Cd68', 'Csf2', 'I79_015109']","['Cd68', 'Csf2', 'I79_015109']",1.69e-05,0.0345,Macrophage,28,True,True
TISSUES,BTO:0000539,2,35,10029,"['Csf2', 'I79_015109']","['Csf2', 'I79_015109']",0.00018,0.0368,Granulocyte,28,True,True
TISSUES,BTO:0000876,2,28,10029,"['Csf2', 'I79_015109']","['Csf2', 'I79_015109']",0.00012,0.0368,Monocyte,28,True,True
TISSUES,BTO:0004850,2,32,10029,"['Csf2', 'I79_015109']","['Csf2', 'I79_015109']",0.00015,0.0368,Bone marrow cell,28,True,True
TISSUES,BTO:0005810,6,1824,10029,"['Cd68', 'Csf2', 'Dnajb1', 'Clk1', 'I79_015109', 'Serpinf1']","['Cd68', 'Csf2', 'Dnajb1', 'Clk1', 'I79_015109', 'Serpinf1']",0.00021,0.0368,Immune system,28,True,True
TISSUES,BTO:0000721,2,43,10029,"['Csf2', 'I79_015109']","['Csf2', 'I79_015109']",0.00027,0.04,Leg,28,True,True
TISSUES,BTO:0000135,2,56,10029,"['Cd68', 'Gpr176']","['Cd68', 'Gpr176']",0.00044,0.0477,Aorta,28,True,True
PMID,PMID:20883967,3,22,10029,"['Cd68', 'Csf2', 'I79_015109']","['Cd68', 'Csf2', 'I79_015109']",2.88e-07,0.0079,(2010) Intrinsic antibody-dependent enhancement of microbial infection in macrophages: disease regulation by immune complexes.,28,True,False
PMID,PMID:31921102,3,37,10029,"['Cd68', 'Csf2', 'I79_015109']","['Cd68', 'Csf2', 'I79_015109']",1.23e-06,0.0169,(2019) More Than Just Attractive: How CCL2 Influences Myeloid Cell Behavior Beyond Chemotaxis.,28,True,False
PMID,PMID:37482587,2,4,10029,"['I79_015109', 'Bag3']","['I79_015109', 'Bag3']",4.1e-06,0.0251,(2023) Monitoring and modelling the glutamine metabolic pathway: a review and future perspectives.,28,True,False
PMID,PMID:37815903,2,5,10029,"['Cd68', 'I79_015109']","['Cd68', 'I79_015109']",5.73e-06,0.0251,"(2023) Role of Microglia, Decreased Neurogenesis and Oligodendrocyte Depletion in Long COVID-Mediated Brain Impairments.",28,True,False
PMID,PMID:35454826,2,4,10029,"['Csf2', 'I79_015109']","['Csf2', 'I79_015109']",4.1e-06,0.0251,(2022) Clinical Phenotype and Management of Severe Neurotoxicity Observed in Patients with Neuroblastoma Treated with Dinutuximab Beta in Clinical Trials.,28,True,False
PMID,PMID:36258005,2,3,10029,"['I79_015109', 'Isg15']","['I79_015109', 'Isg15']",2.73e-06,0.0251,"(2022) Infection, pathology and interferon treatment of the SARS-CoV-2 Omicron BA.1 variant in juvenile, adult and aged Syrian hamsters.",28,True,False
PMID,PMID:32110869,2,3,10029,"['Cd68', 'I79_015109']","['Cd68', 'I79_015109']",2.73e-06,0.0251,(2020) Biological Reactions to Metal Particles and Ions in the Synovial Layer of Mice.,28,True,False
PMID,PMID:29734775,2,5,10029,"['Cd68', 'Csf2']","['Cd68', 'Csf2']",5.73e-06,0.0251,(2018) Characterization of an N-Terminal Non-Core Domain of RAG1 Gene Disrupted Syrian Hamster Model Generated by CRISPR Cas9.,28,True,False
PMID,PMID:23914298,2,6,10029,"['Cd68', 'I79_015109']","['Cd68', 'I79_015109']",7.64e-06,0.0251,(2013) Subcutaneous Adipose Tissue Transplantation in Diet-Induced Obese Mice Attenuates Metabolic Dysregulation While Removal Exacerbates It.,28,True,False
PMID,PMID:36964133,3,99,10029,"['Csf2', 'I79_015109', 'Isg15']","['Csf2', 'I79_015109', 'Isg15']",2.1e-05,0.027,(2023) Mechanisms of obesity- and diabetes mellitus-related pancreatic carcinogenesis: a comprehensive and systematic review.,28,True,False
PMID,PMID:37004544,2,7,10029,"['Cd68', 'Isg15']","['Cd68', 'Isg15']",9.82e-06,0.027,(2023) Direct and indirect impact of SARS-CoV-2 on the brain.,28,True,False
PMID,PMID:37433004,2,10,10029,"['Cd68', 'I79_015109']","['Cd68', 'I79_015109']",1.8e-05,0.027,"(2023) Skewing cPLA2alpha activity toward oxoeicosanoid production promotes neutrophil N2 polarization, wound healing, and the response to sepsis.",28,True,False
PMID,PMID:37623322,2,7,10029,"['Csf2', 'Isg15']","['Csf2', 'Isg15']",9.82e-06,0.027,(2023) SARS-CoV-2 ORF8 accessory protein is a virulence factor.,28,True,False
PMID,PMID:37745581,3,77,10029,"['Csf2', 'I79_015109', 'Isg15']","['Csf2', 'I79_015109', 'Isg15']",1.01e-05,0.027,"(2023) The white-footed deermouse, an infection-tolerant reservoir for several zoonotic agents, tempers interferon responses to endotoxin in comparison to the mouse and rat.",28,True,False
PMID,PMID:34995117,2,12,10029,"['I79_015109', 'Isg15']","['I79_015109', 'Isg15']",2.48e-05,0.027,(2022) A lethal mouse model for evaluating vaccine-associated enhanced respiratory disease during SARS-CoV-2 infection.,28,True,False
PMID,PMID:35420469,2,9,10029,"['Csf2', 'I79_015109']","['Csf2', 'I79_015109']",1.5e-05,0.027,(2022) The Delta SARS-CoV-2 Variant of Concern Induces Distinct Pathogenic Patterns of Respiratory Disease in K18-hACE2 Transgenic Mice Compared to the Ancestral Strain from Wuhan.,28,True,False
PMID,PMID:36005818,2,10,10029,"['Csf2', 'I79_015109']","['Csf2', 'I79_015109']",1.8e-05,0.027,(2022) Immunological and Pathological Peculiarity of Severe Acute Respiratory Syndrome Coronavirus 2 Beta Variant.,28,True,False
PMID,PMID:36129987,2,10,10029,"['Csf2', 'I79_015109']","['Csf2', 'I79_015109']",1.8e-05,0.027,(2022) PD-1PD-L1 blockade abrogates a dysfunctional innate-adaptive immune axis in critical beta-coronavirus disease.,28,True,False
PMID,PMID:33465158,2,9,10029,"['Cd68', 'Csf2']","['Cd68', 'Csf2']",1.5e-05,0.027,(2021) K18-hACE2 mice develop respiratory disease resembling severe COVID-19.,28,True,False
PMID,PMID:32631338,2,10,10029,"['Cd68', 'I79_015109']","['Cd68', 'I79_015109']",1.8e-05,0.027,(2020) Improvement in serum lipids and liver morphology after supplementation of the diet with fish oil is more evident under regular feeding conditions than under high-fat or mixed diets in rats.,28,True,False
PMID,PMID:32803199,2,9,10029,"['Cd68', 'Csf2']","['Cd68', 'Csf2']",1.5e-05,0.027,(2020) K18-hACE2 mice develop respiratory disease resembling severe COVID-19.,28,True,False
PMID,PMID:31145445,2,9,10029,"['Cd68', 'I79_015109']","['Cd68', 'I79_015109']",1.5e-05,0.027,(2019) Developments in the Role of Endothelin-1 in Atherosclerosis: A Potential Therapeutic Target?,28,True,False
PMID,PMID:28053943,2,7,10029,"['Cd68', 'Csf2']","['Cd68', 'Csf2']",9.82e-06,0.027,(2017) Novel oncolytic viral therapies in patients with thoracic malignancies.,28,True,False
PMID,PMID:28611668,2,10,10029,"['Cd68', 'I79_015109']","['Cd68', 'I79_015109']",1.8e-05,0.027,"(2017) Selective Tissue Distribution Mediates Tissue-Dependent PPARgamma Activation and Insulin Sensitization by INT131, a Selective PPARgamma Modulator.",28,True,False
PMID,PMID:29101840,2,7,10029,"['Cd68', 'Csf2']","['Cd68', 'Csf2']",9.82e-06,0.027,(2017) Ex vivo culture of human atherosclerotic plaques: A model to study immune cells in atherogenesis.,28,True,False
PMID,PMID:27146354,2,10,10029,"['Csf2', 'I79_015109']","['Csf2', 'I79_015109']",1.8e-05,0.027,(2016) Marginal zone B cells exacerbate endotoxic shock via interleukin-6 secretion induced by FcalphamuR-coupled TLR4 signalling.,28,True,False
PMID,PMID:18798913,2,8,10029,"['Csf2', 'I79_015109']","['Csf2', 'I79_015109']",1.23e-05,0.027,(2008) The C3HHeJ mouse and DEBR rat models for alopecia areata: review of preclinical drug screening approaches and results.,28,True,False
PMID,PMID:27886126,2,13,10029,"['Csf2', 'I79_015109']","['Csf2', 'I79_015109']",2.86e-05,0.0281,"(2016) Inebilizumab, a B Cell-Depleting Anti-CD19 Antibody for the Treatment of Autoimmune Neurological Diseases: Insights from Preclinical Studies.",28,True,False
PMID,PMID:33081206,2,14,10029,"['Cd68', 'Csf2']","['Cd68', 'Csf2']",3.27e-05,0.031,(2020) IgE Antibodies against Cancer: Efficacy and Safety.,28,True,False
PMID,PMID:26562011,2,14,10029,"['Csf2', 'Isg15']","['Csf2', 'Isg15']",3.27e-05,0.031,(2015) Interferon-gamma Inhibits Ebola Virus Infection.,28,True,False
PMID,PMID:23566200,2,14,10029,"['Cd68', 'Csf2']","['Cd68', 'Csf2']",3.27e-05,0.031,(2013) TGR5 signalling inhibits the production of pro-inflammatory cytokines by in vitro differentiated inflammatory and intestinal macrophages in Crohns disease.,28,True,False
PMID,PMID:21677799,2,15,10029,"['Cd68', 'I79_015109']","['Cd68', 'I79_015109']",3.7e-05,0.0318,"(2011) Genes, autoimmunity and pathogenesis of rheumatic heart disease.",28,True,False
PMID,PMID:31936187,2,16,10029,"['Cd68', 'I79_015109']","['Cd68', 'I79_015109']",4.16e-05,0.0347,(2020) New Insights into the Biological and Pharmaceutical Properties of Royal Jelly.,28,True,False
PMID,PMID:37830818,2,17,10029,"['Cd68', 'Isg15']","['Cd68', 'Isg15']",4.65e-05,0.0376,(2023) SARS-CoV-2 replicates in the human testis with slow kinetics and has no major deleterious effects ex vivo.,28,True,False
PMID,PMID:35752645,2,17,10029,"['Cd68', 'Csf2']","['Cd68', 'Csf2']",4.65e-05,0.0376,(2022) Long-term hematopoietic stem cells as a parasite niche during treatment failure in visceral leishmaniasis.,28,True,False
PMID,PMID:36436807,2,18,10029,"['Cd68', 'I79_015109']","['Cd68', 'I79_015109']",5.17e-05,0.0395,(2022) Repression of the iron exporter ferroportin may contribute to hepatocyte iron overload in individuals with type 2 diabetes.,28,True,False
PMID,PMID:30609802,2,18,10029,"['Isg15', 'Bag3']","['Isg15', 'Bag3']",5.17e-05,0.0395,(2019) Host and Viral Proteins Modulating Ebola and Marburg Virus Egress.,28,True,False
PMID,PMID:37737611,2,19,10029,"['Cd68', 'Isg15']","['Cd68', 'Isg15']",5.71e-05,0.0413,(2023) Cell-intrinsic and -extrinsic effects of SARS-CoV-2 RNA on pathogenesis: single-cell meta-analysis.,28,True,False
PMID,PMID:38034686,2,19,10029,"['Cd68', 'Isg15']","['Cd68', 'Isg15']",5.71e-05,0.0413,(2023) SARS-CoV-2 activates the TLR4MyD88 pathway in human macrophages: A possible correlation with strong pro-inflammatory responses in severe COVID-19.,28,True,False
PMID,PMID:36450704,2,19,10029,"['Csf2', 'I79_015109']","['Csf2', 'I79_015109']",5.71e-05,0.0413,"(2022) Meet changes with constancy: Defence, antagonism, recovery, and immunity roles of extracellular vesicles in confronting SARS-CoV-2.",28,True,False
PMID,PMID:36542694,2,20,10029,"['Cd68', 'Isg15']","['Cd68', 'Isg15']",6.28e-05,0.0421,(2022) Persistent post-COVID-19 smell loss is associated with immune cell infiltration and altered gene expression in olfactory epithelium.,28,True,False
PMID,PMID:33180876,2,20,10029,"['Cd68', 'Csf2']","['Cd68', 'Csf2']",6.28e-05,0.0421,(2020) In-situ proliferation contributes to the accumulation of myeloid cells in the spleen during progressive experimental visceral leishmaniasis.,28,True,False
PMID,PMID:28674110,2,20,10029,"['Cd68', 'I79_015109']","['Cd68', 'I79_015109']",6.28e-05,0.0421,(2017) A Cytokine-Like Protein Dickkopf-Related Protein 3 Is Atheroprotective.,28,True,False
PMID,PMID:35437144,2,21,10029,"['Csf2', 'Isg15']","['Csf2', 'Isg15']",6.87e-05,0.043,(2022) Multi-omics insights into host-viral response and pathogenesis in Crimean-Congo hemorrhagic fever viruses for novel therapeutic target.,28,True,False
PMID,PMID:33836156,2,21,10029,"['Csf2', 'I79_015109']","['Csf2', 'I79_015109']",6.87e-05,0.043,(2021) TOP1 inhibition therapy protects against SARS-CoV-2-induced lethal inflammation.,28,True,False
PMID,PMID:21805404,2,21,10029,"['Cd68', 'I79_015109']","['Cd68', 'I79_015109']",6.87e-05,0.043,"(2011) The discovery of LOX-1, its ligands and clinical significance.",28,True,False
PMID,PMID:38009950,2,22,10029,"['Cd68', 'Isg15']","['Cd68', 'Isg15']",7.5e-05,0.0439,(2024) Spatiotemporal analysis of SARS-CoV-2 infection reveals an expansive wave of monocyte-derived macrophages associated with vascular damage and virus clearance in hamster lungs.,28,True,False
PMID,PMID:35159190,2,22,10029,"['Csf2', 'I79_015109']","['Csf2', 'I79_015109']",7.5e-05,0.0439,(2022) From Drosophila to Human: Biological Function of E3 Ligase Godzilla and Its Role in Disease.,28,True,False
PMID,PMID:31979268,2,23,10029,"['Cd68', 'Csf2']","['Cd68', 'Csf2']",8.14e-05,0.0457,(2020) The Role of Bone Morphogenetic Protein 7 (BMP-7) in Inflammation in Heart Diseases.,28,True,False
PMID,PMID:23875025,2,23,10029,"['Cd68', 'Isg15']","['Cd68', 'Isg15']",8.14e-05,0.0457,(2013) The cationic cytokine IL-26 differentially modulates virus infection in culture.,28,True,False
RCTM,MAP-3371453,3,102,10029,"['Dnajb1', 'I79_016446', 'Bag3']","['Dnajb1', 'I79_016446', 'Bag3']",2.29e-05,0.0391,Regulation of HSF1-mediated heat shock response,28,True,True
COMPARTMENTS,GOCC:0005576,6,1287,10029,"['Il19', 'S100a16', 'I79_011674', 'Ptprz1', 'Col8a1', 'Ccn2']","['Il19', 'S100a16', 'I79_011674', 'Ptprz1', 'Col8a1', 'Ccn2']",1.73e-05,0.034,Extracellular region,33,True,True
Component,GO:0005615,7,1322,10029,"['Il19', 'S100a16', 'I79_011674', 'Ptprz1', 'Col8a1', 'Sema3a', 'Ccn2']","['Il19', 'S100a16', 'I79_011674', 'Ptprz1', 'Col8a1', 'Sema3a', 'Ccn2']",1.01e-06,0.0017,Extracellular space,33,True,True
Keyword,KW-0648,3,176,10029,"['I79_009808', 'I79_013985', 'I79_025066']","['I79_009808', 'I79_013985', 'I79_025066']",1.65e-06,0.00057,Protein biosynthesis,34,True,True
Keyword,KW-0251,2,54,10029,"['I79_013985', 'I79_025066']","['I79_013985', 'I79_025066']",3.23e-05,0.0055,Elongation factor,34,True,True
COMPARTMENTS,GOCC:0015630,8,861,10029,"['Ccnb2', 'Kif2c', 'Dlgap5', 'Cdca8', 'I79_011096', 'Ccnb1', 'Knstrn', 'Prc1']","['Ccnb2', 'Kif2c', 'Dlgap5', 'Cdca8', 'I79_011096', 'Ccnb1', 'Knstrn', 'Prc1']",3.55e-06,0.007,Microtubule cytoskeleton,35,True,True
COMPARTMENTS,GOCC:0098687,5,227,10029,"['Cenpa', 'Kif2c', 'Dna2', 'Cdca8', 'Knstrn']","['Cenpa', 'Kif2c', 'Dna2', 'Cdca8', 'Knstrn']",5.6e-06,0.007,Chromosomal region,35,True,True
COMPARTMENTS,GOCC:0000775,4,165,10029,"['Cenpa', 'Kif2c', 'Cdca8', 'Knstrn']","['Cenpa', 'Kif2c', 'Cdca8', 'Knstrn']",3.73e-05,0.0244,"Chromosome, centromeric region",35,True,True
COMPARTMENTS,GOCC:0043229,21,9624,10029,"['Ccnb2', 'Tfrc', 'Cenpa', 'Kif2c', 'Nusap1', 'Txnip', 'Dlgap5', 'Dna2', 'Pole', 'Cdca8', 'Ranbp3l', 'I79_011096', 'I79_011106', 'Ube2c', 'Ccnb1', 'Bard1', 'Adam8', 'Ccn2', 'Knstrn', 'I79_023069', 'Prc1']","['Ccnb2', 'Tfrc', 'Cenpa', 'Kif2c', 'Nusap1', 'Txnip', 'Dlgap5', 'Dna2', 'Pole', 'Cdca8', 'Ranbp3l', 'I79_011096', 'I79_011106', 'Ube2c', 'Ccnb1', 'Bard1', 'Adam8', 'Ccn2', 'Knstrn', 'I79_023069', 'Prc1']",8.5e-05,0.0416,Intracellular organelle,35,True,True
COMPARTMENTS,GOCC:0005622,24,12999,10029,"['Ccnb2', 'Tfrc', 'Cenpa', 'Kif2c', 'Nusap1', 'Txnip', 'Dlgap5', 'Dna2', 'S100a16', 'Pole', 'Cdca8', 'Ccne2', 'Ranbp3l', 'I79_011096', 'I79_011106', 'Ube2c', 'Ccnb1', 'Bard1', 'Top2a', 'Adam8', 'Ccn2', 'Knstrn', 'I79_023069', 'Prc1']","['Ccnb2', 'Tfrc', 'Cenpa', 'Kif2c', 'Nusap1', 'Txnip', 'Dlgap5', 'Dna2', 'S100a16', 'Pole', 'Cdca8', 'Ccne2', 'Ranbp3l', 'I79_011096', 'I79_011106', 'Ube2c', 'Ccnb1', 'Bard1', 'Top2a', 'Adam8', 'Ccn2', 'Knstrn', 'I79_023069', 'Prc1']",0.00015,0.0485,Intracellular,35,True,True
Process,GO:0007049,17,1118,10029,"['Ccnb2', 'Cenpa', 'Kif2c', 'Nusap1', 'Txnip', 'Dlgap5', 'Dna2', 'Pole', 'Cdca8', 'Ccne2', 'I79_011096', 'Ube2c', 'Ccnb1', 'Top2a', 'Knstrn', 'Prc1', 'Plk1']","['Ccnb2', 'Cenpa', 'Kif2c', 'Nusap1', 'Txnip', 'Dlgap5', 'Dna2', 'Pole', 'Cdca8', 'Ccne2', 'I79_011096', 'Ube2c', 'Ccnb1', 'Top2a', 'Knstrn', 'Prc1', 'Plk1']",1.52e-16,1.92e-12,Cell cycle,35,True,True
Process,GO:1903047,13,544,10029,"['Cenpa', 'Kif2c', 'Nusap1', 'Dlgap5', 'Dna2', 'Pole', 'Cdca8', 'Ccne2', 'I79_011096', 'Ube2c', 'Knstrn', 'Prc1', 'Plk1']","['Cenpa', 'Kif2c', 'Nusap1', 'Dlgap5', 'Dna2', 'Pole', 'Cdca8', 'Ccne2', 'I79_011096', 'Ube2c', 'Knstrn', 'Prc1', 'Plk1']",7.75e-15,4.9e-11,Mitotic cell cycle process,35,True,True
Process,GO:0022402,14,831,10029,"['Cenpa', 'Kif2c', 'Nusap1', 'Dlgap5', 'Dna2', 'Pole', 'Cdca8', 'Ccne2', 'I79_011096', 'Ube2c', 'Top2a', 'Knstrn', 'Prc1', 'Plk1']","['Cenpa', 'Kif2c', 'Nusap1', 'Dlgap5', 'Dna2', 'Pole', 'Cdca8', 'Ccne2', 'I79_011096', 'Ube2c', 'Top2a', 'Knstrn', 'Prc1', 'Plk1']",5.61e-14,2.37e-10,Cell cycle process,35,True,True
Process,GO:0007059,9,307,10029,"['Kif2c', 'Nusap1', 'Dlgap5', 'Cdca8', 'Ccne2', 'Top2a', 'Knstrn', 'Prc1', 'Plk1']","['Kif2c', 'Nusap1', 'Dlgap5', 'Cdca8', 'Ccne2', 'Top2a', 'Knstrn', 'Prc1', 'Plk1']",4.19e-11,1.06e-07,Chromosome segregation,35,True,True
Process,GO:0000280,9,324,10029,"['Kif2c', 'Nusap1', 'Cdca8', 'Ccne2', 'Ube2c', 'Top2a', 'Knstrn', 'Prc1', 'Plk1']","['Kif2c', 'Nusap1', 'Cdca8', 'Ccne2', 'Ube2c', 'Top2a', 'Knstrn', 'Prc1', 'Plk1']",6.68e-11,1.41e-07,Nuclear division,35,True,True
Process,GO:0051276,12,966,10029,"['Cenpa', 'Kif2c', 'Nusap1', 'Dlgap5', 'Dna2', 'Cdca8', 'Ccne2', 'I79_011106', 'Top2a', 'Knstrn', 'Prc1', 'Plk1']","['Cenpa', 'Kif2c', 'Nusap1', 'Dlgap5', 'Dna2', 'Cdca8', 'Ccne2', 'I79_011106', 'Top2a', 'Knstrn', 'Prc1', 'Plk1']",2.03e-10,3.21e-07,Chromosome organization,35,True,True
Process,GO:0098813,8,238,10029,"['Kif2c', 'Nusap1', 'Cdca8', 'Ccne2', 'Top2a', 'Knstrn', 'Prc1', 'Plk1']","['Kif2c', 'Nusap1', 'Cdca8', 'Ccne2', 'Top2a', 'Knstrn', 'Prc1', 'Plk1']",2.11e-10,3.21e-07,Nuclear chromosome segregation,35,True,True
Process,GO:0051301,9,412,10029,"['Ccnb2', 'Cenpa', 'Kif2c', 'Nusap1', 'Cdca8', 'Ccnb1', 'Top2a', 'Knstrn', 'Plk1']","['Ccnb2', 'Cenpa', 'Kif2c', 'Nusap1', 'Cdca8', 'Ccnb1', 'Top2a', 'Knstrn', 'Plk1']",5.31e-10,6.71e-07,Cell division,35,True,True
Process,GO:0000819,7,162,10029,"['Kif2c', 'Nusap1', 'Cdca8', 'Top2a', 'Knstrn', 'Prc1', 'Plk1']","['Kif2c', 'Nusap1', 'Cdca8', 'Top2a', 'Knstrn', 'Prc1', 'Plk1']",6.15e-10,7.07e-07,Sister chromatid segregation,35,True,True
Process,GO:0140014,7,195,10029,"['Kif2c', 'Nusap1', 'Cdca8', 'Ube2c', 'Knstrn', 'Prc1', 'Plk1']","['Kif2c', 'Nusap1', 'Cdca8', 'Ube2c', 'Knstrn', 'Prc1', 'Plk1']",2.14e-09,2.25e-06,Mitotic nuclear division,35,True,True
Process,GO:1902850,6,122,10029,"['Cenpa', 'Nusap1', 'Dlgap5', 'I79_011096', 'Prc1', 'Plk1']","['Cenpa', 'Nusap1', 'Dlgap5', 'I79_011096', 'Prc1', 'Plk1']",5.66e-09,5.51e-06,Microtubule cytoskeleton organization involved in mitosis,35,True,True
Process,GO:0000070,6,140,10029,"['Kif2c', 'Nusap1', 'Cdca8', 'Knstrn', 'Prc1', 'Plk1']","['Kif2c', 'Nusap1', 'Cdca8', 'Knstrn', 'Prc1', 'Plk1']",1.25e-08,1.13e-05,Mitotic sister chromatid segregation,35,True,True
Process,GO:0051726,10,1071,10029,"['Nusap1', 'Dlgap5', 'Dna2', 'Ccne2', 'I79_011096', 'Ube2c', 'Ccn2', 'Knstrn', 'Prc1', 'Plk1']","['Nusap1', 'Dlgap5', 'Dna2', 'Ccne2', 'I79_011096', 'Ube2c', 'Ccn2', 'Knstrn', 'Prc1', 'Plk1']",1.43e-07,0.00012,Regulation of cell cycle,35,True,True
Process,GO:0000226,8,624,10029,"['Cenpa', 'Kif2c', 'Nusap1', 'Dlgap5', 'I79_011096', 'Knstrn', 'Prc1', 'Plk1']","['Cenpa', 'Kif2c', 'Nusap1', 'Dlgap5', 'I79_011096', 'Knstrn', 'Prc1', 'Plk1']",3.26e-07,0.00026,Microtubule cytoskeleton organization,35,True,True
Process,GO:0010564,8,706,10029,"['Nusap1', 'Dna2', 'I79_011096', 'Ube2c', 'Ccn2', 'Knstrn', 'Prc1', 'Plk1']","['Nusap1', 'Dna2', 'I79_011096', 'Ube2c', 'Ccn2', 'Knstrn', 'Prc1', 'Plk1']",8.19e-07,0.00061,Regulation of cell cycle process,35,True,True
Process,GO:0044772,5,164,10029,"['Pole', 'Ccne2', 'I79_011096', 'Ube2c', 'Plk1']","['Pole', 'Ccne2', 'I79_011096', 'Ube2c', 'Plk1']",1.19e-06,0.00083,Mitotic cell cycle phase transition,35,True,True
Process,GO:0051656,6,387,10029,"['Cenpa', 'Kif2c', 'Nusap1', 'Cdca8', 'I79_011096', 'Plk1']","['Cenpa', 'Kif2c', 'Nusap1', 'Cdca8', 'I79_011096', 'Plk1']",4.2e-06,0.0027,Establishment of organelle localization,35,True,True
Process,GO:0051983,4,111,10029,"['Kif2c', 'I79_011096', 'Ube2c', 'Plk1']","['Kif2c', 'I79_011096', 'Ube2c', 'Plk1']",8.19e-06,0.0047,Regulation of chromosome segregation,35,True,True
Process,GO:0006996,14,3632,10029,"['Cenpa', 'Kif2c', 'Nusap1', 'Dlgap5', 'Dna2', 'Cdca8', 'Ccne2', 'I79_011096', 'I79_011106', 'Ube2c', 'Top2a', 'Knstrn', 'Prc1', 'Plk1']","['Cenpa', 'Kif2c', 'Nusap1', 'Dlgap5', 'Dna2', 'Cdca8', 'Ccne2', 'I79_011096', 'I79_011106', 'Ube2c', 'Top2a', 'Knstrn', 'Prc1', 'Plk1']",1e-05,0.0055,Organelle organization,35,True,True
Process,GO:0040001,3,43,10029,"['Cenpa', 'Nusap1', 'Plk1']","['Cenpa', 'Nusap1', 'Plk1']",1.89e-05,0.01,Establishment of mitotic spindle localization,35,True,True
Process,GO:0007051,4,155,10029,"['Dlgap5', 'I79_011096', 'Knstrn', 'Prc1']","['Dlgap5', 'I79_011096', 'Knstrn', 'Prc1']",2.94e-05,0.0148,Spindle organization,35,True,True
Process,GO:0010965,3,73,10029,"['I79_011096', 'Ube2c', 'Plk1']","['I79_011096', 'Ube2c', 'Plk1']",8.55e-05,0.0361,Regulation of mitotic sister chromatid separation,35,True,True
Process,GO:0000281,3,74,10029,"['Cenpa', 'Nusap1', 'Plk1']","['Cenpa', 'Nusap1', 'Plk1']",8.89e-05,0.0363,Mitotic cytokinesis,35,True,True
Process,GO:0033045,3,82,10029,"['I79_011096', 'Ube2c', 'Plk1']","['I79_011096', 'Ube2c', 'Plk1']",0.00012,0.0472,Regulation of sister chromatid segregation,35,True,True
Process,GO:0006271,2,13,10029,"['Dna2', 'Pole']","['Dna2', 'Pole']",0.00013,0.049,DNA strand elongation involved in DNA replication,35,True,True
Process,GO:0051382,2,13,10029,"['Cenpa', 'Dlgap5']","['Cenpa', 'Dlgap5']",0.00013,0.049,Kinetochore assembly,35,True,True
Process,GO:0007052,3,86,10029,"['Dlgap5', 'I79_011096', 'Prc1']","['Dlgap5', 'I79_011096', 'Prc1']",0.00014,0.0495,Mitotic spindle organization,35,True,True
Process,GO:0045132,3,86,10029,"['Ccne2', 'Top2a', 'Plk1']","['Ccne2', 'Top2a', 'Plk1']",0.00014,0.0495,Meiotic chromosome segregation,35,True,True
Component,GO:0043232,20,4832,10029,"['Ccnb2', 'Cenpa', 'Kif2c', 'Nusap1', 'Dlgap5', 'Dna2', 'S100a16', 'Pole', 'Cdca8', 'Ccne2', 'I79_011096', 'I79_011106', 'Ccnb1', 'Bard1', 'Commd8', 'Top2a', 'Adam8', 'Knstrn', 'Prc1', 'Plk1']","['Ccnb2', 'Cenpa', 'Kif2c', 'Nusap1', 'Dlgap5', 'Dna2', 'S100a16', 'Pole', 'Cdca8', 'Ccne2', 'I79_011096', 'I79_011106', 'Ccnb1', 'Bard1', 'Commd8', 'Top2a', 'Adam8', 'Knstrn', 'Prc1', 'Plk1']",2.72e-09,4.66e-06,Intracellular non-membrane-bounded organelle,35,True,True
Component,GO:0015630,12,1383,10029,"['Ccnb2', 'Kif2c', 'Nusap1', 'Dlgap5', 'Cdca8', 'Ccne2', 'I79_011096', 'Ccnb1', 'Top2a', 'Knstrn', 'Prc1', 'Plk1']","['Ccnb2', 'Kif2c', 'Nusap1', 'Dlgap5', 'Cdca8', 'Ccne2', 'I79_011096', 'Ccnb1', 'Top2a', 'Knstrn', 'Prc1', 'Plk1']",1.14e-08,6.52e-06,Microtubule cytoskeleton,35,True,True
Component,GO:0005856,14,2276,10029,"['Ccnb2', 'Kif2c', 'Nusap1', 'Dlgap5', 'Cdca8', 'Ccne2', 'I79_011096', 'Ccnb1', 'Commd8', 'Top2a', 'Adam8', 'Knstrn', 'Prc1', 'Plk1']","['Ccnb2', 'Kif2c', 'Nusap1', 'Dlgap5', 'Cdca8', 'Ccne2', 'I79_011096', 'Ccnb1', 'Commd8', 'Top2a', 'Adam8', 'Knstrn', 'Prc1', 'Plk1']",3.18e-08,1.36e-05,Cytoskeleton,35,True,True
Component,GO:0098687,7,337,10029,"['Cenpa', 'Kif2c', 'Dna2', 'Cdca8', 'Top2a', 'Knstrn', 'Plk1']","['Cenpa', 'Kif2c', 'Dna2', 'Cdca8', 'Top2a', 'Knstrn', 'Plk1']",8.35e-08,2.86e-05,Chromosomal region,35,True,True
Component,GO:0005815,9,803,10029,"['Ccnb2', 'Kif2c', 'Dlgap5', 'Ccne2', 'I79_011096', 'Ccnb1', 'Top2a', 'Knstrn', 'Plk1']","['Ccnb2', 'Kif2c', 'Dlgap5', 'Ccne2', 'I79_011096', 'Ccnb1', 'Top2a', 'Knstrn', 'Plk1']",1.56e-07,4.45e-05,Microtubule organizing center,35,True,True
Component,GO:0000775,6,242,10029,"['Cenpa', 'Kif2c', 'Cdca8', 'Top2a', 'Knstrn', 'Plk1']","['Cenpa', 'Kif2c', 'Cdca8', 'Top2a', 'Knstrn', 'Plk1']",2.9e-07,5.86e-05,"Chromosome, centromeric region",35,True,True
Component,GO:0005634,21,7069,10029,"['Ccnb2', 'Tfrc', 'Cenpa', 'Kif2c', 'Nusap1', 'Txnip', 'Dlgap5', 'Dna2', 'S100a16', 'Pole', 'Cdca8', 'Ccne2', 'I79_011106', 'Ube2c', 'Ccnb1', 'Bard1', 'Commd8', 'Top2a', 'Knstrn', 'Prc1', 'Plk1']","['Ccnb2', 'Tfrc', 'Cenpa', 'Kif2c', 'Nusap1', 'Txnip', 'Dlgap5', 'Dna2', 'S100a16', 'Pole', 'Cdca8', 'Ccne2', 'I79_011106', 'Ube2c', 'Ccnb1', 'Bard1', 'Commd8', 'Top2a', 'Knstrn', 'Prc1', 'Plk1']",3.28e-07,5.86e-05,Nucleus,35,True,True
Component,GO:0005813,8,599,10029,"['Ccnb2', 'Kif2c', 'Dlgap5', 'Ccne2', 'I79_011096', 'Ccnb1', 'Knstrn', 'Plk1']","['Ccnb2', 'Kif2c', 'Dlgap5', 'Ccne2', 'I79_011096', 'Ccnb1', 'Knstrn', 'Plk1']",2.4e-07,5.86e-05,Centrosome,35,True,True
Component,GO:0005819,7,400,10029,"['Kif2c', 'Nusap1', 'Dlgap5', 'Cdca8', 'Knstrn', 'Prc1', 'Plk1']","['Kif2c', 'Nusap1', 'Dlgap5', 'Cdca8', 'Knstrn', 'Prc1', 'Plk1']",2.61e-07,5.86e-05,Spindle,35,True,True
Component,GO:0043231,25,11255,10029,"['Ccnb2', 'Tfrc', 'Cenpa', 'Kif2c', 'Nusap1', 'Txnip', 'Dlgap5', 'Dna2', 'S100a16', 'Pole', 'Cdca8', 'Ccne2', 'Ranbp3l', 'I79_011106', 'Ube2c', 'Ccnb1', 'Bard1', 'Commd8', 'Top2a', 'Adam8', 'Ccn2', 'Knstrn', 'I79_023069', 'Prc1', 'Plk1']","['Ccnb2', 'Tfrc', 'Cenpa', 'Kif2c', 'Nusap1', 'Txnip', 'Dlgap5', 'Dna2', 'S100a16', 'Pole', 'Cdca8', 'Ccne2', 'Ranbp3l', 'I79_011106', 'Ube2c', 'Ccnb1', 'Bard1', 'Commd8', 'Top2a', 'Adam8', 'Ccn2', 'Knstrn', 'I79_023069', 'Prc1', 'Plk1']",7.29e-07,0.00011,Intracellular membrane-bounded organelle,35,True,True
Component,GO:0043229,26,12803,10029,"['Ccnb2', 'Tfrc', 'Cenpa', 'Kif2c', 'Nusap1', 'Txnip', 'Dlgap5', 'Dna2', 'S100a16', 'Pole', 'Cdca8', 'Ccne2', 'Ranbp3l', 'I79_011096', 'I79_011106', 'Ube2c', 'Ccnb1', 'Bard1', 'Commd8', 'Top2a', 'Adam8', 'Ccn2', 'Knstrn', 'I79_023069', 'Prc1', 'Plk1']","['Ccnb2', 'Tfrc', 'Cenpa', 'Kif2c', 'Nusap1', 'Txnip', 'Dlgap5', 'Dna2', 'S100a16', 'Pole', 'Cdca8', 'Ccne2', 'Ranbp3l', 'I79_011096', 'I79_011106', 'Ube2c', 'Ccnb1', 'Bard1', 'Commd8', 'Top2a', 'Adam8', 'Ccn2', 'Knstrn', 'I79_023069', 'Prc1', 'Plk1']",1.22e-06,0.00017,Intracellular organelle,35,True,True
Component,GO:0005694,9,1224,10029,"['Cenpa', 'Kif2c', 'Dna2', 'Pole', 'Cdca8', 'I79_011106', 'Top2a', 'Knstrn', 'Plk1']","['Cenpa', 'Kif2c', 'Dna2', 'Pole', 'Cdca8', 'I79_011106', 'Top2a', 'Knstrn', 'Plk1']",5.06e-06,0.00058,Chromosome,35,True,True
Component,GO:0051233,3,34,10029,"['Cdca8', 'Prc1', 'Plk1']","['Cdca8', 'Prc1', 'Plk1']",9.74e-06,0.001,Spindle midzone,35,True,True
Component,GO:0000793,5,268,10029,"['Cenpa', 'Kif2c', 'Top2a', 'Knstrn', 'Plk1']","['Cenpa', 'Kif2c', 'Top2a', 'Knstrn', 'Plk1']",1.23e-05,0.0012,Condensed chromosome,35,True,True
Component,GO:0000776,4,163,10029,"['Cenpa', 'Kif2c', 'Knstrn', 'Plk1']","['Cenpa', 'Kif2c', 'Knstrn', 'Plk1']",3.56e-05,0.0034,Kinetochore,35,True,True
Component,GO:0072686,4,166,10029,"['Nusap1', 'Knstrn', 'Prc1', 'Plk1']","['Nusap1', 'Knstrn', 'Prc1', 'Plk1']",3.82e-05,0.0034,Mitotic spindle,35,True,True
Component,GO:0005737,23,11693,10029,"['Ccnb2', 'Tfrc', 'Kif2c', 'Nusap1', 'Txnip', 'Dlgap5', 'Dna2', 'S100a16', 'Cdca8', 'Ccne2', 'Ranbp3l', 'I79_011096', 'I79_011106', 'Ccnb1', 'Bard1', 'Commd8', 'Top2a', 'Adam8', 'Ccn2', 'Knstrn', 'I79_023069', 'Prc1', 'Plk1']","['Ccnb2', 'Tfrc', 'Kif2c', 'Nusap1', 'Txnip', 'Dlgap5', 'Dna2', 'S100a16', 'Cdca8', 'Ccne2', 'Ranbp3l', 'I79_011096', 'I79_011106', 'Ccnb1', 'Bard1', 'Commd8', 'Top2a', 'Adam8', 'Ccn2', 'Knstrn', 'I79_023069', 'Prc1', 'Plk1']",0.0001,0.0082,Cytoplasm,35,True,True
Component,GO:0034451,3,87,10029,"['Dlgap5', 'Knstrn', 'Plk1']","['Dlgap5', 'Knstrn', 'Plk1']",0.00014,0.0105,Centriolar satellite,35,True,True
Component,GO:0042575,2,18,10029,"['Dna2', 'Pole']","['Dna2', 'Pole']",0.00023,0.0164,DNA polymerase complex,35,True,True
Component,GO:0061695,4,295,10029,"['Ccnb2', 'Dna2', 'Pole', 'Ccne2']","['Ccnb2', 'Dna2', 'Pole', 'Ccne2']",0.00034,0.023,"Transferase complex, transferring phosphorus-containing groups",35,True,True
Component,GO:0035371,2,25,10029,"['Kif2c', 'Knstrn']","['Kif2c', 'Knstrn']",0.00042,0.0277,Microtubule plus-end,35,True,True
Component,GO:1990234,6,894,10029,"['Ccnb2', 'Dna2', 'Pole', 'Ccne2', 'Ube2c', 'Bard1']","['Ccnb2', 'Dna2', 'Pole', 'Ccne2', 'Ube2c', 'Bard1']",0.00042,0.0277,Transferase complex,35,True,True
Function,GO:0008017,6,340,10029,"['Kif2c', 'Nusap1', 'Dlgap5', 'Knstrn', 'Prc1', 'Plk1']","['Kif2c', 'Nusap1', 'Dlgap5', 'Knstrn', 'Prc1', 'Plk1']",2.02e-06,0.0066,Microtubule binding,35,True,True
Function,GO:0016538,3,45,10029,"['Ccnb2', 'Ccne2', 'Ccnb1']","['Ccnb2', 'Ccne2', 'Ccnb1']",2.15e-05,0.0236,Cyclin-dependent protein serine/threonine kinase regulator activity,35,True,True
Function,GO:0005515,19,7697,10029,"['Tfrc', 'Cenpa', 'Kif2c', 'Nusap1', 'Txnip', 'Dlgap5', 'S100a16', 'Ccne2', 'Ranbp3l', 'I79_011096', 'Ube2c', 'Ccnb1', 'Bard1', 'Top2a', 'Adam8', 'Ccn2', 'Knstrn', 'Prc1', 'Plk1']","['Tfrc', 'Cenpa', 'Kif2c', 'Nusap1', 'Txnip', 'Dlgap5', 'S100a16', 'Ccne2', 'Ranbp3l', 'I79_011096', 'Ube2c', 'Ccnb1', 'Bard1', 'Top2a', 'Adam8', 'Ccn2', 'Knstrn', 'Prc1', 'Plk1']",5.58e-05,0.046,Protein binding,35,True,True
KEGG,cge04114,4,82,10029,"['Ccnb2', 'Ccne2', 'Ccnb1', 'Plk1']","['Ccnb2', 'Ccne2', 'Ccnb1', 'Plk1']",2.57e-06,0.00085,Oocyte meiosis,35,True,True
KEGG,cge04110,4,99,10029,"['Ccnb2', 'Ccne2', 'Ccnb1', 'Plk1']","['Ccnb2', 'Ccne2', 'Ccnb1', 'Plk1']",5.29e-06,0.00088,Cell cycle,35,True,True
KEGG,cge04115,3,55,10029,"['Ccnb2', 'Ccne2', 'Ccnb1']","['Ccnb2', 'Ccne2', 'Ccnb1']",3.81e-05,0.0042,p53 signaling pathway,35,True,True
KEGG,cge04914,3,62,10029,"['Ccnb2', 'Ccnb1', 'Plk1']","['Ccnb2', 'Ccnb1', 'Plk1']",5.36e-05,0.0044,Progesterone-mediated oocyte maturation,35,True,True
KEGG,cge04068,3,92,10029,"['Ccnb2', 'Ccnb1', 'Plk1']","['Ccnb2', 'Ccnb1', 'Plk1']",0.00017,0.011,FoxO signaling pathway,35,True,True
KEGG,cge04218,3,111,10029,"['Ccnb2', 'Ccne2', 'Ccnb1']","['Ccnb2', 'Ccne2', 'Ccnb1']",0.00028,0.0157,Cellular senescence,35,True,True
KEGG,cge03030,2,27,10029,"['Dna2', 'Pole']","['Dna2', 'Pole']",0.00049,0.0232,DNA replication,35,True,True
InterPro,IPR004367,3,16,10029,"['Ccnb2', 'Ccne2', 'Ccnb1']","['Ccnb2', 'Ccne2', 'Ccnb1']",1.23e-06,0.008,"Cyclin, C-terminal domain",35,True,True
InterPro,IPR046965,2,2,10029,"['Ccnb2', 'Ccnb1']","['Ccnb2', 'Ccnb1']",7.36e-06,0.0239,Cyclin A/B-like,35,True,True
InterPro,IPR036915,3,38,10029,"['Ccnb2', 'Ccne2', 'Ccnb1']","['Ccnb2', 'Ccne2', 'Ccnb1']",1.33e-05,0.0288,Cyclin-like superfamily,35,True,True
PMID,PMID:34946810,3,9,10029,"['Ccnb2', 'Dlgap5', 'Top2a']","['Ccnb2', 'Dlgap5', 'Top2a']",2.81e-07,0.0077,(2021) Transcriptome Analysis of Neuroendocrine Regulation of Ovine Hypothalamus-Pituitary-Ovary Axis during Ovine Anestrus and the Breeding Season.,35,True,False
PMID,PMID:27827876,3,14,10029,"['Tfrc', 'Top2a', 'Plk1']","['Tfrc', 'Top2a', 'Plk1']",8.65e-07,0.0119,(2016) Aptamer-Mediated Targeted Delivery of Therapeutics: An Update.,35,True,False
PMID,PMID:33915740,3,22,10029,"['Cenpa', 'Cdca8', 'Ccnb1']","['Cenpa', 'Cdca8', 'Ccnb1']",2.91e-06,0.0235,(2021) Aurora Kinase B Inhibition: A Potential Therapeutic Strategy for Cancer.,35,True,False
PMID,PMID:29375621,3,25,10029,"['Ccnb2', 'Ccnb1', 'Plk1']","['Ccnb2', 'Ccnb1', 'Plk1']",4.13e-06,0.0235,(2017) Molecular Genetic Analysis of Human Endometrial Mesenchymal Stem Cells That Survived Sublethal Heat Shock.,35,True,False
PMID,PMID:28239123,3,21,10029,"['Ccne2', 'Ccnb1', 'Top2a']","['Ccne2', 'Ccnb1', 'Top2a']",2.56e-06,0.0235,(2013) Common Beans and Their Non-Digestible Fraction: Cancer Inhibitory Activity-An Overview.,35,True,False
PMID,PMID:21349716,3,24,10029,"['Cdca8', 'Prc1', 'Plk1']","['Cdca8', 'Prc1', 'Plk1']",3.69e-06,0.0235,(2011) On the cutting edge: post-translational modifications in cytokinesis.,35,True,False
PMID,PMID:20109574,2,3,10029,"['Kif2c', 'Plk1']","['Kif2c', 'Plk1']",1.23e-05,0.0482,(2010) Kinesin-13s in mitosis: Key players in the spatial and temporal organization of spindle microtubules.,35,True,False
RCTM,MAP-69620,10,343,10029,"['Ccnb2', 'Cenpa', 'Kif2c', 'Dna2', 'Cdca8', 'Ccne2', 'Ube2c', 'Ccnb1', 'Bard1', 'Plk1']","['Ccnb2', 'Cenpa', 'Kif2c', 'Dna2', 'Cdca8', 'Ccne2', 'Ube2c', 'Ccnb1', 'Bard1', 'Plk1']",2.94e-12,5.02e-09,Cell Cycle Checkpoints,35,True,True
RCTM,MAP-1640170,11,869,10029,"['Ccnb2', 'Cenpa', 'Kif2c', 'Dna2', 'Pole', 'Cdca8', 'Ccne2', 'Ube2c', 'Ccnb1', 'Bard1', 'Plk1']","['Ccnb2', 'Cenpa', 'Kif2c', 'Dna2', 'Pole', 'Cdca8', 'Ccne2', 'Ube2c', 'Ccnb1', 'Bard1', 'Plk1']",1.2e-09,1.03e-06,Cell Cycle,35,True,True
RCTM,MAP-69278,10,722,10029,"['Ccnb2', 'Cenpa', 'Kif2c', 'Dna2', 'Pole', 'Cdca8', 'Ccne2', 'Ube2c', 'Ccnb1', 'Plk1']","['Ccnb2', 'Cenpa', 'Kif2c', 'Dna2', 'Pole', 'Cdca8', 'Ccne2', 'Ube2c', 'Ccnb1', 'Plk1']",3.6e-09,2.05e-06,"Cell Cycle, Mitotic",35,True,True
RCTM,MAP-2500257,6,166,10029,"['Ccnb2', 'Cenpa', 'Kif2c', 'Cdca8', 'Ccnb1', 'Plk1']","['Ccnb2', 'Cenpa', 'Kif2c', 'Cdca8', 'Ccnb1', 'Plk1']",3.32e-08,1.42e-05,Resolution of Sister Chromatid Cohesion,35,True,True
RCTM,MAP-2555396,7,317,10029,"['Ccnb2', 'Cenpa', 'Kif2c', 'Cdca8', 'Ube2c', 'Ccnb1', 'Plk1']","['Ccnb2', 'Cenpa', 'Kif2c', 'Cdca8', 'Ube2c', 'Ccnb1', 'Plk1']",5.55e-08,1.82e-05,Mitotic Metaphase and Anaphase,35,True,True
RCTM,MAP-68882,7,315,10029,"['Ccnb2', 'Cenpa', 'Kif2c', 'Cdca8', 'Ube2c', 'Ccnb1', 'Plk1']","['Ccnb2', 'Cenpa', 'Kif2c', 'Cdca8', 'Ube2c', 'Ccnb1', 'Plk1']",5.32e-08,1.82e-05,Mitotic Anaphase,35,True,True
RCTM,MAP-2980767,3,6,10029,"['Ccnb2', 'Ccnb1', 'Plk1']","['Ccnb2', 'Ccnb1', 'Plk1']",1.07e-07,2.62e-05,"Activation of NIMA Kinases NEK9, NEK6, NEK7",35,True,True
RCTM,MAP-68877,6,269,10029,"['Ccnb2', 'Cenpa', 'Kif2c', 'Cdca8', 'Ccnb1', 'Plk1']","['Ccnb2', 'Cenpa', 'Kif2c', 'Cdca8', 'Ccnb1', 'Plk1']",5.31e-07,0.00011,Mitotic Prometaphase,35,True,True
RCTM,MAP-69618,5,144,10029,"['Cenpa', 'Kif2c', 'Cdca8', 'Ube2c', 'Plk1']","['Cenpa', 'Kif2c', 'Cdca8', 'Ube2c', 'Plk1']",6.36e-07,0.00012,Mitotic Spindle Checkpoint,35,True,True
RCTM,MAP-68886,7,533,10029,"['Ccnb2', 'Cenpa', 'Kif2c', 'Cdca8', 'Ube2c', 'Ccnb1', 'Plk1']","['Ccnb2', 'Cenpa', 'Kif2c', 'Cdca8', 'Ube2c', 'Ccnb1', 'Plk1']",1.73e-06,0.0003,M Phase,35,True,True
RCTM,MAP-176412,3,27,10029,"['Ube2c', 'Ccnb1', 'Plk1']","['Ube2c', 'Ccnb1', 'Plk1']",5.11e-06,0.00079,Phosphorylation of the APC/C,35,True,True
RCTM,MAP-2467813,5,242,10029,"['Cenpa', 'Kif2c', 'Cdca8', 'Ube2c', 'Plk1']","['Cenpa', 'Kif2c', 'Cdca8', 'Ube2c', 'Plk1']",7.59e-06,0.0011,Separation of Sister Chromatids,35,True,True
RCTM,MAP-141424,4,115,10029,"['Cenpa', 'Kif2c', 'Cdca8', 'Plk1']","['Cenpa', 'Kif2c', 'Cdca8', 'Plk1']",9.38e-06,0.0012,Amplification of signal from the kinetochores,35,True,True
RCTM,MAP-141444,4,115,10029,"['Cenpa', 'Kif2c', 'Cdca8', 'Plk1']","['Cenpa', 'Kif2c', 'Cdca8', 'Plk1']",9.38e-06,0.0012,Amplification  of signal from unattached  kinetochores via a MAD2  inhibitory signal,35,True,True
RCTM,MAP-176408,3,43,10029,"['Ube2c', 'Ccnb1', 'Plk1']","['Ube2c', 'Ccnb1', 'Plk1']",1.89e-05,0.0022,Regulation of APC/C activators between G1/S and early anaphase,35,True,True
RCTM,MAP-69239,4,140,10029,"['Dna2', 'Pole', 'Ccne2', 'Ube2c']","['Dna2', 'Pole', 'Ccne2', 'Ube2c']",1.99e-05,0.0022,Synthesis of DNA,35,True,True
RCTM,MAP-69273,3,44,10029,"['Ccnb2', 'Ccnb1', 'Plk1']","['Ccnb2', 'Ccnb1', 'Plk1']",2.02e-05,0.0022,Cyclin A/B1/B2 associated events during G2/M transition,35,True,True
RCTM,MAP-69306,4,155,10029,"['Dna2', 'Pole', 'Ccne2', 'Ube2c']","['Dna2', 'Pole', 'Ccne2', 'Ube2c']",2.94e-05,0.0028,DNA Replication,35,True,True
RCTM,MAP-9648025,4,160,10029,"['Cenpa', 'Kif2c', 'Cdca8', 'Plk1']","['Cenpa', 'Kif2c', 'Cdca8', 'Plk1']",3.32e-05,0.003,EML4 and NUDC in mitotic spindle formation,35,True,True
RCTM,MAP-176417,2,7,10029,"['Ccnb1', 'Plk1']","['Ccnb1', 'Plk1']",4.4e-05,0.0038,Phosphorylation of Emi1,35,True,True
RCTM,MAP-69242,4,178,10029,"['Dna2', 'Pole', 'Ccne2', 'Ube2c']","['Dna2', 'Pole', 'Ccne2', 'Ube2c']",4.98e-05,0.0041,S Phase,35,True,True
RCTM,MAP-195258,5,368,10029,"['Cenpa', 'Kif2c', 'Cdca8', 'Prc1', 'Plk1']","['Cenpa', 'Kif2c', 'Cdca8', 'Prc1', 'Plk1']",5.48e-05,0.0043,RHO GTPase Effectors,35,True,True
RCTM,MAP-69478,2,8,10029,"['Ccnb2', 'Ccnb1']","['Ccnb2', 'Ccnb1']",5.5e-05,0.0043,G2/M DNA replication checkpoint,35,True,True
RCTM,MAP-69481,4,184,10029,"['Ccnb2', 'Dna2', 'Ccnb1', 'Bard1']","['Ccnb2', 'Dna2', 'Ccnb1', 'Bard1']",5.65e-05,0.0043,G2/M Checkpoints,35,True,True
RCTM,MAP-5663220,4,190,10029,"['Cenpa', 'Kif2c', 'Cdca8', 'Plk1']","['Cenpa', 'Kif2c', 'Cdca8', 'Plk1']",6.38e-05,0.0044,RHO GTPases Activate Formins,35,True,True
RCTM,MAP-5685942,3,67,10029,"['Dna2', 'Pole', 'Bard1']","['Dna2', 'Pole', 'Bard1']",6.69e-05,0.0044,HDR through Homologous Recombination (HRR),35,True,True
RCTM,MAP-2980766,3,70,10029,"['Ccnb2', 'Ccnb1', 'Plk1']","['Ccnb2', 'Ccnb1', 'Plk1']",7.58e-05,0.0048,Nuclear Envelope Breakdown,35,True,True
RCTM,MAP-176814,3,90,10029,"['Ube2c', 'Ccnb1', 'Plk1']","['Ube2c', 'Ccnb1', 'Plk1']",0.00016,0.0095,Activation of APC/C and APC/C:Cdc20 mediated degradation of mitotic proteins,35,True,True
RCTM,MAP-69473,3,96,10029,"['Dna2', 'Ccnb1', 'Bard1']","['Dna2', 'Ccnb1', 'Bard1']",0.00019,0.0111,G2/M DNA damage checkpoint,35,True,True
RCTM,MAP-8852276,3,102,10029,"['Ccnb2', 'Ccnb1', 'Plk1']","['Ccnb2', 'Ccnb1', 'Plk1']",0.00022,0.0127,The role of GTSE1 in G2/M progression after G2 checkpoint,35,True,True
RCTM,MAP-174143,3,106,10029,"['Ube2c', 'Ccnb1', 'Plk1']","['Ube2c', 'Ccnb1', 'Plk1']",0.00025,0.0137,APC/C-mediated degradation of cell cycle proteins,35,True,True
RCTM,MAP-453276,3,106,10029,"['Ube2c', 'Ccnb1', 'Plk1']","['Ube2c', 'Ccnb1', 'Plk1']",0.00025,0.0137,Regulation of mitotic cell cycle,35,True,True
RCTM,MAP-2565942,3,119,10029,"['Ccnb2', 'Ccnb1', 'Plk1']","['Ccnb2', 'Ccnb1', 'Plk1']",0.00035,0.018,Regulation of PLK1 Activity at G2/M Transition,35,True,True
RCTM,MAP-5693567,3,128,10029,"['Dna2', 'Pole', 'Bard1']","['Dna2', 'Pole', 'Bard1']",0.00043,0.0215,HDR through Homologous Recombination (HRR) or Single Strand Annealing (SSA),35,True,True
RCTM,MAP-2995383,2,26,10029,"['Ccnb2', 'Ccnb1']","['Ccnb2', 'Ccnb1']",0.00046,0.0223,Initiation of Nuclear Envelope (NE) Reformation,35,True,True
RCTM,MAP-5693538,3,135,10029,"['Dna2', 'Pole', 'Bard1']","['Dna2', 'Pole', 'Bard1']",0.0005,0.0236,Homology Directed Repair,35,True,True
RCTM,MAP-174048,2,29,10029,"['Ube2c', 'Ccnb1']","['Ube2c', 'Ccnb1']",0.00056,0.0252,APC/C:Cdc20 mediated degradation of Cyclin B,35,True,True
RCTM,MAP-194315,6,939,10029,"['Tfrc', 'Cenpa', 'Kif2c', 'Cdca8', 'Prc1', 'Plk1']","['Tfrc', 'Cenpa', 'Kif2c', 'Cdca8', 'Prc1', 'Plk1']",0.00055,0.0252,Signaling by Rho GTPases,35,True,True
RCTM,MAP-5693616,2,30,10029,"['Dna2', 'Bard1']","['Dna2', 'Bard1']",0.0006,0.0262,Presynaptic phase of homologous DNA pairing and strand exchange,35,True,True
RCTM,MAP-9716542,6,957,10029,"['Tfrc', 'Cenpa', 'Kif2c', 'Cdca8', 'Prc1', 'Plk1']","['Tfrc', 'Cenpa', 'Kif2c', 'Cdca8', 'Prc1', 'Plk1']",0.0006,0.0262,"Signaling by Rho GTPases, Miro GTPases and RHOBTB3",35,True,True
RCTM,MAP-9012852,2,32,10029,"['Dlgap5', 'I79_011096']","['Dlgap5', 'I79_011096']",0.00067,0.0281,Signaling by NOTCH3,35,True,True
RCTM,MAP-73894,4,361,10029,"['Dna2', 'Pole', 'I79_011106', 'Bard1']","['Dna2', 'Pole', 'I79_011106', 'Bard1']",0.00071,0.0289,DNA Repair,35,True,True
RCTM,MAP-68875,3,155,10029,"['Ccnb2', 'Ccnb1', 'Plk1']","['Ccnb2', 'Ccnb1', 'Plk1']",0.00074,0.0293,Mitotic Prophase,35,True,True
RCTM,MAP-5693579,2,34,10029,"['Dna2', 'Bard1']","['Dna2', 'Bard1']",0.00076,0.0294,Homologous DNA Pairing and Strand Exchange,35,True,True
RCTM,MAP-5693532,3,164,10029,"['Dna2', 'Pole', 'Bard1']","['Dna2', 'Pole', 'Bard1']",0.00087,0.0329,DNA Double-Strand Break Repair,35,True,True
RCTM,MAP-5693537,2,39,10029,"['Dna2', 'Bard1']","['Dna2', 'Bard1']",0.00098,0.0364,Resolution of D-Loop Structures,35,True,True
RCTM,MAP-5693568,2,39,10029,"['Dna2', 'Bard1']","['Dna2', 'Bard1']",0.00098,0.0364,Resolution of D-loop Structures through Holliday Junction Intermediates,35,True,True
RCTM,MAP-5685938,2,45,10029,"['Dna2', 'Bard1']","['Dna2', 'Bard1']",0.0013,0.0458,HDR through Single Strand Annealing (SSA),35,True,True
RCTM,MAP-3301854,2,47,10029,"['Ccnb2', 'Ccnb1']","['Ccnb2', 'Ccnb1']",0.0014,0.0488,Nuclear Pore Complex (NPC) Disassembly,35,True,True
NetworkNeighborAL,CL:4929,10,104,10029,"['Cenpa', 'Kif2c', 'Nusap1', 'Dlgap5', 'Cdca8', 'I79_011096', 'Ube2c', 'Top2a', 'Knstrn', 'Prc1']","['Cenpa', 'Kif2c', 'Nusap1', 'Dlgap5', 'Cdca8', 'I79_011096', 'Ube2c', 'Top2a', 'Knstrn', 'Prc1']",3.21e-17,1.36e-13,"Mixed, incl. Amplification of signal from the kinetochores, and Kinesin motor, catalytic domain. ATPase.",35,True,True
NetworkNeighborAL,CL:4930,9,81,10029,"['Kif2c', 'Nusap1', 'Dlgap5', 'Cdca8', 'I79_011096', 'Ube2c', 'Top2a', 'Knstrn', 'Prc1']","['Kif2c', 'Nusap1', 'Dlgap5', 'Cdca8', 'I79_011096', 'Ube2c', 'Top2a', 'Knstrn', 'Prc1']",4.47e-16,7.82e-13,"Mixed, incl. Kinesin motor domain, and Amplification of signal from the kinetochores",35,True,True
NetworkNeighborAL,CL:4941,8,41,10029,"['Kif2c', 'Nusap1', 'Dlgap5', 'Cdca8', 'I79_011096', 'Ube2c', 'Top2a', 'Prc1']","['Kif2c', 'Nusap1', 'Dlgap5', 'Cdca8', 'I79_011096', 'Ube2c', 'Top2a', 'Prc1']",3.69e-16,7.82e-13,"Mixed, incl. Spindle midzone assembly, and Negative regulation of sister chromatid segregation",35,True,True
NetworkNeighborAL,CL:4945,7,30,10029,"['Kif2c', 'Nusap1', 'Dlgap5', 'Cdca8', 'Ube2c', 'Top2a', 'Prc1']","['Kif2c', 'Nusap1', 'Dlgap5', 'Cdca8', 'Ube2c', 'Top2a', 'Prc1']",1.01e-14,6.14e-12,"Mixed, incl. Chromosome passenger complex, and Negative regulation of sister chromatid segregation",35,True,True
NetworkNeighborAL,CL:4948,6,21,10029,"['Kif2c', 'Nusap1', 'Dlgap5', 'Ube2c', 'Top2a', 'Prc1']","['Kif2c', 'Nusap1', 'Dlgap5', 'Ube2c', 'Top2a', 'Prc1']",3.33e-13,1.41e-10,"Mixed, incl. Negative regulation of sister chromatid segregation, and SAPAP family",35,True,True
NetworkNeighborAL,CL:5224,3,5,10029,"['Ccnb2', 'Ccnb1', 'Plk1']","['Ccnb2', 'Ccnb1', 'Plk1']",7.17e-08,2.77e-05,"Activation of NIMA Kinases NEK9, NEK6, NEK7",35,True,True
NetworkNeighborAL,CL:4949,3,11,10029,"['Nusap1', 'Ube2c', 'Top2a']","['Nusap1', 'Ube2c', 'Top2a']",4.64e-07,0.00015,"Mixed, incl. Mad3/Bub1 homology region 1, and The WD repeat Cdc20/Fizzy family",35,True,True
NetworkNeighborAL,CL:5138,4,57,10029,"['Ccnb2', 'Ccne2', 'Ccnb1', 'Plk1']","['Ccnb2', 'Ccne2', 'Ccnb1', 'Plk1']",6.45e-07,0.0002,"Cyclin-dependent protein kinase holoenzyme complex, and Chk1/Chk2(Cds1) mediated inactivation of Cyclin B:Cdk1 complex",35,True,True
NetworkNeighborAL,CL:4972,2,6,10029,"['Kif2c', 'Prc1']","['Kif2c', 'Prc1']",3.43e-05,0.0081,"Mixed, incl. Kinetochore binding, and Establishment or maintenance of microtubule cytoskeleton polarity",35,True,True
COMPARTMENTS,GOCC:0031253,4,299,10029,"['Hsp90aa1', 'I79_007634', 'Cfl1', 'Eef1a1']","['Hsp90aa1', 'I79_007634', 'Cfl1', 'Eef1a1']",2.3e-05,0.0442,Cell projection membrane,37,True,True
COMPARTMENTS,GOCC:0032991,11,5639,10029,"['I79_001117', 'Eif3b', 'Eif5a', 'Hsp90aa1', 'I79_005246', 'I79_007634', 'Atp5f1b', 'Cct7', 'I79_019691', 'Hspa8', 'Fth1']","['I79_001117', 'Eif3b', 'Eif5a', 'Hsp90aa1', 'I79_005246', 'I79_007634', 'Atp5f1b', 'Cct7', 'I79_019691', 'Hspa8', 'Fth1']",2.26e-05,0.0442,Protein-containing complex,37,True,True
Process,GO:0006457,5,243,10029,"['Hsp90aa1', 'I79_005246', 'I79_007634', 'Cct7', 'Hspa8']","['Hsp90aa1', 'I79_005246', 'I79_007634', 'Cct7', 'Hspa8']",2.15e-07,0.0027,Protein folding,37,True,True
Function,GO:0044183,4,83,10029,"['Hsp90aa1', 'I79_007634', 'Cct7', 'Hspa8']","['Hsp90aa1', 'I79_007634', 'Cct7', 'Hspa8']",1.6e-07,0.00053,Protein folding chaperone,37,True,True
Function,GO:0016887,5,343,10029,"['Hsp90aa1', 'I79_007634', 'Atp5f1b', 'Cct7', 'Hspa8']","['Hsp90aa1', 'I79_007634', 'Atp5f1b', 'Cct7', 'Hspa8']",1.15e-06,0.0013,ATP hydrolysis activity,37,True,True
Function,GO:0017111,6,670,10029,"['Hsp90aa1', 'I79_007634', 'Atp5f1b', 'Cct7', 'Hspa8', 'Eef1a1']","['Hsp90aa1', 'I79_007634', 'Atp5f1b', 'Cct7', 'Hspa8', 'Eef1a1']",1.24e-06,0.0013,Nucleoside-triphosphatase activity,37,True,True
Function,GO:0051082,4,126,10029,"['Hsp90aa1', 'I79_007634', 'Cct7', 'Hspa8']","['Hsp90aa1', 'I79_007634', 'Cct7', 'Hspa8']",8.04e-07,0.0013,Unfolded protein binding,37,True,True
Function,GO:0002135,2,12,10029,"['Hsp90aa1', 'I79_007634']","['Hsp90aa1', 'I79_007634']",2.89e-05,0.0106,CTP binding,37,True,True
Function,GO:0002134,2,15,10029,"['Hsp90aa1', 'I79_007634']","['Hsp90aa1', 'I79_007634']",4.32e-05,0.011,UTP binding,37,True,True
Function,GO:0008135,3,107,10029,"['Eif3b', 'Eif5a', 'Eef1a1']","['Eif3b', 'Eif5a', 'Eef1a1']",3.33e-05,0.011,"Translation factor activity, RNA binding",37,True,True
Function,GO:0017098,2,13,10029,"['Hsp90aa1', 'I79_007634']","['Hsp90aa1', 'I79_007634']",3.33e-05,0.011,Sulfonylurea receptor binding,37,True,True
Function,GO:0030911,2,18,10029,"['Hsp90aa1', 'I79_007634']","['Hsp90aa1', 'I79_007634']",6.02e-05,0.011,TPR domain binding,37,True,True
Function,GO:0032564,2,14,10029,"['Hsp90aa1', 'I79_007634']","['Hsp90aa1', 'I79_007634']",3.81e-05,0.011,dATP binding,37,True,True
Function,GO:0035639,7,2054,10029,"['Actb', 'Hsp90aa1', 'I79_007634', 'Atp5f1b', 'Cct7', 'Hspa8', 'Eef1a1']","['Actb', 'Hsp90aa1', 'I79_007634', 'Atp5f1b', 'Cct7', 'Hspa8', 'Eef1a1']",7.01e-05,0.011,Purine ribonucleoside triphosphate binding,37,True,True
Function,GO:0032555,7,2130,10029,"['Actb', 'Hsp90aa1', 'I79_007634', 'Atp5f1b', 'Cct7', 'Hspa8', 'Eef1a1']","['Actb', 'Hsp90aa1', 'I79_007634', 'Atp5f1b', 'Cct7', 'Hspa8', 'Eef1a1']",8.85e-05,0.0133,Purine ribonucleotide binding,37,True,True
Function,GO:0030235,2,23,10029,"['Hsp90aa1', 'I79_007634']","['Hsp90aa1', 'I79_007634']",9.5e-05,0.0134,Nitric-oxide synthase regulator activity,37,True,True
Function,GO:0070182,2,32,10029,"['Hsp90aa1', 'I79_007634']","['Hsp90aa1', 'I79_007634']",0.00018,0.0216,DNA polymerase binding,37,True,True
Function,GO:0048156,2,33,10029,"['Hsp90aa1', 'I79_007634']","['Hsp90aa1', 'I79_007634']",0.00019,0.0221,Tau protein binding,37,True,True
Function,GO:0003746,2,37,10029,"['Eif5a', 'Eef1a1']","['Eif5a', 'Eef1a1']",0.00023,0.0239,Translation elongation factor activity,37,True,True
Function,GO:0005524,6,1663,10029,"['Actb', 'Hsp90aa1', 'I79_007634', 'Atp5f1b', 'Cct7', 'Hspa8']","['Actb', 'Hsp90aa1', 'I79_007634', 'Atp5f1b', 'Cct7', 'Hspa8']",0.00021,0.0239,ATP binding,37,True,True
Function,GO:0043167,10,5669,10029,"['I79_001117', 'Actb', 'Hsp90aa1', 'I79_007634', 'Atp5f1b', 'Cct7', 'I79_019691', 'Hspa8', 'Fth1', 'Eef1a1']","['I79_001117', 'Actb', 'Hsp90aa1', 'I79_007634', 'Atp5f1b', 'Cct7', 'I79_019691', 'Hspa8', 'Fth1', 'Eef1a1']",0.00022,0.0239,Ion binding,37,True,True
Function,GO:0003824,10,6043,10029,"['I79_001117', 'Hsp90aa1', 'I79_005246', 'I79_007634', 'Atp5f1b', 'Cct7', 'I79_019691', 'Hspa8', 'Fth1', 'Eef1a1']","['I79_001117', 'Hsp90aa1', 'I79_005246', 'I79_007634', 'Atp5f1b', 'Cct7', 'I79_019691', 'Hspa8', 'Fth1', 'Eef1a1']",0.00038,0.0332,Catalytic activity,37,True,True
Function,GO:0140662,2,49,10029,"['Cct7', 'Hspa8']","['Cct7', 'Hspa8']",0.0004,0.0338,ATP-dependent protein folding chaperone,37,True,True
Function,GO:0097718,2,50,10029,"['Hsp90aa1', 'I79_007634']","['Hsp90aa1', 'I79_007634']",0.00042,0.0343,Disordered domain specific binding,37,True,True
Function,GO:0005488,14,13754,10029,"['I79_001117', 'Actb', 'Eif3b', 'Eif5a', 'Hsp90aa1', 'I79_005246', 'I79_007634', 'Atp5f1b', 'Cct7', 'I79_019691', 'Hspa8', 'Cfl1', 'Fth1', 'Eef1a1']","['I79_001117', 'Actb', 'Eif3b', 'Eif5a', 'Hsp90aa1', 'I79_005246', 'I79_007634', 'Atp5f1b', 'Cct7', 'I79_019691', 'Hspa8', 'Cfl1', 'Fth1', 'Eef1a1']",0.00045,0.0358,Binding,37,True,True
Keyword,KW-0346,3,53,10029,"['Hsp90aa1', 'I79_007634', 'Hspa8']","['Hsp90aa1', 'I79_007634', 'Hspa8']",4.36e-06,0.0015,Stress response,37,True,True
Keyword,KW-0648,3,176,10029,"['Eif3b', 'Eif5a', 'Eef1a1']","['Eif3b', 'Eif5a', 'Eef1a1']",0.00014,0.0243,Protein biosynthesis,37,True,True
KEGG,cge04612,2,45,10029,"['Hsp90aa1', 'Hspa8']","['Hsp90aa1', 'Hspa8']",0.00034,0.0494,Antigen processing and presentation,37,True,True
KEGG,cge04714,3,179,10029,"['Actb', 'Atp5f1b', 'I79_019691']","['Actb', 'Atp5f1b', 'I79_019691']",0.00015,0.0494,Thermogenesis,37,True,True
KEGG,cge05014,3,278,10029,"['Actb', 'Atp5f1b', 'I79_019691']","['Actb', 'Atp5f1b', 'I79_019691']",0.00053,0.0494,Amyotrophic lateral sclerosis,37,True,True
KEGG,cge05020,3,198,10029,"['Atp5f1b', 'I79_019691', 'Hspa8']","['Atp5f1b', 'I79_019691', 'Hspa8']",0.0002,0.0494,Prion disease,37,True,True
KEGG,cge05134,2,45,10029,"['Hspa8', 'Eef1a1']","['Hspa8', 'Eef1a1']",0.00034,0.0494,Legionellosis,37,True,True
PMID,PMID:27345611,4,60,10029,"['Eif5a', 'I79_005246', 'Hspa8', 'Eef1a1']","['Eif5a', 'I79_005246', 'Hspa8', 'Eef1a1']",4.6e-08,0.0013,(2016) A theoretical estimate for nucleotide sugar demand towards Chinese Hamster Ovary cellular glycosylation.,37,True,False
PMID,PMID:38248867,4,99,10029,"['Eif5a', 'Atp5f1b', 'Hspa8', 'Cfl1']","['Eif5a', 'Atp5f1b', 'Hspa8', 'Cfl1']",3.16e-07,0.0043,(2023) Proteomic Approaches to Unravel the Molecular Dynamics of Early Pregnancy in Farm Animals: An In-Depth Review.,37,True,False
PMID,PMID:31443506,3,56,10029,"['Hsp90aa1', 'Hspa8', 'Fth1']","['Hsp90aa1', 'Hspa8', 'Fth1']",5.11e-06,0.04,(2019) Limited Oxidative Stress Favors Resistance to Skeletal Muscle Atrophy in Hibernating Brown Bears (Ursus Arctos).,37,True,False
PMID,PMID:18430238,3,53,10029,"['I79_001117', 'Actb', 'Hspa8']","['I79_001117', 'Actb', 'Hspa8']",4.36e-06,0.04,(2008) Differential protein expression following low temperature culture of suspension CHO-K1 cells.,37,True,False
RCTM,MAP-9013418,4,55,10029,"['Actb', 'Hsp90aa1', 'I79_007634', 'Cct7']","['Actb', 'Hsp90aa1', 'I79_007634', 'Cct7']",3.3e-08,5.64e-05,RHOBTB2 GTPase cycle,37,True,True
RCTM,MAP-9706574,4,71,10029,"['Actb', 'Hsp90aa1', 'I79_007634', 'Cct7']","['Actb', 'Hsp90aa1', 'I79_007634', 'Cct7']",8.76e-08,7.48e-05,RHOBTB GTPase Cycle,37,True,True
RCTM,MAP-2029482,4,123,10029,"['Actb', 'Hsp90aa1', 'I79_007634', 'Cfl1']","['Actb', 'Hsp90aa1', 'I79_007634', 'Cfl1']",7.32e-07,0.00042,Regulation of actin dynamics for phagocytic cup formation,37,True,True
RCTM,MAP-3371511,3,31,10029,"['Hsp90aa1', 'I79_007634', 'Eef1a1']","['Hsp90aa1', 'I79_007634', 'Eef1a1']",9.49e-07,0.00042,HSF1 activation,37,True,True
RCTM,MAP-2029480,4,153,10029,"['Actb', 'Hsp90aa1', 'I79_007634', 'Cfl1']","['Actb', 'Hsp90aa1', 'I79_007634', 'Cfl1']",1.71e-06,0.00053,Fcgamma receptor (FCGR) dependent phagocytosis,37,True,True
RCTM,MAP-3371556,4,149,10029,"['Hsp90aa1', 'I79_007634', 'Hspa8', 'Eef1a1']","['Hsp90aa1', 'I79_007634', 'Hspa8', 'Eef1a1']",1.54e-06,0.00053,Cellular response to heat stress,37,True,True
RCTM,MAP-3371568,3,42,10029,"['Hsp90aa1', 'I79_007634', 'Hspa8']","['Hsp90aa1', 'I79_007634', 'Hspa8']",2.24e-06,0.00053,Attenuation phase,37,True,True
RCTM,MAP-399954,3,38,10029,"['Hsp90aa1', 'I79_007634', 'Cfl1']","['Hsp90aa1', 'I79_007634', 'Cfl1']",1.69e-06,0.00053,Sema3A PAK dependent Axon repulsion,37,True,True
RCTM,MAP-3371571,3,58,10029,"['Hsp90aa1', 'I79_007634', 'Hspa8']","['Hsp90aa1', 'I79_007634', 'Hspa8']",5.65e-06,0.0011,HSF1-dependent transactivation,37,True,True
RCTM,MAP-168249,7,1455,10029,"['Actb', 'Hsp90aa1', 'I79_005246', 'I79_007634', 'Cfl1', 'Fth1', 'Eef1a1']","['Actb', 'Hsp90aa1', 'I79_005246', 'I79_007634', 'Cfl1', 'Fth1', 'Eef1a1']",7.43e-06,0.0013,Innate Immune System,37,True,True
RCTM,MAP-373755,3,88,10029,"['Hsp90aa1', 'I79_007634', 'Cfl1']","['Hsp90aa1', 'I79_007634', 'Cfl1']",1.89e-05,0.0029,Semaphorin interactions,37,True,True
RCTM,MAP-3371497,3,101,10029,"['Hsp90aa1', 'I79_007634', 'Hspa8']","['Hsp90aa1', 'I79_007634', 'Hspa8']",2.82e-05,0.004,HSP90 chaperone cycle for steroid hormone receptors (SHR) in the presence of ligand,37,True,True
RCTM,MAP-2262752,5,741,10029,"['Hsp90aa1', 'I79_007634', 'I79_019691', 'Hspa8', 'Eef1a1']","['Hsp90aa1', 'I79_007634', 'I79_019691', 'Hspa8', 'Eef1a1']",4.64e-05,0.0061,Cellular responses to stress,37,True,True
RCTM,MAP-8953897,5,755,10029,"['Hsp90aa1', 'I79_007634', 'I79_019691', 'Hspa8', 'Eef1a1']","['Hsp90aa1', 'I79_007634', 'I79_019691', 'Hspa8', 'Eef1a1']",5.07e-05,0.0062,Cellular responses to stimuli,37,True,True
RCTM,MAP-6798695,5,803,10029,"['Hsp90aa1', 'I79_005246', 'I79_007634', 'Fth1', 'Eef1a1']","['Hsp90aa1', 'I79_005246', 'I79_007634', 'Fth1', 'Eef1a1']",6.79e-05,0.0077,Neutrophil degranulation,37,True,True
RCTM,MAP-194315,5,939,10029,"['Actb', 'Hsp90aa1', 'I79_007634', 'Cct7', 'Cfl1']","['Actb', 'Hsp90aa1', 'I79_007634', 'Cct7', 'Cfl1']",0.00014,0.0151,Signaling by Rho GTPases,37,True,True
RCTM,MAP-9716542,5,957,10029,"['Actb', 'Hsp90aa1', 'I79_007634', 'Cct7', 'Cfl1']","['Actb', 'Hsp90aa1', 'I79_007634', 'Cct7', 'Cfl1']",0.00015,0.0156,"Signaling by Rho GTPases, Miro GTPases and RHOBTB3",37,True,True
RCTM,MAP-422475,4,518,10029,"['Actb', 'Hsp90aa1', 'I79_007634', 'Cfl1']","['Actb', 'Hsp90aa1', 'I79_007634', 'Cfl1']",0.00019,0.018,Axon guidance,37,True,True
RCTM,MAP-9675108,4,536,10029,"['Actb', 'Hsp90aa1', 'I79_007634', 'Cfl1']","['Actb', 'Hsp90aa1', 'I79_007634', 'Cfl1']",0.00022,0.0194,Nervous system development,37,True,True
RCTM,MAP-168256,7,2563,10029,"['Actb', 'Hsp90aa1', 'I79_005246', 'I79_007634', 'Cfl1', 'Fth1', 'Eef1a1']","['Actb', 'Hsp90aa1', 'I79_005246', 'I79_007634', 'Cfl1', 'Fth1', 'Eef1a1']",0.00029,0.0244,Immune System,37,True,True
RCTM,MAP-9012999,4,662,10029,"['Actb', 'Hsp90aa1', 'I79_007634', 'Cct7']","['Actb', 'Hsp90aa1', 'I79_007634', 'Cct7']",0.00048,0.039,RHO GTPase cycle,37,True,True
NetworkNeighborAL,CL:2492,4,140,10029,"['Hsp90aa1', 'I79_007634', 'Cct7', 'Hspa8']","['Hsp90aa1', 'I79_007634', 'Cct7', 'Hspa8']",1.21e-06,0.0051,"Unfolded protein binding, and Stress response",37,True,True
NetworkNeighborAL,CL:2500,3,68,10029,"['Hsp90aa1', 'I79_007634', 'Hspa8']","['Hsp90aa1', 'I79_007634', 'Hspa8']",8.95e-06,0.0127,"Stress response, and DnaJ domain, conserved site",37,True,True
NetworkNeighborAL,CL:2591,2,16,10029,"['Hsp90aa1', 'I79_007634']","['Hsp90aa1', 'I79_007634']",4.85e-05,0.0294,"Mixed, incl. Telomerase holoenzyme complex assembly, and Protein Sgt1-like",37,True,True
SMART,SM00461,2,7,10029,"['Enah', 'I79_012275']","['Enah', 'I79_012275']",2.39e-05,0.0178,WASP homology region 1,38,True,True
KEGG,cge04115,3,55,10029,"['Mdm2', 'Sesn2', 'Ccng1']","['Mdm2', 'Sesn2', 'Ccng1']",6.05e-06,0.002,p53 signaling pathway,39,True,True
PMID,PMID:36374852,4,16,10029,"['Mdm2', 'Ccng1', 'Rbm3', 'Btg2']","['Mdm2', 'Ccng1', 'Rbm3', 'Btg2']",4.85e-10,1.33e-05,(2022) Enhanced recombinant protein production in CHO cell continuous cultures under growth-inhibiting conditions is associated with an arrested cell cycle in G1G0 phase.,39,True,False
PMID,PMID:27869665,3,33,10029,"['Mdm2', 'Sesn2', 'Fos']","['Mdm2', 'Sesn2', 'Fos']",1.41e-06,0.0194,(2016) Anticancer Effects of Rosemary (Rosmarinus officinalis L.) Extract and Rosemary Extract Polyphenols.,39,True,False
Process,GO:0071345,5,747,10029,"['I79_009377', 'I79_009463', 'Ifit2', 'Oas2', 'Gbp5']","['I79_009377', 'I79_009463', 'Ifit2', 'Oas2', 'Gbp5']",6.09e-07,0.0077,Cellular response to cytokine stimulus,40,True,True
Process,GO:0071310,6,2069,10029,"['I79_009377', 'I79_009463', 'Ifit2', 'Oas2', 'Ccn2', 'Gbp5']","['I79_009377', 'I79_009463', 'Ifit2', 'Oas2', 'Ccn2', 'Gbp5']",2.77e-06,0.0117,Cellular response to organic substance,40,True,True
Process,GO:0006952,5,1162,10029,"['I79_009377', 'I79_009463', 'Ifit2', 'Oas2', 'Gbp5']","['I79_009377', 'I79_009463', 'Ifit2', 'Oas2', 'Gbp5']",5.34e-06,0.0169,Defense response,40,True,True
Pfam,PF02263,2,16,10029,"['I79_009377', 'Gbp5']","['I79_009377', 'Gbp5']",1.12e-05,0.024,"Guanylate-binding protein, N-terminal domain",40,True,True
PMID,PMID:33619488,3,72,10029,"['Ifit2', 'Oas2', 'Gbp5']","['Ifit2', 'Oas2', 'Gbp5']",1.03e-06,0.0284,(2021) Impaired local intrinsic immunity to SARS-CoV-2 infection in severe COVID-19.,40,True,False
RCTM,MAP-913531,4,174,10029,"['I79_009377', 'Ifit2', 'Oas2', 'Gbp5']","['I79_009377', 'Ifit2', 'Oas2', 'Gbp5']",1.03e-07,0.00018,Interferon Signaling,40,True,True
RCTM,MAP-877300,3,88,10029,"['I79_009377', 'Oas2', 'Gbp5']","['I79_009377', 'Oas2', 'Gbp5']",1.85e-06,0.0016,Interferon gamma signaling,40,True,True
RCTM,MAP-1280215,4,715,10029,"['I79_009377', 'Ifit2', 'Oas2', 'Gbp5']","['I79_009377', 'Ifit2', 'Oas2', 'Gbp5']",2.65e-05,0.0151,Cytokine Signaling in Immune system,40,True,True
NetworkNeighborAL,CL:9302,4,95,10029,"['I79_009377', 'Ifit2', 'Oas2', 'Gbp5']","['I79_009377', 'Ifit2', 'Oas2', 'Gbp5']",9.63e-09,4.09e-05,"Mixed, incl. Interferon Signaling, and Regulation of response to interferon-gamma",40,True,True
NetworkNeighborAL,CL:9320,2,22,10029,"['Ifit2', 'Oas2']","['Ifit2', 'Oas2']",2.03e-05,0.0172,"Mixed, incl. C-terminal domain of RIG-I, and Response to stilbenoid",40,True,True
Process,GO:0031347,6,560,10029,"['Mmp12', 'Ptgs2', 'Fabp4', 'Il33', 'I79_021556', 'Nppa']","['Mmp12', 'Ptgs2', 'Fabp4', 'Il33', 'I79_021556', 'Nppa']",2.57e-07,0.0017,Regulation of defense response,42,True,True
Process,GO:0031349,5,241,10029,"['Mmp12', 'Ptgs2', 'Fabp4', 'Il33', 'Nppa']","['Mmp12', 'Ptgs2', 'Fabp4', 'Il33', 'Nppa']",1.34e-07,0.0017,Positive regulation of defense response,42,True,True
Process,GO:0050729,4,118,10029,"['Ptgs2', 'Fabp4', 'Il33', 'Nppa']","['Ptgs2', 'Fabp4', 'Il33', 'Nppa']",4.47e-07,0.0019,Positive regulation of inflammatory response,42,True,True
Process,GO:0032103,5,376,10029,"['Mmp12', 'Ptgs2', 'Fabp4', 'Il33', 'Nppa']","['Mmp12', 'Ptgs2', 'Fabp4', 'Il33', 'Nppa']",1.16e-06,0.0037,Positive regulation of response to external stimulus,42,True,True
Process,GO:0080134,7,1261,10029,"['Mmp12', 'Ptgs2', 'Fabp4', 'Il33', 'I79_021556', 'Errfi1', 'Nppa']","['Mmp12', 'Ptgs2', 'Fabp4', 'Il33', 'I79_021556', 'Errfi1', 'Nppa']",1.51e-06,0.0038,Regulation of response to stress,42,True,True
Process,GO:0032101,6,884,10029,"['Mmp12', 'Ptgs2', 'Fabp4', 'Il33', 'I79_021556', 'Nppa']","['Mmp12', 'Ptgs2', 'Fabp4', 'Il33', 'I79_021556', 'Nppa']",3.61e-06,0.0076,Regulation of response to external stimulus,42,True,True
Process,GO:0051172,8,2342,10029,"['Mmp12', 'Ptgs2', 'Id3', 'Fabp4', 'Il33', 'Timp1', 'Errfi1', 'Nppa']","['Mmp12', 'Ptgs2', 'Id3', 'Fabp4', 'Il33', 'Timp1', 'Errfi1', 'Nppa']",7.09e-06,0.0124,Negative regulation of nitrogen compound metabolic process,42,True,True
Process,GO:0051241,6,989,10029,"['Ptgs2', 'Il33', 'Timp1', 'I79_021556', 'Errfi1', 'Nppa']","['Ptgs2', 'Il33', 'Timp1', 'I79_021556', 'Errfi1', 'Nppa']",6.86e-06,0.0124,Negative regulation of multicellular organismal process,42,True,True
Process,GO:0044092,6,1072,10029,"['Ptgs2', 'Id3', 'Fabp4', 'Timp1', 'Errfi1', 'Nppa']","['Ptgs2', 'Id3', 'Fabp4', 'Timp1', 'Errfi1', 'Nppa']",1.09e-05,0.0153,Negative regulation of molecular function,42,True,True
Process,GO:0010605,8,2682,10029,"['Mmp12', 'Ptgs2', 'Id3', 'Fabp4', 'Il33', 'Timp1', 'Errfi1', 'Nppa']","['Mmp12', 'Ptgs2', 'Id3', 'Fabp4', 'Il33', 'Timp1', 'Errfi1', 'Nppa']",1.95e-05,0.0224,Negative regulation of macromolecule metabolic process,42,True,True
Process,GO:0043086,5,707,10029,"['Ptgs2', 'Fabp4', 'Timp1', 'Errfi1', 'Nppa']","['Ptgs2', 'Fabp4', 'Timp1', 'Errfi1', 'Nppa']",2.45e-05,0.0224,Negative regulation of catalytic activity,42,True,True
Process,GO:0071214,4,304,10029,"['Ptgs2', 'Il33', 'Timp1', 'Errfi1']","['Ptgs2', 'Il33', 'Timp1', 'Errfi1']",1.77e-05,0.0224,Cellular response to abiotic stimulus,42,True,True
Process,GO:1901163,2,12,10029,"['Mmp12', 'Timp1']","['Mmp12', 'Timp1']",2.48e-05,0.0224,Regulation of trophoblast cell migration,42,True,True
Process,GO:0051239,8,2847,10029,"['Mmp12', 'Ptgs2', 'Fabp4', 'Il33', 'Timp1', 'I79_021556', 'Errfi1', 'Nppa']","['Mmp12', 'Ptgs2', 'Fabp4', 'Il33', 'Timp1', 'I79_021556', 'Errfi1', 'Nppa']",3.04e-05,0.024,Regulation of multicellular organismal process,42,True,True
Process,GO:0009611,4,390,10029,"['Mmp12', 'Id3', 'Il33', 'Timp1']","['Mmp12', 'Id3', 'Il33', 'Timp1']",4.63e-05,0.0326,Response to wounding,42,True,True
Process,GO:0031324,7,2234,10029,"['Mmp12', 'Id3', 'Fabp4', 'Il33', 'Timp1', 'Errfi1', 'Nppa']","['Mmp12', 'Id3', 'Fabp4', 'Il33', 'Timp1', 'Errfi1', 'Nppa']",6.53e-05,0.0424,Negative regulation of cellular metabolic process,42,True,True
Process,GO:0050777,3,145,10029,"['Mmp12', 'Il33', 'I79_021556']","['Mmp12', 'Il33', 'I79_021556']",6.37e-05,0.0424,Negative regulation of immune response,42,True,True
TISSUES,BTO:0001369,4,283,10029,"['Mmp10', 'Fabp4', 'Neu2', 'Nppa']","['Mmp10', 'Fabp4', 'Neu2', 'Nppa']",1.34e-05,0.0273,Vertebrate muscular system,42,True,True
KEGG,cge04923,3,39,10029,"['Ptgs2', 'Fabp4', 'Nppa']","['Ptgs2', 'Fabp4', 'Nppa']",1.43e-06,0.00047,Regulation of lipolysis in adipocytes,42,True,True
SMART,SM00120,2,18,10029,"['Mmp12', 'Mmp10']","['Mmp12', 'Mmp10']",5.17e-05,0.0346,Hemopexin-like repeats.,42,True,True
SMART,SM00235,2,17,10029,"['Mmp12', 'Mmp10']","['Mmp12', 'Mmp10']",4.65e-05,0.0346,Zinc-dependent metalloprotease,42,True,True
Pfam,PF01471,2,9,10029,"['Mmp12', 'Mmp10']","['Mmp12', 'Mmp10']",1.5e-05,0.032,Putative peptidoglycan binding domain,42,True,True
PMID,PMID:33352765,4,21,10029,"['Mmp12', 'Mmp10', 'Il33', 'Timp1']","['Mmp12', 'Mmp10', 'Il33', 'Timp1']",6.63e-10,1.82e-05,(2020) Unravelling the Network of Nuclear Matrix Metalloproteinases for Targeted Drug Design.,42,True,False
PMID,PMID:34270579,3,13,10029,"['Mmp12', 'Mmp10', 'Cd82']","['Mmp12', 'Mmp10', 'Cd82']",7.02e-08,0.00097,(2021) Matrix metalloproteinase-9 (MMP-9) and tissue inhibitor of metalloproteinases 1 (TIMP-1) are localized in the nucleus of retinal Muller glial cells and modulated by cytokines and oxidative stress.,42,True,False
PMID,PMID:26999172,3,13,10029,"['Mmp12', 'Il33', 'Timp1']","['Mmp12', 'Il33', 'Timp1']",7.02e-08,0.00097,(2016) A Review on the Respiratory System Toxicity of Carbon Nanoparticles.,42,True,False
PMID,PMID:16897737,2,2,10029,"['Mmp12', 'Mmp10']","['Mmp12', 'Mmp10']",1.64e-06,0.0113,(2006) Mapping and partial characterization of proteases expressed by a CHO production cell line.,42,True,False
PMID,PMID:36978796,3,58,10029,"['Mmp12', 'Il33', 'Timp1']","['Mmp12', 'Il33', 'Timp1']",4.45e-06,0.0245,(2023) Oxidative Stress and Inflammation in Acute and Chronic Lung Injuries.,42,True,False
PMID,PMID:28281648,3,58,10029,"['Mmp12', 'Mmp10', 'Timp1']","['Mmp12', 'Mmp10', 'Timp1']",4.45e-06,0.0245,(2017) Proteomic Analysis of Host Cell Protein Dynamics in the Culture Supernatants of Antibody-Producing CHO Cells.,42,True,False
PMID,PMID:37144180,2,7,10029,"['Ptgs2', 'Timp1']","['Ptgs2', 'Timp1']",9.82e-06,0.0386,(2023) Small RNA-seq and hormones in the testes of dwarf hamsters (Cricetulus barabensis) reveal the potential pathways in photoperiod regulated reproduction.,42,True,False
PMID,PMID:31959150,2,8,10029,"['Mmp12', 'Mmp10']","['Mmp12', 'Mmp10']",1.23e-05,0.0422,(2020) Identification of dissociation factors in pancreatic Cancer using a mass spectrometry-based proteomic approach.,42,True,False
NetworkNeighborAL,CL:25072,3,13,10029,"['Mmp12', 'Mmp10', 'Timp1']","['Mmp12', 'Mmp10', 'Timp1']",7.02e-08,0.0003,"PGBD-like superfamily, and Protease inhibitor I35 (TIMP)",42,True,True
NetworkNeighborAL,CL:25075,2,7,10029,"['Mmp10', 'Timp1']","['Mmp10', 'Timp1']",9.82e-06,0.0069,"Peptidase M10A, cysteine switch, zinc binding site, and Proteinase inhibitor I35b (TIMP), C-terminal",42,True,True
KEGG,cge04142,3,101,10029,"['Aga', 'Lgmn', 'Ctsd']","['Aga', 'Lgmn', 'Ctsd']",6.23e-05,0.0207,Lysosome,43,True,True
PMID,PMID:32313013,6,15,10029,"['Tinagl1', 'Erp29', 'Aga', 'I79_015301', 'Lgmn', 'Ctsd']","['Tinagl1', 'Erp29', 'Aga', 'I79_015301', 'Lgmn', 'Ctsd']",3.88e-15,1.07e-10,(2020) Multiplex secretome engineering enhances recombinant protein production and purity.,43,True,False
COMPARTMENTS,GOCC:0005737,17,7387,10029,"['Slc25a11', 'Jmjd7', 'Atpsckmt', 'Gmppb', 'S100a5', 'Gipc1', 'Slc25a1', 'I79_009893', 'Rbm3', 'Map2k2', 'Pla2g2a', 'Ankrd37', 'HSPA5', 'Phpt1', 'Uap1l1', 'I79_024352', 'Spp1']","['Slc25a11', 'Jmjd7', 'Atpsckmt', 'Gmppb', 'S100a5', 'Gipc1', 'Slc25a1', 'I79_009893', 'Rbm3', 'Map2k2', 'Pla2g2a', 'Ankrd37', 'HSPA5', 'Phpt1', 'Uap1l1', 'I79_024352', 'Spp1']",3.33e-06,0.0065,Cytoplasm,44,True,True
Component,GO:0005634,18,7069,10029,"['Tkt', 'Chchd1', 'Ppm1g', 'Asah1', 'Borcs8', 'Smc1a', 'Rnf10', 'I79_011986', 'Commd6', 'Ier3', 'Ssrp1', 'I79_015960', 'Mcm3', 'Trim28', 'Pabpc1', 'Surf4', 'Uba1', 'Elob']","['Tkt', 'Chchd1', 'Ppm1g', 'Asah1', 'Borcs8', 'Smc1a', 'Rnf10', 'I79_011986', 'Commd6', 'Ier3', 'Ssrp1', 'I79_015960', 'Mcm3', 'Trim28', 'Pabpc1', 'Surf4', 'Uba1', 'Elob']",5.83e-06,0.0094,Nucleus,47,True,True
Component,GO:0043229,23,12803,10029,"['Tkt', 'Chchd1', 'Ppm1g', 'Atp6v1f', 'Asah1', 'Borcs8', 'Smc1a', 'Dpm3', 'Rnf10', 'I79_011986', 'Commd6', 'Ier3', 'Ssrp1', 'I79_015960', 'Mcm3', 'Ddit4', 'Trim28', 'Pabpc1', 'Surf4', 'Uba1', 'Elob', 'Hddc3', 'Fau']","['Tkt', 'Chchd1', 'Ppm1g', 'Atp6v1f', 'Asah1', 'Borcs8', 'Smc1a', 'Dpm3', 'Rnf10', 'I79_011986', 'Commd6', 'Ier3', 'Ssrp1', 'I79_015960', 'Mcm3', 'Ddit4', 'Trim28', 'Pabpc1', 'Surf4', 'Uba1', 'Elob', 'Hddc3', 'Fau']",7.03e-06,0.0094,Intracellular organelle,47,True,True
Component,GO:0043231,22,11255,10029,"['Tkt', 'Chchd1', 'Ppm1g', 'Atp6v1f', 'Asah1', 'Borcs8', 'Smc1a', 'Dpm3', 'Rnf10', 'I79_011986', 'Commd6', 'Ier3', 'Ssrp1', 'I79_015960', 'Mcm3', 'Ddit4', 'Trim28', 'Pabpc1', 'Surf4', 'Uba1', 'Elob', 'Hddc3']","['Tkt', 'Chchd1', 'Ppm1g', 'Atp6v1f', 'Asah1', 'Borcs8', 'Smc1a', 'Dpm3', 'Rnf10', 'I79_011986', 'Commd6', 'Ier3', 'Ssrp1', 'I79_015960', 'Mcm3', 'Ddit4', 'Trim28', 'Pabpc1', 'Surf4', 'Uba1', 'Elob', 'Hddc3']",5.5e-06,0.0094,Intracellular membrane-bounded organelle,47,True,True
Component,GO:0005654,11,2881,10029,"['Tkt', 'Chchd1', 'Ppm1g', 'Borcs8', 'Smc1a', 'I79_011986', 'Ssrp1', 'I79_015960', 'Mcm3', 'Trim28', 'Elob']","['Tkt', 'Chchd1', 'Ppm1g', 'Borcs8', 'Smc1a', 'I79_011986', 'Ssrp1', 'I79_015960', 'Mcm3', 'Trim28', 'Elob']",4.4e-05,0.0126,Nucleoplasm,47,True,True
COMPARTMENTS,GOCC:0031012,6,298,10029,"['I79_006129', 'Col6a2', 'Dcn', 'Bgn', 'Col4a2', 'Col3a1']","['I79_006129', 'Col6a2', 'Dcn', 'Bgn', 'Col4a2', 'Col3a1']",5.83e-07,0.0011,Extracellular matrix,52,True,True
Component,GO:0031012,7,430,10029,"['Lgalsl', 'I79_006129', 'Col6a2', 'Dcn', 'Bgn', 'Col4a2', 'Col3a1']","['Lgalsl', 'I79_006129', 'Col6a2', 'Dcn', 'Bgn', 'Col4a2', 'Col3a1']",2.36e-07,0.0004,Extracellular matrix,52,True,True
Component,GO:0005576,10,1907,10029,"['I79_003079', 'I79_006129', 'Col6a2', 'Kitlg', 'Dcn', 'Aebp1', 'Bgn', 'Col4a2', 'I79_019425', 'Col3a1']","['I79_003079', 'I79_006129', 'Col6a2', 'Kitlg', 'Dcn', 'Aebp1', 'Bgn', 'Col4a2', 'I79_019425', 'Col3a1']",1.15e-05,0.0059,Extracellular region,52,True,True
Component,GO:0062023,5,281,10029,"['Lgalsl', 'I79_006129', 'Col6a2', 'Col4a2', 'Col3a1']","['Lgalsl', 'I79_006129', 'Col6a2', 'Col4a2', 'Col3a1']",1.03e-05,0.0059,Collagen-containing extracellular matrix,52,True,True
Component,GO:0005581,3,56,10029,"['Dcn', 'Col4a2', 'Col3a1']","['Dcn', 'Col4a2', 'Col3a1']",3.16e-05,0.0108,Collagen trimer,52,True,True
Component,GO:0005615,8,1322,10029,"['I79_003079', 'I79_006129', 'Col6a2', 'Kitlg', 'Dcn', 'Bgn', 'Col4a2', 'Col3a1']","['I79_003079', 'I79_006129', 'Col6a2', 'Kitlg', 'Dcn', 'Bgn', 'Col4a2', 'Col3a1']",4.16e-05,0.0119,Extracellular space,52,True,True
Component,GO:0071944,15,5764,10029,"['I79_003079', 'Lgalsl', 'Mpp6', 'I79_006129', 'Col6a2', 'Cnrip1', 'Kitlg', 'Dcn', 'Bgn', 'Col4a2', 'Noxa1', 'I79_019913', 'Uck1', 'Col3a1', 'Mtss1']","['I79_003079', 'Lgalsl', 'Mpp6', 'I79_006129', 'Col6a2', 'Cnrip1', 'Kitlg', 'Dcn', 'Bgn', 'Col4a2', 'Noxa1', 'I79_019913', 'Uck1', 'Col3a1', 'Mtss1']",0.00014,0.0348,Cell periphery,52,True,True
Component,GO:0098644,2,19,10029,"['Col4a2', 'Col3a1']","['Col4a2', 'Col3a1']",0.00022,0.0466,Complex of collagen trimers,52,True,True
Keyword,KW-0176,3,61,10029,"['Col6a2', 'Col4a2', 'Col3a1']","['Col6a2', 'Col4a2', 'Col3a1']",4.04e-05,0.0139,Collagen,52,True,True
Keyword,KW-0272,2,21,10029,"['Dcn', 'Bgn']","['Dcn', 'Bgn']",0.00026,0.045,Extracellular matrix,52,True,True
KEGG,cge04974,3,58,10029,"['Col6a2', 'Col4a2', 'Col3a1']","['Col6a2', 'Col4a2', 'Col3a1']",3.5e-05,0.0116,Protein digestion and absorption,52,True,True
InterPro,IPR016352,2,2,10029,"['Dcn', 'Bgn']","['Dcn', 'Bgn']",6.3e-06,0.0409,"Small leucine-rich proteoglycan, class I, decorin/asporin/byglycan",52,True,True
RCTM,MAP-1474244,5,336,10029,"['Col6a2', 'Dcn', 'Bgn', 'Col4a2', 'Col3a1']","['Col6a2', 'Dcn', 'Bgn', 'Col4a2', 'Col3a1']",2.41e-05,0.0412,Extracellular matrix organization,52,True,True
RCTM,MAP-3000178,3,60,10029,"['Dcn', 'Bgn', 'Col3a1']","['Dcn', 'Bgn', 'Col3a1']",3.85e-05,0.0412,ECM proteoglycans,52,True,True
NetworkNeighborAL,CL:24936,5,122,10029,"['Col6a2', 'Dcn', 'Bgn', 'Col4a2', 'Col3a1']","['Col6a2', 'Dcn', 'Bgn', 'Col4a2', 'Col3a1']",1.91e-07,0.00081,"Collagen formation, and Collagen catabolic process",52,True,True
NetworkNeighborAL,CL:24945,3,31,10029,"['Col6a2', 'Col4a2', 'Col3a1']","['Col6a2', 'Col4a2', 'Col3a1']",5.92e-06,0.005,"Collagen, and Prolyl 4-hydroxylase alpha subunit, Fe(2+) 2OG dioxygenase domain",52,True,True
NetworkNeighborAL,CL:25134,2,5,10029,"['Dcn', 'Bgn']","['Dcn', 'Bgn']",2.2e-05,0.0133,"Small leucine-rich proteoglycan, class I, decorin/asporin/byglycan, and Fibrillin 1, unique N-terminal domain",52,True,True
NetworkNeighborAL,CL:24949,2,10,10029,"['Col6a2', 'Col3a1']","['Col6a2', 'Col3a1']",6.89e-05,0.0292,"Fibrillar collagens C-terminal domain, and Von Willebrand factor type A domain",52,True,True
Process,GO:0006520,15,293,10029,"['Nars1', 'H671_7g18352', 'Yars1', 'Lars1', 'Tars1', 'Iars1', 'Shmt2', 'Psph', 'Asns', 'Gpt2', 'Aars1', 'Atf4', 'Cars1', 'Psat1', 'SARS1']","['Nars1', 'H671_7g18352', 'Yars1', 'Lars1', 'Tars1', 'Iars1', 'Shmt2', 'Psph', 'Asns', 'Gpt2', 'AARS-2', 'Atf4', 'Cars1', 'Psat1', 'SARS1']",3.34e-17,4.23e-13,Cellular amino acid metabolic process,54,True,True
Process,GO:0006418,8,49,10029,"['Nars1', 'Yars1', 'Lars1', 'Tars1', 'Iars1', 'Aars1', 'Cars1', 'SARS1']","['Nars1', 'Yars1', 'Lars1', 'Tars1', 'Iars1', 'AARS-2', 'Cars1', 'SARS1']",2.6e-13,8.98e-10,tRNA aminoacylation for protein translation,54,True,True
Process,GO:0019752,18,917,10029,"['Nars1', 'H671_7g18352', 'Sesn2', 'Yars1', 'Pck2', 'Lars1', 'Tars1', 'I79_012301', 'Iars1', 'Shmt2', 'Psph', 'Asns', 'Gpt2', 'Aars1', 'Atf4', 'Cars1', 'Psat1', 'SARS1']","['Nars1', 'H671_7g18352', 'Sesn2', 'Yars1', 'Pck2', 'Lars1', 'Tars1', 'I79_012301', 'Iars1', 'Shmt2', 'Psph', 'Asns', 'Gpt2', 'AARS-2', 'Atf4', 'Cars1', 'Psat1', 'SARS1']",1.42e-13,8.98e-10,Carboxylic acid metabolic process,54,True,True
Process,GO:0044281,21,1690,10029,"['Nars1', 'H671_7g18352', 'Sesn2', 'Yars1', 'Pck2', 'Lars1', 'Tars1', 'I79_012301', 'Iars1', 'Shmt2', 'Nnmt', 'Psph', 'Asns', 'Mthfd2', 'Gpt2', 'Atf3', 'Aars1', 'Atf4', 'Cars1', 'Psat1', 'SARS1']","['Nars1', 'H671_7g18352', 'Sesn2', 'Yars1', 'Pck2', 'Lars1', 'Tars1', 'I79_012301', 'Iars1', 'Shmt2', 'Nnmt', 'Psph', 'Asns', 'Mthfd2', 'Gpt2', 'Atf3', 'AARS-2', 'Atf4', 'Cars1', 'Psat1', 'SARS1']",4.33e-12,6.85e-09,Small molecule metabolic process,54,True,True
Process,GO:0034976,10,206,10029,"['Sesn2', 'Stc2', 'Niban1', 'Herpud1', 'Ddit3', 'I79_016638', 'Trib3', 'Atf3', 'Chac1', 'Atf4']","['Sesn2', 'Stc2', 'Niban1', 'Herpud1', 'Ddit3', 'I79_016638', 'Trib3', 'Atf3', 'Chac1', 'Atf4']",1.77e-11,2.48e-08,Response to endoplasmic reticulum stress,54,True,True
Process,GO:0043603,17,1102,10029,"['Nars1', 'Eif4ebp1', 'Yars1', 'Lars1', 'Tars1', 'I79_012301', 'Iars1', 'Shmt2', 'Nnmt', 'Asns', 'Cerk', 'Chac1', 'Aars1', 'Atf4', 'Cars1', 'I79_024595', 'SARS1']","['Nars1', 'Eif4ebp1', 'Yars1', 'Lars1', 'Tars1', 'I79_012301', 'Iars1', 'Shmt2', 'Nnmt', 'Asns', 'Cerk', 'Chac1', 'AARS-2', 'Atf4', 'Cars1', 'I79_024595', 'SARS1']",3.43e-11,4.34e-08,Cellular amide metabolic process,54,True,True
Process,GO:0006986,8,101,10029,"['Stc2', 'Herpud1', 'Ddit3', 'I79_016638', 'Atf3', 'Chac1', 'Hspa8', 'Atf4']","['Stc2', 'Herpud1', 'Ddit3', 'I79_016638', 'Atf3', 'Chac1', 'Hspa8', 'Atf4']",5.53e-11,6.35e-08,Response to unfolded protein,54,True,True
Process,GO:0034620,7,78,10029,"['Stc2', 'Herpud1', 'Ddit3', 'I79_016638', 'Atf3', 'Hspa8', 'Atf4']","['Stc2', 'Herpud1', 'Ddit3', 'I79_016638', 'Atf3', 'Hspa8', 'Atf4']",4.23e-10,4.12e-07,Cellular response to unfolded protein,54,True,True
Process,GO:0030968,6,45,10029,"['Stc2', 'Herpud1', 'Ddit3', 'I79_016638', 'Atf3', 'Atf4']","['Stc2', 'Herpud1', 'Ddit3', 'I79_016638', 'Atf3', 'Atf4']",9.03e-10,8.16e-07,Endoplasmic reticulum unfolded protein response,54,True,True
Process,GO:0042594,9,249,10029,"['Slc7a5', 'Eif4ebp1', 'Sesn2', 'Pck2', 'Lars1', 'Ddit3', 'I79_016638', 'Atf3', 'Atf4']","['Slc7a5', 'Eif4ebp1', 'Sesn2', 'Pck2', 'Lars1', 'Ddit3', 'I79_016638', 'Atf3', 'Atf4']",2.42e-09,1.91e-06,Response to starvation,54,True,True
Process,GO:0009987,49,15994,10029,"['Slc7a5', 'Nars1', 'Chst12', 'Slc7a1', 'H671_7g18352', 'Mknk1', 'Slc1a4', 'Eif4ebp1', 'Sesn2', 'Zswim3', 'Yars1', 'Xpot', 'Stc2', 'Niban1', 'Pck2', 'Slc6a9', 'Abhd6', 'Lars1', 'Herpud1', 'Tars1', 'I79_012301', 'Iars1', 'Slc7a7', 'Shmt2', 'Ddit3', 'I79_016638', 'Ddit4', 'Nnmt', 'Psph', 'Asns', 'Mthfd2', 'Il33', 'Atf5', 'Cerk', 'Gpt2', 'Trib3', 'I79_020066', 'Atf3', 'I79_020167', 'Chac1', 'Hspa8', 'Aars1', 'Atf4', 'Slc3a2', 'Cars1', 'I79_024210', 'Psat1', 'I79_024595', 'SARS1']","['Slc7a5', 'Nars1', 'Chst12', 'Slc7a1', 'H671_7g18352', 'Mknk1', 'Slc1a4', 'Eif4ebp1', 'Sesn2', 'Zswim3', 'Yars1', 'Xpot', 'Stc2', 'Niban1', 'Pck2', 'Slc6a9', 'Abhd6', 'Lars1', 'Herpud1', 'Tars1', 'I79_012301', 'Iars1', 'Slc7a7', 'Shmt2', 'Ddit3', 'I79_016638', 'Ddit4', 'Nnmt', 'Psph', 'Asns', 'Mthfd2', 'Il33', 'Atf5', 'Cerk', 'Gpt2', 'Trib3', 'I79_020066', 'Atf3', 'I79_020167', 'Chac1', 'Hspa8', 'AARS-2', 'Atf4', 'Slc3a2', 'Cars1', 'I79_024210', 'Psat1', 'I79_024595', 'SARS1']",3.07e-09,2.28e-06,Cellular process,54,True,True
Process,GO:0031667,11,523,10029,"['Slc7a5', 'Eif4ebp1', 'Sesn2', 'Stc2', 'Pck2', 'Lars1', 'Ddit3', 'I79_016638', 'Psph', 'Atf3', 'Atf4']","['Slc7a5', 'Eif4ebp1', 'Sesn2', 'Stc2', 'Pck2', 'Lars1', 'Ddit3', 'I79_016638', 'Psph', 'Atf3', 'Atf4']",8.37e-09,5.57e-06,Response to nutrient levels,54,True,True
Process,GO:0033554,17,1609,10029,"['Slc7a5', 'H671_7g18352', 'Eif4ebp1', 'Sesn2', 'Stc2', 'Niban1', 'Lars1', 'Herpud1', 'Ddit3', 'I79_016638', 'Ddit4', 'Trib3', 'Atf3', 'Chac1', 'Hspa8', 'Atf4', 'I79_024210']","['Slc7a5', 'H671_7g18352', 'Eif4ebp1', 'Sesn2', 'Stc2', 'Niban1', 'Lars1', 'Herpud1', 'Ddit3', 'I79_016638', 'Ddit4', 'Trib3', 'Atf3', 'Chac1', 'Hspa8', 'Atf4', 'I79_024210']",1.04e-08,6.59e-06,Cellular response to stress,54,True,True
Process,GO:0008152,37,8581,10029,"['Nars1', 'Chst12', 'H671_7g18352', 'Mknk1', 'Eif4ebp1', 'Sesn2', 'Yars1', 'Pck2', 'Abhd6', 'Lars1', 'Herpud1', 'Tars1', 'I79_012301', 'Iars1', 'Shmt2', 'Ddit3', 'I79_016638', 'Ddit4', 'Nnmt', 'Psph', 'Asns', 'Mthfd2', 'Il33', 'Cerk', 'Gpt2', 'Trib3', 'I79_020066', 'Atf3', 'Chac1', 'Aars1', 'Atf4', 'Slc3a2', 'Cars1', 'I79_024210', 'Psat1', 'I79_024595', 'SARS1']","['Nars1', 'Chst12', 'H671_7g18352', 'Mknk1', 'Eif4ebp1', 'Sesn2', 'Yars1', 'Pck2', 'Abhd6', 'Lars1', 'Herpud1', 'Tars1', 'I79_012301', 'Iars1', 'Shmt2', 'Ddit3', 'I79_016638', 'Ddit4', 'Nnmt', 'Psph', 'Asns', 'Mthfd2', 'Il33', 'Cerk', 'Gpt2', 'Trib3', 'I79_020066', 'Atf3', 'Chac1', 'AARS-2', 'Atf4', 'Slc3a2', 'Cars1', 'I79_024210', 'Psat1', 'I79_024595', 'SARS1']",1.99e-08,1.05e-05,Metabolic process,54,True,True
Process,GO:0089718,5,36,10029,"['Slc7a5', 'Slc7a1', 'Slc1a4', 'Slc6a9', 'Slc3a2']","['Slc7a5', 'Slc7a1', 'Slc1a4', 'Slc6a9', 'Slc3a2']",2.07e-08,1.05e-05,Amino acid import across plasma membrane,54,True,True
Process,GO:0071704,36,8137,10029,"['Nars1', 'Chst12', 'H671_7g18352', 'Mknk1', 'Eif4ebp1', 'Sesn2', 'Yars1', 'Pck2', 'Abhd6', 'Lars1', 'Herpud1', 'Tars1', 'I79_012301', 'Iars1', 'Shmt2', 'Ddit3', 'I79_016638', 'Nnmt', 'Psph', 'Asns', 'Mthfd2', 'Il33', 'Cerk', 'Gpt2', 'Trib3', 'I79_020066', 'Atf3', 'Chac1', 'Aars1', 'Atf4', 'Slc3a2', 'Cars1', 'I79_024210', 'Psat1', 'I79_024595', 'SARS1']","['Nars1', 'Chst12', 'H671_7g18352', 'Mknk1', 'Eif4ebp1', 'Sesn2', 'Yars1', 'Pck2', 'Abhd6', 'Lars1', 'Herpud1', 'Tars1', 'I79_012301', 'Iars1', 'Shmt2', 'Ddit3', 'I79_016638', 'Nnmt', 'Psph', 'Asns', 'Mthfd2', 'Il33', 'Cerk', 'Gpt2', 'Trib3', 'I79_020066', 'Atf3', 'Chac1', 'AARS-2', 'Atf4', 'Slc3a2', 'Cars1', 'I79_024210', 'Psat1', 'I79_024595', 'SARS1']",2.18e-08,1.06e-05,Organic substance metabolic process,54,True,True
Process,GO:1901564,29,5394,10029,"['Nars1', 'Chst12', 'H671_7g18352', 'Mknk1', 'Eif4ebp1', 'Yars1', 'Lars1', 'Herpud1', 'Tars1', 'I79_012301', 'Iars1', 'Shmt2', 'Ddit3', 'I79_016638', 'Nnmt', 'Psph', 'Asns', 'Mthfd2', 'Cerk', 'Gpt2', 'Trib3', 'Chac1', 'Aars1', 'Atf4', 'Cars1', 'I79_024210', 'Psat1', 'I79_024595', 'SARS1']","['Nars1', 'Chst12', 'H671_7g18352', 'Mknk1', 'Eif4ebp1', 'Yars1', 'Lars1', 'Herpud1', 'Tars1', 'I79_012301', 'Iars1', 'Shmt2', 'Ddit3', 'I79_016638', 'Nnmt', 'Psph', 'Asns', 'Mthfd2', 'Cerk', 'Gpt2', 'Trib3', 'Chac1', 'AARS-2', 'Atf4', 'Cars1', 'I79_024210', 'Psat1', 'I79_024595', 'SARS1']",4e-08,1.87e-05,Organonitrogen compound metabolic process,54,True,True
Process,GO:0044237,33,7040,10029,"['Nars1', 'Chst12', 'H671_7g18352', 'Mknk1', 'Eif4ebp1', 'Sesn2', 'Yars1', 'Pck2', 'Abhd6', 'Lars1', 'Herpud1', 'Tars1', 'I79_012301', 'Iars1', 'Shmt2', 'Ddit3', 'I79_016638', 'Ddit4', 'Nnmt', 'Psph', 'Asns', 'Mthfd2', 'Cerk', 'Gpt2', 'Trib3', 'I79_020066', 'Chac1', 'Aars1', 'Atf4', 'Cars1', 'Psat1', 'I79_024595', 'SARS1']","['Nars1', 'Chst12', 'H671_7g18352', 'Mknk1', 'Eif4ebp1', 'Sesn2', 'Yars1', 'Pck2', 'Abhd6', 'Lars1', 'Herpud1', 'Tars1', 'I79_012301', 'Iars1', 'Shmt2', 'Ddit3', 'I79_016638', 'Ddit4', 'Nnmt', 'Psph', 'Asns', 'Mthfd2', 'Cerk', 'Gpt2', 'Trib3', 'I79_020066', 'Chac1', 'AARS-2', 'Atf4', 'Cars1', 'Psat1', 'I79_024595', 'SARS1']",5.06e-08,2.29e-05,Cellular metabolic process,54,True,True
Process,GO:0043618,5,45,10029,"['Sesn2', 'Ddit3', 'I79_016638', 'Atf3', 'Atf4']","['Sesn2', 'Ddit3', 'I79_016638', 'Atf3', 'Atf4']",5.78e-08,2.51e-05,Regulation of transcription from RNA polymerase II promoter in response to stress,54,True,True
Process,GO:1901566,16,1579,10029,"['Nars1', 'Chst12', 'H671_7g18352', 'Eif4ebp1', 'Yars1', 'Lars1', 'Tars1', 'Iars1', 'Shmt2', 'Psph', 'Asns', 'Aars1', 'Cars1', 'Psat1', 'I79_024595', 'SARS1']","['Nars1', 'Chst12', 'H671_7g18352', 'Eif4ebp1', 'Yars1', 'Lars1', 'Tars1', 'Iars1', 'Shmt2', 'Psph', 'Asns', 'AARS-2', 'Cars1', 'Psat1', 'I79_024595', 'SARS1']",5.76e-08,2.51e-05,Organonitrogen compound biosynthetic process,54,True,True
Process,GO:0006950,22,3187,10029,"['Slc7a5', 'H671_7g18352', 'Mknk1', 'Eif4ebp1', 'Sesn2', 'Stc2', 'Niban1', 'Pck2', 'Lars1', 'Herpud1', 'Shmt2', 'Ddit3', 'I79_016638', 'Ddit4', 'Il33', 'Trib3', 'I79_020066', 'Atf3', 'Chac1', 'Hspa8', 'Atf4', 'I79_024210']","['Slc7a5', 'H671_7g18352', 'Mknk1', 'Eif4ebp1', 'Sesn2', 'Stc2', 'Niban1', 'Pck2', 'Lars1', 'Herpud1', 'Shmt2', 'Ddit3', 'I79_016638', 'Ddit4', 'Il33', 'Trib3', 'I79_020066', 'Atf3', 'Chac1', 'Hspa8', 'Atf4', 'I79_024210']",7.61e-08,3e-05,Response to stress,54,True,True
Process,GO:0097190,8,264,10029,"['Mknk1', 'Ddit3', 'Ddit4', 'Il33', 'Trib3', 'Chac1', 'Atf4', 'I79_024210']","['Mknk1', 'Ddit3', 'Ddit4', 'Il33', 'Trib3', 'Chac1', 'Atf4', 'I79_024210']",7.59e-08,3e-05,Apoptotic signaling pathway,54,True,True
Process,GO:0009058,20,2636,10029,"['Nars1', 'Chst12', 'H671_7g18352', 'Eif4ebp1', 'Yars1', 'Pck2', 'Lars1', 'Tars1', 'Iars1', 'Shmt2', 'Psph', 'Asns', 'Gpt2', 'Atf3', 'Aars1', 'Atf4', 'Cars1', 'Psat1', 'I79_024595', 'SARS1']","['Nars1', 'Chst12', 'H671_7g18352', 'Eif4ebp1', 'Yars1', 'Pck2', 'Lars1', 'Tars1', 'Iars1', 'Shmt2', 'Psph', 'Asns', 'Gpt2', 'Atf3', 'AARS-2', 'Atf4', 'Cars1', 'Psat1', 'I79_024595', 'SARS1']",8.7e-08,3.24e-05,Biosynthetic process,54,True,True
Process,GO:1901605,7,201,10029,"['H671_7g18352', 'Shmt2', 'Psph', 'Asns', 'Gpt2', 'Atf4', 'Psat1']","['H671_7g18352', 'Shmt2', 'Psph', 'Asns', 'Gpt2', 'Atf4', 'Psat1']",2.14e-07,7.52e-05,Alpha-amino acid metabolic process,54,True,True
Process,GO:1901607,5,61,10029,"['H671_7g18352', 'Shmt2', 'Psph', 'Asns', 'Psat1']","['H671_7g18352', 'Shmt2', 'Psph', 'Asns', 'Psat1']",2.38e-07,7.92e-05,Alpha-amino acid biosynthetic process,54,True,True
Process,GO:1990928,5,61,10029,"['Eif4ebp1', 'Sesn2', 'Lars1', 'Atf3', 'Atf4']","['Eif4ebp1', 'Sesn2', 'Lars1', 'Atf3', 'Atf4']",2.38e-07,7.92e-05,Response to amino acid starvation,54,True,True
Process,GO:0036003,4,23,10029,"['Sesn2', 'Ddit3', 'Atf3', 'Atf4']","['Sesn2', 'Ddit3', 'Atf3', 'Atf4']",2.63e-07,8.33e-05,Positive regulation of transcription from RNA polymerase II promoter in response to stress,54,True,True
Process,GO:0006564,3,4,10029,"['Shmt2', 'Psph', 'Psat1']","['Shmt2', 'Psph', 'Psat1']",2.81e-07,8.47e-05,L-serine biosynthetic process,54,True,True
Process,GO:0010033,20,2827,10029,"['Slc7a5', 'Eif4ebp1', 'Sesn2', 'Stc2', 'Pck2', 'Lars1', 'Herpud1', 'Shmt2', 'Ddit3', 'I79_016638', 'Ddit4', 'Nnmt', 'Psph', 'Il33', 'Trib3', 'Atf3', 'Chac1', 'Hspa8', 'Atf4', 'Slc3a2']","['Slc7a5', 'Eif4ebp1', 'Sesn2', 'Stc2', 'Pck2', 'Lars1', 'Herpud1', 'Shmt2', 'Ddit3', 'I79_016638', 'Ddit4', 'Nnmt', 'Psph', 'Il33', 'Trib3', 'Atf3', 'Chac1', 'Hspa8', 'Atf4', 'Slc3a2']",2.74e-07,8.47e-05,Response to organic substance,54,True,True
Process,GO:0070059,4,24,10029,"['Ddit3', 'Trib3', 'Chac1', 'Atf4']","['Ddit3', 'Trib3', 'Chac1', 'Atf4']",3.07e-07,9.02e-05,Intrinsic apoptotic signaling pathway in response to endoplasmic reticulum stress,54,True,True
Process,GO:1901576,19,2581,10029,"['Nars1', 'Chst12', 'H671_7g18352', 'Eif4ebp1', 'Yars1', 'Pck2', 'Lars1', 'Tars1', 'Iars1', 'Shmt2', 'Psph', 'Asns', 'Atf3', 'Aars1', 'Atf4', 'Cars1', 'Psat1', 'I79_024595', 'SARS1']","['Nars1', 'Chst12', 'H671_7g18352', 'Eif4ebp1', 'Yars1', 'Pck2', 'Lars1', 'Tars1', 'Iars1', 'Shmt2', 'Psph', 'Asns', 'Atf3', 'AARS-2', 'Atf4', 'Cars1', 'Psat1', 'I79_024595', 'SARS1']",3.41e-07,9.8e-05,Organic substance biosynthetic process,54,True,True
Process,GO:0009892,20,2911,10029,"['Slc7a5', 'Eif4ebp1', 'Sesn2', 'Stc2', 'Niban1', 'Abhd6', 'Herpud1', 'Shmt2', 'Ddit3', 'I79_016638', 'Ddit4', 'Il33', 'Atf5', 'Trib3', 'Atf3', 'Chac1', 'Atf4', 'I79_024210', 'I79_024595', 'SARS1']","['Slc7a5', 'Eif4ebp1', 'Sesn2', 'Stc2', 'Niban1', 'Abhd6', 'Herpud1', 'Shmt2', 'Ddit3', 'I79_016638', 'Ddit4', 'Il33', 'Atf5', 'Trib3', 'Atf3', 'Chac1', 'Atf4', 'I79_024210', 'I79_024595', 'SARS1']",4.41e-07,0.00012,Negative regulation of metabolic process,54,True,True
Process,GO:2000112,10,613,10029,"['Mknk1', 'Eif4ebp1', 'Sesn2', 'Niban1', 'Slc6a9', 'Shmt2', 'I79_016638', 'Il33', 'Aars1', 'I79_024595']","['Mknk1', 'Eif4ebp1', 'Sesn2', 'Niban1', 'Slc6a9', 'Shmt2', 'I79_016638', 'Il33', 'AARS-2', 'I79_024595']",4.39e-07,0.00012,Regulation of cellular macromolecule biosynthetic process,54,True,True
Process,GO:0097193,6,141,10029,"['Ddit3', 'Ddit4', 'Trib3', 'Chac1', 'Atf4', 'I79_024210']","['Ddit3', 'Ddit4', 'Trib3', 'Chac1', 'Atf4', 'I79_024210']",5.46e-07,0.00014,Intrinsic apoptotic signaling pathway,54,True,True
Process,GO:0043604,11,830,10029,"['Nars1', 'Eif4ebp1', 'Yars1', 'Lars1', 'Tars1', 'Iars1', 'Asns', 'Aars1', 'Cars1', 'I79_024595', 'SARS1']","['Nars1', 'Eif4ebp1', 'Yars1', 'Lars1', 'Tars1', 'Iars1', 'Asns', 'AARS-2', 'Cars1', 'I79_024595', 'SARS1']",8.15e-07,0.00021,Amide biosynthetic process,54,True,True
Process,GO:0006518,11,850,10029,"['Nars1', 'Eif4ebp1', 'Yars1', 'Lars1', 'Tars1', 'Iars1', 'Chac1', 'Aars1', 'Cars1', 'I79_024595', 'SARS1']","['Nars1', 'Eif4ebp1', 'Yars1', 'Lars1', 'Tars1', 'Iars1', 'Chac1', 'AARS-2', 'Cars1', 'I79_024595', 'SARS1']",1.03e-06,0.00025,Peptide metabolic process,54,True,True
Process,GO:0044249,18,2480,10029,"['Nars1', 'Chst12', 'H671_7g18352', 'Eif4ebp1', 'Yars1', 'Pck2', 'Lars1', 'Tars1', 'Iars1', 'Shmt2', 'Psph', 'Asns', 'Aars1', 'Atf4', 'Cars1', 'Psat1', 'I79_024595', 'SARS1']","['Nars1', 'Chst12', 'H671_7g18352', 'Eif4ebp1', 'Yars1', 'Pck2', 'Lars1', 'Tars1', 'Iars1', 'Shmt2', 'Psph', 'Asns', 'AARS-2', 'Atf4', 'Cars1', 'Psat1', 'I79_024595', 'SARS1']",9.78e-07,0.00025,Cellular biosynthetic process,54,True,True
Process,GO:0006412,10,700,10029,"['Nars1', 'Eif4ebp1', 'Yars1', 'Lars1', 'Tars1', 'Iars1', 'Aars1', 'Cars1', 'I79_024595', 'SARS1']","['Nars1', 'Eif4ebp1', 'Yars1', 'Lars1', 'Tars1', 'Iars1', 'AARS-2', 'Cars1', 'I79_024595', 'SARS1']",1.44e-06,0.00035,Translation,54,True,True
Process,GO:0006807,31,7145,10029,"['Nars1', 'Chst12', 'H671_7g18352', 'Mknk1', 'Eif4ebp1', 'Sesn2', 'Yars1', 'Lars1', 'Herpud1', 'Tars1', 'I79_012301', 'Iars1', 'Shmt2', 'Ddit3', 'I79_016638', 'Nnmt', 'Psph', 'Asns', 'Mthfd2', 'Cerk', 'Gpt2', 'Trib3', 'I79_020066', 'Chac1', 'Aars1', 'Atf4', 'Cars1', 'I79_024210', 'Psat1', 'I79_024595', 'SARS1']","['Nars1', 'Chst12', 'H671_7g18352', 'Mknk1', 'Eif4ebp1', 'Sesn2', 'Yars1', 'Lars1', 'Herpud1', 'Tars1', 'I79_012301', 'Iars1', 'Shmt2', 'Ddit3', 'I79_016638', 'Nnmt', 'Psph', 'Asns', 'Mthfd2', 'Cerk', 'Gpt2', 'Trib3', 'I79_020066', 'Chac1', 'AARS-2', 'Atf4', 'Cars1', 'I79_024210', 'Psat1', 'I79_024595', 'SARS1']",1.48e-06,0.00035,Nitrogen compound metabolic process,54,True,True
Process,GO:0010629,11,890,10029,"['Slc7a5', 'Eif4ebp1', 'Sesn2', 'Stc2', 'Shmt2', 'Ddit3', 'I79_016638', 'Il33', 'Chac1', 'I79_024595', 'SARS1']","['Slc7a5', 'Eif4ebp1', 'Sesn2', 'Stc2', 'Shmt2', 'Ddit3', 'I79_016638', 'Il33', 'Chac1', 'I79_024595', 'SARS1']",1.6e-06,0.00037,Negative regulation of gene expression,54,True,True
Process,GO:1990440,3,9,10029,"['Ddit3', 'Atf3', 'Atf4']","['Ddit3', 'Atf3', 'Atf4']",1.75e-06,0.0004,Positive regulation of transcription from RNA polymerase II promoter in response to endoplasmic reticulum stress,54,True,True
Process,GO:0044238,32,7736,10029,"['Nars1', 'Chst12', 'H671_7g18352', 'Mknk1', 'Eif4ebp1', 'Sesn2', 'Yars1', 'Pck2', 'Abhd6', 'Lars1', 'Herpud1', 'Tars1', 'I79_012301', 'Iars1', 'Shmt2', 'Ddit3', 'I79_016638', 'Psph', 'Asns', 'Cerk', 'Gpt2', 'Trib3', 'I79_020066', 'Atf3', 'Aars1', 'Atf4', 'Slc3a2', 'Cars1', 'I79_024210', 'Psat1', 'I79_024595', 'SARS1']","['Nars1', 'Chst12', 'H671_7g18352', 'Mknk1', 'Eif4ebp1', 'Sesn2', 'Yars1', 'Pck2', 'Abhd6', 'Lars1', 'Herpud1', 'Tars1', 'I79_012301', 'Iars1', 'Shmt2', 'Ddit3', 'I79_016638', 'Psph', 'Asns', 'Cerk', 'Gpt2', 'Trib3', 'I79_020066', 'Atf3', 'AARS-2', 'Atf4', 'Slc3a2', 'Cars1', 'I79_024210', 'Psat1', 'I79_024595', 'SARS1']",2.46e-06,0.00052,Primary metabolic process,54,True,True
Process,GO:0044283,8,428,10029,"['H671_7g18352', 'Pck2', 'Shmt2', 'Psph', 'Asns', 'Atf3', 'Atf4', 'Psat1']","['H671_7g18352', 'Pck2', 'Shmt2', 'Psph', 'Asns', 'Atf3', 'Atf4', 'Psat1']",2.68e-06,0.00055,Small molecule biosynthetic process,54,True,True
Process,GO:1901698,12,1149,10029,"['Slc7a5', 'Eif4ebp1', 'Sesn2', 'Stc2', 'Pck2', 'Lars1', 'Herpud1', 'I79_016638', 'Nnmt', 'Trib3', 'Atf4', 'Slc3a2']","['Slc7a5', 'Eif4ebp1', 'Sesn2', 'Stc2', 'Pck2', 'Lars1', 'Herpud1', 'I79_016638', 'Nnmt', 'Trib3', 'Atf4', 'Slc3a2']",2.81e-06,0.00057,Response to nitrogen compound,54,True,True
Process,GO:0010605,18,2682,10029,"['Slc7a5', 'Eif4ebp1', 'Sesn2', 'Stc2', 'Niban1', 'Herpud1', 'Shmt2', 'Ddit3', 'I79_016638', 'Ddit4', 'Il33', 'Atf5', 'Trib3', 'Atf3', 'Chac1', 'Atf4', 'I79_024595', 'SARS1']","['Slc7a5', 'Eif4ebp1', 'Sesn2', 'Stc2', 'Niban1', 'Herpud1', 'Shmt2', 'Ddit3', 'I79_016638', 'Ddit4', 'Il33', 'Atf5', 'Trib3', 'Atf3', 'Chac1', 'Atf4', 'I79_024595', 'SARS1']",3.03e-06,0.0006,Negative regulation of macromolecule metabolic process,54,True,True
Process,GO:1990253,3,13,10029,"['Sesn2', 'Lars1', 'Atf4']","['Sesn2', 'Lars1', 'Atf4']",4.44e-06,0.00085,Cellular response to leucine starvation,54,True,True
Process,GO:0006915,10,826,10029,"['Mknk1', 'Ddit3', 'I79_016638', 'Ddit4', 'Il33', 'Trib3', 'Chac1', 'Aars1', 'Atf4', 'I79_024210']","['Mknk1', 'Ddit3', 'I79_016638', 'Ddit4', 'Il33', 'Trib3', 'Chac1', 'AARS-2', 'Atf4', 'I79_024210']",6.14e-06,0.0011,Apoptotic process,54,True,True
Process,GO:0009267,6,215,10029,"['Slc7a5', 'Sesn2', 'Lars1', 'I79_016638', 'Atf3', 'Atf4']","['Slc7a5', 'Sesn2', 'Lars1', 'I79_016638', 'Atf3', 'Atf4']",5.83e-06,0.0011,Cellular response to starvation,54,True,True
Process,GO:0106074,3,15,10029,"['Lars1', 'Iars1', 'Aars1']","['Lars1', 'Iars1', 'AARS-2']",6.45e-06,0.0012,aminoacyl-tRNA metabolism involved in translational fidelity,54,True,True
Process,GO:0031323,26,5592,10029,"['Slc7a5', 'Mknk1', 'Eif4ebp1', 'Sesn2', 'Zswim3', 'Stc2', 'Niban1', 'Slc6a9', 'Herpud1', 'Slc7a7', 'Shmt2', 'Ddit3', 'I79_016638', 'Ddit4', 'Nnmt', 'Il33', 'Atf5', 'Trib3', 'I79_020066', 'Atf3', 'Hspa8', 'Aars1', 'Atf4', 'I79_024210', 'I79_024595', 'SARS1']","['Slc7a5', 'Mknk1', 'Eif4ebp1', 'Sesn2', 'Zswim3', 'Stc2', 'Niban1', 'Slc6a9', 'Herpud1', 'Slc7a7', 'Shmt2', 'Ddit3', 'I79_016638', 'Ddit4', 'Nnmt', 'Il33', 'Atf5', 'Trib3', 'I79_020066', 'Atf3', 'Hspa8', 'AARS-2', 'Atf4', 'I79_024210', 'I79_024595', 'SARS1']",7.07e-06,0.0013,Regulation of cellular metabolic process,54,True,True
Process,GO:0034198,4,57,10029,"['Sesn2', 'Lars1', 'Atf3', 'Atf4']","['Sesn2', 'Lars1', 'Atf3', 'Atf4']",7.44e-06,0.0013,Cellular response to amino acid starvation,54,True,True
Process,GO:0010243,11,1056,10029,"['Slc7a5', 'Eif4ebp1', 'Sesn2', 'Stc2', 'Pck2', 'Lars1', 'Herpud1', 'I79_016638', 'Nnmt', 'Trib3', 'Atf4']","['Slc7a5', 'Eif4ebp1', 'Sesn2', 'Stc2', 'Pck2', 'Lars1', 'Herpud1', 'I79_016638', 'Nnmt', 'Trib3', 'Atf4']",8.08e-06,0.0014,Response to organonitrogen compound,54,True,True
Process,GO:0034645,11,1089,10029,"['Nars1', 'Chst12', 'Eif4ebp1', 'Yars1', 'Lars1', 'Tars1', 'Iars1', 'Aars1', 'Cars1', 'I79_024595', 'SARS1']","['Nars1', 'Chst12', 'Eif4ebp1', 'Yars1', 'Lars1', 'Tars1', 'Iars1', 'AARS-2', 'Cars1', 'I79_024595', 'SARS1']",1.08e-05,0.0018,Cellular macromolecule biosynthetic process,54,True,True
Process,GO:0051172,16,2342,10029,"['Eif4ebp1', 'Sesn2', 'Niban1', 'Herpud1', 'Shmt2', 'Ddit3', 'I79_016638', 'Ddit4', 'Il33', 'Atf5', 'Trib3', 'Atf3', 'Chac1', 'Atf4', 'I79_024210', 'SARS1']","['Eif4ebp1', 'Sesn2', 'Niban1', 'Herpud1', 'Shmt2', 'Ddit3', 'I79_016638', 'Ddit4', 'Il33', 'Atf5', 'Trib3', 'Atf3', 'Chac1', 'Atf4', 'I79_024210', 'SARS1']",1.06e-05,0.0018,Negative regulation of nitrogen compound metabolic process,54,True,True
Process,GO:0071310,15,2069,10029,"['Slc7a5', 'Eif4ebp1', 'Sesn2', 'Stc2', 'Pck2', 'Lars1', 'Herpud1', 'Ddit3', 'I79_016638', 'Ddit4', 'Il33', 'Trib3', 'Atf3', 'Hspa8', 'Atf4']","['Slc7a5', 'Eif4ebp1', 'Sesn2', 'Stc2', 'Pck2', 'Lars1', 'Herpud1', 'Ddit3', 'I79_016638', 'Ddit4', 'Il33', 'Trib3', 'Atf3', 'Hspa8', 'Atf4']",1.09e-05,0.0018,Cellular response to organic substance,54,True,True
Process,GO:0071496,7,372,10029,"['Slc7a5', 'Sesn2', 'Lars1', 'I79_016638', 'Il33', 'Atf3', 'Atf4']","['Slc7a5', 'Sesn2', 'Lars1', 'I79_016638', 'Il33', 'Atf3', 'Atf4']",1.15e-05,0.0019,Cellular response to external stimulus,54,True,True
Process,GO:0006417,8,531,10029,"['Mknk1', 'Eif4ebp1', 'Sesn2', 'Niban1', 'Shmt2', 'I79_016638', 'Aars1', 'I79_024595']","['Mknk1', 'Eif4ebp1', 'Sesn2', 'Niban1', 'Shmt2', 'I79_016638', 'AARS-2', 'I79_024595']",1.26e-05,0.002,Regulation of translation,54,True,True
Process,GO:0080090,26,5780,10029,"['Mknk1', 'Eif4ebp1', 'Sesn2', 'Zswim3', 'Niban1', 'Slc6a9', 'Abhd6', 'Herpud1', 'Slc7a7', 'Shmt2', 'Ddit3', 'I79_016638', 'Ddit4', 'Nnmt', 'Il33', 'Atf5', 'Trib3', 'I79_020066', 'Atf3', 'Chac1', 'Hspa8', 'Aars1', 'Atf4', 'I79_024210', 'I79_024595', 'SARS1']","['Mknk1', 'Eif4ebp1', 'Sesn2', 'Zswim3', 'Niban1', 'Slc6a9', 'Abhd6', 'Herpud1', 'Slc7a7', 'Shmt2', 'Ddit3', 'I79_016638', 'Ddit4', 'Nnmt', 'Il33', 'Atf5', 'Trib3', 'I79_020066', 'Atf3', 'Chac1', 'Hspa8', 'AARS-2', 'Atf4', 'I79_024210', 'I79_024595', 'SARS1']",1.33e-05,0.0021,Regulation of primary metabolic process,54,True,True
Process,GO:0019222,28,6627,10029,"['Slc7a5', 'Mknk1', 'Eif4ebp1', 'Sesn2', 'Zswim3', 'Stc2', 'Niban1', 'Slc6a9', 'Abhd6', 'Herpud1', 'Slc7a7', 'Shmt2', 'Ddit3', 'I79_016638', 'Ddit4', 'Nnmt', 'Il33', 'Atf5', 'Trib3', 'I79_020066', 'Atf3', 'Chac1', 'Hspa8', 'Aars1', 'Atf4', 'I79_024210', 'I79_024595', 'SARS1']","['Slc7a5', 'Mknk1', 'Eif4ebp1', 'Sesn2', 'Zswim3', 'Stc2', 'Niban1', 'Slc6a9', 'Abhd6', 'Herpud1', 'Slc7a7', 'Shmt2', 'Ddit3', 'I79_016638', 'Ddit4', 'Nnmt', 'Il33', 'Atf5', 'Trib3', 'I79_020066', 'Atf3', 'Chac1', 'Hspa8', 'AARS-2', 'Atf4', 'I79_024210', 'I79_024595', 'SARS1']",1.54e-05,0.0024,Regulation of metabolic process,54,True,True
Process,GO:0051246,17,2708,10029,"['Mknk1', 'Eif4ebp1', 'Sesn2', 'Niban1', 'Slc6a9', 'Herpud1', 'Shmt2', 'I79_016638', 'Ddit4', 'Nnmt', 'Il33', 'Trib3', 'Chac1', 'Hspa8', 'Aars1', 'I79_024210', 'I79_024595']","['Mknk1', 'Eif4ebp1', 'Sesn2', 'Niban1', 'Slc6a9', 'Herpud1', 'Shmt2', 'I79_016638', 'Ddit4', 'Nnmt', 'Il33', 'Trib3', 'Chac1', 'Hspa8', 'AARS-2', 'I79_024210', 'I79_024595']",1.56e-05,0.0024,Regulation of protein metabolic process,54,True,True
Process,GO:0032673,3,23,10029,"['Slc7a5', 'Ddit3', 'Il33']","['Slc7a5', 'Ddit3', 'Il33']",2.03e-05,0.003,Regulation of interleukin-4 production,54,True,True
Process,GO:0009889,21,4090,10029,"['Mknk1', 'Eif4ebp1', 'Sesn2', 'Stc2', 'Niban1', 'Slc6a9', 'Abhd6', 'Shmt2', 'Ddit3', 'I79_016638', 'Nnmt', 'Il33', 'Atf5', 'Trib3', 'I79_020066', 'Atf3', 'Aars1', 'Atf4', 'I79_024210', 'I79_024595', 'SARS1']","['Mknk1', 'Eif4ebp1', 'Sesn2', 'Stc2', 'Niban1', 'Slc6a9', 'Abhd6', 'Shmt2', 'Ddit3', 'I79_016638', 'Nnmt', 'Il33', 'Atf5', 'Trib3', 'I79_020066', 'Atf3', 'AARS-2', 'Atf4', 'I79_024210', 'I79_024595', 'SARS1']",2.27e-05,0.0033,Regulation of biosynthetic process,54,True,True
Process,GO:0044271,13,1662,10029,"['Nars1', 'Eif4ebp1', 'Yars1', 'Lars1', 'Tars1', 'Iars1', 'Shmt2', 'Asns', 'Aars1', 'Atf4', 'Cars1', 'I79_024595', 'SARS1']","['Nars1', 'Eif4ebp1', 'Yars1', 'Lars1', 'Tars1', 'Iars1', 'Shmt2', 'Asns', 'AARS-2', 'Atf4', 'Cars1', 'I79_024595', 'SARS1']",2.25e-05,0.0033,Cellular nitrogen compound biosynthetic process,54,True,True
Process,GO:0015823,2,2,10029,"['Slc7a5', 'Slc3a2']","['Slc7a5', 'Slc3a2']",2.46e-05,0.0034,Phenylalanine transport,54,True,True
Process,GO:0070982,2,2,10029,"['Asns', 'Atf4']","['Asns', 'Atf4']",2.46e-05,0.0034,L-asparagine metabolic process,54,True,True
Process,GO:0042221,22,4477,10029,"['Slc7a5', 'H671_7g18352', 'Eif4ebp1', 'Sesn2', 'Stc2', 'Pck2', 'Lars1', 'Herpud1', 'Shmt2', 'Ddit3', 'I79_016638', 'Ddit4', 'Nnmt', 'Psph', 'Il33', 'Trib3', 'Atf3', 'Chac1', 'Hspa8', 'Atf4', 'Slc3a2', 'I79_024210']","['Slc7a5', 'H671_7g18352', 'Eif4ebp1', 'Sesn2', 'Stc2', 'Pck2', 'Lars1', 'Herpud1', 'Shmt2', 'Ddit3', 'I79_016638', 'Ddit4', 'Nnmt', 'Psph', 'Il33', 'Trib3', 'Atf3', 'Chac1', 'Hspa8', 'Atf4', 'Slc3a2', 'I79_024210']",2.58e-05,0.0035,Response to chemical,54,True,True
Process,GO:0051171,25,5595,10029,"['Mknk1', 'Eif4ebp1', 'Sesn2', 'Zswim3', 'Niban1', 'Slc6a9', 'Herpud1', 'Slc7a7', 'Shmt2', 'Ddit3', 'I79_016638', 'Ddit4', 'Nnmt', 'Il33', 'Atf5', 'Trib3', 'I79_020066', 'Atf3', 'Chac1', 'Hspa8', 'Aars1', 'Atf4', 'I79_024210', 'I79_024595', 'SARS1']","['Mknk1', 'Eif4ebp1', 'Sesn2', 'Zswim3', 'Niban1', 'Slc6a9', 'Herpud1', 'Slc7a7', 'Shmt2', 'Ddit3', 'I79_016638', 'Ddit4', 'Nnmt', 'Il33', 'Atf5', 'Trib3', 'I79_020066', 'Atf3', 'Chac1', 'Hspa8', 'AARS-2', 'Atf4', 'I79_024210', 'I79_024595', 'SARS1']",2.59e-05,0.0035,Regulation of nitrogen compound metabolic process,54,True,True
Process,GO:0031324,15,2234,10029,"['Slc7a5', 'Eif4ebp1', 'Sesn2', 'Niban1', 'Shmt2', 'Ddit3', 'I79_016638', 'Ddit4', 'Il33', 'Atf5', 'Trib3', 'Atf3', 'Atf4', 'I79_024210', 'SARS1']","['Slc7a5', 'Eif4ebp1', 'Sesn2', 'Niban1', 'Shmt2', 'Ddit3', 'I79_016638', 'Ddit4', 'Il33', 'Atf5', 'Trib3', 'Atf3', 'Atf4', 'I79_024210', 'SARS1']",2.7e-05,0.0036,Negative regulation of cellular metabolic process,54,True,True
Process,GO:0071417,8,608,10029,"['Slc7a5', 'Eif4ebp1', 'Sesn2', 'Pck2', 'Lars1', 'I79_016638', 'Trib3', 'Atf4']","['Slc7a5', 'Eif4ebp1', 'Sesn2', 'Pck2', 'Lars1', 'I79_016638', 'Trib3', 'Atf4']",3.28e-05,0.0042,Cellular response to organonitrogen compound,54,True,True
Process,GO:0060255,26,6089,10029,"['Slc7a5', 'Mknk1', 'Eif4ebp1', 'Sesn2', 'Zswim3', 'Stc2', 'Niban1', 'Slc6a9', 'Herpud1', 'Shmt2', 'Ddit3', 'I79_016638', 'Ddit4', 'Nnmt', 'Il33', 'Atf5', 'Trib3', 'I79_020066', 'Atf3', 'Chac1', 'Hspa8', 'Aars1', 'Atf4', 'I79_024210', 'I79_024595', 'SARS1']","['Slc7a5', 'Mknk1', 'Eif4ebp1', 'Sesn2', 'Zswim3', 'Stc2', 'Niban1', 'Slc6a9', 'Herpud1', 'Shmt2', 'Ddit3', 'I79_016638', 'Ddit4', 'Nnmt', 'Il33', 'Atf5', 'Trib3', 'I79_020066', 'Atf3', 'Chac1', 'Hspa8', 'AARS-2', 'Atf4', 'I79_024210', 'I79_024595', 'SARS1']",3.56e-05,0.0045,Regulation of macromolecule metabolic process,54,True,True
Process,GO:0048519,24,5319,10029,"['Slc7a5', 'H671_7g18352', 'Eif4ebp1', 'Sesn2', 'Stc2', 'Niban1', 'Slc6a9', 'Abhd6', 'Herpud1', 'Shmt2', 'Ddit3', 'I79_016638', 'Ddit4', 'Il33', 'Atf5', 'Trib3', 'Atf3', 'Chac1', 'Hspa8', 'Aars1', 'Atf4', 'I79_024210', 'I79_024595', 'SARS1']","['Slc7a5', 'H671_7g18352', 'Eif4ebp1', 'Sesn2', 'Stc2', 'Niban1', 'Slc6a9', 'Abhd6', 'Herpud1', 'Shmt2', 'Ddit3', 'I79_016638', 'Ddit4', 'Il33', 'Atf5', 'Trib3', 'Atf3', 'Chac1', 'Hspa8', 'AARS-2', 'Atf4', 'I79_024210', 'I79_024595', 'SARS1']",3.68e-05,0.0046,Negative regulation of biological process,54,True,True
Process,GO:0009605,15,2319,10029,"['Slc7a5', 'Eif4ebp1', 'Sesn2', 'Stc2', 'Pck2', 'Lars1', 'Shmt2', 'Ddit3', 'I79_016638', 'Ddit4', 'Psph', 'Il33', 'I79_020066', 'Atf3', 'Atf4']","['Slc7a5', 'Eif4ebp1', 'Sesn2', 'Stc2', 'Pck2', 'Lars1', 'Shmt2', 'Ddit3', 'I79_016638', 'Ddit4', 'Psph', 'Il33', 'I79_020066', 'Atf3', 'Atf4']",4.18e-05,0.005,Response to external stimulus,54,True,True
Process,GO:1903801,2,3,10029,"['Slc7a5', 'Slc3a2']","['Slc7a5', 'Slc3a2']",4.09e-05,0.005,L-leucine import across plasma membrane,54,True,True
Process,GO:1904273,2,3,10029,"['Slc1a4', 'Slc3a2']","['Slc1a4', 'Slc3a2']",4.09e-05,0.005,L-alanine import across plasma membrane,54,True,True
Process,GO:0046483,17,2937,10029,"['Nars1', 'H671_7g18352', 'Sesn2', 'Yars1', 'Lars1', 'Tars1', 'I79_012301', 'Iars1', 'Shmt2', 'Nnmt', 'Mthfd2', 'I79_020066', 'Aars1', 'Atf4', 'Cars1', 'I79_024595', 'SARS1']","['Nars1', 'H671_7g18352', 'Sesn2', 'Yars1', 'Lars1', 'Tars1', 'I79_012301', 'Iars1', 'Shmt2', 'Nnmt', 'Mthfd2', 'I79_020066', 'AARS-2', 'Atf4', 'Cars1', 'I79_024595', 'SARS1']",4.47e-05,0.0052,Heterocycle metabolic process,54,True,True
Process,GO:0070887,16,2646,10029,"['Slc7a5', 'H671_7g18352', 'Eif4ebp1', 'Sesn2', 'Stc2', 'Pck2', 'Lars1', 'Herpud1', 'Ddit3', 'I79_016638', 'Ddit4', 'Il33', 'Trib3', 'Atf3', 'Hspa8', 'Atf4']","['Slc7a5', 'H671_7g18352', 'Eif4ebp1', 'Sesn2', 'Stc2', 'Pck2', 'Lars1', 'Herpud1', 'Ddit3', 'I79_016638', 'Ddit4', 'Il33', 'Trib3', 'Atf3', 'Hspa8', 'Atf4']",4.83e-05,0.0056,Cellular response to chemical stimulus,54,True,True
Process,GO:0031326,20,4002,10029,"['Mknk1', 'Eif4ebp1', 'Sesn2', 'Stc2', 'Niban1', 'Slc6a9', 'Shmt2', 'Ddit3', 'I79_016638', 'Nnmt', 'Il33', 'Atf5', 'Trib3', 'I79_020066', 'Atf3', 'Aars1', 'Atf4', 'I79_024210', 'I79_024595', 'SARS1']","['Mknk1', 'Eif4ebp1', 'Sesn2', 'Stc2', 'Niban1', 'Slc6a9', 'Shmt2', 'Ddit3', 'I79_016638', 'Nnmt', 'Il33', 'Atf5', 'Trib3', 'I79_020066', 'Atf3', 'AARS-2', 'Atf4', 'I79_024210', 'I79_024595', 'SARS1']",5.95e-05,0.0067,Regulation of cellular biosynthetic process,54,True,True
Process,GO:0048523,22,4752,10029,"['Slc7a5', 'H671_7g18352', 'Eif4ebp1', 'Sesn2', 'Niban1', 'Slc6a9', 'Abhd6', 'Herpud1', 'Shmt2', 'Ddit3', 'I79_016638', 'Ddit4', 'Il33', 'Atf5', 'Trib3', 'Atf3', 'Chac1', 'Hspa8', 'Aars1', 'Atf4', 'I79_024210', 'SARS1']","['Slc7a5', 'H671_7g18352', 'Eif4ebp1', 'Sesn2', 'Niban1', 'Slc6a9', 'Abhd6', 'Herpud1', 'Shmt2', 'Ddit3', 'I79_016638', 'Ddit4', 'Il33', 'Atf5', 'Trib3', 'Atf3', 'Chac1', 'Hspa8', 'AARS-2', 'Atf4', 'I79_024210', 'SARS1']",6.68e-05,0.0074,Negative regulation of cellular process,54,True,True
Process,GO:0032649,4,104,10029,"['Slc7a5', 'Ddit3', 'Il33', 'I79_020066']","['Slc7a5', 'Ddit3', 'Il33', 'I79_020066']",7.12e-05,0.0078,Regulation of interferon-gamma production,54,True,True
Process,GO:0062012,6,340,10029,"['Sesn2', 'Slc7a7', 'Ddit4', 'Nnmt', 'Trib3', 'I79_024210']","['Sesn2', 'Slc7a7', 'Ddit4', 'Nnmt', 'Trib3', 'I79_024210']",7.26e-05,0.0078,Regulation of small molecule metabolic process,54,True,True
Process,GO:0070482,6,341,10029,"['Slc7a5', 'Eif4ebp1', 'Stc2', 'I79_016638', 'Ddit4', 'Atf4']","['Slc7a5', 'Eif4ebp1', 'Stc2', 'I79_016638', 'Ddit4', 'Atf4']",7.37e-05,0.0079,Response to oxygen levels,54,True,True
Process,GO:0009059,12,1615,10029,"['Nars1', 'Chst12', 'Eif4ebp1', 'Yars1', 'Lars1', 'Tars1', 'Iars1', 'Aars1', 'Atf4', 'Cars1', 'I79_024595', 'SARS1']","['Nars1', 'Chst12', 'Eif4ebp1', 'Yars1', 'Lars1', 'Tars1', 'Iars1', 'AARS-2', 'Atf4', 'Cars1', 'I79_024595', 'SARS1']",8.18e-05,0.0087,Macromolecule biosynthetic process,54,True,True
Process,GO:0015827,2,5,10029,"['Slc7a5', 'Slc3a2']","['Slc7a5', 'Slc3a2']",8.57e-05,0.009,Tryptophan transport,54,True,True
Process,GO:0120163,3,39,10029,"['Abhd6', 'Ddit3', 'Atf4']","['Abhd6', 'Ddit3', 'Atf4']",8.76e-05,0.0092,Negative regulation of cold-induced thermogenesis,54,True,True
Process,GO:1901800,4,111,10029,"['Herpud1', 'Il33', 'Trib3', 'I79_024210']","['Herpud1', 'Il33', 'Trib3', 'I79_024210']",9.09e-05,0.0094,Positive regulation of proteasomal protein catabolic process,54,True,True
Process,GO:0032006,4,113,10029,"['Slc7a1', 'Sesn2', 'Lars1', 'Ddit4']","['Slc7a1', 'Sesn2', 'Lars1', 'Ddit4']",9.71e-05,0.01,Regulation of TOR signaling,54,True,True
Process,GO:0006094,3,42,10029,"['Pck2', 'Atf3', 'Atf4']","['Pck2', 'Atf3', 'Atf4']",0.00011,0.011,Gluconeogenesis,54,True,True
Process,GO:0034641,19,3820,10029,"['Nars1', 'Eif4ebp1', 'Sesn2', 'Yars1', 'Lars1', 'Tars1', 'I79_012301', 'Iars1', 'Shmt2', 'Nnmt', 'Asns', 'Cerk', 'I79_020066', 'Chac1', 'Aars1', 'Atf4', 'Cars1', 'I79_024595', 'SARS1']","['Nars1', 'Eif4ebp1', 'Sesn2', 'Yars1', 'Lars1', 'Tars1', 'I79_012301', 'Iars1', 'Shmt2', 'Nnmt', 'Asns', 'Cerk', 'I79_020066', 'Chac1', 'AARS-2', 'Atf4', 'Cars1', 'I79_024595', 'SARS1']",0.00011,0.011,Cellular nitrogen compound metabolic process,54,True,True
Process,GO:0036091,2,6,10029,"['Sesn2', 'Atf4']","['Sesn2', 'Atf4']",0.00011,0.0115,Positive regulation of transcription from RNA polymerase II promoter in response to oxidative stress,54,True,True
Process,GO:0009719,11,1425,10029,"['Slc7a5', 'Eif4ebp1', 'Sesn2', 'Stc2', 'Pck2', 'Lars1', 'Ddit3', 'I79_016638', 'Ddit4', 'Trib3', 'Atf4']","['Slc7a5', 'Eif4ebp1', 'Sesn2', 'Stc2', 'Pck2', 'Lars1', 'Ddit3', 'I79_016638', 'Ddit4', 'Trib3', 'Atf4']",0.00012,0.0121,Response to endogenous stimulus,54,True,True
Process,GO:0071549,3,45,10029,"['Eif4ebp1', 'Pck2', 'Ddit4']","['Eif4ebp1', 'Pck2', 'Ddit4']",0.00013,0.0126,Cellular response to dexamethasone stimulus,54,True,True
Process,GO:0009628,10,1190,10029,"['Slc7a5', 'Mknk1', 'Eif4ebp1', 'Stc2', 'I79_016638', 'Ddit4', 'Psph', 'Il33', 'Hspa8', 'Atf4']","['Slc7a5', 'Mknk1', 'Eif4ebp1', 'Stc2', 'I79_016638', 'Ddit4', 'Psph', 'Il33', 'Hspa8', 'Atf4']",0.00013,0.0128,Response to abiotic stimulus,54,True,True
Process,GO:0010558,11,1438,10029,"['Eif4ebp1', 'Sesn2', 'Shmt2', 'Ddit3', 'I79_016638', 'Il33', 'Atf5', 'Trib3', 'Atf3', 'Atf4', 'SARS1']","['Eif4ebp1', 'Sesn2', 'Shmt2', 'Ddit3', 'I79_016638', 'Il33', 'Atf5', 'Trib3', 'Atf3', 'Atf4', 'SARS1']",0.00013,0.0128,Negative regulation of macromolecule biosynthetic process,54,True,True
Process,GO:0016051,4,124,10029,"['Chst12', 'Pck2', 'Atf3', 'Atf4']","['Chst12', 'Pck2', 'Atf3', 'Atf4']",0.00014,0.013,Carbohydrate biosynthetic process,54,True,True
Process,GO:1901360,17,3212,10029,"['Nars1', 'H671_7g18352', 'Sesn2', 'Yars1', 'Lars1', 'Tars1', 'I79_012301', 'Iars1', 'Shmt2', 'Nnmt', 'Mthfd2', 'I79_020066', 'Aars1', 'Atf4', 'Cars1', 'I79_024595', 'SARS1']","['Nars1', 'H671_7g18352', 'Sesn2', 'Yars1', 'Lars1', 'Tars1', 'I79_012301', 'Iars1', 'Shmt2', 'Nnmt', 'Mthfd2', 'I79_020066', 'AARS-2', 'Atf4', 'Cars1', 'I79_024595', 'SARS1']",0.00014,0.013,Organic cyclic compound metabolic process,54,True,True
Process,GO:0090650,2,7,10029,"['I79_016638', 'Atf4']","['I79_016638', 'Atf4']",0.00015,0.0136,Cellular response to oxygen-glucose deprivation,54,True,True
Process,GO:0036294,4,127,10029,"['Eif4ebp1', 'Stc2', 'I79_016638', 'Atf4']","['Eif4ebp1', 'Stc2', 'I79_016638', 'Atf4']",0.00015,0.0138,Cellular response to decreased oxygen levels,54,True,True
Process,GO:1901216,4,128,10029,"['Ddit3', 'Ddit4', 'Atf4', 'I79_024210']","['Ddit3', 'Ddit4', 'Atf4', 'I79_024210']",0.00015,0.014,Positive regulation of neuron death,54,True,True
Process,GO:0031327,11,1505,10029,"['Eif4ebp1', 'Sesn2', 'Shmt2', 'Ddit3', 'I79_016638', 'Il33', 'Atf5', 'Trib3', 'Atf3', 'Atf4', 'SARS1']","['Eif4ebp1', 'Sesn2', 'Shmt2', 'Ddit3', 'I79_016638', 'Il33', 'Atf5', 'Trib3', 'Atf3', 'Atf4', 'SARS1']",0.0002,0.0174,Negative regulation of cellular biosynthetic process,54,True,True
Process,GO:0051248,9,1035,10029,"['Eif4ebp1', 'Sesn2', 'Niban1', 'Herpud1', 'Shmt2', 'I79_016638', 'Ddit4', 'Trib3', 'Chac1']","['Eif4ebp1', 'Sesn2', 'Niban1', 'Herpud1', 'Shmt2', 'I79_016638', 'Ddit4', 'Trib3', 'Chac1']",0.00024,0.0203,Negative regulation of protein metabolic process,54,True,True
Process,GO:0009891,13,2100,10029,"['Sesn2', 'Niban1', 'Slc6a9', 'Abhd6', 'Ddit3', 'I79_016638', 'Nnmt', 'Il33', 'Atf5', 'I79_020066', 'Atf3', 'Atf4', 'I79_024210']","['Sesn2', 'Niban1', 'Slc6a9', 'Abhd6', 'Ddit3', 'I79_016638', 'Nnmt', 'Il33', 'Atf5', 'I79_020066', 'Atf3', 'Atf4', 'I79_024210']",0.00024,0.0207,Positive regulation of biosynthetic process,54,True,True
Process,GO:0042149,3,56,10029,"['Slc7a5', 'Sesn2', 'Atf4']","['Slc7a5', 'Sesn2', 'Atf4']",0.00024,0.0207,Cellular response to glucose starvation,54,True,True
Process,GO:0016070,11,1558,10029,"['Nars1', 'Yars1', 'Lars1', 'Tars1', 'Iars1', 'I79_020066', 'Aars1', 'Atf4', 'Cars1', 'I79_024595', 'SARS1']","['Nars1', 'Yars1', 'Lars1', 'Tars1', 'Iars1', 'I79_020066', 'AARS-2', 'Atf4', 'Cars1', 'I79_024595', 'SARS1']",0.00027,0.0223,RNA metabolic process,54,True,True
Process,GO:0010675,4,153,10029,"['Sesn2', 'Ddit4', 'Nnmt', 'I79_024210']","['Sesn2', 'Ddit4', 'Nnmt', 'I79_024210']",0.0003,0.0245,Regulation of cellular carbohydrate metabolic process,54,True,True
Process,GO:0006446,3,63,10029,"['Mknk1', 'Eif4ebp1', 'I79_016638']","['Mknk1', 'Eif4ebp1', 'I79_016638']",0.00034,0.0274,Regulation of translational initiation,54,True,True
Process,GO:0010556,18,3816,10029,"['Mknk1', 'Eif4ebp1', 'Sesn2', 'Niban1', 'Slc6a9', 'Shmt2', 'Ddit3', 'I79_016638', 'Il33', 'Atf5', 'Trib3', 'I79_020066', 'Atf3', 'Aars1', 'Atf4', 'I79_024210', 'I79_024595', 'SARS1']","['Mknk1', 'Eif4ebp1', 'Sesn2', 'Niban1', 'Slc6a9', 'Shmt2', 'Ddit3', 'I79_016638', 'Il33', 'Atf5', 'Trib3', 'I79_020066', 'Atf3', 'AARS-2', 'Atf4', 'I79_024210', 'I79_024595', 'SARS1']",0.00035,0.0284,Regulation of macromolecule biosynthetic process,54,True,True
Process,GO:1901701,9,1095,10029,"['Slc7a5', 'Eif4ebp1', 'Sesn2', 'Pck2', 'Lars1', 'I79_016638', 'Ddit4', 'Trib3', 'Atf4']","['Slc7a5', 'Eif4ebp1', 'Sesn2', 'Pck2', 'Lars1', 'I79_016638', 'Ddit4', 'Trib3', 'Atf4']",0.00036,0.0285,Cellular response to oxygen-containing compound,54,True,True
Process,GO:0035999,2,12,10029,"['Shmt2', 'Mthfd2']","['Shmt2', 'Mthfd2']",0.00037,0.0293,Tetrahydrofolate interconversion,54,True,True
Process,GO:0071233,2,12,10029,"['Sesn2', 'Lars1']","['Sesn2', 'Lars1']",0.00037,0.0293,Cellular response to leucine,54,True,True
Process,GO:1905459,2,12,10029,"['Slc7a5', 'Atf4']","['Slc7a5', 'Atf4']",0.00037,0.0293,Regulation of vascular associated smooth muscle cell apoptotic process,54,True,True
Process,GO:0010506,5,298,10029,"['Slc7a5', 'Sesn2', 'Ddit3', 'Trib3', 'I79_024210']","['Slc7a5', 'Sesn2', 'Ddit3', 'Trib3', 'I79_024210']",0.00038,0.0296,Regulation of autophagy,54,True,True
Process,GO:1905897,3,66,10029,"['Herpud1', 'I79_016638', 'I79_024210']","['Herpud1', 'I79_016638', 'I79_024210']",0.00038,0.0297,Regulation of response to endoplasmic reticulum stress,54,True,True
Process,GO:0036293,5,306,10029,"['Eif4ebp1', 'Stc2', 'I79_016638', 'Ddit4', 'Atf4']","['Eif4ebp1', 'Stc2', 'I79_016638', 'Ddit4', 'Atf4']",0.00043,0.0327,Response to decreased oxygen levels,54,True,True
Process,GO:1901700,11,1648,10029,"['Slc7a5', 'Eif4ebp1', 'Sesn2', 'Stc2', 'Pck2', 'Lars1', 'I79_016638', 'Ddit4', 'Psph', 'Trib3', 'Atf4']","['Slc7a5', 'Eif4ebp1', 'Sesn2', 'Stc2', 'Pck2', 'Lars1', 'I79_016638', 'Ddit4', 'Psph', 'Trib3', 'Atf4']",0.00043,0.0327,Response to oxygen-containing compound,54,True,True
Process,GO:0071495,9,1127,10029,"['Slc7a5', 'Eif4ebp1', 'Sesn2', 'Pck2', 'Lars1', 'I79_016638', 'Ddit4', 'Trib3', 'Atf4']","['Slc7a5', 'Eif4ebp1', 'Sesn2', 'Pck2', 'Lars1', 'I79_016638', 'Ddit4', 'Trib3', 'Atf4']",0.00044,0.0331,Cellular response to endogenous stimulus,54,True,True
Process,GO:0009896,6,502,10029,"['Sesn2', 'Herpud1', 'Ddit3', 'Il33', 'Trib3', 'I79_024210']","['Sesn2', 'Herpud1', 'Ddit3', 'Il33', 'Trib3', 'I79_024210']",0.00057,0.0423,Positive regulation of catabolic process,54,True,True
Process,GO:0072331,3,77,10029,"['Sesn2', 'Ddit4', 'I79_024210']","['Sesn2', 'Ddit4', 'I79_024210']",0.00059,0.0434,Signal transduction by p53 class mediator,54,True,True
Process,GO:0010468,20,4725,10029,"['Slc7a5', 'Mknk1', 'Eif4ebp1', 'Sesn2', 'Stc2', 'Niban1', 'Shmt2', 'Ddit3', 'I79_016638', 'Il33', 'Atf5', 'Trib3', 'I79_020066', 'Atf3', 'Chac1', 'Aars1', 'Atf4', 'I79_024210', 'I79_024595', 'SARS1']","['Slc7a5', 'Mknk1', 'Eif4ebp1', 'Sesn2', 'Stc2', 'Niban1', 'Shmt2', 'Ddit3', 'I79_016638', 'Il33', 'Atf5', 'Trib3', 'I79_020066', 'Atf3', 'Chac1', 'AARS-2', 'Atf4', 'I79_024210', 'I79_024595', 'SARS1']",0.00061,0.0439,Regulation of gene expression,54,True,True
Process,GO:0071230,3,78,10029,"['Slc7a5', 'Sesn2', 'Lars1']","['Slc7a5', 'Sesn2', 'Lars1']",0.00062,0.0443,Cellular response to amino acid stimulus,54,True,True
Process,GO:0043525,3,79,10029,"['Ddit3', 'Atf4', 'I79_024210']","['Ddit3', 'Atf4', 'I79_024210']",0.00064,0.0451,Positive regulation of neuron apoptotic process,54,True,True
Process,GO:0010941,11,1740,10029,"['Slc7a5', 'H671_7g18352', 'Herpud1', 'Ddit3', 'I79_016638', 'Ddit4', 'Atf5', 'Atf3', 'Aars1', 'Atf4', 'I79_024210']","['Slc7a5', 'H671_7g18352', 'Herpud1', 'Ddit3', 'I79_016638', 'Ddit4', 'Atf5', 'Atf3', 'AARS-2', 'Atf4', 'I79_024210']",0.00068,0.0476,Regulation of cell death,54,True,True
Process,GO:0043555,2,17,10029,"['Sesn2', 'I79_016638']","['Sesn2', 'I79_016638']",0.00069,0.0476,Regulation of translation in response to stress,54,True,True
Process,GO:0006725,15,2992,10029,"['Nars1', 'Sesn2', 'Yars1', 'Lars1', 'Tars1', 'I79_012301', 'Iars1', 'Shmt2', 'Mthfd2', 'I79_020066', 'Aars1', 'Atf4', 'Cars1', 'I79_024595', 'SARS1']","['Nars1', 'Sesn2', 'Yars1', 'Lars1', 'Tars1', 'I79_012301', 'Iars1', 'Shmt2', 'Mthfd2', 'I79_020066', 'AARS-2', 'Atf4', 'Cars1', 'I79_024595', 'SARS1']",0.00071,0.0481,Cellular aromatic compound metabolic process,54,True,True
Process,GO:0031328,12,2046,10029,"['Sesn2', 'Niban1', 'Slc6a9', 'Ddit3', 'I79_016638', 'Nnmt', 'Il33', 'Atf5', 'I79_020066', 'Atf3', 'Atf4', 'I79_024210']","['Sesn2', 'Niban1', 'Slc6a9', 'Ddit3', 'I79_016638', 'Nnmt', 'Il33', 'Atf5', 'I79_020066', 'Atf3', 'Atf4', 'I79_024210']",0.00072,0.0489,Positive regulation of cellular biosynthetic process,54,True,True
Process,GO:0098655,7,732,10029,"['Slc7a5', 'Slc7a1', 'Slc1a4', 'Slc6a9', 'Ddit3', 'I79_020167', 'Slc3a2']","['Slc7a5', 'Slc7a1', 'Slc1a4', 'Slc6a9', 'Ddit3', 'I79_020167', 'Slc3a2']",0.00072,0.0489,Cation transmembrane transport,54,True,True
Process,GO:0014070,8,964,10029,"['Eif4ebp1', 'Stc2', 'Pck2', 'I79_016638', 'Ddit4', 'Psph', 'Atf4', 'Slc3a2']","['Eif4ebp1', 'Stc2', 'Pck2', 'I79_016638', 'Ddit4', 'Psph', 'Atf4', 'Slc3a2']",0.00074,0.0495,Response to organic cyclic compound,54,True,True
Process,GO:0045934,10,1480,10029,"['Ddit3', 'I79_016638', 'Ddit4', 'Il33', 'Atf5', 'Trib3', 'Atf3', 'Atf4', 'I79_024210', 'SARS1']","['Ddit3', 'I79_016638', 'Ddit4', 'Il33', 'Atf5', 'Trib3', 'Atf3', 'Atf4', 'I79_024210', 'SARS1']",0.00075,0.0499,Negative regulation of nucleobase-containing compound metabolic process,54,True,True
Component,GO:0005622,45,14868,10029,"['Slc7a5', 'Nars1', 'Chst12', 'H671_7g18352', 'Mknk1', 'Slc1a4', 'Eif4ebp1', 'Sesn2', 'Zswim3', 'Yars1', 'Xpot', 'Stc2', 'Niban1', 'Pck2', 'Slc6a9', 'Abhd6', 'Lars1', 'Herpud1', 'Tars1', 'I79_012301', 'Iars1', 'Shmt2', 'Ddit3', 'I79_016638', 'Ddit4', 'Nnmt', 'Psph', 'Asns', 'Mthfd2', 'Il33', 'Atf5', 'Gpt2', 'Trib3', 'I79_020066', 'Atf3', 'Chac1', 'Hspa8', 'Aars1', 'Atf4', 'Slc3a2', 'Cars1', 'I79_024210', 'Psat1', 'I79_024595', 'SARS1']","['Slc7a5', 'Nars1', 'Chst12', 'H671_7g18352', 'Mknk1', 'Slc1a4', 'Eif4ebp1', 'Sesn2', 'Zswim3', 'Yars1', 'Xpot', 'Stc2', 'Niban1', 'Pck2', 'Slc6a9', 'Abhd6', 'Lars1', 'Herpud1', 'Tars1', 'I79_012301', 'Iars1', 'Shmt2', 'Ddit3', 'I79_016638', 'Ddit4', 'Nnmt', 'Psph', 'Asns', 'Mthfd2', 'Il33', 'Atf5', 'Gpt2', 'Trib3', 'I79_020066', 'Atf3', 'Chac1', 'Hspa8', 'AARS-2', 'Atf4', 'Slc3a2', 'Cars1', 'I79_024210', 'Psat1', 'I79_024595', 'SARS1']",2.82e-06,0.0042,Intracellular anatomical structure,54,True,True
Component,GO:0005737,40,11693,10029,"['Slc7a5', 'Nars1', 'Chst12', 'H671_7g18352', 'Mknk1', 'Eif4ebp1', 'Sesn2', 'Yars1', 'Xpot', 'Stc2', 'Niban1', 'Pck2', 'Slc6a9', 'Abhd6', 'Lars1', 'Herpud1', 'Tars1', 'I79_012301', 'Iars1', 'Shmt2', 'Ddit3', 'I79_016638', 'Ddit4', 'Nnmt', 'Psph', 'Asns', 'Mthfd2', 'Il33', 'Atf5', 'Gpt2', 'Chac1', 'Hspa8', 'Aars1', 'Atf4', 'Slc3a2', 'Cars1', 'I79_024210', 'Psat1', 'I79_024595', 'SARS1']","['Slc7a5', 'Nars1', 'Chst12', 'H671_7g18352', 'Mknk1', 'Eif4ebp1', 'Sesn2', 'Yars1', 'Xpot', 'Stc2', 'Niban1', 'Pck2', 'Slc6a9', 'Abhd6', 'Lars1', 'Herpud1', 'Tars1', 'I79_012301', 'Iars1', 'Shmt2', 'Ddit3', 'I79_016638', 'Ddit4', 'Nnmt', 'Psph', 'Asns', 'Mthfd2', 'Il33', 'Atf5', 'Gpt2', 'Chac1', 'Hspa8', 'AARS-2', 'Atf4', 'Slc3a2', 'Cars1', 'I79_024210', 'Psat1', 'I79_024595', 'SARS1']",2.46e-06,0.0042,Cytoplasm,54,True,True
Component,GO:0110165,49,18916,10029,"['Slc7a5', 'Nars1', 'Chst12', 'Slc7a1', 'H671_7g18352', 'Mknk1', 'Slc1a4', 'Eif4ebp1', 'Sesn2', 'Zswim3', 'Yars1', 'Xpot', 'Stc2', 'Niban1', 'Pck2', 'Slc6a9', 'Abhd6', 'Lars1', 'Herpud1', 'Tars1', 'I79_012301', 'Iars1', 'Slc7a7', 'Shmt2', 'Ddit3', 'I79_016638', 'Ddit4', 'Nnmt', 'Psph', 'Asns', 'Mthfd2', 'Il33', 'Atf5', 'Cerk', 'Gpt2', 'Trib3', 'I79_020066', 'Atf3', 'I79_020167', 'Chac1', 'Hspa8', 'Aars1', 'Atf4', 'Slc3a2', 'Cars1', 'I79_024210', 'Psat1', 'I79_024595', 'SARS1']","['Slc7a5', 'Nars1', 'Chst12', 'Slc7a1', 'H671_7g18352', 'Mknk1', 'Slc1a4', 'Eif4ebp1', 'Sesn2', 'Zswim3', 'Yars1', 'Xpot', 'Stc2', 'Niban1', 'Pck2', 'Slc6a9', 'Abhd6', 'Lars1', 'Herpud1', 'Tars1', 'I79_012301', 'Iars1', 'Slc7a7', 'Shmt2', 'Ddit3', 'I79_016638', 'Ddit4', 'Nnmt', 'Psph', 'Asns', 'Mthfd2', 'Il33', 'Atf5', 'Cerk', 'Gpt2', 'Trib3', 'I79_020066', 'Atf3', 'I79_020167', 'Chac1', 'Hspa8', 'AARS-2', 'Atf4', 'Slc3a2', 'Cars1', 'I79_024210', 'Psat1', 'I79_024595', 'SARS1']",1.13e-05,0.0064,Cellular anatomical entity,54,True,True
Component,GO:1990037,2,3,10029,"['Herpud1', 'Atf4']","['Herpud1', 'Atf4']",4.09e-05,0.0105,Lewy body core,54,True,True
Component,GO:1990184,2,2,10029,"['Slc7a5', 'Slc3a2']","['Slc7a5', 'Slc3a2']",2.46e-05,0.0105,Amino acid transport complex,54,True,True
Component,GO:1990617,2,2,10029,"['Ddit3', 'Atf4']","['Ddit3', 'Atf4']",2.46e-05,0.0105,CHOP-ATF4 complex,54,True,True
Component,GO:1990622,2,2,10029,"['Ddit3', 'Atf3']","['Ddit3', 'Atf3']",2.46e-05,0.0105,CHOP-ATF3 complex,54,True,True
Component,GO:0090575,5,233,10029,"['Ddit3', 'Atf5', 'I79_020066', 'Atf3', 'Atf4']","['Ddit3', 'Atf5', 'I79_020066', 'Atf3', 'Atf4']",0.00012,0.0244,RNA polymerase II transcription regulator complex,54,True,True
Component,GO:0016323,5,251,10029,"['Slc7a5', 'Slc7a1', 'Slc6a9', 'Slc7a7', 'Slc3a2']","['Slc7a5', 'Slc7a1', 'Slc6a9', 'Slc7a7', 'Slc3a2']",0.00018,0.03,Basolateral plasma membrane,54,True,True
Function,GO:0004812,8,51,10029,"['Nars1', 'Yars1', 'Lars1', 'Tars1', 'Iars1', 'Aars1', 'Cars1', 'SARS1']","['Nars1', 'Yars1', 'Lars1', 'Tars1', 'Iars1', 'AARS-2', 'Cars1', 'SARS1']",3.48e-13,1.15e-09,aminoacyl-tRNA ligase activity,54,True,True
Function,GO:0016874,9,179,10029,"['Nars1', 'Yars1', 'Lars1', 'Tars1', 'Iars1', 'Asns', 'Aars1', 'Cars1', 'SARS1']","['Nars1', 'Yars1', 'Lars1', 'Tars1', 'Iars1', 'Asns', 'AARS-2', 'Cars1', 'SARS1']",1.48e-10,1.62e-07,Ligase activity,54,True,True
Function,GO:0015179,6,63,10029,"['Slc7a5', 'Slc7a1', 'Slc1a4', 'Slc6a9', 'Slc7a7', 'Slc3a2']","['Slc7a5', 'Slc7a1', 'Slc1a4', 'Slc6a9', 'Slc7a7', 'Slc3a2']",5.85e-09,3.85e-06,L-amino acid transmembrane transporter activity,54,True,True
Function,GO:0000049,5,77,10029,"['Yars1', 'Xpot', 'Iars1', 'Aars1', 'Cars1']","['Yars1', 'Xpot', 'Iars1', 'AARS-2', 'Cars1']",7.08e-07,0.00033,tRNA binding,54,True,True
Function,GO:0015173,3,9,10029,"['Slc7a5', 'Slc7a1', 'Slc3a2']","['Slc7a5', 'Slc7a1', 'Slc3a2']",1.75e-06,0.00053,Aromatic amino acid transmembrane transporter activity,54,True,True
Function,GO:0015175,4,40,10029,"['Slc7a5', 'Slc1a4', 'Slc6a9', 'Slc3a2']","['Slc7a5', 'Slc1a4', 'Slc6a9', 'Slc3a2']",1.98e-06,0.00055,Neutral amino acid transmembrane transporter activity,54,True,True
Function,GO:0043168,18,2671,10029,"['Nars1', 'Mknk1', 'Yars1', 'Pck2', 'Lars1', 'Tars1', 'Iars1', 'Shmt2', 'Asns', 'Mthfd2', 'Gpt2', 'Trib3', 'Hspa8', 'Aars1', 'Cars1', 'Psat1', 'I79_024595', 'SARS1']","['Nars1', 'Mknk1', 'Yars1', 'Pck2', 'Lars1', 'Tars1', 'Iars1', 'Shmt2', 'Asns', 'Mthfd2', 'Gpt2', 'Trib3', 'Hspa8', 'AARS-2', 'Cars1', 'Psat1', 'I79_024595', 'SARS1']",2.86e-06,0.00072,Anion binding,54,True,True
Function,GO:0036094,18,2793,10029,"['Nars1', 'Mknk1', 'Sesn2', 'Yars1', 'Pck2', 'Lars1', 'Tars1', 'Iars1', 'Shmt2', 'Asns', 'Gpt2', 'Trib3', 'Hspa8', 'Aars1', 'Cars1', 'Psat1', 'I79_024595', 'SARS1']","['Nars1', 'Mknk1', 'Sesn2', 'Yars1', 'Pck2', 'Lars1', 'Tars1', 'Iars1', 'Shmt2', 'Asns', 'Gpt2', 'Trib3', 'Hspa8', 'AARS-2', 'Cars1', 'Psat1', 'I79_024595', 'SARS1']",5.4e-06,0.0013,Small molecule binding,54,True,True
Function,GO:0002161,3,16,10029,"['Lars1', 'Iars1', 'Aars1']","['Lars1', 'Iars1', 'AARS-2']",7.65e-06,0.0017,aminoacyl-tRNA editing activity,54,True,True
Function,GO:0008514,5,168,10029,"['Slc7a5', 'Slc7a1', 'Slc1a4', 'Slc6a9', 'Slc3a2']","['Slc7a5', 'Slc7a1', 'Slc1a4', 'Slc6a9', 'Slc3a2']",2.75e-05,0.0057,Organic anion transmembrane transporter activity,54,True,True
Function,GO:0003824,26,6043,10029,"['Nars1', 'Chst12', 'H671_7g18352', 'Mknk1', 'Sesn2', 'Yars1', 'Pck2', 'Abhd6', 'Lars1', 'Tars1', 'I79_012301', 'Iars1', 'Shmt2', 'Nnmt', 'Psph', 'Asns', 'Mthfd2', 'Cerk', 'Gpt2', 'Chac1', 'Hspa8', 'Aars1', 'Cars1', 'Psat1', 'I79_024595', 'SARS1']","['Nars1', 'Chst12', 'H671_7g18352', 'Mknk1', 'Sesn2', 'Yars1', 'Pck2', 'Abhd6', 'Lars1', 'Tars1', 'I79_012301', 'Iars1', 'Shmt2', 'Nnmt', 'Psph', 'Asns', 'Mthfd2', 'Cerk', 'Gpt2', 'Chac1', 'Hspa8', 'AARS-2', 'Cars1', 'Psat1', 'I79_024595', 'SARS1']",3.09e-05,0.006,Catalytic activity,54,True,True
Function,GO:0052689,5,180,10029,"['Abhd6', 'Lars1', 'I79_012301', 'Iars1', 'Aars1']","['Abhd6', 'Lars1', 'I79_012301', 'Iars1', 'AARS-2']",3.79e-05,0.0065,Carboxylic ester hydrolase activity,54,True,True
Function,GO:1901363,26,6088,10029,"['Nars1', 'Mknk1', 'Yars1', 'Xpot', 'Stc2', 'Pck2', 'Lars1', 'Tars1', 'Iars1', 'Shmt2', 'Ddit3', 'Asns', 'Atf5', 'Gpt2', 'Trib3', 'I79_020066', 'Atf3', 'Hspa8', 'Aars1', 'Atf4', 'Slc3a2', 'Cars1', 'I79_024210', 'Psat1', 'I79_024595', 'SARS1']","['Nars1', 'Mknk1', 'Yars1', 'Xpot', 'Stc2', 'Pck2', 'Lars1', 'Tars1', 'Iars1', 'Shmt2', 'Ddit3', 'Asns', 'Atf5', 'Gpt2', 'Trib3', 'I79_020066', 'Atf3', 'Hspa8', 'AARS-2', 'Atf4', 'Slc3a2', 'Cars1', 'I79_024210', 'Psat1', 'I79_024595', 'SARS1']",3.55e-05,0.0065,Heterocyclic compound binding,54,True,True
Function,GO:0097159,26,6155,10029,"['Nars1', 'Mknk1', 'Yars1', 'Xpot', 'Stc2', 'Pck2', 'Lars1', 'Tars1', 'Iars1', 'Shmt2', 'Ddit3', 'Asns', 'Atf5', 'Gpt2', 'Trib3', 'I79_020066', 'Atf3', 'Hspa8', 'Aars1', 'Atf4', 'Slc3a2', 'Cars1', 'I79_024210', 'Psat1', 'I79_024595', 'SARS1']","['Nars1', 'Mknk1', 'Yars1', 'Xpot', 'Stc2', 'Pck2', 'Lars1', 'Tars1', 'Iars1', 'Shmt2', 'Ddit3', 'Asns', 'Atf5', 'Gpt2', 'Trib3', 'I79_020066', 'Atf3', 'Hspa8', 'AARS-2', 'Atf4', 'Slc3a2', 'Cars1', 'I79_024210', 'Psat1', 'I79_024595', 'SARS1']",4.34e-05,0.0068,Organic cyclic compound binding,54,True,True
Function,GO:0035639,14,2054,10029,"['Nars1', 'Mknk1', 'Yars1', 'Pck2', 'Lars1', 'Tars1', 'Iars1', 'Asns', 'Trib3', 'Hspa8', 'Aars1', 'Cars1', 'I79_024595', 'SARS1']","['Nars1', 'Mknk1', 'Yars1', 'Pck2', 'Lars1', 'Tars1', 'Iars1', 'Asns', 'Trib3', 'Hspa8', 'AARS-2', 'Cars1', 'I79_024595', 'SARS1']",4.62e-05,0.0069,Purine ribonucleoside triphosphate binding,54,True,True
Function,GO:0032555,14,2130,10029,"['Nars1', 'Mknk1', 'Yars1', 'Pck2', 'Lars1', 'Tars1', 'Iars1', 'Asns', 'Trib3', 'Hspa8', 'Aars1', 'Cars1', 'I79_024595', 'SARS1']","['Nars1', 'Mknk1', 'Yars1', 'Pck2', 'Lars1', 'Tars1', 'Iars1', 'Asns', 'Trib3', 'Hspa8', 'AARS-2', 'Cars1', 'I79_024595', 'SARS1']",6.86e-05,0.0098,Purine ribonucleotide binding,54,True,True
Function,GO:0015190,2,5,10029,"['Slc7a5', 'Slc3a2']","['Slc7a5', 'Slc3a2']",8.57e-05,0.0109,L-leucine transmembrane transporter activity,54,True,True
Function,GO:0005524,12,1663,10029,"['Nars1', 'Mknk1', 'Yars1', 'Lars1', 'Tars1', 'Iars1', 'Asns', 'Trib3', 'Hspa8', 'Aars1', 'Cars1', 'SARS1']","['Nars1', 'Mknk1', 'Yars1', 'Lars1', 'Tars1', 'Iars1', 'Asns', 'Trib3', 'Hspa8', 'AARS-2', 'Cars1', 'SARS1']",0.00011,0.0132,ATP binding,54,True,True
Function,GO:0015180,2,9,10029,"['Slc1a4', 'Slc3a2']","['Slc1a4', 'Slc3a2']",0.00022,0.0232,L-alanine transmembrane transporter activity,54,True,True
Function,GO:0030170,3,54,10029,"['Shmt2', 'Gpt2', 'Psat1']","['Shmt2', 'Gpt2', 'Psat1']",0.00022,0.0232,Pyridoxal phosphate binding,54,True,True
Function,GO:0045182,4,158,10029,"['Eif4ebp1', 'Shmt2', 'Aars1', 'I79_024595']","['Eif4ebp1', 'Shmt2', 'AARS-2', 'I79_024595']",0.00034,0.031,Translation regulator activity,54,True,True
Function,GO:0008140,2,12,10029,"['Ddit3', 'Atf4']","['Ddit3', 'Atf4']",0.00037,0.0311,cAMP response element binding protein binding,54,True,True
Function,GO:0043522,2,12,10029,"['Ddit3', 'Atf4']","['Ddit3', 'Atf4']",0.00037,0.0311,Leucine zipper domain binding,54,True,True
Function,GO:0015174,2,15,10029,"['Slc7a1', 'Slc7a7']","['Slc7a1', 'Slc7a7']",0.00055,0.043,Basic amino acid transmembrane transporter activity,54,True,True
Function,GO:0016646,2,16,10029,"['H671_7g18352', 'Mthfd2']","['H671_7g18352', 'Mthfd2']",0.00062,0.0472,"Oxidoreductase activity, acting on the CH-NH group of donors, NAD or NADP as acceptor",54,True,True
TISSUES,BTO:0000345,17,1738,10029,"['Slc7a1', 'H671_7g18352', 'Mknk1', 'Slc1a4', 'Eif4ebp1', 'Sesn2', 'Herpud1', 'I79_012301', 'Iars1', 'Psph', 'Mthfd2', 'Gpt2', 'Trib3', 'Aars1', 'Cars1', 'I79_024210', 'Psat1']","['Slc7a1', 'H671_7g18352', 'Mknk1', 'Slc1a4', 'Eif4ebp1', 'Sesn2', 'Herpud1', 'I79_012301', 'Iars1', 'Psph', 'Mthfd2', 'Gpt2', 'Trib3', 'AARS-2', 'Cars1', 'I79_024210', 'Psat1']",3.23e-08,6.58e-05,Digestive gland,54,True,True
TISSUES,BTO:0000988,8,454,10029,"['Slc7a1', 'H671_7g18352', 'Slc1a4', 'Herpud1', 'Mthfd2', 'Gpt2', 'I79_024210', 'Psat1']","['Slc7a1', 'H671_7g18352', 'Slc1a4', 'Herpud1', 'Mthfd2', 'Gpt2', 'I79_024210', 'Psat1']",4.1e-06,0.0042,Pancreas,54,True,True
TISSUES,BTO:0000000,44,15170,10029,"['Slc7a5', 'Nars1', 'Chst12', 'Slc7a1', 'H671_7g18352', 'Mknk1', 'Slc1a4', 'Eif4ebp1', 'Sesn2', 'Zswim3', 'Yars1', 'Xpot', 'Pck2', 'Slc6a9', 'Abhd6', 'Lars1', 'Herpud1', 'Tars1', 'I79_012301', 'Iars1', 'Slc7a7', 'Shmt2', 'I79_016638', 'Ddit4', 'Psph', 'Asns', 'Mthfd2', 'Il33', 'Atf5', 'Cerk', 'Gpt2', 'Trib3', 'I79_020066', 'Atf3', 'I79_020167', 'Hspa8', 'Aars1', 'Atf4', 'Slc3a2', 'Cars1', 'I79_024210', 'Psat1', 'I79_024595', 'SARS1']","['Slc7a5', 'Nars1', 'Chst12', 'Slc7a1', 'H671_7g18352', 'Mknk1', 'Slc1a4', 'Eif4ebp1', 'Sesn2', 'Zswim3', 'Yars1', 'Xpot', 'Pck2', 'Slc6a9', 'Abhd6', 'Lars1', 'Herpud1', 'Tars1', 'I79_012301', 'Iars1', 'Slc7a7', 'Shmt2', 'I79_016638', 'Ddit4', 'Psph', 'Asns', 'Mthfd2', 'Il33', 'Atf5', 'Cerk', 'Gpt2', 'Trib3', 'I79_020066', 'Atf3', 'I79_020167', 'Hspa8', 'AARS-2', 'Atf4', 'Slc3a2', 'Cars1', 'I79_024210', 'Psat1', 'I79_024595', 'SARS1']",3.31e-05,0.0225,"Tissues, cell types and enzyme sources",54,True,True
TISSUES,BTO:0000042,43,14942,10029,"['Slc7a5', 'Nars1', 'Chst12', 'Slc7a1', 'H671_7g18352', 'Mknk1', 'Slc1a4', 'Eif4ebp1', 'Sesn2', 'Zswim3', 'Yars1', 'Xpot', 'Pck2', 'Slc6a9', 'Abhd6', 'Lars1', 'Herpud1', 'Tars1', 'I79_012301', 'Iars1', 'Slc7a7', 'Shmt2', 'I79_016638', 'Ddit4', 'Psph', 'Asns', 'Mthfd2', 'Il33', 'Atf5', 'Cerk', 'Gpt2', 'Trib3', 'I79_020066', 'Atf3', 'I79_020167', 'Hspa8', 'Aars1', 'Atf4', 'Slc3a2', 'Cars1', 'I79_024210', 'Psat1', 'I79_024595']","['Slc7a5', 'Nars1', 'Chst12', 'Slc7a1', 'H671_7g18352', 'Mknk1', 'Slc1a4', 'Eif4ebp1', 'Sesn2', 'Zswim3', 'Yars1', 'Xpot', 'Pck2', 'Slc6a9', 'Abhd6', 'Lars1', 'Herpud1', 'Tars1', 'I79_012301', 'Iars1', 'Slc7a7', 'Shmt2', 'I79_016638', 'Ddit4', 'Psph', 'Asns', 'Mthfd2', 'Il33', 'Atf5', 'Cerk', 'Gpt2', 'Trib3', 'I79_020066', 'Atf3', 'I79_020167', 'Hspa8', 'AARS-2', 'Atf4', 'Slc3a2', 'Cars1', 'I79_024210', 'Psat1', 'I79_024595']",8.81e-05,0.0437,Animal,54,True,True
TISSUES,BTO:0001489,41,13787,10029,"['Slc7a5', 'Nars1', 'Slc7a1', 'H671_7g18352', 'Mknk1', 'Slc1a4', 'Eif4ebp1', 'Sesn2', 'Yars1', 'Xpot', 'Pck2', 'Slc6a9', 'Abhd6', 'Lars1', 'Herpud1', 'Tars1', 'I79_012301', 'Iars1', 'Slc7a7', 'Shmt2', 'I79_016638', 'Ddit4', 'Psph', 'Asns', 'Mthfd2', 'Il33', 'Atf5', 'Cerk', 'Gpt2', 'Trib3', 'I79_020066', 'Atf3', 'I79_020167', 'Hspa8', 'Aars1', 'Atf4', 'Slc3a2', 'Cars1', 'I79_024210', 'Psat1', 'I79_024595']","['Slc7a5', 'Nars1', 'Slc7a1', 'H671_7g18352', 'Mknk1', 'Slc1a4', 'Eif4ebp1', 'Sesn2', 'Yars1', 'Xpot', 'Pck2', 'Slc6a9', 'Abhd6', 'Lars1', 'Herpud1', 'Tars1', 'I79_012301', 'Iars1', 'Slc7a7', 'Shmt2', 'I79_016638', 'Ddit4', 'Psph', 'Asns', 'Mthfd2', 'Il33', 'Atf5', 'Cerk', 'Gpt2', 'Trib3', 'I79_020066', 'Atf3', 'I79_020167', 'Hspa8', 'AARS-2', 'Atf4', 'Slc3a2', 'Cars1', 'I79_024210', 'Psat1', 'I79_024595']",0.0001,0.0437,Whole body,54,True,True
TISSUES,BTO:0004568,2,5,10029,"['Slc7a5', 'Slc3a2']","['Slc7a5', 'Slc3a2']",8.57e-05,0.0437,Supportive connective tissue,54,True,True
Keyword,KW-0030,8,47,10029,"['Nars1', 'Yars1', 'Lars1', 'Tars1', 'Iars1', 'Aars1', 'Cars1', 'SARS1']","['Nars1', 'Yars1', 'Lars1', 'Tars1', 'Iars1', 'AARS-2', 'Cars1', 'SARS1']",1.92e-13,6.6e-11,Aminoacyl-tRNA synthetase,54,True,True
Keyword,KW-0436,9,114,10029,"['Nars1', 'Yars1', 'Lars1', 'Tars1', 'Iars1', 'Asns', 'Aars1', 'Cars1', 'SARS1']","['Nars1', 'Yars1', 'Lars1', 'Tars1', 'Iars1', 'Asns', 'AARS-2', 'Cars1', 'SARS1']",3.22e-12,5.53e-10,Ligase,54,True,True
Keyword,KW-0648,6,176,10029,"['Eif4ebp1', 'Yars1', 'Lars1', 'Iars1', 'Aars1', 'SARS1']","['Eif4ebp1', 'Yars1', 'Lars1', 'Iars1', 'AARS-2', 'SARS1']",1.9e-06,0.00022,Protein biosynthesis,54,True,True
Keyword,KW-0820,3,10,10029,"['Yars1', 'Xpot', 'Aars1']","['Yars1', 'Xpot', 'AARS-2']",2.28e-06,0.00022,tRNA-binding,54,True,True
Keyword,KW-0007,2,10,10029,"['Aars1', 'SARS1']","['AARS-2', 'SARS1']",0.00027,0.0184,Acetylation,54,True,True
Keyword,KW-0067,7,699,10029,"['Mknk1', 'Yars1', 'Lars1', 'Iars1', 'Asns', 'Aars1', 'SARS1']","['Mknk1', 'Yars1', 'Lars1', 'Iars1', 'Asns', 'AARS-2', 'SARS1']",0.00055,0.0316,ATP-binding,54,True,True
Keyword,KW-0032,2,17,10029,"['Gpt2', 'Psat1']","['Gpt2', 'Psat1']",0.00069,0.0337,Aminotransferase,54,True,True
KEGG,cge00970,8,36,10029,"['Nars1', 'Yars1', 'Lars1', 'Tars1', 'Iars1', 'Aars1', 'Cars1', 'SARS1']","['Nars1', 'Yars1', 'Lars1', 'Tars1', 'Iars1', 'AARS-2', 'Cars1', 'SARS1']",2.85e-14,9.45e-12,Aminoacyl-tRNA biosynthesis,54,True,True
KEGG,cge01230,5,67,10029,"['Shmt2', 'Psph', 'Asns', 'Gpt2', 'Psat1']","['Shmt2', 'Psph', 'Asns', 'Gpt2', 'Psat1']",3.69e-07,6.12e-05,Biosynthesis of amino acids,54,True,True
KEGG,cge04150,5,120,10029,"['Slc7a5', 'Eif4ebp1', 'Sesn2', 'Ddit4', 'Slc3a2']","['Slc7a5', 'Eif4ebp1', 'Sesn2', 'Ddit4', 'Slc3a2']",5.7e-06,0.00063,mTOR signaling pathway,54,True,True
KEGG,cge00260,3,28,10029,"['Shmt2', 'Psph', 'Psat1']","['Shmt2', 'Psph', 'Psat1']",3.49e-05,0.0029,"Glycine, serine and threonine metabolism",54,True,True
KEGG,cge01200,4,104,10029,"['Shmt2', 'Psph', 'Gpt2', 'Psat1']","['Shmt2', 'Psph', 'Gpt2', 'Psat1']",7.12e-05,0.0047,Carbon metabolism,54,True,True
KEGG,cge04141,4,128,10029,"['Herpud1', 'Ddit3', 'Hspa8', 'Atf4']","['Herpud1', 'Ddit3', 'Hspa8', 'Atf4']",0.00015,0.0086,Protein processing in endoplasmic reticulum,54,True,True
KEGG,cge01100,9,1132,10029,"['Pck2', 'Shmt2', 'Nnmt', 'Psph', 'Asns', 'Mthfd2', 'Gpt2', 'Chac1', 'Psat1']","['Pck2', 'Shmt2', 'Nnmt', 'Psph', 'Asns', 'Mthfd2', 'Gpt2', 'Chac1', 'Psat1']",0.00045,0.0215,Metabolic pathways,54,True,True
KEGG,cge00670,2,16,10029,"['Shmt2', 'Mthfd2']","['Shmt2', 'Mthfd2']",0.00062,0.0246,One carbon pool by folate,54,True,True
KEGG,cge04211,3,77,10029,"['Eif4ebp1', 'Sesn2', 'Atf4']","['Eif4ebp1', 'Sesn2', 'Atf4']",0.00059,0.0246,Longevity regulating pathway,54,True,True
KEGG,cge04010,4,209,10029,"['Mknk1', 'Ddit3', 'Hspa8', 'Atf4']","['Mknk1', 'Ddit3', 'Hspa8', 'Atf4']",0.00095,0.0314,MAPK signaling pathway,54,True,True
KEGG,cge04910,3,101,10029,"['Mknk1', 'Eif4ebp1', 'Pck2']","['Mknk1', 'Eif4ebp1', 'Pck2']",0.0013,0.0384,Insulin signaling pathway,54,True,True
SMART,SM00338,5,41,10029,"['Ddit3', 'Atf5', 'I79_020066', 'Atf3', 'Atf4']","['Ddit3', 'Atf5', 'I79_020066', 'Atf3', 'Atf4']",3.76e-08,2.8e-05,Basic region leucin zipper,54,True,True
SMART,SM00863,2,5,10029,"['Tars1', 'Aars1']","['Tars1', 'AARS-2']",8.57e-05,0.0319,Threonyl and Alanyl tRNA synthetase second additional domain,54,True,True
InterPro,IPR004827,5,42,10029,"['Ddit3', 'Atf5', 'I79_020066', 'Atf3', 'Atf4']","['Ddit3', 'Atf5', 'I79_020066', 'Atf3', 'Atf4']",4.2e-08,0.00027,Basic-leucine zipper domain,54,True,True
InterPro,IPR014729,5,43,10029,"['Yars1', 'Lars1', 'Iars1', 'Asns', 'Cars1']","['Yars1', 'Lars1', 'Iars1', 'Asns', 'Cars1']",4.68e-08,0.00027,Rossmann-like alpha/beta/alpha sandwich fold,54,True,True
InterPro,IPR045864,4,28,10029,"['Nars1', 'Tars1', 'Aars1', 'SARS1']","['Nars1', 'Tars1', 'AARS-2', 'SARS1']",5.35e-07,0.0012,Class II Aminoacyl-tRNA synthetase/Biotinyl protein ligase (BPL) and lipoyl protein ligase (LPL),54,True,True
InterPro,IPR046347,4,40,10029,"['Atf5', 'I79_020066', 'Atf3', 'Atf4']","['Atf5', 'I79_020066', 'Atf3', 'Atf4']",1.98e-06,0.0032,Basic-leucine zipper domain superfamily,54,True,True
InterPro,IPR002293,3,14,10029,"['Slc7a5', 'Slc7a1', 'Slc7a7']","['Slc7a5', 'Slc7a1', 'Slc7a7']",5.38e-06,0.007,Amino acid/polyamine transporter I,54,True,True
InterPro,IPR006195,3,20,10029,"['Nars1', 'Tars1', 'SARS1']","['Nars1', 'Tars1', 'SARS1']",1.39e-05,0.015,"Aminoacyl-tRNA synthetase, class II",54,True,True
PMID,PMID:36575109,9,12,10029,"['Slc7a1', 'Eif4ebp1', 'Sesn2', 'Herpud1', 'Asns', 'Gpt2', 'Trib3', 'Atf3', 'Atf4']","['Slc7a1', 'Eif4ebp1', 'Sesn2', 'Herpud1', 'Asns', 'Gpt2', 'Trib3', 'Atf3', 'Atf4']",8.4e-20,2.31e-15,(2023) SLAM-seq reveals early transcriptomic response mechanisms upon glutamine deprivation in Chinese hamster ovary cells.,54,True,False
PMID,PMID:25713290,7,42,10029,"['Slc7a5', 'Asns', 'Mthfd2', 'Trib3', 'Atf3', 'Aars1', 'Cars1']","['Slc7a5', 'Asns', 'Mthfd2', 'Trib3', 'Atf3', 'AARS-2', 'Cars1']",7.78e-12,1.07e-07,(2015) Cardiac energy dependence on glucose increases metabolites related to glutathione and activates metabolic genes controlled by mechanistic target of rapamycin.,54,True,False
PMID,PMID:33145483,6,30,10029,"['Shmt2', 'Asns', 'Mthfd2', 'Atf5', 'Chac1', 'Psat1']","['Shmt2', 'Asns', 'Mthfd2', 'Atf5', 'Chac1', 'Psat1']",1e-10,9.17e-07,(2020) Low Shear Stress Increases Recombinant Protein Production and High Shear Stress Increases Apoptosis in Human Cells.,54,True,False
PMID,PMID:27307216,4,7,10029,"['Slc1a4', 'Shmt2', 'Mthfd2', 'Psat1']","['Slc1a4', 'Shmt2', 'Mthfd2', 'Psat1']",5.07e-09,3.49e-05,(2016) Mitochondrial dysfunction remodels one-carbon metabolism in human cells.,54,True,False
PMID,PMID:34134991,5,29,10029,"['Sesn2', 'Atf5', 'Trib3', 'Atf3', 'Chac1']","['Sesn2', 'Atf5', 'Trib3', 'Atf3', 'Chac1']",7.78e-09,4.28e-05,(2021) Targeting highly pathogenic coronavirus-induced apoptosis reduces viral pathogenesis and disease severity.,54,True,False
PMID,PMID:27056889,5,29,10029,"['Asns', 'Gpt2', 'Chac1', 'Hspa8', 'Atf4']","['Asns', 'Gpt2', 'Chac1', 'Hspa8', 'Atf4']",7.78e-09,4.28e-05,(2016) Engineered nanoparticles induce cell apoptosis: potential for cancer therapy.,54,True,False
PMID,PMID:26271225,4,10,10029,"['Lars1', 'Asns', 'Gpt2', 'Aars1']","['Lars1', 'Asns', 'Gpt2', 'AARS-2']",1.53e-08,6.02e-05,(2015) Aminoacyl-tRNA synthetase dependent angiogenesis revealed by a bioengineered macrolide inhibitor.,54,True,False
PMID,PMID:36165439,4,16,10029,"['Ddit4', 'Atf5', 'Trib3', 'Atf4']","['Ddit4', 'Atf5', 'Trib3', 'Atf4']",7.34e-08,0.00025,(2022) Resurrecting essential amino acid biosynthesis in mammalian cells.,54,True,False
PMID,PMID:38001891,5,63,10029,"['Nars1', 'Yars1', 'Lars1', 'Tars1', 'Iars1']","['Nars1', 'Yars1', 'Lars1', 'Tars1', 'Iars1']",2.76e-07,0.00085,(2023) Identification of Mispairing Omic Signatures in Chinese Hamster Ovary (CHO) Cells Producing a Tri-Specific Antibody.,54,True,False
PMID,PMID:32271992,3,6,10029,"['Herpud1', 'Atf5', 'Trib3']","['Herpud1', 'Atf5', 'Trib3']",6.72e-07,0.0019,(2021) Temperature Down-Shift Modifies Expression of UPR-ERAD-Related Genes and Enhances Production of a Chimeric Fusion Protein in CHO Cells.,54,True,False
PMID,PMID:35233572,5,99,10029,"['Ddit4', 'Mthfd2', 'Atf5', 'Atf3', 'Aars1']","['Ddit4', 'Mthfd2', 'Atf5', 'Atf3', 'AARS-2']",2.31e-06,0.0058,(2022) targeted down regulation of core mitochondrial genes during sars-cov-2 infection.,54,True,False
PMID,PMID:34298014,3,12,10029,"['Asns', 'Chac1', 'Psat1']","['Asns', 'Chac1', 'Psat1']",3.61e-06,0.0083,(2021) Insulin-induced genes INSIG1 and INSIG2 mediate oxysterol-dependent activation of the PERK-eIF2alpha-ATF4 axis.,54,True,False
PMID,PMID:37360116,3,14,10029,"['Slc7a5', 'Sesn2', 'Slc3a2']","['Slc7a5', 'Sesn2', 'Slc3a2']",5.38e-06,0.0114,(2023) The functional and regulatory entities underlying free and peptide-bound amino acid transporters in the bovine mammary gland.,54,True,False
PMID,PMID:33134792,3,18,10029,"['Shmt2', 'Psph', 'Mthfd2']","['Shmt2', 'Psph', 'Mthfd2']",1.05e-05,0.0206,"(2020) The Roles of Mitochondrial Folate Metabolism in Supporting Mitochondrial DNA Synthesis, Oxidative Phosphorylation, and Cellular Function.",54,True,False
PMID,PMID:37935196,3,19,10029,"['Yars1', 'Lars1', 'Aars1']","['Yars1', 'Lars1', 'AARS-2']",1.21e-05,0.0222,(2023) Dual stop codon suppression in mammalian cells with genomically integrated genetic code expansion machinery.,54,True,False
PMID,PMID:29579307,3,20,10029,"['Lars1', 'Aars1', 'SARS1']","['Lars1', 'AARS-2', 'SARS1']",1.39e-05,0.0239,(2018) A threonyl-tRNA synthetase-like protein has tRNA aminoacylation and editing activities.,54,True,False
PMID,PMID:30002330,4,69,10029,"['Gpt2', 'Trib3', 'Hspa8', 'Atf4']","['Gpt2', 'Trib3', 'Hspa8', 'Atf4']",1.52e-05,0.0247,(2018) A Current Overview of the Biological and Cellular Effects of Nanosilver.,54,True,False
PMID,PMID:6836455,2,2,10029,"['Nars1', 'Asns']","['Nars1', 'Asns']",2.46e-05,0.0376,(1983) Isolation and characterization of interspecific heat-resistant hybrids between a temperature-sensitive chinese hamster cell asparaginyl-tRNA synthetase mutant and normal human leukocytes: assignment of human asnS gene to chromosome 18.,54,True,False
RCTM,MAP-379716,8,32,10029,"['Nars1', 'Yars1', 'Lars1', 'Tars1', 'Iars1', 'Aars1', 'Cars1', 'SARS1']","['Nars1', 'Yars1', 'Lars1', 'Tars1', 'Iars1', 'AARS-2', 'Cars1', 'SARS1']",1.24e-14,2.12e-11,Cytosolic tRNA aminoacylation,54,True,True
RCTM,MAP-379724,8,50,10029,"['Nars1', 'Yars1', 'Lars1', 'Tars1', 'Iars1', 'Aars1', 'Cars1', 'SARS1']","['Nars1', 'Yars1', 'Lars1', 'Tars1', 'Iars1', 'AARS-2', 'Cars1', 'SARS1']",3.01e-13,2.58e-10,tRNA Aminoacylation,54,True,True
RCTM,MAP-71291,11,329,10029,"['Slc7a5', 'H671_7g18352', 'Lars1', 'Iars1', 'Psph', 'Asns', 'Gpt2', 'I79_020167', 'Slc3a2', 'Psat1', 'SARS1']","['Slc7a5', 'H671_7g18352', 'Lars1', 'Iars1', 'Psph', 'Asns', 'Gpt2', 'I79_020167', 'Slc3a2', 'Psat1', 'SARS1']",7.32e-11,4.17e-08,Metabolism of amino acids and derivatives,54,True,True
RCTM,MAP-381042,5,17,10029,"['Herpud1', 'Ddit3', 'I79_020066', 'Atf3', 'Atf4']","['Herpud1', 'Ddit3', 'I79_020066', 'Atf3', 'Atf4']",7.5e-10,3.2e-07,PERK regulates gene expression,54,True,True
RCTM,MAP-352230,5,51,10029,"['Slc7a5', 'Slc7a1', 'Slc1a4', 'Slc7a7', 'Slc3a2']","['Slc7a5', 'Slc7a1', 'Slc1a4', 'Slc7a7', 'Slc3a2']",1.03e-07,3.53e-05,Amino acid transport across the plasma membrane,54,True,True
RCTM,MAP-1430728,19,2614,10029,"['Slc7a5', 'Chst12', 'H671_7g18352', 'Pck2', 'Lars1', 'I79_012301', 'Iars1', 'Shmt2', 'Nnmt', 'Psph', 'Asns', 'Mthfd2', 'Cerk', 'Gpt2', 'I79_020167', 'Chac1', 'Slc3a2', 'Psat1', 'SARS1']","['Slc7a5', 'Chst12', 'H671_7g18352', 'Pck2', 'Lars1', 'I79_012301', 'Iars1', 'Shmt2', 'Nnmt', 'Psph', 'Asns', 'Mthfd2', 'Cerk', 'Gpt2', 'I79_020167', 'Chac1', 'Slc3a2', 'Psat1', 'SARS1']",4.15e-07,0.00012,Metabolism,54,True,True
RCTM,MAP-381119,5,70,10029,"['Herpud1', 'Ddit3', 'I79_020066', 'Atf3', 'Atf4']","['Herpud1', 'Ddit3', 'I79_020066', 'Atf3', 'Atf4']",4.53e-07,0.00012,Unfolded Protein Response (UPR),54,True,True
RCTM,MAP-9711097,5,84,10029,"['Sesn2', 'Ddit3', 'I79_020066', 'Atf3', 'Atf4']","['Sesn2', 'Ddit3', 'I79_020066', 'Atf3', 'Atf4']",1.07e-06,0.00023,Cellular response to starvation,54,True,True
RCTM,MAP-425393,5,146,10029,"['Slc7a5', 'Slc7a1', 'Slc1a4', 'Slc7a7', 'Slc3a2']","['Slc7a5', 'Slc7a1', 'Slc1a4', 'Slc7a7', 'Slc3a2']",1.43e-05,0.0027,Transport of inorganic cations/anions and amino acids/oligopeptides,54,True,True
RCTM,MAP-72766,9,719,10029,"['Nars1', 'Eif4ebp1', 'Yars1', 'Lars1', 'Tars1', 'Iars1', 'Aars1', 'Cars1', 'SARS1']","['Nars1', 'Eif4ebp1', 'Yars1', 'Lars1', 'Tars1', 'Iars1', 'AARS-2', 'Cars1', 'SARS1']",1.47e-05,0.0027,Translation,54,True,True
RCTM,MAP-2262752,9,741,10029,"['Sesn2', 'Herpud1', 'Ddit3', 'I79_016638', 'Atf5', 'I79_020066', 'Atf3', 'Hspa8', 'Atf4']","['Sesn2', 'Herpud1', 'Ddit3', 'I79_016638', 'Atf5', 'I79_020066', 'Atf3', 'Hspa8', 'Atf4']",1.86e-05,0.0029,Cellular responses to stress,54,True,True
RCTM,MAP-8953897,9,755,10029,"['Sesn2', 'Herpud1', 'Ddit3', 'I79_016638', 'Atf5', 'I79_020066', 'Atf3', 'Hspa8', 'Atf4']","['Sesn2', 'Herpud1', 'Ddit3', 'I79_016638', 'Atf5', 'I79_020066', 'Atf3', 'Hspa8', 'Atf4']",2.15e-05,0.0031,Cellular responses to stimuli,54,True,True
RCTM,MAP-2408522,3,26,10029,"['Lars1', 'Iars1', 'SARS1']","['Lars1', 'Iars1', 'SARS1']",2.84e-05,0.0037,Selenoamino acid metabolism,54,True,True
RCTM,MAP-425407,6,322,10029,"['Slc7a5', 'Slc7a1', 'Slc1a4', 'Slc6a9', 'Slc7a7', 'Slc3a2']","['Slc7a5', 'Slc7a1', 'Slc1a4', 'Slc6a9', 'Slc7a7', 'Slc3a2']",5.4e-05,0.0066,SLC-mediated transmembrane transport,54,True,True
RCTM,MAP-381033,2,11,10029,"['Ddit3', 'Atf4']","['Ddit3', 'Atf4']",0.00032,0.036,ATF6 (ATF6-alpha) activates chaperones,54,True,True
RCTM,MAP-977347,2,11,10029,"['Psph', 'Psat1']","['Psph', 'Psat1']",0.00032,0.036,Serine biosynthesis,54,True,True
RCTM,MAP-71240,2,13,10029,"['Slc7a5', 'Slc3a2']","['Slc7a5', 'Slc3a2']",0.00042,0.0426,Tryptophan catabolism,54,True,True
NetworkNeighborAL,CL:2147,7,61,10029,"['Yars1', 'Lars1', 'Tars1', 'Iars1', 'Aars1', 'Cars1', 'SARS1']","['Yars1', 'Lars1', 'Tars1', 'Iars1', 'AARS-2', 'Cars1', 'SARS1']",8.53e-11,3.62e-07,"tRNA Aminoacylation, and Sulfur metabolism",54,True,True
NetworkNeighborAL,CL:15042,6,36,10029,"['Herpud1', 'Ddit3', 'Atf5', 'I79_020066', 'Atf3', 'Atf4']","['Herpud1', 'Ddit3', 'Atf5', 'I79_020066', 'Atf3', 'Atf4']",2.67e-10,5.66e-07,"Basic-leucine zipper domain, and Histone H3-S28 phosphorylation",54,True,True
NetworkNeighborAL,CL:2153,6,37,10029,"['Yars1', 'Lars1', 'Tars1', 'Iars1', 'Aars1', 'SARS1']","['Yars1', 'Lars1', 'Tars1', 'Iars1', 'AARS-2', 'SARS1']",3.09e-10,5.66e-07,Aminoacyl-tRNA synthetase,54,True,True
NetworkNeighborAL,CL:15043,5,20,10029,"['Herpud1', 'Ddit3', 'Atf5', 'I79_020066', 'Atf4']","['Herpud1', 'Ddit3', 'Atf5', 'I79_020066', 'Atf4']",1.51e-09,1.09e-06,"Mixed, incl. Positive regulation of transcription from RNA polymerase II promoter in response to endoplasmic reticulum stress, and pKID domain",54,True,True
NetworkNeighborAL,CL:2157,5,23,10029,"['Yars1', 'Lars1', 'Iars1', 'Aars1', 'SARS1']","['Yars1', 'Lars1', 'Iars1', 'AARS-2', 'SARS1']",2.77e-09,1.68e-06,Aminoacyl-tRNA synthetase,54,True,True
NetworkNeighborAL,CL:2159,4,18,10029,"['Yars1', 'Lars1', 'Iars1', 'Aars1']","['Yars1', 'Lars1', 'Iars1', 'AARS-2']",1.11e-07,4.27e-05,"Aminoacyl-tRNA synthetase, class I, conserved site, and Mitochondrial tRNA aminoacylation",54,True,True
NetworkNeighborAL,CL:29012,4,21,10029,"['Slc7a5', 'Slc7a1', 'Slc7a7', 'Slc3a2']","['Slc7a5', 'Slc7a1', 'Slc7a7', 'Slc3a2']",1.9e-07,6.21e-05,"Mixed, incl. Sodium:dicarboxylate symporter, and Amino acid/polyamine transporter I",54,True,True
NetworkNeighborAL,CL:10372,6,125,10029,"['H671_7g18352', 'Shmt2', 'Psph', 'Asns', 'Mthfd2', 'Psat1']","['H671_7g18352', 'Shmt2', 'Psph', 'Asns', 'Mthfd2', 'Psat1']",2.77e-07,8.02e-05,"Alpha-amino acid metabolic process, and Oxidoreductase FAD-binding domain",54,True,True
NetworkNeighborAL,CL:29006,5,67,10029,"['Slc7a5', 'Slc7a1', 'Slc1a4', 'Slc7a7', 'Slc3a2']","['Slc7a5', 'Slc7a1', 'Slc1a4', 'Slc7a7', 'Slc3a2']",3.69e-07,9.78e-05,"Mixed, incl. Amino acid transport across the plasma membrane, and Sodium/glucose symporter superfamily",54,True,True
NetworkNeighborAL,CL:2166,3,6,10029,"['Yars1', 'Lars1', 'Iars1']","['Yars1', 'Lars1', 'Iars1']",6.72e-07,0.00016,"Aminoacyl-tRNA synthetase, class I, conserved site",54,True,True
NetworkNeighborAL,CL:10490,4,31,10029,"['Shmt2', 'Psph', 'Mthfd2', 'Psat1']","['Shmt2', 'Psph', 'Mthfd2', 'Psat1']",7.76e-07,0.00017,"One carbon pool by folate, and Serine family amino acid catabolic process",54,True,True
NetworkNeighborAL,CL:10530,3,11,10029,"['Shmt2', 'Psph', 'Psat1']","['Shmt2', 'Psph', 'Psat1']",2.89e-06,0.00047,"L-serine metabolic process, and Threonine synthase N terminus",54,True,True
NetworkNeighborAL,CL:29013,3,11,10029,"['Slc7a5', 'Slc7a7', 'Slc3a2']","['Slc7a5', 'Slc7a7', 'Slc3a2']",2.89e-06,0.00047,"Mixed, incl. Leucine import across plasma membrane, and Regulation of leucine import",54,True,True
NetworkNeighborAL,CL:10374,5,112,10029,"['H671_7g18352', 'Shmt2', 'Psph', 'Mthfd2', 'Psat1']","['H671_7g18352', 'Shmt2', 'Psph', 'Mthfd2', 'Psat1']",4.12e-06,0.00058,"Alpha-amino acid metabolic process, and Oxidoreductase FAD-binding domain",54,True,True
NetworkNeighborAL,CL:10534,2,5,10029,"['Shmt2', 'Psph']","['Shmt2', 'Psph']",8.57e-05,0.0101,"Threonine catabolic process, and L-serine biosynthetic process",54,True,True
NetworkNeighborAL,CL:15068,2,5,10029,"['Ddit3', 'Atf4']","['Ddit3', 'Atf4']",8.57e-05,0.0101,ATF6 (ATF6-alpha) activates chaperones,54,True,True
NetworkNeighborAL,CL:29015,2,6,10029,"['Slc7a5', 'Slc3a2']","['Slc7a5', 'Slc3a2']",0.00011,0.0128,"Leucine import across plasma membrane, and High-affinity L-glutamate transmembrane transporter activity",54,True,True
COMPARTMENTS,GOCC:0032991,14,5639,10029,"['Rps8', 'Ccny', 'I79_005484', 'I79_006739', 'Ndufb4', 'CgPICR_016797', 'Sec61g', 'Rpa3', 'Chtf8', 'I79_012518', 'Ndufa6', 'Atp5mg', 'Larp7', 'H671_3g9632']","['Rps8', 'Ccny', 'I79_005484', 'I79_006739', 'Ndufb4', 'CgPICR_016797', 'Sec61g', 'Rpa3', 'Chtf8', 'I79_012518', 'Ndufa6', 'Atp5mg', 'Larp7', 'H671_3g9632']",5.49e-07,0.0011,Protein-containing complex,55,True,True
COMPARTMENTS,GOCC:0098800,4,109,10029,"['Ndufb4', 'I79_012518', 'Ndufa6', 'Atp5mg']","['Ndufb4', 'I79_012518', 'Ndufa6', 'Atp5mg']",1.08e-06,0.0011,Inner mitochondrial membrane protein complex,55,True,True
COMPARTMENTS,GOCC:0005746,3,57,10029,"['Ndufb4', 'I79_012518', 'Ndufa6']","['Ndufb4', 'I79_012518', 'Ndufa6']",9.99e-06,0.0065,Mitochondrial respirasome,55,True,True
COMPARTMENTS,GOCC:0098803,3,58,10029,"['Ndufb4', 'I79_012518', 'Ndufa6']","['Ndufb4', 'I79_012518', 'Ndufa6']",1.05e-05,0.0065,Respiratory chain complex,55,True,True
COMPARTMENTS,GOCC:1990204,3,151,10029,"['Ndufb4', 'I79_012518', 'Ndufa6']","['Ndufb4', 'I79_012518', 'Ndufa6']",0.00017,0.0328,Oxidoreductase complex,55,True,True
Component,GO:0032991,14,6073,10029,"['Rps8', 'Ccny', 'Rpl23', 'I79_006739', 'Ndufb4', 'CgPICR_016797', 'Sec61g', 'Rpa3', 'Chtf8', 'I79_012518', 'Ndufa6', 'Atp5mg', 'Larp7', 'H671_3g9632']","['Rps8', 'Ccny', 'Rpl23', 'I79_006739', 'Ndufb4', 'CgPICR_016797', 'Sec61g', 'Rpa3', 'Chtf8', 'I79_012518', 'Ndufa6', 'Atp5mg', 'Larp7', 'H671_3g9632']",1.45e-06,0.0025,Protein-containing complex,55,True,True
Component,GO:0098800,4,138,10029,"['Ndufb4', 'I79_012518', 'Ndufa6', 'Atp5mg']","['Ndufb4', 'I79_012518', 'Ndufa6', 'Atp5mg']",2.68e-06,0.0025,Inner mitochondrial membrane protein complex,55,True,True
Component,GO:0005746,3,74,10029,"['Ndufb4', 'I79_012518', 'Ndufa6']","['Ndufb4', 'I79_012518', 'Ndufa6']",2.12e-05,0.0121,Mitochondrial respirasome,55,True,True
Component,GO:0098803,3,75,10029,"['Ndufb4', 'I79_012518', 'Ndufa6']","['Ndufb4', 'I79_012518', 'Ndufa6']",2.2e-05,0.0121,Respiratory chain complex,55,True,True
Component,GO:1990204,3,123,10029,"['Ndufb4', 'I79_012518', 'Ndufa6']","['Ndufb4', 'I79_012518', 'Ndufa6']",9.23e-05,0.0226,Oxidoreductase complex,55,True,True
Function,GO:0015453,3,54,10029,"['Ndufb4', 'I79_012518', 'Ndufa6']","['Ndufb4', 'I79_012518', 'Ndufa6']",8.55e-06,0.0282,Oxidoreduction-driven active transmembrane transporter activity,55,True,True
Function,GO:0009055,3,73,10029,"['Ndufb4', 'I79_012518', 'Ndufa6']","['Ndufb4', 'I79_012518', 'Ndufa6']",2.04e-05,0.0336,Electron transfer activity,55,True,True
KEGG,cge00190,4,112,10029,"['Ndufb4', 'I79_012518', 'Ndufa6', 'Atp5mg']","['Ndufb4', 'I79_012518', 'Ndufa6', 'Atp5mg']",1.2e-06,0.0004,Oxidative phosphorylation,55,True,True
KEGG,cge04714,4,179,10029,"['Ndufb4', 'I79_012518', 'Ndufa6', 'Atp5mg']","['Ndufb4', 'I79_012518', 'Ndufa6', 'Atp5mg']",7.33e-06,0.0012,Thermogenesis,55,True,True
KEGG,cge04932,3,118,10029,"['Ndufb4', 'I79_012518', 'Ndufa6']","['Ndufb4', 'I79_012518', 'Ndufa6']",8.18e-05,0.0091,Non-alcoholic fatty liver disease,55,True,True
KEGG,cge05012,3,183,10029,"['Ndufb4', 'I79_012518', 'Ndufa6']","['Ndufb4', 'I79_012518', 'Ndufa6']",0.00029,0.0242,Parkinson disease,55,True,True
KEGG,cge05020,3,198,10029,"['Ndufb4', 'I79_012518', 'Ndufa6']","['Ndufb4', 'I79_012518', 'Ndufa6']",0.00037,0.0243,Prion disease,55,True,True
KEGG,cge05016,3,230,10029,"['Ndufb4', 'I79_012518', 'Ndufa6']","['Ndufb4', 'I79_012518', 'Ndufa6']",0.00056,0.0311,Huntington disease,55,True,True
KEGG,cge01100,5,1132,10029,"['Ndufb4', 'CgPICR_016797', 'I79_012518', 'Ndufa6', 'Atp5mg']","['Ndufb4', 'CgPICR_016797', 'I79_012518', 'Ndufa6', 'Atp5mg']",0.00093,0.0436,Metabolic pathways,55,True,True
KEGG,cge05010,3,273,10029,"['Ndufb4', 'I79_012518', 'Ndufa6']","['Ndufb4', 'I79_012518', 'Ndufa6']",0.00092,0.0436,Alzheimer disease,55,True,True
KEGG,cge05014,3,278,10029,"['Ndufb4', 'I79_012518', 'Ndufa6']","['Ndufb4', 'I79_012518', 'Ndufa6']",0.00097,0.0436,Amyotrophic lateral sclerosis,55,True,True
RCTM,MAP-163200,4,137,10029,"['Ndufb4', 'I79_012518', 'Ndufa6', 'Atp5mg']","['Ndufb4', 'I79_012518', 'Ndufa6', 'Atp5mg']",2.61e-06,0.0045,"Respiratory electron transport, ATP synthesis by chemiosmotic coupling, and heat production by uncoupling proteins.",55,True,True
RCTM,MAP-1428517,4,223,10029,"['Ndufb4', 'I79_012518', 'Ndufa6', 'Atp5mg']","['Ndufb4', 'I79_012518', 'Ndufa6', 'Atp5mg']",1.71e-05,0.0146,The citric acid (TCA) cycle and respiratory electron transport,55,True,True
RCTM,MAP-611105,3,107,10029,"['Ndufb4', 'I79_012518', 'Ndufa6']","['Ndufb4', 'I79_012518', 'Ndufa6']",6.16e-05,0.0351,Respiratory electron transport,55,True,True
NetworkNeighborAL,CL:12582,4,174,10029,"['Ndufb4', 'I79_012518', 'Ndufa6', 'Atp5mg']","['Ndufb4', 'I79_012518', 'Ndufa6', 'Atp5mg']",6.57e-06,0.0279,"Oxidative phosphorylation, and Respiratory electron transport, ATP synthesis by chemiosmotic coupling, and heat production by uncoupling proteins.",55,True,True
NetworkNeighborAL,CL:12602,3,63,10029,"['Ndufb4', 'I79_012518', 'Ndufa6']","['Ndufb4', 'I79_012518', 'Ndufa6']",1.33e-05,0.0279,Mitochondrial respirasome,55,True,True
COMPARTMENTS,GOCC:0017109,3,5,10029,"['Nqo1', 'Hmox1', 'I79_022778']","['Nqo1', 'Hmox1', 'I79_022778']",8.03e-08,0.00016,Glutamate-cysteine ligase complex,57,True,True
COMPARTMENTS,GOCC:0005737,20,7387,10029,"['Osgin1', 'Tfrc', 'Prdx1', 'I79_007529', 'Slc6a9', 'Pir', 'Ngf', 'Abcb6', 'I79_015333', 'Nqo1', 'Esd', 'Gstp1', 'Srxn1', 'Hmox1', 'Adam8', 'Akr1b8', 'Slc48a1', 'I79_022518', 'I79_022778', 'Slc40a1']","['Osgin1', 'Tfrc', 'Prdx1', 'I79_007529', 'Slc6a9', 'Pir', 'Ngf', 'Abcb6', 'I79_015333', 'Nqo1', 'Esd', 'Gstp1', 'Srxn1', 'Hmox1', 'Adam8', 'Akr1b8', 'Slc48a1', 'I79_022518', 'I79_022778', 'Slc40a1']",1.26e-05,0.0124,Cytoplasm,57,True,True
Process,GO:0070887,20,2646,10029,"['Tfrc', 'Prdx1', 'Cat', 'I79_007529', 'Ngf', 'Fmo4', 'Abcb6', 'Nqo1', 'Ephx1', 'Esd', 'Gstp1', 'Srxn1', 'Hmox1', 'Adam8', 'I79_020969', 'G6pd', 'I79_022518', 'I79_022778', 'Slc40a1', 'Col3a1']","['Tfrc', 'Prdx1', 'Cat', 'I79_007529', 'Ngf', 'Fmo4', 'Abcb6', 'Nqo1', 'Ephx1', 'Esd', 'Gstp1', 'Srxn1', 'Hmox1', 'Adam8', 'I79_020969', 'G6pd', 'I79_022518', 'I79_022778', 'Slc40a1', 'Col3a1']",1.06e-13,1.34e-09,Cellular response to chemical stimulus,57,True,True
Process,GO:0009636,8,204,10029,"['Prdx1', 'Cat', 'I79_007529', 'Abcb6', 'Nqo1', 'Ephx1', 'Esd', 'Srxn1']","['Prdx1', 'Cat', 'I79_007529', 'Abcb6', 'Nqo1', 'Ephx1', 'Esd', 'Srxn1']",8.95e-11,5.66e-07,Response to toxic substance,57,True,True
Process,GO:0042221,21,4477,10029,"['Tfrc', 'Prdx1', 'Cat', 'I79_007529', 'Ngf', 'Fmo4', 'Abcb6', 'I79_015333', 'Nqo1', 'Ephx1', 'Esd', 'Gstp1', 'Srxn1', 'Hmox1', 'Adam8', 'I79_020969', 'G6pd', 'I79_022518', 'I79_022778', 'Slc40a1', 'Col3a1']","['Tfrc', 'Prdx1', 'Cat', 'I79_007529', 'Ngf', 'Fmo4', 'Abcb6', 'I79_015333', 'Nqo1', 'Ephx1', 'Esd', 'Gstp1', 'Srxn1', 'Hmox1', 'Adam8', 'I79_020969', 'G6pd', 'I79_022518', 'I79_022778', 'Slc40a1', 'Col3a1']",1.68e-10,7.07e-07,Response to chemical,57,True,True
Process,GO:1990748,6,96,10029,"['Prdx1', 'Cat', 'Abcb6', 'Nqo1', 'Esd', 'Srxn1']","['Prdx1', 'Cat', 'Abcb6', 'Nqo1', 'Esd', 'Srxn1']",1.82e-09,5.75e-06,Cellular detoxification,57,True,True
Process,GO:0034599,7,213,10029,"['Prdx1', 'Cat', 'I79_007529', 'Nqo1', 'Srxn1', 'Hmox1', 'G6pd']","['Prdx1', 'Cat', 'I79_007529', 'Nqo1', 'Srxn1', 'Hmox1', 'G6pd']",5.11e-09,9.24e-06,Cellular response to oxidative stress,57,True,True
Process,GO:0006979,8,360,10029,"['Prdx1', 'Cat', 'I79_007529', 'Nqo1', 'Srxn1', 'Hmox1', 'G6pd', 'I79_022778']","['Prdx1', 'Cat', 'I79_007529', 'Nqo1', 'Srxn1', 'Hmox1', 'G6pd', 'I79_022778']",6.95e-09,1.1e-05,Response to oxidative stress,57,True,True
Process,GO:0006826,5,67,10029,"['Tfrc', 'Abcb6', 'I79_015333', 'Slc48a1', 'Slc40a1']","['Tfrc', 'Abcb6', 'I79_015333', 'Slc48a1', 'Slc40a1']",2.01e-08,2.54e-05,Iron ion transport,57,True,True
Process,GO:0006749,5,72,10029,"['I79_007529', 'Gstp1', 'G6pd', 'I79_022518', 'I79_022778']","['I79_007529', 'Gstp1', 'G6pd', 'I79_022518', 'I79_022778']",2.82e-08,2.98e-05,Glutathione metabolic process,57,True,True
Process,GO:0051716,22,6532,10029,"['Osgin1', 'Tfrc', 'Prdx1', 'Cat', 'F2rl2', 'I79_007529', 'Ngf', 'Fmo4', 'Abcb6', 'Nqo1', 'Ephx1', 'Esd', 'Gstp1', 'Srxn1', 'Hmox1', 'Adam8', 'I79_020969', 'G6pd', 'I79_022518', 'I79_022778', 'Slc40a1', 'Col3a1']","['Osgin1', 'Tfrc', 'Prdx1', 'Cat', 'F2rl2', 'I79_007529', 'Ngf', 'Fmo4', 'Abcb6', 'Nqo1', 'Ephx1', 'Esd', 'Gstp1', 'Srxn1', 'Hmox1', 'Adam8', 'I79_020969', 'G6pd', 'I79_022518', 'I79_022778', 'Slc40a1', 'Col3a1']",2.59e-08,2.98e-05,Cellular response to stimulus,57,True,True
Process,GO:0042592,12,1451,10029,"['Tfrc', 'Prdx1', 'I79_007529', 'Fmo4', 'Abcb6', 'I79_015333', 'Nqo1', 'Hmox1', 'G6pd', 'I79_022778', 'Slc40a1', 'Col3a1']","['Tfrc', 'Prdx1', 'I79_007529', 'Fmo4', 'Abcb6', 'I79_015333', 'Nqo1', 'Hmox1', 'G6pd', 'I79_022778', 'Slc40a1', 'Col3a1']",3.21e-08,3.12e-05,Homeostatic process,57,True,True
Process,GO:0009410,8,483,10029,"['Tfrc', 'Cat', 'Fmo4', 'Nqo1', 'Gstp1', 'Hmox1', 'I79_022518', 'I79_022778']","['Tfrc', 'Cat', 'Fmo4', 'Nqo1', 'Gstp1', 'Hmox1', 'I79_022518', 'I79_022778']",6.49e-08,5.86e-05,Response to xenobiotic stimulus,57,True,True
Process,GO:0065008,17,3854,10029,"['Tfrc', 'Prdx1', 'F2rl2', 'I79_007529', 'Slc6a9', 'Ngf', 'Fmo4', 'Abcb6', 'I79_015333', 'Nqo1', 'Hmox1', 'Adam8', 'G6pd', 'Akr1b8', 'I79_022778', 'Slc40a1', 'Col3a1']","['Tfrc', 'Prdx1', 'F2rl2', 'I79_007529', 'Slc6a9', 'Ngf', 'Fmo4', 'Abcb6', 'I79_015333', 'Nqo1', 'Hmox1', 'Adam8', 'G6pd', 'Akr1b8', 'I79_022778', 'Slc40a1', 'Col3a1']",1.23e-07,0.0001,Regulation of biological quality,57,True,True
Process,GO:0050896,23,8055,10029,"['Osgin1', 'Tfrc', 'Prdx1', 'Cat', 'F2rl2', 'I79_007529', 'Ngf', 'Fmo4', 'Abcb6', 'I79_015333', 'Nqo1', 'Ephx1', 'Esd', 'Gstp1', 'Srxn1', 'Hmox1', 'Adam8', 'I79_020969', 'G6pd', 'I79_022518', 'I79_022778', 'Slc40a1', 'Col3a1']","['Osgin1', 'Tfrc', 'Prdx1', 'Cat', 'F2rl2', 'I79_007529', 'Ngf', 'Fmo4', 'Abcb6', 'I79_015333', 'Nqo1', 'Ephx1', 'Esd', 'Gstp1', 'Srxn1', 'Hmox1', 'Adam8', 'I79_020969', 'G6pd', 'I79_022518', 'I79_022778', 'Slc40a1', 'Col3a1']",2e-07,0.00016,Response to stimulus,57,True,True
Process,GO:0046916,5,112,10029,"['Tfrc', 'Abcb6', 'I79_015333', 'Hmox1', 'Slc40a1']","['Tfrc', 'Abcb6', 'I79_015333', 'Hmox1', 'Slc40a1']",2.32e-07,0.00017,Cellular transition metal ion homeostasis,57,True,True
Process,GO:1901214,7,397,10029,"['I79_007529', 'Ngf', 'Nqo1', 'Hmox1', 'Adam8', 'G6pd', 'I79_022778']","['I79_007529', 'Ngf', 'Nqo1', 'Hmox1', 'Adam8', 'G6pd', 'I79_022778']",3.26e-07,0.00022,Regulation of neuron death,57,True,True
Process,GO:0042981,11,1531,10029,"['Osgin1', 'Tfrc', 'Cat', 'I79_007529', 'Ngf', 'Nqo1', 'Hmox1', 'Adam8', 'G6pd', 'I79_022778', 'Slc40a1']","['Osgin1', 'Tfrc', 'Cat', 'I79_007529', 'Ngf', 'Nqo1', 'Hmox1', 'Adam8', 'G6pd', 'I79_022778', 'Slc40a1']",6e-07,0.00038,Regulation of apoptotic process,57,True,True
Process,GO:0019725,8,666,10029,"['Tfrc', 'Prdx1', 'Abcb6', 'I79_015333', 'Nqo1', 'Hmox1', 'I79_022778', 'Slc40a1']","['Tfrc', 'Prdx1', 'Abcb6', 'I79_015333', 'Nqo1', 'Hmox1', 'I79_022778', 'Slc40a1']",7.23e-07,0.00041,Cellular homeostasis,57,True,True
Process,GO:0043523,6,284,10029,"['Ngf', 'Nqo1', 'Hmox1', 'Adam8', 'G6pd', 'I79_022778']","['Ngf', 'Nqo1', 'Hmox1', 'Adam8', 'G6pd', 'I79_022778']",9.12e-07,0.00048,Regulation of neuron apoptotic process,57,True,True
Process,GO:0007584,5,164,10029,"['Tfrc', 'Cat', 'Nqo1', 'Hmox1', 'I79_022778']","['Tfrc', 'Cat', 'Nqo1', 'Hmox1', 'I79_022778']",1.43e-06,0.00073,Response to nutrient,57,True,True
Process,GO:0006879,4,74,10029,"['Tfrc', 'I79_015333', 'Hmox1', 'Slc40a1']","['Tfrc', 'I79_015333', 'Hmox1', 'Slc40a1']",2.02e-06,0.00089,Cellular iron ion homeostasis,57,True,True
Process,GO:0015807,4,72,10029,"['Slc1a4', 'I79_007529', 'Slc6a9', 'I79_015333']","['Slc1a4', 'I79_007529', 'Slc6a9', 'I79_015333']",1.82e-06,0.00089,L-amino acid transport,57,True,True
Process,GO:0034755,3,18,10029,"['Abcb6', 'I79_015333', 'Slc40a1']","['Abcb6', 'I79_015333', 'Slc40a1']",1.89e-06,0.00089,Iron ion transmembrane transport,57,True,True
Process,GO:1902475,4,72,10029,"['Slc1a4', 'I79_007529', 'Slc6a9', 'I79_015333']","['Slc1a4', 'I79_007529', 'Slc6a9', 'I79_015333']",1.82e-06,0.00089,L-alpha-amino acid transmembrane transport,57,True,True
Process,GO:0006950,14,3187,10029,"['Tfrc', 'Prdx1', 'Cat', 'F2rl2', 'I79_007529', 'Abcb6', 'I79_015333', 'Nqo1', 'Srxn1', 'Hmox1', 'Adam8', 'G6pd', 'I79_022778', 'Col3a1']","['Tfrc', 'Prdx1', 'Cat', 'F2rl2', 'I79_007529', 'Abcb6', 'I79_015333', 'Nqo1', 'Srxn1', 'Hmox1', 'Adam8', 'G6pd', 'I79_022778', 'Col3a1']",3.66e-06,0.0014,Response to stress,57,True,True
Process,GO:0010035,7,577,10029,"['Tfrc', 'Prdx1', 'Cat', 'Abcb6', 'Nqo1', 'Hmox1', 'Slc40a1']","['Tfrc', 'Prdx1', 'Cat', 'Abcb6', 'Nqo1', 'Hmox1', 'Slc40a1']",3.8e-06,0.0014,Response to inorganic substance,57,True,True
Process,GO:0060548,9,1125,10029,"['Tfrc', 'Cat', 'I79_007529', 'Ngf', 'Nqo1', 'Hmox1', 'Adam8', 'I79_022778', 'Slc40a1']","['Tfrc', 'Cat', 'I79_007529', 'Ngf', 'Nqo1', 'Hmox1', 'Adam8', 'I79_022778', 'Slc40a1']",3.6e-06,0.0014,Negative regulation of cell death,57,True,True
Process,GO:0010038,6,384,10029,"['Tfrc', 'Cat', 'Abcb6', 'Nqo1', 'Hmox1', 'Slc40a1']","['Tfrc', 'Cat', 'Abcb6', 'Nqo1', 'Hmox1', 'Slc40a1']",5.05e-06,0.0018,Response to metal ion,57,True,True
Process,GO:0010033,13,2827,10029,"['Tfrc', 'Cat', 'I79_007529', 'Ngf', 'I79_015333', 'Nqo1', 'Ephx1', 'Esd', 'Hmox1', 'I79_020969', 'G6pd', 'I79_022778', 'Col3a1']","['Tfrc', 'Cat', 'I79_007529', 'Ngf', 'I79_015333', 'Nqo1', 'Ephx1', 'Esd', 'Hmox1', 'I79_020969', 'G6pd', 'I79_022778', 'Col3a1']",6.05e-06,0.002,Response to organic substance,57,True,True
Process,GO:0010039,3,32,10029,"['Tfrc', 'Hmox1', 'Slc40a1']","['Tfrc', 'Hmox1', 'Slc40a1']",9.19e-06,0.0029,Response to iron ion,57,True,True
Process,GO:1901700,10,1648,10029,"['Tfrc', 'Prdx1', 'Cat', 'I79_015333', 'Nqo1', 'Esd', 'Hmox1', 'G6pd', 'I79_022778', 'Col3a1']","['Tfrc', 'Prdx1', 'Cat', 'I79_015333', 'Nqo1', 'Esd', 'Hmox1', 'G6pd', 'I79_022778', 'Col3a1']",1.03e-05,0.0032,Response to oxygen-containing compound,57,True,True
Process,GO:0043066,8,967,10029,"['Tfrc', 'Cat', 'Ngf', 'Nqo1', 'Hmox1', 'Adam8', 'I79_022778', 'Slc40a1']","['Tfrc', 'Cat', 'Ngf', 'Nqo1', 'Hmox1', 'Adam8', 'I79_022778', 'Slc40a1']",1.12e-05,0.0034,Negative regulation of apoptotic process,57,True,True
Process,GO:0009987,28,15994,10029,"['Osgin1', 'Tfrc', 'Prdx1', 'Cat', 'Slc1a4', 'F2rl2', 'I79_007529', 'Slc6a9', 'Pir', 'Ngf', 'Fmo4', 'Abcb6', 'I79_015333', 'Nqo1', 'Ephx1', 'Esd', 'Gstp1', 'Srxn1', 'Hmox1', 'Adam8', 'I79_020969', 'G6pd', 'Akr1b8', 'Slc48a1', 'I79_022518', 'I79_022778', 'Slc40a1', 'Col3a1']","['Osgin1', 'Tfrc', 'Prdx1', 'Cat', 'Slc1a4', 'F2rl2', 'I79_007529', 'Slc6a9', 'Pir', 'Ngf', 'Fmo4', 'Abcb6', 'I79_015333', 'Nqo1', 'Ephx1', 'Esd', 'Gstp1', 'Srxn1', 'Hmox1', 'Adam8', 'I79_020969', 'G6pd', 'Akr1b8', 'Slc48a1', 'I79_022518', 'I79_022778', 'Slc40a1', 'Col3a1']",1.36e-05,0.0038,Cellular process,57,True,True
Process,GO:0089718,3,36,10029,"['Slc1a4', 'I79_007529', 'Slc6a9']","['Slc1a4', 'I79_007529', 'Slc6a9']",1.28e-05,0.0038,Amino acid import across plasma membrane,57,True,True
Process,GO:1901215,5,268,10029,"['I79_007529', 'Ngf', 'Hmox1', 'Adam8', 'I79_022778']","['I79_007529', 'Ngf', 'Hmox1', 'Adam8', 'I79_022778']",1.49e-05,0.004,Negative regulation of neuron death,57,True,True
Process,GO:0034395,2,4,10029,"['Hmox1', 'Slc40a1']","['Hmox1', 'Slc40a1']",1.98e-05,0.0051,Regulation of transcription from RNA polymerase II promoter in response to iron,57,True,True
Process,GO:0042060,5,283,10029,"['F2rl2', 'I79_007529', 'I79_015333', 'Hmox1', 'Col3a1']","['F2rl2', 'I79_007529', 'I79_015333', 'Hmox1', 'Col3a1']",1.92e-05,0.0051,Wound healing,57,True,True
Process,GO:0046686,3,50,10029,"['Cat', 'Abcb6', 'Hmox1']","['Cat', 'Abcb6', 'Hmox1']",3.24e-05,0.0082,Response to cadmium ion,57,True,True
Process,GO:0048583,14,3843,10029,"['Tfrc', 'Prdx1', 'Cat', 'F2rl2', 'I79_007529', 'Slc6a9', 'Ngf', 'I79_015333', 'Hmox1', 'Adam8', 'I79_020969', 'G6pd', 'I79_022778', 'Col3a1']","['Tfrc', 'Prdx1', 'Cat', 'F2rl2', 'I79_007529', 'Slc6a9', 'Ngf', 'I79_015333', 'Hmox1', 'Adam8', 'I79_020969', 'G6pd', 'I79_022778', 'Col3a1']",3.32e-05,0.0082,Regulation of response to stimulus,57,True,True
Process,GO:0050801,6,564,10029,"['Tfrc', 'I79_007529', 'Abcb6', 'I79_015333', 'Hmox1', 'Slc40a1']","['Tfrc', 'I79_007529', 'Abcb6', 'I79_015333', 'Hmox1', 'Slc40a1']",4.32e-05,0.0103,Ion homeostasis,57,True,True
Process,GO:0055082,6,566,10029,"['Tfrc', 'Abcb6', 'I79_015333', 'Hmox1', 'I79_022778', 'Slc40a1']","['Tfrc', 'Abcb6', 'I79_015333', 'Hmox1', 'I79_022778', 'Slc40a1']",4.4e-05,0.0103,Cellular chemical homeostasis,57,True,True
Process,GO:0000302,4,167,10029,"['Prdx1', 'Cat', 'Nqo1', 'Hmox1']","['Prdx1', 'Cat', 'Nqo1', 'Hmox1']",4.53e-05,0.0104,Response to reactive oxygen species,57,True,True
Process,GO:0061687,2,7,10029,"['Cat', 'Abcb6']","['Cat', 'Abcb6']",4.74e-05,0.0107,Detoxification of inorganic compound,57,True,True
Process,GO:0006811,8,1203,10029,"['Tfrc', 'Slc1a4', 'I79_007529', 'Slc6a9', 'Abcb6', 'I79_015333', 'Slc48a1', 'Slc40a1']","['Tfrc', 'Slc1a4', 'I79_007529', 'Slc6a9', 'Abcb6', 'I79_015333', 'Slc48a1', 'Slc40a1']",5.31e-05,0.0115,Ion transport,57,True,True
Process,GO:0006812,7,884,10029,"['Tfrc', 'Slc1a4', 'Slc6a9', 'Abcb6', 'I79_015333', 'Slc48a1', 'Slc40a1']","['Tfrc', 'Slc1a4', 'Slc6a9', 'Abcb6', 'I79_015333', 'Slc48a1', 'Slc40a1']",5.82e-05,0.0119,Cation transport,57,True,True
Process,GO:0046579,3,61,10029,"['F2rl2', 'Ngf', 'Col3a1']","['F2rl2', 'Ngf', 'Col3a1']",5.72e-05,0.0119,Positive regulation of Ras protein signal transduction,57,True,True
Process,GO:0071466,4,188,10029,"['Tfrc', 'Fmo4', 'Gstp1', 'I79_022518']","['Tfrc', 'Fmo4', 'Gstp1', 'I79_022518']",7.1e-05,0.0143,Cellular response to xenobiotic stimulus,57,True,True
Process,GO:0032501,18,6725,10029,"['Tfrc', 'Cat', 'Slc1a4', 'F2rl2', 'I79_007529', 'Pir', 'Ngf', 'Fmo4', 'Abcb6', 'I79_015333', 'Ephx1', 'Hmox1', 'Adam8', 'I79_020969', 'G6pd', 'I79_022778', 'Slc40a1', 'Col3a1']","['Tfrc', 'Cat', 'Slc1a4', 'F2rl2', 'I79_007529', 'Pir', 'Ngf', 'Fmo4', 'Abcb6', 'I79_015333', 'Ephx1', 'Hmox1', 'Adam8', 'I79_020969', 'G6pd', 'I79_022778', 'Slc40a1', 'Col3a1']",7.56e-05,0.0147,Multicellular organismal process,57,True,True
Process,GO:0048523,15,4752,10029,"['Osgin1', 'Tfrc', 'Cat', 'I79_007529', 'Slc6a9', 'Ngf', 'Fmo4', 'I79_015333', 'Nqo1', 'Hmox1', 'Adam8', 'G6pd', 'I79_022778', 'Slc40a1', 'Col3a1']","['Osgin1', 'Tfrc', 'Cat', 'I79_007529', 'Slc6a9', 'Ngf', 'Fmo4', 'I79_015333', 'Nqo1', 'Hmox1', 'Adam8', 'G6pd', 'I79_022778', 'Slc40a1', 'Col3a1']",8.03e-05,0.0152,Negative regulation of cellular process,57,True,True
Process,GO:0007568,4,198,10029,"['Tfrc', 'Cat', 'Nqo1', 'I79_022778']","['Tfrc', 'Cat', 'Nqo1', 'I79_022778']",8.65e-05,0.0161,Aging,57,True,True
Process,GO:0043524,4,199,10029,"['Ngf', 'Hmox1', 'Adam8', 'I79_022778']","['Ngf', 'Hmox1', 'Adam8', 'I79_022778']",8.81e-05,0.0161,Negative regulation of neuron apoptotic process,57,True,True
Process,GO:0071248,4,205,10029,"['Abcb6', 'Nqo1', 'Hmox1', 'Slc40a1']","['Abcb6', 'Nqo1', 'Hmox1', 'Slc40a1']",9.86e-05,0.0176,Cellular response to metal ion,57,True,True
Process,GO:0060586,2,11,10029,"['I79_015333', 'Slc40a1']","['I79_015333', 'Slc40a1']",0.0001,0.018,Multicellular organismal iron ion homeostasis,57,True,True
Process,GO:0048878,7,972,10029,"['Tfrc', 'I79_007529', 'Abcb6', 'I79_015333', 'Hmox1', 'I79_022778', 'Slc40a1']","['Tfrc', 'I79_007529', 'Abcb6', 'I79_015333', 'Hmox1', 'I79_022778', 'Slc40a1']",0.00011,0.0182,Chemical homeostasis,57,True,True
Process,GO:0030001,6,666,10029,"['Tfrc', 'Slc6a9', 'Abcb6', 'I79_015333', 'Slc48a1', 'Slc40a1']","['Tfrc', 'Slc6a9', 'Abcb6', 'I79_015333', 'Slc48a1', 'Slc40a1']",0.00011,0.0183,Metal ion transport,57,True,True
Process,GO:0051090,5,416,10029,"['Tfrc', 'Cat', 'Ngf', 'Hmox1', 'Adam8']","['Tfrc', 'Cat', 'Ngf', 'Hmox1', 'Adam8']",0.00012,0.0196,Regulation of DNA-binding transcription factor activity,57,True,True
Process,GO:0019430,2,12,10029,"['Prdx1', 'Nqo1']","['Prdx1', 'Nqo1']",0.00012,0.0199,Removal of superoxide radicals,57,True,True
Process,GO:0072593,3,83,10029,"['Prdx1', 'Cat', 'Nqo1']","['Prdx1', 'Cat', 'Nqo1']",0.00014,0.0218,Reactive oxygen species metabolic process,57,True,True
Process,GO:1902533,7,1019,10029,"['Tfrc', 'Cat', 'F2rl2', 'Ngf', 'Adam8', 'I79_020969', 'Col3a1']","['Tfrc', 'Cat', 'F2rl2', 'Ngf', 'Adam8', 'I79_020969', 'Col3a1']",0.00014,0.022,Positive regulation of intracellular signal transduction,57,True,True
Process,GO:0009719,8,1425,10029,"['Cat', 'Ngf', 'Nqo1', 'Ephx1', 'Hmox1', 'I79_020969', 'I79_022778', 'Col3a1']","['Cat', 'Ngf', 'Nqo1', 'Ephx1', 'Hmox1', 'I79_020969', 'I79_022778', 'Col3a1']",0.00017,0.0257,Response to endogenous stimulus,57,True,True
Process,GO:0010646,12,3331,10029,"['Tfrc', 'Prdx1', 'Cat', 'F2rl2', 'I79_007529', 'Slc6a9', 'Ngf', 'Hmox1', 'Adam8', 'I79_020969', 'I79_022778', 'Col3a1']","['Tfrc', 'Prdx1', 'Cat', 'F2rl2', 'I79_007529', 'Slc6a9', 'Ngf', 'Hmox1', 'Adam8', 'I79_020969', 'I79_022778', 'Col3a1']",0.00019,0.027,Regulation of cell communication,57,True,True
Process,GO:0023051,12,3347,10029,"['Tfrc', 'Prdx1', 'Cat', 'F2rl2', 'I79_007529', 'Slc6a9', 'Ngf', 'Hmox1', 'Adam8', 'I79_020969', 'I79_022778', 'Col3a1']","['Tfrc', 'Prdx1', 'Cat', 'F2rl2', 'I79_007529', 'Slc6a9', 'Ngf', 'Hmox1', 'Adam8', 'I79_020969', 'I79_022778', 'Col3a1']",0.0002,0.0277,Regulation of signaling,57,True,True
Process,GO:0048731,13,3916,10029,"['Tfrc', 'Cat', 'I79_007529', 'Pir', 'Ngf', 'Abcb6', 'Ephx1', 'Hmox1', 'Adam8', 'I79_020969', 'G6pd', 'Slc40a1', 'Col3a1']","['Tfrc', 'Cat', 'I79_007529', 'Pir', 'Ngf', 'Abcb6', 'Ephx1', 'Hmox1', 'Adam8', 'I79_020969', 'G6pd', 'Slc40a1', 'Col3a1']",0.0002,0.0277,System development,57,True,True
Process,GO:0071363,5,472,10029,"['Cat', 'Ngf', 'I79_020969', 'I79_022778', 'Col3a1']","['Cat', 'Ngf', 'I79_020969', 'I79_022778', 'Col3a1']",0.00021,0.0284,Cellular response to growth factor stimulus,57,True,True
Process,GO:1901615,5,473,10029,"['Cat', 'Nqo1', 'Ephx1', 'G6pd', 'Akr1b8']","['Cat', 'Nqo1', 'Ephx1', 'G6pd', 'Akr1b8']",0.00021,0.0284,Organic hydroxy compound metabolic process,57,True,True
Process,GO:0042744,2,17,10029,"['Prdx1', 'Cat']","['Prdx1', 'Cat']",0.00022,0.0298,Hydrogen peroxide catabolic process,57,True,True
Process,GO:0051091,4,257,10029,"['Tfrc', 'Cat', 'Ngf', 'Adam8']","['Tfrc', 'Cat', 'Ngf', 'Adam8']",0.00023,0.0302,Positive regulation of DNA-binding transcription factor activity,57,True,True
Process,GO:0009966,11,2903,10029,"['Tfrc', 'Prdx1', 'Cat', 'F2rl2', 'Slc6a9', 'Ngf', 'Hmox1', 'Adam8', 'I79_020969', 'I79_022778', 'Col3a1']","['Tfrc', 'Prdx1', 'Cat', 'F2rl2', 'Slc6a9', 'Ngf', 'Hmox1', 'Adam8', 'I79_020969', 'I79_022778', 'Col3a1']",0.00025,0.0326,Regulation of signal transduction,57,True,True
Process,GO:0048872,4,263,10029,"['Prdx1', 'Hmox1', 'G6pd', 'Slc40a1']","['Prdx1', 'Hmox1', 'G6pd', 'Slc40a1']",0.00025,0.0326,Homeostasis of number of cells,57,True,True
Process,GO:0034101,3,106,10029,"['Prdx1', 'Hmox1', 'G6pd']","['Prdx1', 'Hmox1', 'G6pd']",0.00028,0.0348,Erythrocyte homeostasis,57,True,True
Process,GO:0009725,6,809,10029,"['Cat', 'Nqo1', 'Ephx1', 'Hmox1', 'I79_022778', 'Col3a1']","['Cat', 'Nqo1', 'Ephx1', 'Hmox1', 'I79_022778', 'Col3a1']",0.00031,0.0374,Response to hormone,57,True,True
Process,GO:0042542,3,114,10029,"['Cat', 'Nqo1', 'Hmox1']","['Cat', 'Nqo1', 'Hmox1']",0.00034,0.0409,Response to hydrogen peroxide,57,True,True
Process,GO:0009628,7,1190,10029,"['Tfrc', 'Cat', 'I79_007529', 'Nqo1', 'Hmox1', 'Adam8', 'Col3a1']","['Tfrc', 'Cat', 'I79_007529', 'Nqo1', 'Hmox1', 'Adam8', 'Col3a1']",0.00036,0.043,Response to abiotic stimulus,57,True,True
Process,GO:0034614,3,117,10029,"['Prdx1', 'Cat', 'Nqo1']","['Prdx1', 'Cat', 'Nqo1']",0.00037,0.043,Cellular response to reactive oxygen species,57,True,True
Process,GO:0001666,4,293,10029,"['Tfrc', 'Cat', 'Hmox1', 'Adam8']","['Tfrc', 'Cat', 'Hmox1', 'Adam8']",0.00038,0.0435,Response to hypoxia,57,True,True
Process,GO:0006805,3,118,10029,"['Fmo4', 'Gstp1', 'I79_022518']","['Fmo4', 'Gstp1', 'I79_022518']",0.00038,0.0435,Xenobiotic metabolic process,57,True,True
Process,GO:0033554,8,1609,10029,"['Prdx1', 'Cat', 'I79_007529', 'Nqo1', 'Srxn1', 'Hmox1', 'Adam8', 'G6pd']","['Prdx1', 'Cat', 'I79_007529', 'Nqo1', 'Srxn1', 'Hmox1', 'Adam8', 'G6pd']",0.00039,0.0445,Cellular response to stress,57,True,True
Process,GO:0043200,3,121,10029,"['Nqo1', 'I79_022778', 'Col3a1']","['Nqo1', 'I79_022778', 'Col3a1']",0.00041,0.0455,Response to amino acid,57,True,True
Process,GO:0015813,2,25,10029,"['Slc1a4', 'I79_007529']","['Slc1a4', 'I79_007529']",0.00046,0.0493,L-glutamate transmembrane transport,57,True,True
Process,GO:0045780,2,25,10029,"['Tfrc', 'Adam8']","['Tfrc', 'Adam8']",0.00046,0.0493,Positive regulation of bone resorption,57,True,True
Process,GO:0071276,2,25,10029,"['Abcb6', 'Hmox1']","['Abcb6', 'Hmox1']",0.00046,0.0493,Cellular response to cadmium ion,57,True,True
Component,GO:0005737,25,11693,10029,"['Osgin1', 'Tfrc', 'Prdx1', 'Cat', 'I79_007529', 'Slc6a9', 'Pir', 'Ngf', 'Fmo4', 'Abcb6', 'I79_015333', 'Nqo1', 'Ephx1', 'Esd', 'Gstp1', 'Srxn1', 'Hmox1', 'Adam8', 'I79_020969', 'G6pd', 'Akr1b8', 'Slc48a1', 'I79_022518', 'I79_022778', 'Slc40a1']","['Osgin1', 'Tfrc', 'Prdx1', 'Cat', 'I79_007529', 'Slc6a9', 'Pir', 'Ngf', 'Fmo4', 'Abcb6', 'I79_015333', 'Nqo1', 'Ephx1', 'Esd', 'Gstp1', 'Srxn1', 'Hmox1', 'Adam8', 'I79_020969', 'G6pd', 'Akr1b8', 'Slc48a1', 'I79_022518', 'I79_022778', 'Slc40a1']",8.76e-06,0.015,Cytoplasm,57,True,True
Component,GO:0005764,6,491,10029,"['Cat', 'Abcb6', 'I79_015333', 'Adam8', 'Akr1b8', 'Slc48a1']","['Cat', 'Abcb6', 'I79_015333', 'Adam8', 'Akr1b8', 'Slc48a1']",2e-05,0.0171,Lysosome,57,True,True
Component,GO:0070820,2,10,10029,"['I79_015333', 'Adam8']","['I79_015333', 'Adam8']",8.67e-05,0.0297,Tertiary granule,57,True,True
Function,GO:0016491,9,858,10029,"['Prdx1', 'Cat', 'Pir', 'Fmo4', 'Nqo1', 'Srxn1', 'Hmox1', 'G6pd', 'Akr1b8']","['Prdx1', 'Cat', 'Pir', 'Fmo4', 'Nqo1', 'Srxn1', 'Hmox1', 'G6pd', 'Akr1b8']",3.87e-07,0.0013,Oxidoreductase activity,57,True,True
Function,GO:0016209,4,74,10029,"['Prdx1', 'Cat', 'Nqo1', 'Srxn1']","['Prdx1', 'Cat', 'Nqo1', 'Srxn1']",2.02e-06,0.0026,Antioxidant activity,57,True,True
Function,GO:0020037,5,167,10029,"['Prdx1', 'Cat', 'Abcb6', 'Hmox1', 'Slc48a1']","['Prdx1', 'Cat', 'Abcb6', 'Hmox1', 'Slc48a1']",1.56e-06,0.0026,Heme binding,57,True,True
Function,GO:0050661,4,108,10029,"['Cat', 'Fmo4', 'G6pd', 'Akr1b8']","['Cat', 'Fmo4', 'G6pd', 'Akr1b8']",8.58e-06,0.0057,NADP binding,57,True,True
Function,GO:0015179,3,63,10029,"['Slc1a4', 'I79_007529', 'Slc6a9']","['Slc1a4', 'I79_007529', 'Slc6a9']",6.27e-05,0.0344,L-amino acid transmembrane transporter activity,57,True,True
Function,GO:0015232,2,9,10029,"['Abcb6', 'Slc48a1']","['Abcb6', 'Slc48a1']",7.23e-05,0.0344,Heme transmembrane transporter activity,57,True,True
Function,GO:0005381,2,11,10029,"['I79_015333', 'Slc40a1']","['I79_015333', 'Slc40a1']",0.0001,0.0422,Iron ion transmembrane transporter activity,57,True,True
TISSUES,BTO:0001489,27,13787,10029,"['Osgin1', 'Tfrc', 'Prdx1', 'Cat', 'Slc1a4', 'I79_007529', 'Slc6a9', 'Pir', 'Ngf', 'Fmo4', 'Abcb6', 'I79_015333', 'Nqo1', 'Ephx1', 'Esd', 'Gstp1', 'Srxn1', 'Hmox1', 'Adam8', 'I79_020969', 'G6pd', 'Akr1b8', 'Slc48a1', 'I79_022518', 'I79_022778', 'Slc40a1', 'Col3a1']","['Osgin1', 'Tfrc', 'Prdx1', 'Cat', 'Slc1a4', 'I79_007529', 'Slc6a9', 'Pir', 'Ngf', 'Fmo4', 'Abcb6', 'I79_015333', 'Nqo1', 'Ephx1', 'Esd', 'Gstp1', 'Srxn1', 'Hmox1', 'Adam8', 'I79_020969', 'G6pd', 'Akr1b8', 'Slc48a1', 'I79_022518', 'I79_022778', 'Slc40a1', 'Col3a1']",4.57e-06,0.0093,Whole body,57,True,True
TISSUES,BTO:0001491,14,4193,10029,"['Prdx1', 'Cat', 'Slc1a4', 'I79_007529', 'Pir', 'Ngf', 'Fmo4', 'Nqo1', 'Hmox1', 'Adam8', 'Akr1b8', 'I79_022518', 'I79_022778', 'Slc40a1']","['Prdx1', 'Cat', 'Slc1a4', 'I79_007529', 'Pir', 'Ngf', 'Fmo4', 'Nqo1', 'Hmox1', 'Adam8', 'Akr1b8', 'I79_022518', 'I79_022778', 'Slc40a1']",8.96e-05,0.0457,Viscus,57,True,True
KEGG,cge00480,3,52,10029,"['Gstp1', 'G6pd', 'I79_022518']","['Gstp1', 'G6pd', 'I79_022518']",3.63e-05,0.0021,Glutathione metabolism,57,True,True
KEGG,cge00980,3,45,10029,"['Ephx1', 'Gstp1', 'I79_022518']","['Ephx1', 'Gstp1', 'I79_022518']",2.4e-05,0.0021,Metabolism of xenobiotics by cytochrome P450,57,True,True
KEGG,cge00982,3,37,10029,"['Fmo4', 'Gstp1', 'I79_022518']","['Fmo4', 'Gstp1', 'I79_022518']",1.38e-05,0.0021,Drug metabolism - cytochrome P450,57,True,True
KEGG,cge01100,8,1132,10029,"['Cat', 'Nqo1', 'Esd', 'Gstp1', 'Hmox1', 'G6pd', 'Akr1b8', 'I79_022518']","['Cat', 'Nqo1', 'Esd', 'Gstp1', 'Hmox1', 'G6pd', 'Akr1b8', 'I79_022518']",3.45e-05,0.0021,Metabolic pathways,57,True,True
KEGG,cge04216,3,34,10029,"['Tfrc', 'Hmox1', 'Slc40a1']","['Tfrc', 'Hmox1', 'Slc40a1']",1.09e-05,0.0021,Ferroptosis,57,True,True
KEGG,cge05204,3,53,10029,"['Ephx1', 'Gstp1', 'I79_022518']","['Ephx1', 'Gstp1', 'I79_022518']",3.83e-05,0.0021,Chemical carcinogenesis,57,True,True
KEGG,cge05225,4,131,10029,"['Nqo1', 'Gstp1', 'Hmox1', 'I79_022518']","['Nqo1', 'Gstp1', 'Hmox1', 'I79_022518']",1.79e-05,0.0021,Hepatocellular carcinoma,57,True,True
KEGG,cge05418,4,100,10029,"['Nqo1', 'Gstp1', 'Hmox1', 'I79_022518']","['Nqo1', 'Gstp1', 'Hmox1', 'I79_022518']",6.39e-06,0.0021,Fluid shear stress and atherosclerosis,57,True,True
KEGG,cge01200,3,104,10029,"['Cat', 'Esd', 'G6pd']","['Cat', 'Esd', 'G6pd']",0.00026,0.0097,Carbon metabolism,57,True,True
KEGG,cge04978,2,39,10029,"['Hmox1', 'Slc40a1']","['Hmox1', 'Slc40a1']",0.0011,0.035,Mineral absorption,57,True,True
KEGG,cge05200,4,391,10029,"['Nqo1', 'Gstp1', 'Hmox1', 'I79_022518']","['Nqo1', 'Gstp1', 'Hmox1', 'I79_022518']",0.0011,0.035,Pathways in cancer,57,True,True
PMID,PMID:32662871,4,22,10029,"['Tfrc', 'Hmox1', 'G6pd', 'I79_022778']","['Tfrc', 'Hmox1', 'G6pd', 'I79_022778']",2.21e-08,0.00061,(2020) Characterization of glutathione proteome in CHO cells and its relationship with productivity and cholesterol synthesis.,57,True,False
PMID,PMID:35011412,4,39,10029,"['Ngf', 'Nqo1', 'Gstp1', 'Hmox1']","['Ngf', 'Nqo1', 'Gstp1', 'Hmox1']",1.8e-07,0.0025,(2021) Nrf2 Regulation by Curcumin: Molecular Aspects for Therapeutic Prospects.,57,True,False
PMID,PMID:36978899,4,56,10029,"['Nqo1', 'Gstp1', 'Srxn1', 'Hmox1']","['Nqo1', 'Gstp1', 'Srxn1', 'Hmox1']",7.02e-07,0.0064,(2023) Aging Hallmarks and the Role of Oxidative Stress.,57,True,False
PMID,PMID:25458917,3,17,10029,"['Prdx1', 'Nqo1', 'Hmox1']","['Prdx1', 'Nqo1', 'Hmox1']",1.62e-06,0.0111,(2015) Dual roles of NRF2 in tumor prevention and progression: possible implications in cancer treatment.,57,True,False
PMID,PMID:32348224,3,25,10029,"['Prdx1', 'Srxn1', 'Hmox1']","['Prdx1', 'Srxn1', 'Hmox1']",4.62e-06,0.0254,(2021) Circadian Rhythm Disruption and Alzheimers Disease: The Dynamics of a Vicious Cycle.,57,True,False
PMID,PMID:23808632,3,27,10029,"['Prdx1', 'Gstp1', 'Hmox1']","['Prdx1', 'Gstp1', 'Hmox1']",5.72e-06,0.0262,(2013) Arsenic binding to proteins.,57,True,False
PMID,PMID:30592088,3,30,10029,"['Nqo1', 'Ephx1', 'Gstp1']","['Nqo1', 'Ephx1', 'Gstp1']",7.67e-06,0.0302,"(2019) The development and prevalidation of an in vitro mutagenicity assay based on MutaMouse primary hepatocytes, Part I: Isolation, structural, genetic, and biochemical characterization.",57,True,False
PMID,PMID:24240088,3,30,10029,"['Nqo1', 'Esd', 'Gstp1']","['Nqo1', 'Esd', 'Gstp1']",7.67e-06,0.0302,(2014) Short-term calorie restriction feminizes the mRNA profiles of drug metabolizing enzymes and transporters in livers of mice.,57,True,False
PMID,PMID:25025076,3,33,10029,"['Nqo1', 'Gstp1', 'Hmox1']","['Nqo1', 'Gstp1', 'Hmox1']",1e-05,0.0306,"(2014) Biomedical properties of a natural dietary plant metabolite, zerumbone, in cancer therapy and chemoprevention trials.",57,True,False
PMID,PMID:31261786,3,35,10029,"['Nqo1', 'Srxn1', 'Hmox1']","['Nqo1', 'Srxn1', 'Hmox1']",1.18e-05,0.0325,(2019) Dietary Anthocyanins and Stroke: A Review of Pharmacokinetic and Pharmacodynamic Studies.,57,True,False
PMID,PMID:34803430,3,39,10029,"['Ngf', 'Nqo1', 'Hmox1']","['Ngf', 'Nqo1', 'Hmox1']",1.6e-05,0.0401,(2021) Role of ginseng in the neurovascular unit of neuroinflammatory diseases focused on the blood-brain barrier.,57,True,False
RCTM,MAP-156590,4,40,10029,"['Esd', 'Gstp1', 'I79_022518', 'I79_022778']","['Esd', 'Gstp1', 'I79_022518', 'I79_022778']",1.98e-07,0.00034,Glutathione conjugation,57,True,True
RCTM,MAP-211859,6,307,10029,"['Fmo4', 'Ephx1', 'Esd', 'Gstp1', 'I79_022518', 'I79_022778']","['Fmo4', 'Ephx1', 'Esd', 'Gstp1', 'I79_022518', 'I79_022778']",1.42e-06,0.0012,Biological oxidations,57,True,True
RCTM,MAP-9711123,5,204,10029,"['Prdx1', 'Cat', 'Gstp1', 'Srxn1', 'Hmox1']","['Prdx1', 'Cat', 'Gstp1', 'Srxn1', 'Hmox1']",4.07e-06,0.0023,Cellular response to chemical stress,57,True,True
RCTM,MAP-156580,4,109,10029,"['Esd', 'Gstp1', 'I79_022518', 'I79_022778']","['Esd', 'Gstp1', 'I79_022518', 'I79_022778']",8.88e-06,0.0035,Phase II - Conjugation of compounds,57,True,True
RCTM,MAP-382551,8,927,10029,"['Tfrc', 'Slc1a4', 'I79_007529', 'Slc6a9', 'Abcb6', 'I79_015333', 'Hmox1', 'Slc40a1']","['Tfrc', 'Slc1a4', 'I79_007529', 'Slc6a9', 'Abcb6', 'I79_015333', 'Hmox1', 'Slc40a1']",8.23e-06,0.0035,Transport of small molecules,57,True,True
RCTM,MAP-9818027,2,3,10029,"['Prdx1', 'Srxn1']","['Prdx1', 'Srxn1']",1.32e-05,0.0038,NFE2L2 regulating anti-oxidant/detoxification enzymes,57,True,True
RCTM,MAP-3299685,3,39,10029,"['Prdx1', 'Cat', 'Gstp1']","['Prdx1', 'Cat', 'Gstp1']",1.6e-05,0.0039,Detoxification of Reactive Oxygen Species,57,True,True
RCTM,MAP-425407,5,322,10029,"['Slc1a4', 'I79_007529', 'Slc6a9', 'I79_015333', 'Slc40a1']","['Slc1a4', 'I79_007529', 'Slc6a9', 'I79_015333', 'Slc40a1']",3.53e-05,0.0075,SLC-mediated transmembrane transport,57,True,True
RCTM,MAP-189483,2,20,10029,"['Hmox1', 'I79_022518']","['Hmox1', 'I79_022518']",0.0003,0.0473,Heme degradation,57,True,True
RCTM,MAP-425366,3,102,10029,"['Slc6a9', 'I79_015333', 'Slc40a1']","['Slc6a9', 'I79_015333', 'Slc40a1']",0.00025,0.0473,"Transport of bile salts and organic acids, metal ions and amine compounds",57,True,True
RCTM,MAP-917937,3,102,10029,"['Tfrc', 'Hmox1', 'Slc40a1']","['Tfrc', 'Hmox1', 'Slc40a1']",0.00025,0.0473,Iron uptake and transport,57,True,True
NetworkNeighborAL,CL:12246,9,166,10029,"['Prdx1', 'Cat', 'Nqo1', 'Ephx1', 'Gstp1', 'Srxn1', 'Hmox1', 'I79_022518', 'I79_022778']","['Prdx1', 'Cat', 'Nqo1', 'Ephx1', 'Gstp1', 'Srxn1', 'Hmox1', 'I79_022518', 'I79_022778']",3.01e-13,1.11e-09,"Mixed, incl. Glutathione metabolism, and Iron-sulfur cluster assembly",57,True,True
NetworkNeighborAL,CL:12248,8,95,10029,"['Prdx1', 'Cat', 'Nqo1', 'Ephx1', 'Gstp1', 'Srxn1', 'I79_022518', 'I79_022778']","['Prdx1', 'Cat', 'Nqo1', 'Ephx1', 'Gstp1', 'Srxn1', 'I79_022518', 'I79_022778']",2.61e-13,1.11e-09,"Mixed, incl. Glutathione metabolism, and Antioxidant activity",57,True,True
NetworkNeighborAL,CL:12251,7,68,10029,"['Prdx1', 'Cat', 'Ephx1', 'Gstp1', 'Srxn1', 'I79_022518', 'I79_022778']","['Prdx1', 'Cat', 'Ephx1', 'Gstp1', 'Srxn1', 'I79_022518', 'I79_022778']",2.52e-12,3.57e-09,"Glutathione metabolism, and Detoxification of Reactive Oxygen Species",57,True,True
NetworkNeighborAL,CL:12327,4,30,10029,"['Prdx1', 'Cat', 'Srxn1', 'I79_022778']","['Prdx1', 'Cat', 'Srxn1', 'I79_022778']",6.82e-08,5.79e-05,"Mixed, incl. Detoxification of Reactive Oxygen Species, and Glutaredoxin subgroup",57,True,True
NetworkNeighborAL,CL:12330,3,18,10029,"['Prdx1', 'Cat', 'Srxn1']","['Prdx1', 'Cat', 'Srxn1']",1.89e-06,0.0013,"Mixed, incl. AhpC/TSA family, and Protein repair",57,True,True
NetworkNeighborAL,CL:12254,3,27,10029,"['Ephx1', 'Gstp1', 'I79_022518']","['Ephx1', 'Gstp1', 'I79_022518']",5.72e-06,0.0035,"Glutathione transferase activity, and Glutathione peroxidase conserved site",57,True,True
NetworkNeighborAL,CL:12351,2,6,10029,"['Prdx1', 'Srxn1']","['Prdx1', 'Srxn1']",3.69e-05,0.0174,"AhpC/TSA family, and Antioxidant",57,True,True
Process,GO:0050818,4,61,10029,"['I79_004757', 'Procr', 'Thbs1', 'I79_011940']","['I79_004757', 'Procr', 'Thbs1', 'I79_011940']",7.12e-07,0.009,Regulation of coagulation,58,True,True
COMPARTMENTS,GOCC:0032154,3,38,10029,"['I79_003588', 'Hvcn1', 'Spn']","['I79_003588', 'Hvcn1', 'Spn']",2.1e-06,0.0041,Cleavage furrow,62,True,True
COMPARTMENTS,GOCC:0005576,7,1287,10029,"['Creg1', 'Aqp1', 'Col1a1', 'I79_014108', 'Ccbe1', 'Spn', 'Spp1']","['Creg1', 'Aqp1', 'Col1a1', 'I79_014108', 'Ccbe1', 'Spn', 'Spp1']",5.9e-06,0.0048,Extracellular region,62,True,True
Process,GO:0071260,4,77,10029,"['Ptgs2', 'Aqp1', 'Col1a1', 'Tlr3']","['Ptgs2', 'Aqp1', 'Col1a1', 'Tlr3']",1.63e-07,0.0021,Cellular response to mechanical stimulus,62,True,True
KEGG,cge05165,4,251,10029,"['Ptgs2', 'Col1a1', 'Tlr3', 'Spp1']","['Ptgs2', 'Col1a1', 'Tlr3', 'Spp1']",1.58e-05,0.0052,Human papillomavirus infection,62,True,True
COMPARTMENTS,GOCC:0005840,24,522,10029,"['I79_000118', 'I79_000460', 'Rplp0', 'Btf3l4', 'I79_002027', 'I79_002093', 'Rpl26', 'I79_004135', 'Rpl30', 'I79_005028', 'I79_005279', 'I79_005588', 'Rpl31', 'I79_010951', 'Rpl17', 'Rpsa', 'Rpl32', 'Rpl7', 'Rbx1', 'Rps25', 'Rpl7a', 'Rpl10', 'I79_021287', 'I79_023563']","['I79_000118', 'I79_000460', 'Rplp0', 'Btf3l4', 'I79_002027', 'I79_002093', 'Rpl26', 'I79_004135', 'Rpl30', 'I79_005028', 'I79_005279', 'I79_005588', 'Rpl31', 'I79_010951', 'Rpl17', 'Rpsa', 'Rpl32', 'Rpl7', 'Rbx1', 'Rps25', 'Rpl7a', 'Rpl10', 'I79_021287', 'I79_023563']",8.99e-27,1.7599999999999997e-23,Ribosome,64,True,True
COMPARTMENTS,GOCC:0022626,22,416,10029,"['I79_000118', 'I79_000460', 'Rplp0', 'I79_002093', 'Rpl26', 'I79_004135', 'Rpl30', 'I79_005028', 'I79_005279', 'I79_005588', 'Rpl31', 'I79_010951', 'Rpl17', 'Rpsa', 'Rpl32', 'Rpl7', 'Rbx1', 'Rps25', 'Rpl7a', 'Rpl10', 'I79_021287', 'I79_023563']","['I79_000118', 'I79_000460', 'Rplp0', 'I79_002093', 'Rpl26', 'I79_004135', 'Rpl30', 'I79_005028', 'I79_005279', 'I79_005588', 'Rpl31', 'I79_010951', 'Rpl17', 'Rpsa', 'Rpl32', 'Rpl7', 'Rbx1', 'Rps25', 'Rpl7a', 'Rpl10', 'I79_021287', 'I79_023563']",1.12e-25,1.1e-22,Cytosolic ribosome,64,True,True
COMPARTMENTS,GOCC:1990904,24,919,10029,"['I79_000118', 'I79_000460', 'Rplp0', 'Btf3l4', 'I79_002093', 'Rpl26', 'Rpl30', 'I79_005028', 'I79_005279', 'I79_005588', 'Rpl31', 'I79_010951', 'Eif1', 'Rpl17', 'Rpsa', 'Rpl32', 'Rpl7', 'Rbx1', 'Rps25', 'Rpl7a', 'Rpl10', 'I79_021287', 'I79_022545', 'I79_023563']","['I79_000118', 'I79_000460', 'Rplp0', 'Btf3l4', 'I79_002093', 'Rpl26', 'Rpl30', 'I79_005028', 'I79_005279', 'I79_005588', 'Rpl31', 'I79_010951', 'Eif1', 'Rpl17', 'Rpsa', 'Rpl32', 'Rpl7', 'Rbx1', 'Rps25', 'Rpl7a', 'Rpl10', 'I79_021287', 'I79_022545', 'I79_023563']",3.6800000000000004e-21,2.41e-18,Ribonucleoprotein complex,64,True,True
COMPARTMENTS,GOCC:0044391,17,395,10029,"['I79_000118', 'I79_000460', 'I79_002093', 'Rpl26', 'I79_005279', 'I79_005588', 'Rpl31', 'I79_010951', 'Rpl17', 'Rpsa', 'Rpl32', 'Rpl7', 'Rbx1', 'Rps25', 'Rpl10', 'I79_021287', 'I79_023563']","['I79_000118', 'I79_000460', 'I79_002093', 'Rpl26', 'I79_005279', 'I79_005588', 'Rpl31', 'I79_010951', 'Rpl17', 'Rpsa', 'Rpl32', 'Rpl7', 'Rbx1', 'Rps25', 'Rpl10', 'I79_021287', 'I79_023563']",2.92e-18,1.43e-15,Ribosomal subunit,64,True,True
COMPARTMENTS,GOCC:0005829,26,1754,10029,"['I79_000118', 'I79_000460', 'I79_000461', 'Rplp0', 'Rac1', 'I79_002093', 'Rpl26', 'Prdx1', 'I79_004135', 'Rpl30', 'I79_005028', 'I79_005279', 'I79_005588', 'Rpl31', 'I79_010951', 'Rpl17', 'Rpsa', 'Rpl32', 'Rpl7', 'Rbx1', 'Rps25', 'Rpl7a', 'Rpl10', 'I79_021287', 'Eef1a1', 'I79_023563']","['I79_000118', 'I79_000460', 'I79_000461', 'Rplp0', 'Rac1', 'I79_002093', 'Rpl26', 'Prdx1', 'I79_004135', 'Rpl30', 'I79_005028', 'I79_005279', 'I79_005588', 'Rpl31', 'I79_010951', 'Rpl17', 'Rpsa', 'Rpl32', 'Rpl7', 'Rbx1', 'Rps25', 'Rpl7a', 'Rpl10', 'I79_021287', 'Eef1a1', 'I79_023563']",4.19e-17,1.64e-14,Cytosol,64,True,True
COMPARTMENTS,GOCC:0005844,13,192,10029,"['Btf3l4', 'Rpl30', 'I79_005028', 'I79_005588', 'Rpl31', 'I79_010951', 'Rpl17', 'Rpl32', 'Rpl7', 'Rps25', 'Rpl7a', 'I79_021287', 'I79_023563']","['Btf3l4', 'Rpl30', 'I79_005028', 'I79_005588', 'Rpl31', 'I79_010951', 'Rpl17', 'Rpl32', 'Rpl7', 'Rps25', 'Rpl7a', 'I79_021287', 'I79_023563']",1.83e-16,5.99e-14,Polysome,64,True,True
COMPARTMENTS,GOCC:0043232,32,3329,10029,"['I79_000118', 'I79_000460', 'I79_000461', 'Rplp0', 'Rac1', 'Btf3l4', 'I79_002027', 'I79_002093', 'Rpl26', 'Prdx1', 'I79_004135', 'Rpl30', 'I79_005028', 'I79_005279', 'I79_005588', 'Tpm3', 'Rpl31', 'I79_010951', 'Rpl17', 'CgPICR_014552', 'Rpsa', 'Rpl32', 'Rpl7', 'Rbx1', 'Rps25', 'Rpl7a', 'Rpl10', 'I79_021287', 'I79_022545', 'Eef1a1', 'Actr2', 'I79_023563']","['I79_000118', 'I79_000460', 'I79_000461', 'Rplp0', 'Rac1', 'Btf3l4', 'I79_002027', 'I79_002093', 'Rpl26', 'Prdx1', 'I79_004135', 'Rpl30', 'I79_005028', 'I79_005279', 'I79_005588', 'Tpm3', 'Rpl31', 'I79_010951', 'Rpl17', 'CgPICR_014552', 'Rpsa', 'Rpl32', 'Rpl7', 'Rbx1', 'Rps25', 'Rpl7a', 'Rpl10', 'I79_021287', 'I79_022545', 'Eef1a1', 'Actr2', 'I79_023563']",2.58e-16,7.23e-14,Intracellular non-membrane-bounded organelle,64,True,True
COMPARTMENTS,GOCC:0022625,12,183,10029,"['I79_000118', 'I79_000460', 'I79_002093', 'Rpl26', 'I79_005279', 'I79_005588', 'Rpl31', 'Rpl17', 'Rpl32', 'Rpl7', 'Rpl10', 'I79_021287']","['I79_000118', 'I79_000460', 'I79_002093', 'Rpl26', 'I79_005279', 'I79_005588', 'Rpl31', 'Rpl17', 'Rpl32', 'Rpl7', 'Rpl10', 'I79_021287']",4.33e-15,9.44e-13,Cytosolic large ribosomal subunit,64,True,True
COMPARTMENTS,GOCC:0005737,39,7387,10029,"['I79_000118', 'I79_000460', 'I79_000461', 'I79_000986', 'Rplp0', 'Rac1', 'Btf3l4', 'I79_002093', 'Rpl26', 'Prdx1', 'I79_003341', 'I79_004135', 'Rpl30', 'I79_005028', 'I79_005279', 'I79_005588', 'Tpm3', 'Sec61g', 'Rpl31', 'I79_010951', 'Eif1', 'Rpl17', 'CgPICR_014552', 'Rpsa', 'I79_013748', 'Rpl32', 'Rpl7', 'Eef1g', 'Ubc', 'Rexo2', 'Rbx1', 'Rps25', 'Rpl7a', 'Rpl10', 'I79_021287', 'H671_3g10394', 'Eef1a1', 'Actr2', 'I79_023563']","['I79_000118', 'I79_000460', 'I79_000461', 'I79_000986', 'Rplp0', 'Rac1', 'Btf3l4', 'I79_002093', 'Rpl26', 'Prdx1', 'I79_003341', 'I79_004135', 'Rpl30', 'I79_005028', 'I79_005279', 'I79_005588', 'Tpm3', 'Sec61g', 'Rpl31', 'I79_010951', 'Eif1', 'Rpl17', 'CgPICR_014552', 'Rpsa', 'I79_013748', 'Rpl32', 'Rpl7', 'Eef1g', 'Ubc', 'Rexo2', 'Rbx1', 'Rps25', 'Rpl7a', 'Rpl10', 'I79_021287', 'H671_3g10394', 'Eef1a1', 'Actr2', 'I79_023563']",3.26e-12,5.82e-10,Cytoplasm,64,True,True
COMPARTMENTS,GOCC:0005622,48,12999,10029,"['I79_000118', 'I79_000460', 'I79_000461', 'I79_000986', 'Rplp0', 'Rac1', 'Btf3l4', 'I79_002027', 'I79_002093', 'Rpl26', 'Prdx1', 'I79_003341', 'I79_004135', 'Rpl30', 'I79_005028', 'I79_005279', 'I79_005382', 'I79_005588', 'I79_007492', 'Tpm3', 'Sec61g', 'Rpl31', 'I79_010951', 'Nutf2', 'Eif1', 'I79_011986', 'Rpl17', 'CgPICR_014552', 'Rpsa', 'I79_013748', 'I79_013985', 'Pcbp2', 'Rpl32', 'Rpl7', 'Eef1g', 'Ubc', 'Rexo2', 'Rbx1', 'Rps25', 'Rpl7a', 'Rpl10', 'I79_021287', 'H671_3g10394', 'I79_022545', 'Eef1a1', 'Actr2', 'I79_023563', 'Arpp19']","['I79_000118', 'I79_000460', 'I79_000461', 'I79_000986', 'Rplp0', 'Rac1', 'Btf3l4', 'I79_002027', 'I79_002093', 'Rpl26', 'Prdx1', 'I79_003341', 'I79_004135', 'Rpl30', 'I79_005028', 'I79_005279', 'I79_005382', 'I79_005588', 'I79_007492', 'Tpm3', 'Sec61g', 'Rpl31', 'I79_010951', 'Nutf2', 'Eif1', 'I79_011986', 'Rpl17', 'CgPICR_014552', 'Rpsa', 'I79_013748', 'I79_013985', 'Pcbp2', 'Rpl32', 'Rpl7', 'Eef1g', 'Ubc', 'Rexo2', 'Rbx1', 'Rps25', 'Rpl7a', 'Rpl10', 'I79_021287', 'H671_3g10394', 'I79_022545', 'Eef1a1', 'Actr2', 'I79_023563', 'Arpp19']",5.05e-12,8.25e-10,Intracellular,64,True,True
COMPARTMENTS,GOCC:0043229,43,9624,10029,"['I79_000118', 'I79_000460', 'I79_000461', 'I79_000986', 'Rplp0', 'Rac1', 'Btf3l4', 'I79_002027', 'I79_002093', 'Rpl26', 'Prdx1', 'I79_003341', 'I79_004135', 'Rpl30', 'I79_005028', 'I79_005279', 'I79_005588', 'I79_007492', 'Tpm3', 'Sec61g', 'Rpl31', 'I79_010951', 'Nutf2', 'I79_011986', 'Rpl17', 'CgPICR_014552', 'Rpsa', 'I79_013748', 'I79_013985', 'Rpl32', 'Rpl7', 'Ubc', 'Rexo2', 'Rbx1', 'Rps25', 'Rpl7a', 'Rpl10', 'I79_021287', 'H671_3g10394', 'I79_022545', 'Eef1a1', 'Actr2', 'I79_023563']","['I79_000118', 'I79_000460', 'I79_000461', 'I79_000986', 'Rplp0', 'Rac1', 'Btf3l4', 'I79_002027', 'I79_002093', 'Rpl26', 'Prdx1', 'I79_003341', 'I79_004135', 'Rpl30', 'I79_005028', 'I79_005279', 'I79_005588', 'I79_007492', 'Tpm3', 'Sec61g', 'Rpl31', 'I79_010951', 'Nutf2', 'I79_011986', 'Rpl17', 'CgPICR_014552', 'Rpsa', 'I79_013748', 'I79_013985', 'Rpl32', 'Rpl7', 'Ubc', 'Rexo2', 'Rbx1', 'Rps25', 'Rpl7a', 'Rpl10', 'I79_021287', 'H671_3g10394', 'I79_022545', 'Eef1a1', 'Actr2', 'I79_023563']",7.88e-12,1.19e-09,Intracellular organelle,64,True,True
COMPARTMENTS,GOCC:0042788,9,141,10029,"['Btf3l4', 'Rpl30', 'I79_005028', 'I79_005588', 'Rpl31', 'I79_010951', 'Rpl32', 'Rpl7a', 'I79_023563']","['Btf3l4', 'Rpl30', 'I79_005028', 'I79_005588', 'Rpl31', 'I79_010951', 'Rpl32', 'Rpl7a', 'I79_023563']",1.95e-11,2.73e-09,Polysomal ribosome,64,True,True
COMPARTMENTS,GOCC:0032991,32,5639,10029,"['I79_000118', 'I79_000460', 'I79_000461', 'Rplp0', 'Btf3l4', 'I79_002027', 'I79_002093', 'Rpl26', 'I79_003341', 'Rpl30', 'I79_005028', 'I79_005246', 'I79_005279', 'I79_005588', 'Sec61g', 'Rpl31', 'I79_010951', 'Nutf2', 'Eif1', 'Rpl17', 'Rpsa', 'I79_013985', 'Rpl32', 'Rpl7', 'Rbx1', 'Rps25', 'Rpl7a', 'Rpl10', 'I79_021287', 'I79_022545', 'Actr2', 'I79_023563']","['I79_000118', 'I79_000460', 'I79_000461', 'Rplp0', 'Btf3l4', 'I79_002027', 'I79_002093', 'Rpl26', 'I79_003341', 'Rpl30', 'I79_005028', 'I79_005246', 'I79_005279', 'I79_005588', 'Sec61g', 'Rpl31', 'I79_010951', 'Nutf2', 'Eif1', 'Rpl17', 'Rpsa', 'I79_013985', 'Rpl32', 'Rpl7', 'Rbx1', 'Rps25', 'Rpl7a', 'Rpl10', 'I79_021287', 'I79_022545', 'Actr2', 'I79_023563']",7.32e-10,8.97e-08,Protein-containing complex,64,True,True
COMPARTMENTS,GOCC:0022627,5,135,10029,"['I79_010951', 'Rpsa', 'Rbx1', 'Rps25', 'I79_023563']","['I79_010951', 'Rpsa', 'Rbx1', 'Rps25', 'I79_023563']",9.9e-06,0.0011,Cytosolic small ribosomal subunit,64,True,True
COMPARTMENTS,GOCC:0110165,46,16461,10029,"['I79_000118', 'I79_000460', 'I79_000461', 'I79_000986', 'Rplp0', 'Rac1', 'Btf3l4', 'I79_002027', 'I79_002093', 'Rpl26', 'Prdx1', 'I79_003341', 'I79_004135', 'Rpl30', 'I79_005028', 'I79_005246', 'I79_005279', 'I79_005588', 'I79_007492', 'Tpm3', 'Sec61g', 'Rpl31', 'I79_010951', 'Nutf2', 'Eif1', 'I79_011986', 'Rpl17', 'CgPICR_014552', 'Rpsa', 'I79_013748', 'I79_013985', 'Rpl32', 'Rpl7', 'Eef1g', 'Ubc', 'Rexo2', 'Rbx1', 'Rps25', 'Rpl7a', 'Rpl10', 'I79_021287', 'H671_3g10394', 'I79_022545', 'Eef1a1', 'Actr2', 'I79_023563']","['I79_000118', 'I79_000460', 'I79_000461', 'I79_000986', 'Rplp0', 'Rac1', 'Btf3l4', 'I79_002027', 'I79_002093', 'Rpl26', 'Prdx1', 'I79_003341', 'I79_004135', 'Rpl30', 'I79_005028', 'I79_005246', 'I79_005279', 'I79_005588', 'I79_007492', 'Tpm3', 'Sec61g', 'Rpl31', 'I79_010951', 'Nutf2', 'Eif1', 'I79_011986', 'Rpl17', 'CgPICR_014552', 'Rpsa', 'I79_013748', 'I79_013985', 'Rpl32', 'Rpl7', 'Eef1g', 'Ubc', 'Rexo2', 'Rbx1', 'Rps25', 'Rpl7a', 'Rpl10', 'I79_021287', 'H671_3g10394', 'I79_022545', 'Eef1a1', 'Actr2', 'I79_023563']",2.42e-05,0.0026,Cellular anatomical entity,64,True,True
Process,GO:0006412,24,700,10029,"['I79_000118', 'I79_000460', 'Rplp0', 'I79_002027', 'I79_002093', 'Rpl26', 'I79_004135', 'Rpl30', 'I79_005028', 'I79_005279', 'I79_005382', 'I79_005588', 'Rpl31', 'I79_010951', 'Eif1', 'Rpl17', 'Rpsa', 'Rpl32', 'Eef1g', 'Rbx1', 'Rpl10', 'I79_021287', 'Eef1a1', 'I79_023563']","['I79_000118', 'I79_000460', 'Rplp0', 'I79_002027', 'I79_002093', 'Rpl26', 'I79_004135', 'Rpl30', 'I79_005028', 'I79_005279', 'I79_005382', 'I79_005588', 'Rpl31', 'I79_010951', 'Eif1', 'Rpl17', 'Rpsa', 'Rpl32', 'Eef1g', 'Rbx1', 'Rpl10', 'I79_021287', 'Eef1a1', 'I79_023563']",7.429999999999999e-24,9.4e-20,Translation,64,True,True
Process,GO:0044271,26,1662,10029,"['I79_000118', 'I79_000460', 'Rplp0', 'I79_002027', 'I79_002093', 'Rpl26', 'I79_003341', 'I79_004135', 'Rpl30', 'I79_005028', 'I79_005279', 'I79_005382', 'I79_005588', 'Rpl31', 'I79_010951', 'Eif1', 'Rpl17', 'Rpsa', 'I79_013985', 'Rpl32', 'Eef1g', 'Rbx1', 'Rpl10', 'I79_021287', 'Eef1a1', 'I79_023563']","['I79_000118', 'I79_000460', 'Rplp0', 'I79_002027', 'I79_002093', 'Rpl26', 'I79_003341', 'I79_004135', 'Rpl30', 'I79_005028', 'I79_005279', 'I79_005382', 'I79_005588', 'Rpl31', 'I79_010951', 'Eif1', 'Rpl17', 'Rpsa', 'I79_013985', 'Rpl32', 'Eef1g', 'Rbx1', 'Rpl10', 'I79_021287', 'Eef1a1', 'I79_023563']",1.14e-17,2.07e-14,Cellular nitrogen compound biosynthetic process,64,True,True
Process,GO:0010467,29,2399,10029,"['I79_000118', 'I79_000460', 'Rplp0', 'I79_002027', 'I79_002093', 'Rpl26', 'I79_004135', 'Rpl30', 'I79_005028', 'I79_005279', 'I79_005382', 'I79_005588', 'Rpl31', 'I79_010951', 'Eif1', 'Rpl17', 'Rpsa', 'I79_013985', 'Rpl32', 'Rpl7', 'Eef1g', 'Rbx1', 'Rps25', 'Rpl7a', 'Rpl10', 'I79_021287', 'I79_022545', 'Eef1a1', 'I79_023563']","['I79_000118', 'I79_000460', 'Rplp0', 'I79_002027', 'I79_002093', 'Rpl26', 'I79_004135', 'Rpl30', 'I79_005028', 'I79_005279', 'I79_005382', 'I79_005588', 'Rpl31', 'I79_010951', 'Eif1', 'Rpl17', 'Rpsa', 'I79_013985', 'Rpl32', 'Rpl7', 'Eef1g', 'Rbx1', 'Rps25', 'Rpl7a', 'Rpl10', 'I79_021287', 'I79_022545', 'Eef1a1', 'I79_023563']",4.86e-17,7.68e-14,Gene expression,64,True,True
Process,GO:1901566,25,1579,10029,"['I79_000118', 'I79_000460', 'Rplp0', 'I79_002027', 'I79_002093', 'Rpl26', 'I79_003341', 'I79_004135', 'Rpl30', 'I79_005028', 'I79_005279', 'I79_005382', 'I79_005588', 'Rpl31', 'I79_010951', 'Eif1', 'Rpl17', 'Rpsa', 'Rpl32', 'Eef1g', 'Rbx1', 'Rpl10', 'I79_021287', 'Eef1a1', 'I79_023563']","['I79_000118', 'I79_000460', 'Rplp0', 'I79_002027', 'I79_002093', 'Rpl26', 'I79_003341', 'I79_004135', 'Rpl30', 'I79_005028', 'I79_005279', 'I79_005382', 'I79_005588', 'Rpl31', 'I79_010951', 'Eif1', 'Rpl17', 'Rpsa', 'Rpl32', 'Eef1g', 'Rbx1', 'Rpl10', 'I79_021287', 'Eef1a1', 'I79_023563']",5.02e-17,7.68e-14,Organonitrogen compound biosynthetic process,64,True,True
Process,GO:0009059,25,1615,10029,"['I79_000118', 'I79_000460', 'Rplp0', 'I79_002027', 'I79_002093', 'Rpl26', 'I79_004135', 'Rpl30', 'I79_005028', 'I79_005279', 'I79_005382', 'I79_005588', 'Rpl31', 'I79_010951', 'Eif1', 'Rpl17', 'Rpsa', 'I79_013985', 'Rpl32', 'Eef1g', 'Rbx1', 'Rpl10', 'I79_021287', 'Eef1a1', 'I79_023563']","['I79_000118', 'I79_000460', 'Rplp0', 'I79_002027', 'I79_002093', 'Rpl26', 'I79_004135', 'Rpl30', 'I79_005028', 'I79_005279', 'I79_005382', 'I79_005588', 'Rpl31', 'I79_010951', 'Eif1', 'Rpl17', 'Rpsa', 'I79_013985', 'Rpl32', 'Eef1g', 'Rbx1', 'Rpl10', 'I79_021287', 'Eef1a1', 'I79_023563']",8.46e-17,1.07e-13,Macromolecule biosynthetic process,64,True,True
Process,GO:0034641,33,3820,10029,"['I79_000118', 'I79_000460', 'I79_000461', 'I79_000986', 'Rplp0', 'I79_002027', 'I79_002093', 'Rpl26', 'I79_003341', 'I79_004135', 'Rpl30', 'I79_005028', 'I79_005279', 'I79_005382', 'I79_005588', 'Rpl31', 'I79_010951', 'Eif1', 'Rpl17', 'Rpsa', 'I79_013985', 'Rpl32', 'Rpl7', 'Eef1g', 'Rexo2', 'Rbx1', 'Rps25', 'Rpl7a', 'Rpl10', 'I79_021287', 'I79_022545', 'Eef1a1', 'I79_023563']","['I79_000118', 'I79_000460', 'I79_000461', 'I79_000986', 'Rplp0', 'I79_002027', 'I79_002093', 'Rpl26', 'I79_003341', 'I79_004135', 'Rpl30', 'I79_005028', 'I79_005279', 'I79_005382', 'I79_005588', 'Rpl31', 'I79_010951', 'Eif1', 'Rpl17', 'Rpsa', 'I79_013985', 'Rpl32', 'Rpl7', 'Eef1g', 'Rexo2', 'Rbx1', 'Rps25', 'Rpl7a', 'Rpl10', 'I79_021287', 'I79_022545', 'Eef1a1', 'I79_023563']",1.36e-15,1.57e-12,Cellular nitrogen compound metabolic process,64,True,True
Process,GO:0044260,28,2825,10029,"['I79_000118', 'I79_000460', 'I79_000986', 'Rplp0', 'I79_002027', 'I79_002093', 'Rpl26', 'I79_004135', 'Rpl30', 'I79_005028', 'I79_005279', 'I79_005382', 'I79_005588', 'Rpl31', 'I79_010951', 'Eif1', 'Rpl17', 'Rpsa', 'Pcbp2', 'Rpl32', 'Eef1g', 'Ubc', 'Rexo2', 'Rbx1', 'Rpl10', 'I79_021287', 'Eef1a1', 'I79_023563']","['I79_000118', 'I79_000460', 'I79_000986', 'Rplp0', 'I79_002027', 'I79_002093', 'Rpl26', 'I79_004135', 'Rpl30', 'I79_005028', 'I79_005279', 'I79_005382', 'I79_005588', 'Rpl31', 'I79_010951', 'Eif1', 'Rpl17', 'Rpsa', 'Pcbp2', 'Rpl32', 'Eef1g', 'Ubc', 'Rexo2', 'Rbx1', 'Rpl10', 'I79_021287', 'Eef1a1', 'I79_023563']",3.79e-14,3.99e-11,Cellular macromolecule metabolic process,64,True,True
Process,GO:1901576,26,2581,10029,"['I79_000118', 'I79_000460', 'Rplp0', 'I79_002027', 'I79_002093', 'Rpl26', 'I79_003341', 'I79_004135', 'Rpl30', 'I79_005028', 'I79_005279', 'I79_005382', 'I79_005588', 'Rpl31', 'I79_010951', 'Eif1', 'Rpl17', 'Rpsa', 'I79_013985', 'Rpl32', 'Eef1g', 'Rbx1', 'Rpl10', 'I79_021287', 'Eef1a1', 'I79_023563']","['I79_000118', 'I79_000460', 'Rplp0', 'I79_002027', 'I79_002093', 'Rpl26', 'I79_003341', 'I79_004135', 'Rpl30', 'I79_005028', 'I79_005279', 'I79_005382', 'I79_005588', 'Rpl31', 'I79_010951', 'Eif1', 'Rpl17', 'Rpsa', 'I79_013985', 'Rpl32', 'Eef1g', 'Rbx1', 'Rpl10', 'I79_021287', 'Eef1a1', 'I79_023563']",3.91e-13,3.54e-10,Organic substance biosynthetic process,64,True,True
Process,GO:0044237,37,7040,10029,"['I79_000118', 'I79_000460', 'I79_000461', 'I79_000986', 'Rplp0', 'I79_002027', 'I79_002093', 'Rpl26', 'Prdx1', 'I79_003341', 'I79_004135', 'Rpl30', 'I79_005028', 'I79_005279', 'I79_005382', 'I79_005588', 'Rpl31', 'I79_010951', 'Eif1', 'Rpl17', 'Rpsa', 'I79_013748', 'I79_013985', 'Pcbp2', 'Rpl32', 'Rpl7', 'Eef1g', 'Ubc', 'Rexo2', 'Rbx1', 'Rps25', 'Rpl7a', 'Rpl10', 'I79_021287', 'I79_022545', 'Eef1a1', 'I79_023563']","['I79_000118', 'I79_000460', 'I79_000461', 'I79_000986', 'Rplp0', 'I79_002027', 'I79_002093', 'Rpl26', 'Prdx1', 'I79_003341', 'I79_004135', 'Rpl30', 'I79_005028', 'I79_005279', 'I79_005382', 'I79_005588', 'Rpl31', 'I79_010951', 'Eif1', 'Rpl17', 'Rpsa', 'I79_013748', 'I79_013985', 'Pcbp2', 'Rpl32', 'Rpl7', 'Eef1g', 'Ubc', 'Rexo2', 'Rbx1', 'Rps25', 'Rpl7a', 'Rpl10', 'I79_021287', 'I79_022545', 'Eef1a1', 'I79_023563']",4.02e-11,3.18e-08,Cellular metabolic process,64,True,True
Process,GO:0043170,35,6322,10029,"['I79_000118', 'I79_000460', 'I79_000461', 'I79_000986', 'Rplp0', 'I79_002027', 'I79_002093', 'Rpl26', 'I79_004135', 'Rpl30', 'I79_005028', 'I79_005246', 'I79_005279', 'I79_005382', 'I79_005588', 'Rpl31', 'I79_010951', 'Eif1', 'Rpl17', 'Rpsa', 'I79_013985', 'Pcbp2', 'Rpl32', 'Rpl7', 'Eef1g', 'Ubc', 'Rexo2', 'Rbx1', 'Rps25', 'Rpl7a', 'Rpl10', 'I79_021287', 'I79_022545', 'Eef1a1', 'I79_023563']","['I79_000118', 'I79_000460', 'I79_000461', 'I79_000986', 'Rplp0', 'I79_002027', 'I79_002093', 'Rpl26', 'I79_004135', 'Rpl30', 'I79_005028', 'I79_005246', 'I79_005279', 'I79_005382', 'I79_005588', 'Rpl31', 'I79_010951', 'Eif1', 'Rpl17', 'Rpsa', 'I79_013985', 'Pcbp2', 'Rpl32', 'Rpl7', 'Eef1g', 'Ubc', 'Rexo2', 'Rbx1', 'Rps25', 'Rpl7a', 'Rpl10', 'I79_021287', 'I79_022545', 'Eef1a1', 'I79_023563']",7.07e-11,5.26e-08,Macromolecule metabolic process,64,True,True
Process,GO:0006807,36,7145,10029,"['I79_000118', 'I79_000460', 'I79_000461', 'I79_000986', 'Rplp0', 'I79_002027', 'I79_002093', 'Rpl26', 'I79_003341', 'I79_004135', 'Rpl30', 'I79_005028', 'I79_005246', 'I79_005279', 'I79_005382', 'I79_005588', 'Rpl31', 'I79_010951', 'Eif1', 'Rpl17', 'Rpsa', 'I79_013985', 'Pcbp2', 'Rpl32', 'Rpl7', 'Eef1g', 'Ubc', 'Rexo2', 'Rbx1', 'Rps25', 'Rpl7a', 'Rpl10', 'I79_021287', 'I79_022545', 'Eef1a1', 'I79_023563']","['I79_000118', 'I79_000460', 'I79_000461', 'I79_000986', 'Rplp0', 'I79_002027', 'I79_002093', 'Rpl26', 'I79_003341', 'I79_004135', 'Rpl30', 'I79_005028', 'I79_005246', 'I79_005279', 'I79_005382', 'I79_005588', 'Rpl31', 'I79_010951', 'Eif1', 'Rpl17', 'Rpsa', 'I79_013985', 'Pcbp2', 'Rpl32', 'Rpl7', 'Eef1g', 'Ubc', 'Rexo2', 'Rbx1', 'Rps25', 'Rpl7a', 'Rpl10', 'I79_021287', 'I79_022545', 'Eef1a1', 'I79_023563']",4.36e-10,3.07e-07,Nitrogen compound metabolic process,64,True,True
Process,GO:0019538,28,4367,10029,"['I79_000118', 'I79_000460', 'I79_000461', 'Rplp0', 'I79_002027', 'I79_002093', 'Rpl26', 'I79_004135', 'Rpl30', 'I79_005028', 'I79_005246', 'I79_005279', 'I79_005382', 'I79_005588', 'Rpl31', 'I79_010951', 'Eif1', 'Rpl17', 'Rpsa', 'Pcbp2', 'Rpl32', 'Eef1g', 'Ubc', 'Rbx1', 'Rpl10', 'I79_021287', 'Eef1a1', 'I79_023563']","['I79_000118', 'I79_000460', 'I79_000461', 'Rplp0', 'I79_002027', 'I79_002093', 'Rpl26', 'I79_004135', 'Rpl30', 'I79_005028', 'I79_005246', 'I79_005279', 'I79_005382', 'I79_005588', 'Rpl31', 'I79_010951', 'Eif1', 'Rpl17', 'Rpsa', 'Pcbp2', 'Rpl32', 'Eef1g', 'Ubc', 'Rbx1', 'Rpl10', 'I79_021287', 'Eef1a1', 'I79_023563']",1.55e-09,1.03e-06,Protein metabolic process,64,True,True
Process,GO:0042254,11,459,10029,"['I79_000118', 'Rplp0', 'Rpl26', 'I79_005279', 'I79_005382', 'Rpsa', 'Rpl7', 'Rps25', 'Rpl7a', 'Rpl10', 'I79_021287']","['I79_000118', 'Rplp0', 'Rpl26', 'I79_005279', 'I79_005382', 'Rpsa', 'Rpl7', 'Rps25', 'Rpl7a', 'Rpl10', 'I79_021287']",2.23e-09,1.35e-06,Ribosome biogenesis,64,True,True
Process,GO:0042255,8,164,10029,"['I79_000118', 'Rplp0', 'I79_005279', 'I79_005382', 'Rpsa', 'Rps25', 'Rpl10', 'I79_021287']","['I79_000118', 'Rplp0', 'I79_005279', 'I79_005382', 'Rpsa', 'Rps25', 'Rpl10', 'I79_021287']",2.13e-09,1.35e-06,Ribosome assembly,64,True,True
Process,GO:0002181,8,170,10029,"['I79_000460', 'Rplp0', 'Rpl26', 'Rpl30', 'Rpl31', 'I79_010951', 'Rpl17', 'Rpsa']","['I79_000460', 'Rplp0', 'Rpl26', 'Rpl30', 'Rpl31', 'I79_010951', 'Rpl17', 'Rpsa']",2.79e-09,1.6e-06,Cytoplasmic translation,64,True,True
Process,GO:0008152,38,8581,10029,"['I79_000118', 'I79_000460', 'I79_000461', 'I79_000986', 'Rplp0', 'I79_002027', 'I79_002093', 'Rpl26', 'Prdx1', 'I79_003341', 'I79_004135', 'Rpl30', 'I79_005028', 'I79_005246', 'I79_005279', 'I79_005382', 'I79_005588', 'Rpl31', 'I79_010951', 'Eif1', 'Rpl17', 'Rpsa', 'I79_013748', 'I79_013985', 'Pcbp2', 'Rpl32', 'Rpl7', 'Eef1g', 'Ubc', 'Rexo2', 'Rbx1', 'Rps25', 'Rpl7a', 'Rpl10', 'I79_021287', 'I79_022545', 'Eef1a1', 'I79_023563']","['I79_000118', 'I79_000460', 'I79_000461', 'I79_000986', 'Rplp0', 'I79_002027', 'I79_002093', 'Rpl26', 'Prdx1', 'I79_003341', 'I79_004135', 'Rpl30', 'I79_005028', 'I79_005246', 'I79_005279', 'I79_005382', 'I79_005588', 'Rpl31', 'I79_010951', 'Eif1', 'Rpl17', 'Rpsa', 'I79_013748', 'I79_013985', 'Pcbp2', 'Rpl32', 'Rpl7', 'Eef1g', 'Ubc', 'Rexo2', 'Rbx1', 'Rps25', 'Rpl7a', 'Rpl10', 'I79_021287', 'I79_022545', 'Eef1a1', 'I79_023563']",3.47e-09,1.91e-06,Metabolic process,64,True,True
Process,GO:0044238,36,7736,10029,"['I79_000118', 'I79_000460', 'I79_000461', 'I79_000986', 'Rplp0', 'I79_002027', 'I79_002093', 'Rpl26', 'I79_003341', 'I79_004135', 'Rpl30', 'I79_005028', 'I79_005246', 'I79_005279', 'I79_005382', 'I79_005588', 'Rpl31', 'I79_010951', 'Eif1', 'Rpl17', 'Rpsa', 'I79_013985', 'Pcbp2', 'Rpl32', 'Rpl7', 'Eef1g', 'Ubc', 'Rexo2', 'Rbx1', 'Rps25', 'Rpl7a', 'Rpl10', 'I79_021287', 'I79_022545', 'Eef1a1', 'I79_023563']","['I79_000118', 'I79_000460', 'I79_000461', 'I79_000986', 'Rplp0', 'I79_002027', 'I79_002093', 'Rpl26', 'I79_003341', 'I79_004135', 'Rpl30', 'I79_005028', 'I79_005246', 'I79_005279', 'I79_005382', 'I79_005588', 'Rpl31', 'I79_010951', 'Eif1', 'Rpl17', 'Rpsa', 'I79_013985', 'Pcbp2', 'Rpl32', 'Rpl7', 'Eef1g', 'Ubc', 'Rexo2', 'Rbx1', 'Rps25', 'Rpl7a', 'Rpl10', 'I79_021287', 'I79_022545', 'Eef1a1', 'I79_023563']",4.85e-09,2.55e-06,Primary metabolic process,64,True,True
Process,GO:0042273,8,210,10029,"['I79_000118', 'Rplp0', 'Rpl26', 'I79_005279', 'Rpl7', 'Rpl7a', 'Rpl10', 'I79_021287']","['I79_000118', 'Rplp0', 'Rpl26', 'I79_005279', 'Rpl7', 'Rpl7a', 'Rpl10', 'I79_021287']",1.37e-08,6.92e-06,Ribosomal large subunit biogenesis,64,True,True
Process,GO:0071704,36,8137,10029,"['I79_000118', 'I79_000460', 'I79_000461', 'I79_000986', 'Rplp0', 'I79_002027', 'I79_002093', 'Rpl26', 'I79_003341', 'I79_004135', 'Rpl30', 'I79_005028', 'I79_005246', 'I79_005279', 'I79_005382', 'I79_005588', 'Rpl31', 'I79_010951', 'Eif1', 'Rpl17', 'Rpsa', 'I79_013985', 'Pcbp2', 'Rpl32', 'Rpl7', 'Eef1g', 'Ubc', 'Rexo2', 'Rbx1', 'Rps25', 'Rpl7a', 'Rpl10', 'I79_021287', 'I79_022545', 'Eef1a1', 'I79_023563']","['I79_000118', 'I79_000460', 'I79_000461', 'I79_000986', 'Rplp0', 'I79_002027', 'I79_002093', 'Rpl26', 'I79_003341', 'I79_004135', 'Rpl30', 'I79_005028', 'I79_005246', 'I79_005279', 'I79_005382', 'I79_005588', 'Rpl31', 'I79_010951', 'Eif1', 'Rpl17', 'Rpsa', 'I79_013985', 'Pcbp2', 'Rpl32', 'Rpl7', 'Eef1g', 'Ubc', 'Rexo2', 'Rbx1', 'Rps25', 'Rpl7a', 'Rpl10', 'I79_021287', 'I79_022545', 'Eef1a1', 'I79_023563']",2.18e-08,1.06e-05,Organic substance metabolic process,64,True,True
Process,GO:1901564,29,5394,10029,"['I79_000118', 'I79_000460', 'I79_000461', 'Rplp0', 'I79_002027', 'I79_002093', 'Rpl26', 'I79_003341', 'I79_004135', 'Rpl30', 'I79_005028', 'I79_005246', 'I79_005279', 'I79_005382', 'I79_005588', 'Rpl31', 'I79_010951', 'Eif1', 'Rpl17', 'Rpsa', 'Pcbp2', 'Rpl32', 'Eef1g', 'Ubc', 'Rbx1', 'Rpl10', 'I79_021287', 'Eef1a1', 'I79_023563']","['I79_000118', 'I79_000460', 'I79_000461', 'Rplp0', 'I79_002027', 'I79_002093', 'Rpl26', 'I79_003341', 'I79_004135', 'Rpl30', 'I79_005028', 'I79_005246', 'I79_005279', 'I79_005382', 'I79_005588', 'Rpl31', 'I79_010951', 'Eif1', 'Rpl17', 'Rpsa', 'Pcbp2', 'Rpl32', 'Eef1g', 'Ubc', 'Rbx1', 'Rpl10', 'I79_021287', 'Eef1a1', 'I79_023563']",4e-08,1.87e-05,Organonitrogen compound metabolic process,64,True,True
Process,GO:0009987,48,15994,10029,"['I79_000118', 'I79_000460', 'I79_000461', 'I79_000986', 'Rplp0', 'Rac1', 'I79_002027', 'I79_002093', 'Rpl26', 'Prdx1', 'I79_003341', 'I79_004135', 'Rpl30', 'I79_005028', 'I79_005246', 'I79_005279', 'I79_005382', 'I79_005588', 'I79_007492', 'Tpm3', 'Sec61g', 'Rpl31', 'I79_010951', 'Nutf2', 'Eif1', 'I79_011986', 'Rpl17', 'CgPICR_014552', 'Rpsa', 'I79_013748', 'I79_013985', 'Pcbp2', 'Rpl32', 'Rpl7', 'Eef1g', 'Ubc', 'Rexo2', 'Rbx1', 'Rps25', 'Rpl7a', 'Rpl10', 'I79_021287', 'H671_3g10394', 'I79_022545', 'Eef1a1', 'Actr2', 'I79_023563', 'Arpp19']","['I79_000118', 'I79_000460', 'I79_000461', 'I79_000986', 'Rplp0', 'Rac1', 'I79_002027', 'I79_002093', 'Rpl26', 'Prdx1', 'I79_003341', 'I79_004135', 'Rpl30', 'I79_005028', 'I79_005246', 'I79_005279', 'I79_005382', 'I79_005588', 'I79_007492', 'Tpm3', 'Sec61g', 'Rpl31', 'I79_010951', 'Nutf2', 'Eif1', 'I79_011986', 'Rpl17', 'CgPICR_014552', 'Rpsa', 'I79_013748', 'I79_013985', 'Pcbp2', 'Rpl32', 'Rpl7', 'Eef1g', 'Ubc', 'Rexo2', 'Rbx1', 'Rps25', 'Rpl7a', 'Rpl10', 'I79_021287', 'H671_3g10394', 'I79_022545', 'Eef1a1', 'Actr2', 'I79_023563', 'Arpp19']",7.68e-08,3.35e-05,Cellular process,64,True,True
Process,GO:0022618,8,314,10029,"['I79_000118', 'Rplp0', 'I79_005279', 'I79_005382', 'Rpsa', 'Rps25', 'Rpl10', 'I79_021287']","['I79_000118', 'Rplp0', 'I79_005279', 'I79_005382', 'Rpsa', 'Rps25', 'Rpl10', 'I79_021287']",2.76e-07,0.00012,Ribonucleoprotein complex assembly,64,True,True
Process,GO:0000027,5,102,10029,"['I79_000118', 'Rplp0', 'I79_005279', 'Rpl10', 'I79_021287']","['I79_000118', 'Rplp0', 'I79_005279', 'Rpl10', 'I79_021287']",2.66e-06,0.001,Ribosomal large subunit assembly,64,True,True
Process,GO:0070925,10,872,10029,"['I79_000118', 'Rplp0', 'I79_005279', 'I79_005382', 'Rpsa', 'I79_013748', 'Rps25', 'Rpl10', 'I79_021287', 'Actr2']","['I79_000118', 'Rplp0', 'I79_005279', 'I79_005382', 'Rpsa', 'I79_013748', 'Rps25', 'Rpl10', 'I79_021287', 'Actr2']",9.81e-06,0.0037,Organelle assembly,64,True,True
Process,GO:0006417,7,531,10029,"['I79_000461', 'I79_005279', 'I79_005382', 'Eif1', 'Eef1g', 'Rpl10', 'Eef1a1']","['I79_000461', 'I79_005279', 'I79_005382', 'Eif1', 'Eef1g', 'Rpl10', 'Eef1a1']",0.00011,0.0383,Regulation of translation,64,True,True
Process,GO:0000028,3,46,10029,"['I79_005382', 'Rpsa', 'Rps25']","['I79_005382', 'Rpsa', 'Rps25']",0.00014,0.0489,Ribosomal small subunit assembly,64,True,True
Component,GO:0005840,25,573,10029,"['I79_000118', 'I79_000460', 'Rplp0', 'Btf3l4', 'I79_002027', 'I79_002093', 'Rpl26', 'I79_004135', 'Rpl30', 'I79_005028', 'I79_005279', 'I79_005382', 'I79_005588', 'Rpl31', 'I79_010951', 'Rpl17', 'Rpsa', 'Rpl32', 'Rpl7', 'Rbx1', 'Rps25', 'Rpl7a', 'Rpl10', 'I79_021287', 'I79_023563']","['I79_000118', 'I79_000460', 'Rplp0', 'Btf3l4', 'I79_002027', 'I79_002093', 'Rpl26', 'I79_004135', 'Rpl30', 'I79_005028', 'I79_005279', 'I79_005382', 'I79_005588', 'Rpl31', 'I79_010951', 'Rpl17', 'Rpsa', 'Rpl32', 'Rpl7', 'Rbx1', 'Rps25', 'Rpl7a', 'Rpl10', 'I79_021287', 'I79_023563']",1.9500000000000002e-27,3.33e-24,Ribosome,64,True,True
Component,GO:0022626,23,425,10029,"['I79_000118', 'I79_000460', 'Rplp0', 'I79_002093', 'Rpl26', 'I79_004135', 'Rpl30', 'I79_005028', 'I79_005279', 'I79_005382', 'I79_005588', 'Rpl31', 'I79_010951', 'Rpl17', 'Rpsa', 'Rpl32', 'Rpl7', 'Rbx1', 'Rps25', 'Rpl7a', 'Rpl10', 'I79_021287', 'I79_023563']","['I79_000118', 'I79_000460', 'Rplp0', 'I79_002093', 'Rpl26', 'I79_004135', 'Rpl30', 'I79_005028', 'I79_005279', 'I79_005382', 'I79_005588', 'Rpl31', 'I79_010951', 'Rpl17', 'Rpsa', 'Rpl32', 'Rpl7', 'Rbx1', 'Rps25', 'Rpl7a', 'Rpl10', 'I79_021287', 'I79_023563']",3.92e-27,3.36e-24,Cytosolic ribosome,64,True,True
Component,GO:0044391,23,515,10029,"['I79_000118', 'I79_000460', 'Rplp0', 'I79_002093', 'Rpl26', 'I79_004135', 'Rpl30', 'I79_005028', 'I79_005279', 'I79_005382', 'I79_005588', 'Rpl31', 'I79_010951', 'Rpl17', 'Rpsa', 'Rpl32', 'Rpl7', 'Rbx1', 'Rps25', 'Rpl7a', 'Rpl10', 'I79_021287', 'I79_023563']","['I79_000118', 'I79_000460', 'Rplp0', 'I79_002093', 'Rpl26', 'I79_004135', 'Rpl30', 'I79_005028', 'I79_005279', 'I79_005382', 'I79_005588', 'Rpl31', 'I79_010951', 'Rpl17', 'Rpsa', 'Rpl32', 'Rpl7', 'Rbx1', 'Rps25', 'Rpl7a', 'Rpl10', 'I79_021287', 'I79_023563']",2.65e-25,1.5100000000000001e-22,Ribosomal subunit,64,True,True
Component,GO:1990904,26,1139,10029,"['I79_000118', 'I79_000460', 'Rplp0', 'Btf3l4', 'I79_002093', 'Rpl26', 'I79_004135', 'Rpl30', 'I79_005028', 'I79_005279', 'I79_005382', 'I79_005588', 'Rpl31', 'I79_010951', 'Eif1', 'Rpl17', 'Rpsa', 'Rpl32', 'Rpl7', 'Rbx1', 'Rps25', 'Rpl7a', 'Rpl10', 'I79_021287', 'I79_022545', 'I79_023563']","['I79_000118', 'I79_000460', 'Rplp0', 'Btf3l4', 'I79_002093', 'Rpl26', 'I79_004135', 'Rpl30', 'I79_005028', 'I79_005279', 'I79_005382', 'I79_005588', 'Rpl31', 'I79_010951', 'Eif1', 'Rpl17', 'Rpsa', 'Rpl32', 'Rpl7', 'Rbx1', 'Rps25', 'Rpl7a', 'Rpl10', 'I79_021287', 'I79_022545', 'I79_023563']",1.1400000000000001e-21,4.87e-19,Ribonucleoprotein complex,64,True,True
Component,GO:0022625,17,299,10029,"['I79_000118', 'I79_000460', 'Rplp0', 'I79_002093', 'Rpl26', 'I79_004135', 'Rpl30', 'I79_005028', 'I79_005279', 'I79_005588', 'Rpl31', 'Rpl17', 'Rpl32', 'Rpl7', 'Rpl7a', 'Rpl10', 'I79_021287']","['I79_000118', 'I79_000460', 'Rplp0', 'I79_002093', 'Rpl26', 'I79_004135', 'Rpl30', 'I79_005028', 'I79_005279', 'I79_005588', 'Rpl31', 'Rpl17', 'Rpl32', 'Rpl7', 'Rpl7a', 'Rpl10', 'I79_021287']",3.27e-20,1.12e-17,Cytosolic large ribosomal subunit,64,True,True
Component,GO:0043232,36,4832,10029,"['I79_000118', 'I79_000460', 'I79_000461', 'I79_000986', 'Rplp0', 'Rac1', 'Btf3l4', 'I79_002027', 'I79_002093', 'Rpl26', 'Prdx1', 'I79_004135', 'Rpl30', 'I79_005028', 'I79_005279', 'I79_005382', 'I79_005588', 'Tpm3', 'Rpl31', 'I79_010951', 'I79_011986', 'Rpl17', 'CgPICR_014552', 'Rpsa', 'Rpl32', 'Rpl7', 'Rexo2', 'Rbx1', 'Rps25', 'Rpl7a', 'Rpl10', 'I79_021287', 'I79_022545', 'Eef1a1', 'Actr2', 'I79_023563']","['I79_000118', 'I79_000460', 'I79_000461', 'I79_000986', 'Rplp0', 'Rac1', 'Btf3l4', 'I79_002027', 'I79_002093', 'Rpl26', 'Prdx1', 'I79_004135', 'Rpl30', 'I79_005028', 'I79_005279', 'I79_005382', 'I79_005588', 'Tpm3', 'Rpl31', 'I79_010951', 'I79_011986', 'Rpl17', 'CgPICR_014552', 'Rpsa', 'Rpl32', 'Rpl7', 'Rexo2', 'Rbx1', 'Rps25', 'Rpl7a', 'Rpl10', 'I79_021287', 'I79_022545', 'Eef1a1', 'Actr2', 'I79_023563']",1.76e-15,4.3e-13,Intracellular non-membrane-bounded organelle,64,True,True
Component,GO:0005829,32,3933,10029,"['I79_000118', 'I79_000460', 'I79_000461', 'Rplp0', 'Rac1', 'Btf3l4', 'I79_002093', 'Rpl26', 'Prdx1', 'I79_004135', 'Rpl30', 'I79_005028', 'I79_005279', 'I79_005382', 'I79_005588', 'Rpl31', 'I79_010951', 'Nutf2', 'I79_011986', 'Rpl17', 'Rpsa', 'I79_013748', 'Rpl32', 'Rpl7', 'Rbx1', 'Rps25', 'Rpl7a', 'Rpl10', 'I79_021287', 'Eef1a1', 'Actr2', 'I79_023563']","['I79_000118', 'I79_000460', 'I79_000461', 'Rplp0', 'Rac1', 'Btf3l4', 'I79_002093', 'Rpl26', 'Prdx1', 'I79_004135', 'Rpl30', 'I79_005028', 'I79_005279', 'I79_005382', 'I79_005588', 'Rpl31', 'I79_010951', 'Nutf2', 'I79_011986', 'Rpl17', 'Rpsa', 'I79_013748', 'Rpl32', 'Rpl7', 'Rbx1', 'Rps25', 'Rpl7a', 'Rpl10', 'I79_021287', 'Eef1a1', 'Actr2', 'I79_023563']",3.21e-14,6.11e-12,Cytosol,64,True,True
Component,GO:0043229,46,12803,10029,"['I79_000118', 'I79_000460', 'I79_000461', 'I79_000986', 'Rplp0', 'Rac1', 'Btf3l4', 'I79_002027', 'I79_002093', 'Rpl26', 'Prdx1', 'I79_003341', 'I79_004135', 'Rpl30', 'I79_005028', 'I79_005246', 'I79_005279', 'I79_005382', 'I79_005588', 'I79_007492', 'Tpm3', 'Sec61g', 'Rpl31', 'I79_010951', 'Nutf2', 'I79_011986', 'Rpl17', 'CgPICR_014552', 'Rpsa', 'I79_013748', 'I79_013985', 'Pcbp2', 'Rpl32', 'Rpl7', 'Eef1g', 'Ubc', 'Rexo2', 'Rbx1', 'Rps25', 'Rpl7a', 'Rpl10', 'I79_021287', 'I79_022545', 'Eef1a1', 'Actr2', 'I79_023563']","['I79_000118', 'I79_000460', 'I79_000461', 'I79_000986', 'Rplp0', 'Rac1', 'Btf3l4', 'I79_002027', 'I79_002093', 'Rpl26', 'Prdx1', 'I79_003341', 'I79_004135', 'Rpl30', 'I79_005028', 'I79_005246', 'I79_005279', 'I79_005382', 'I79_005588', 'I79_007492', 'Tpm3', 'Sec61g', 'Rpl31', 'I79_010951', 'Nutf2', 'I79_011986', 'Rpl17', 'CgPICR_014552', 'Rpsa', 'I79_013748', 'I79_013985', 'Pcbp2', 'Rpl32', 'Rpl7', 'Eef1g', 'Ubc', 'Rexo2', 'Rbx1', 'Rps25', 'Rpl7a', 'Rpl10', 'I79_021287', 'I79_022545', 'Eef1a1', 'Actr2', 'I79_023563']",7.29e-10,1.25e-07,Intracellular organelle,64,True,True
Component,GO:0032991,33,6073,10029,"['I79_000118', 'I79_000460', 'I79_000461', 'Rplp0', 'Btf3l4', 'I79_002093', 'Rpl26', 'I79_003341', 'I79_004135', 'Rpl30', 'I79_005028', 'I79_005279', 'I79_005382', 'I79_005588', 'Sec61g', 'Rpl31', 'I79_010951', 'Nutf2', 'Eif1', 'I79_011986', 'Rpl17', 'Rpsa', 'I79_013985', 'Rpl32', 'Rpl7', 'Rbx1', 'Rps25', 'Rpl7a', 'Rpl10', 'I79_021287', 'I79_022545', 'Actr2', 'I79_023563']","['I79_000118', 'I79_000460', 'I79_000461', 'Rplp0', 'Btf3l4', 'I79_002093', 'Rpl26', 'I79_003341', 'I79_004135', 'Rpl30', 'I79_005028', 'I79_005279', 'I79_005382', 'I79_005588', 'Sec61g', 'Rpl31', 'I79_010951', 'Nutf2', 'Eif1', 'I79_011986', 'Rpl17', 'Rpsa', 'I79_013985', 'Rpl32', 'Rpl7', 'Rbx1', 'Rps25', 'Rpl7a', 'Rpl10', 'I79_021287', 'I79_022545', 'Actr2', 'I79_023563']",9.15e-10,1.42e-07,Protein-containing complex,64,True,True
Component,GO:0005737,44,11693,10029,"['I79_000118', 'I79_000460', 'I79_000461', 'I79_000986', 'Rplp0', 'Rac1', 'Btf3l4', 'I79_002093', 'Rpl26', 'Prdx1', 'I79_003341', 'I79_004135', 'Rpl30', 'I79_005028', 'I79_005246', 'I79_005279', 'I79_005382', 'I79_005588', 'Tpm3', 'Sec61g', 'Rpl31', 'I79_010951', 'Nutf2', 'Eif1', 'I79_011986', 'Rpl17', 'CgPICR_014552', 'Rpsa', 'I79_013748', 'Pcbp2', 'Rpl32', 'Rpl7', 'Eef1g', 'Ubc', 'Rexo2', 'Rbx1', 'Rps25', 'Rpl7a', 'Rpl10', 'I79_021287', 'Eef1a1', 'Actr2', 'I79_023563', 'Arpp19']","['I79_000118', 'I79_000460', 'I79_000461', 'I79_000986', 'Rplp0', 'Rac1', 'Btf3l4', 'I79_002093', 'Rpl26', 'Prdx1', 'I79_003341', 'I79_004135', 'Rpl30', 'I79_005028', 'I79_005246', 'I79_005279', 'I79_005382', 'I79_005588', 'Tpm3', 'Sec61g', 'Rpl31', 'I79_010951', 'Nutf2', 'Eif1', 'I79_011986', 'Rpl17', 'CgPICR_014552', 'Rpsa', 'I79_013748', 'Pcbp2', 'Rpl32', 'Rpl7', 'Eef1g', 'Ubc', 'Rexo2', 'Rbx1', 'Rps25', 'Rpl7a', 'Rpl10', 'I79_021287', 'Eef1a1', 'Actr2', 'I79_023563', 'Arpp19']",1.75e-09,2.49e-07,Cytoplasm,64,True,True
Component,GO:0005622,48,14868,10029,"['I79_000118', 'I79_000460', 'I79_000461', 'I79_000986', 'Rplp0', 'Rac1', 'Btf3l4', 'I79_002027', 'I79_002093', 'Rpl26', 'Prdx1', 'I79_003341', 'I79_004135', 'Rpl30', 'I79_005028', 'I79_005246', 'I79_005279', 'I79_005382', 'I79_005588', 'I79_007492', 'Tpm3', 'Sec61g', 'Rpl31', 'I79_010951', 'Nutf2', 'Eif1', 'I79_011986', 'Rpl17', 'CgPICR_014552', 'Rpsa', 'I79_013748', 'I79_013985', 'Pcbp2', 'Rpl32', 'Rpl7', 'Eef1g', 'Ubc', 'Rexo2', 'Rbx1', 'Rps25', 'Rpl7a', 'Rpl10', 'I79_021287', 'I79_022545', 'Eef1a1', 'Actr2', 'I79_023563', 'Arpp19']","['I79_000118', 'I79_000460', 'I79_000461', 'I79_000986', 'Rplp0', 'Rac1', 'Btf3l4', 'I79_002027', 'I79_002093', 'Rpl26', 'Prdx1', 'I79_003341', 'I79_004135', 'Rpl30', 'I79_005028', 'I79_005246', 'I79_005279', 'I79_005382', 'I79_005588', 'I79_007492', 'Tpm3', 'Sec61g', 'Rpl31', 'I79_010951', 'Nutf2', 'Eif1', 'I79_011986', 'Rpl17', 'CgPICR_014552', 'Rpsa', 'I79_013748', 'I79_013985', 'Pcbp2', 'Rpl32', 'Rpl7', 'Eef1g', 'Ubc', 'Rexo2', 'Rbx1', 'Rps25', 'Rpl7a', 'Rpl10', 'I79_021287', 'I79_022545', 'Eef1a1', 'Actr2', 'I79_023563', 'Arpp19']",2.64e-09,3.47e-07,Intracellular anatomical structure,64,True,True
Component,GO:0022627,6,124,10029,"['I79_005382', 'I79_010951', 'Rpsa', 'Rbx1', 'Rps25', 'I79_023563']","['I79_005382', 'I79_010951', 'Rpsa', 'Rbx1', 'Rps25', 'I79_023563']",2.65e-07,3.02e-05,Cytosolic small ribosomal subunit,64,True,True
Component,GO:0005844,5,99,10029,"['Btf3l4', 'Rpl30', 'I79_010951', 'Rpl7', 'I79_021287']","['Btf3l4', 'Rpl30', 'I79_010951', 'Rpl7', 'I79_021287']",2.31e-06,0.00023,Polysome,64,True,True
Component,GO:0110165,49,18916,10029,"['I79_000118', 'I79_000460', 'I79_000461', 'I79_000986', 'Rplp0', 'Rac1', 'Btf3l4', 'I79_002027', 'I79_002093', 'Rpl26', 'Prdx1', 'I79_003341', 'I79_004135', 'Rpl30', 'I79_005028', 'I79_005246', 'I79_005279', 'I79_005382', 'I79_005588', 'I79_007492', 'Tpm3', 'Sec61g', 'Rpl31', 'I79_010951', 'Nutf2', 'Eif1', 'I79_011986', 'Rpl17', 'CgPICR_014552', 'Rpsa', 'I79_013748', 'I79_013985', 'Pcbp2', 'Rpl32', 'Rpl7', 'Eef1g', 'Ubc', 'Rexo2', 'Rbx1', 'Rps25', 'Rpl7a', 'Rpl10', 'I79_021287', 'H671_3g10394', 'I79_022545', 'Eef1a1', 'Actr2', 'I79_023563', 'Arpp19']","['I79_000118', 'I79_000460', 'I79_000461', 'I79_000986', 'Rplp0', 'Rac1', 'Btf3l4', 'I79_002027', 'I79_002093', 'Rpl26', 'Prdx1', 'I79_003341', 'I79_004135', 'Rpl30', 'I79_005028', 'I79_005246', 'I79_005279', 'I79_005382', 'I79_005588', 'I79_007492', 'Tpm3', 'Sec61g', 'Rpl31', 'I79_010951', 'Nutf2', 'Eif1', 'I79_011986', 'Rpl17', 'CgPICR_014552', 'Rpsa', 'I79_013748', 'I79_013985', 'Pcbp2', 'Rpl32', 'Rpl7', 'Eef1g', 'Ubc', 'Rexo2', 'Rbx1', 'Rps25', 'Rpl7a', 'Rpl10', 'I79_021287', 'H671_3g10394', 'I79_022545', 'Eef1a1', 'Actr2', 'I79_023563', 'Arpp19']",1.13e-05,0.0011,Cellular anatomical entity,64,True,True
Component,GO:0042788,3,53,10029,"['Btf3l4', 'Rpl30', 'I79_010951']","['Btf3l4', 'Rpl30', 'I79_010951']",0.00021,0.0187,Polysomal ribosome,64,True,True
Function,GO:0003735,23,512,10029,"['I79_000118', 'I79_000460', 'Rplp0', 'I79_002027', 'I79_002093', 'Rpl26', 'I79_004135', 'Rpl30', 'I79_005028', 'I79_005279', 'I79_005382', 'I79_005588', 'Rpl31', 'I79_010951', 'Rpl17', 'Rpsa', 'Rpl32', 'Rpl7', 'Rbx1', 'Rps25', 'Rpl10', 'I79_021287', 'I79_023563']","['I79_000118', 'I79_000460', 'Rplp0', 'I79_002027', 'I79_002093', 'Rpl26', 'I79_004135', 'Rpl30', 'I79_005028', 'I79_005279', 'I79_005382', 'I79_005588', 'Rpl31', 'I79_010951', 'Rpl17', 'Rpsa', 'Rpl32', 'Rpl7', 'Rbx1', 'Rps25', 'Rpl10', 'I79_021287', 'I79_023563']",2.33e-25,7.68e-22,Structural constituent of ribosome,64,True,True
Function,GO:0005198,26,1060,10029,"['I79_000118', 'I79_000460', 'Rplp0', 'I79_002027', 'I79_002093', 'Rpl26', 'I79_004135', 'Rpl30', 'I79_005028', 'I79_005279', 'I79_005382', 'I79_005588', 'Rpl31', 'I79_010951', 'Nutf2', 'Rpl17', 'CgPICR_014552', 'Rpsa', 'Rpl32', 'Rpl7', 'Rbx1', 'Rps25', 'Rpl10', 'I79_021287', 'Actr2', 'I79_023563']","['I79_000118', 'I79_000460', 'Rplp0', 'I79_002027', 'I79_002093', 'Rpl26', 'I79_004135', 'Rpl30', 'I79_005028', 'I79_005279', 'I79_005382', 'I79_005588', 'Rpl31', 'I79_010951', 'Nutf2', 'Rpl17', 'CgPICR_014552', 'Rpsa', 'Rpl32', 'Rpl7', 'Rbx1', 'Rps25', 'Rpl10', 'I79_021287', 'Actr2', 'I79_023563']",1.94e-22,3.19e-19,Structural molecule activity,64,True,True
Function,GO:0003723,14,1541,10029,"['I79_000460', 'Rplp0', 'Rpl26', 'Rpl30', 'I79_005279', 'I79_005382', 'I79_005588', 'Eif1', 'Pcbp2', 'Rpl7', 'Rbx1', 'Rpl7a', 'I79_022545', 'I79_023563']","['I79_000460', 'Rplp0', 'Rpl26', 'Rpl30', 'I79_005279', 'I79_005382', 'I79_005588', 'Eif1', 'Pcbp2', 'Rpl7', 'Rbx1', 'Rpl7a', 'I79_022545', 'I79_023563']",1.77e-06,0.0019,RNA binding,64,True,True
Function,GO:0003676,20,3725,10029,"['I79_000460', 'I79_000986', 'Rplp0', 'Rpl26', 'Rpl30', 'I79_005279', 'I79_005382', 'I79_005588', 'Eif1', 'I79_011986', 'I79_013985', 'Pcbp2', 'Rpl7', 'Eef1g', 'Rexo2', 'Rbx1', 'Rpl7a', 'I79_022545', 'Eef1a1', 'I79_023563']","['I79_000460', 'I79_000986', 'Rplp0', 'Rpl26', 'Rpl30', 'I79_005279', 'I79_005382', 'I79_005588', 'Eif1', 'I79_011986', 'I79_013985', 'Pcbp2', 'Rpl7', 'Eef1g', 'Rexo2', 'Rbx1', 'Rpl7a', 'I79_022545', 'Eef1a1', 'I79_023563']",2.06e-05,0.017,Nucleic acid binding,64,True,True
Function,GO:0045182,5,158,10029,"['I79_005382', 'Eif1', 'Eef1g', 'Rpl10', 'Eef1a1']","['I79_005382', 'Eif1', 'Eef1g', 'Rpl10', 'Eef1a1']",2.07e-05,0.017,Translation regulator activity,64,True,True
Function,GO:1901363,26,6088,10029,"['I79_000460', 'I79_000461', 'I79_000986', 'Rplp0', 'Rac1', 'Rpl26', 'Prdx1', 'Rpl30', 'I79_005279', 'I79_005382', 'I79_005588', 'Eif1', 'I79_011986', 'CgPICR_014552', 'I79_013748', 'I79_013985', 'Pcbp2', 'Rpl7', 'Eef1g', 'Rexo2', 'Rbx1', 'Rpl7a', 'I79_022545', 'Eef1a1', 'Actr2', 'I79_023563']","['I79_000460', 'I79_000461', 'I79_000986', 'Rplp0', 'Rac1', 'Rpl26', 'Prdx1', 'Rpl30', 'I79_005279', 'I79_005382', 'I79_005588', 'Eif1', 'I79_011986', 'CgPICR_014552', 'I79_013748', 'I79_013985', 'Pcbp2', 'Rpl7', 'Eef1g', 'Rexo2', 'Rbx1', 'Rpl7a', 'I79_022545', 'Eef1a1', 'Actr2', 'I79_023563']",3.55e-05,0.0195,Heterocyclic compound binding,64,True,True
Function,GO:0097159,26,6155,10029,"['I79_000460', 'I79_000461', 'I79_000986', 'Rplp0', 'Rac1', 'Rpl26', 'Prdx1', 'Rpl30', 'I79_005279', 'I79_005382', 'I79_005588', 'Eif1', 'I79_011986', 'CgPICR_014552', 'I79_013748', 'I79_013985', 'Pcbp2', 'Rpl7', 'Eef1g', 'Rexo2', 'Rbx1', 'Rpl7a', 'I79_022545', 'Eef1a1', 'Actr2', 'I79_023563']","['I79_000460', 'I79_000461', 'I79_000986', 'Rplp0', 'Rac1', 'Rpl26', 'Prdx1', 'Rpl30', 'I79_005279', 'I79_005382', 'I79_005588', 'Eif1', 'I79_011986', 'CgPICR_014552', 'I79_013748', 'I79_013985', 'Pcbp2', 'Rpl7', 'Eef1g', 'Rexo2', 'Rbx1', 'Rpl7a', 'I79_022545', 'Eef1a1', 'Actr2', 'I79_023563']",4.34e-05,0.0204,Organic cyclic compound binding,64,True,True
TISSUES,BTO:0000522,28,6286,10029,"['I79_000118', 'I79_000460', 'I79_000986', 'Rplp0', 'Rac1', 'I79_002027', 'I79_002093', 'Rpl26', 'Prdx1', 'I79_003341', 'Rpl30', 'I79_005028', 'I79_005382', 'I79_005588', 'Rpl31', 'I79_010951', 'Rpl17', 'CgPICR_014552', 'Rpsa', 'I79_013748', 'Rpl32', 'Rexo2', 'Rpl7a', 'Rpl10', 'I79_021287', 'Actr2', 'I79_023563', 'Arpp19']","['I79_000118', 'I79_000460', 'I79_000986', 'Rplp0', 'Rac1', 'I79_002027', 'I79_002093', 'Rpl26', 'Prdx1', 'I79_003341', 'Rpl30', 'I79_005028', 'I79_005382', 'I79_005588', 'Rpl31', 'I79_010951', 'Rpl17', 'CgPICR_014552', 'Rpsa', 'I79_013748', 'Rpl32', 'Rexo2', 'Rpl7a', 'Rpl10', 'I79_021287', 'Actr2', 'I79_023563', 'Arpp19']",5.19e-06,0.0106,Gland,64,True,True
TISSUES,BTO:0001489,43,13787,10029,"['I79_000118', 'I79_000460', 'I79_000986', 'Rplp0', 'Rac1', 'I79_002027', 'I79_002093', 'Rpl26', 'Prdx1', 'I79_003341', 'Rpl30', 'I79_005028', 'I79_005246', 'I79_005279', 'I79_005382', 'I79_005588', 'I79_007492', 'Rpl31', 'I79_010951', 'Eif1', 'I79_011986', 'Rpl17', 'CgPICR_014552', 'Rpsa', 'I79_013748', 'I79_013985', 'Pcbp2', 'Rpl32', 'Rpl7', 'Eef1g', 'Ubc', 'Rexo2', 'Rbx1', 'Rps25', 'Rpl7a', 'Rpl10', 'I79_021287', 'H671_3g10394', 'I79_022545', 'Eef1a1', 'Actr2', 'I79_023563', 'Arpp19']","['I79_000118', 'I79_000460', 'I79_000986', 'Rplp0', 'Rac1', 'I79_002027', 'I79_002093', 'Rpl26', 'Prdx1', 'I79_003341', 'Rpl30', 'I79_005028', 'I79_005246', 'I79_005279', 'I79_005382', 'I79_005588', 'I79_007492', 'Rpl31', 'I79_010951', 'Eif1', 'I79_011986', 'Rpl17', 'CgPICR_014552', 'Rpsa', 'I79_013748', 'I79_013985', 'Pcbp2', 'Rpl32', 'Rpl7', 'Eef1g', 'Ubc', 'Rexo2', 'Rbx1', 'Rps25', 'Rpl7a', 'Rpl10', 'I79_021287', 'H671_3g10394', 'I79_022545', 'Eef1a1', 'Actr2', 'I79_023563', 'Arpp19']",5.51e-06,0.0106,Whole body,64,True,True
TISSUES,BTO:0000042,44,14942,10029,"['I79_000118', 'I79_000460', 'I79_000986', 'Rplp0', 'Rac1', 'Btf3l4', 'I79_002027', 'I79_002093', 'Rpl26', 'Prdx1', 'I79_003341', 'Rpl30', 'I79_005028', 'I79_005246', 'I79_005279', 'I79_005382', 'I79_005588', 'I79_007492', 'Rpl31', 'I79_010951', 'Eif1', 'I79_011986', 'Rpl17', 'CgPICR_014552', 'Rpsa', 'I79_013748', 'I79_013985', 'Pcbp2', 'Rpl32', 'Rpl7', 'Eef1g', 'Ubc', 'Rexo2', 'Rbx1', 'Rps25', 'Rpl7a', 'Rpl10', 'I79_021287', 'H671_3g10394', 'I79_022545', 'Eef1a1', 'Actr2', 'I79_023563', 'Arpp19']","['I79_000118', 'I79_000460', 'I79_000986', 'Rplp0', 'Rac1', 'Btf3l4', 'I79_002027', 'I79_002093', 'Rpl26', 'Prdx1', 'I79_003341', 'Rpl30', 'I79_005028', 'I79_005246', 'I79_005279', 'I79_005382', 'I79_005588', 'I79_007492', 'Rpl31', 'I79_010951', 'Eif1', 'I79_011986', 'Rpl17', 'CgPICR_014552', 'Rpsa', 'I79_013748', 'I79_013985', 'Pcbp2', 'Rpl32', 'Rpl7', 'Eef1g', 'Ubc', 'Rexo2', 'Rbx1', 'Rps25', 'Rpl7a', 'Rpl10', 'I79_021287', 'H671_3g10394', 'I79_022545', 'Eef1a1', 'Actr2', 'I79_023563', 'Arpp19']",1.92e-05,0.013,Animal,64,True,True
TISSUES,BTO:0001488,24,5322,10029,"['I79_000118', 'I79_000460', 'I79_000986', 'Rplp0', 'Rac1', 'I79_002027', 'Rpl26', 'Prdx1', 'I79_003341', 'Rpl30', 'I79_005028', 'I79_005382', 'I79_005588', 'Rpl31', 'I79_010951', 'CgPICR_014552', 'Rpsa', 'I79_013748', 'Rpl32', 'Rexo2', 'Rpl7a', 'Rpl10', 'I79_021287', 'I79_023563']","['I79_000118', 'I79_000460', 'I79_000986', 'Rplp0', 'Rac1', 'I79_002027', 'Rpl26', 'Prdx1', 'I79_003341', 'Rpl30', 'I79_005028', 'I79_005382', 'I79_005588', 'Rpl31', 'I79_010951', 'CgPICR_014552', 'Rpsa', 'I79_013748', 'Rpl32', 'Rexo2', 'Rpl7a', 'Rpl10', 'I79_021287', 'I79_023563']",3.71e-05,0.0169,Endocrine gland,64,True,True
Keyword,KW-0689,24,524,10029,"['I79_000118', 'I79_000460', 'Rplp0', 'I79_002027', 'I79_002093', 'Rpl26', 'I79_004135', 'Rpl30', 'I79_005028', 'I79_005279', 'I79_005382', 'I79_005588', 'Rpl31', 'I79_010951', 'Rpl17', 'Rpsa', 'Rpl32', 'Rpl7', 'Rbx1', 'Rps25', 'Rpl7a', 'Rpl10', 'I79_021287', 'I79_023563']","['I79_000118', 'I79_000460', 'Rplp0', 'I79_002027', 'I79_002093', 'Rpl26', 'I79_004135', 'Rpl30', 'I79_005028', 'I79_005279', 'I79_005382', 'I79_005588', 'Rpl31', 'I79_010951', 'Rpl17', 'Rpsa', 'Rpl32', 'Rpl7', 'Rbx1', 'Rps25', 'Rpl7a', 'Rpl10', 'I79_021287', 'I79_023563']",9.820000000000001e-27,3.37e-24,Ribosomal protein,64,True,True
Keyword,KW-0251,3,54,10029,"['I79_013985', 'Eef1g', 'Eef1a1']","['I79_013985', 'Eef1g', 'Eef1a1']",0.00022,0.025,Elongation factor,64,True,True
Keyword,KW-0648,4,176,10029,"['Eif1', 'I79_013985', 'Eef1g', 'Eef1a1']","['Eif1', 'I79_013985', 'Eef1g', 'Eef1a1']",0.0005,0.0432,Protein biosynthesis,64,True,True
KEGG,cge03010,17,184,10029,"['I79_000118', 'Rplp0', 'I79_002093', 'Rpl26', 'I79_004135', 'Rpl30', 'I79_005382', 'Rpl31', 'I79_010951', 'Rpl17', 'Rpsa', 'Rpl32', 'Rpl7', 'Rps25', 'Rpl7a', 'Rpl10', 'I79_021287']","['I79_000118', 'Rplp0', 'I79_002093', 'Rpl26', 'I79_004135', 'Rpl30', 'I79_005382', 'Rpl31', 'I79_010951', 'Rpl17', 'Rpsa', 'Rpl32', 'Rpl7', 'Rps25', 'Rpl7a', 'Rpl10', 'I79_021287']",1.34e-23,4.4400000000000004e-21,Ribosome,64,True,True
RCTM,MAP-156827,25,503,10029,"['I79_000118', 'I79_000460', 'Rplp0', 'I79_002027', 'I79_002093', 'Rpl26', 'I79_004135', 'Rpl30', 'I79_005028', 'I79_005279', 'I79_005382', 'I79_005588', 'Rpl31', 'I79_010951', 'Rpl17', 'Rpsa', 'Rpl32', 'Rpl7', 'Ubc', 'Rbx1', 'Rps25', 'Rpl7a', 'Rpl10', 'I79_021287', 'I79_023563']","['I79_000118', 'I79_000460', 'Rplp0', 'I79_002027', 'I79_002093', 'Rpl26', 'I79_004135', 'Rpl30', 'I79_005028', 'I79_005279', 'I79_005382', 'I79_005588', 'Rpl31', 'I79_010951', 'Rpl17', 'Rpsa', 'Rpl32', 'Rpl7', 'Ubc', 'Rbx1', 'Rps25', 'Rpl7a', 'Rpl10', 'I79_021287', 'I79_023563']",8.67e-29,3.41e-26,L13a-mediated translational silencing of Ceruloplasmin expression,64,True,True
RCTM,MAP-1799339,25,476,10029,"['I79_000118', 'I79_000460', 'Rplp0', 'I79_002027', 'I79_002093', 'Rpl26', 'I79_004135', 'Rpl30', 'I79_005028', 'I79_005279', 'I79_005382', 'I79_005588', 'Rpl31', 'I79_010951', 'Rpl17', 'Rpsa', 'Rpl32', 'Rpl7', 'Ubc', 'Rbx1', 'Rps25', 'Rpl7a', 'Rpl10', 'I79_021287', 'I79_023563']","['I79_000118', 'I79_000460', 'Rplp0', 'I79_002027', 'I79_002093', 'Rpl26', 'I79_004135', 'Rpl30', 'I79_005028', 'I79_005279', 'I79_005382', 'I79_005588', 'Rpl31', 'I79_010951', 'Rpl17', 'Rpsa', 'Rpl32', 'Rpl7', 'Ubc', 'Rbx1', 'Rps25', 'Rpl7a', 'Rpl10', 'I79_021287', 'I79_023563']",2.3200000000000002e-29,3.41e-26,SRP-dependent cotranslational protein targeting to membrane,64,True,True
RCTM,MAP-6791226,26,569,10029,"['I79_000118', 'I79_000460', 'Rplp0', 'I79_002027', 'I79_002093', 'Rpl26', 'I79_004135', 'Rpl30', 'I79_005028', 'I79_005279', 'I79_005382', 'I79_005588', 'Rpl31', 'I79_010951', 'Rpl17', 'Rpsa', 'Rpl32', 'Rpl7', 'Ubc', 'Rbx1', 'Rps25', 'Rpl7a', 'Rpl10', 'I79_021287', 'I79_022545', 'I79_023563']","['I79_000118', 'I79_000460', 'Rplp0', 'I79_002027', 'I79_002093', 'Rpl26', 'I79_004135', 'Rpl30', 'I79_005028', 'I79_005279', 'I79_005382', 'I79_005588', 'Rpl31', 'I79_010951', 'Rpl17', 'Rpsa', 'Rpl32', 'Rpl7', 'Ubc', 'Rbx1', 'Rps25', 'Rpl7a', 'Rpl10', 'I79_021287', 'I79_022545', 'I79_023563']",3.87e-29,3.41e-26,Major pathway of rRNA processing in the nucleolus and cytosol,64,True,True
RCTM,MAP-72312,26,587,10029,"['I79_000118', 'I79_000460', 'Rplp0', 'I79_002027', 'I79_002093', 'Rpl26', 'I79_004135', 'Rpl30', 'I79_005028', 'I79_005279', 'I79_005382', 'I79_005588', 'Rpl31', 'I79_010951', 'Rpl17', 'Rpsa', 'Rpl32', 'Rpl7', 'Ubc', 'Rbx1', 'Rps25', 'Rpl7a', 'Rpl10', 'I79_021287', 'I79_022545', 'I79_023563']","['I79_000118', 'I79_000460', 'Rplp0', 'I79_002027', 'I79_002093', 'Rpl26', 'I79_004135', 'Rpl30', 'I79_005028', 'I79_005279', 'I79_005382', 'I79_005588', 'Rpl31', 'I79_010951', 'Rpl17', 'Rpsa', 'Rpl32', 'Rpl7', 'Ubc', 'Rbx1', 'Rps25', 'Rpl7a', 'Rpl10', 'I79_021287', 'I79_022545', 'I79_023563']",8.39e-29,3.41e-26,rRNA processing,64,True,True
RCTM,MAP-72613,25,512,10029,"['I79_000118', 'I79_000460', 'Rplp0', 'I79_002027', 'I79_002093', 'Rpl26', 'I79_004135', 'Rpl30', 'I79_005028', 'I79_005279', 'I79_005382', 'I79_005588', 'Rpl31', 'I79_010951', 'Rpl17', 'Rpsa', 'Rpl32', 'Rpl7', 'Ubc', 'Rbx1', 'Rps25', 'Rpl7a', 'Rpl10', 'I79_021287', 'I79_023563']","['I79_000118', 'I79_000460', 'Rplp0', 'I79_002027', 'I79_002093', 'Rpl26', 'I79_004135', 'Rpl30', 'I79_005028', 'I79_005279', 'I79_005382', 'I79_005588', 'Rpl31', 'I79_010951', 'Rpl17', 'Rpsa', 'Rpl32', 'Rpl7', 'Ubc', 'Rbx1', 'Rps25', 'Rpl7a', 'Rpl10', 'I79_021287', 'I79_023563']",1.3199999999999999e-28,3.41e-26,Eukaryotic Translation Initiation,64,True,True
RCTM,MAP-72689,25,473,10029,"['I79_000118', 'I79_000460', 'Rplp0', 'I79_002027', 'I79_002093', 'Rpl26', 'I79_004135', 'Rpl30', 'I79_005028', 'I79_005279', 'I79_005382', 'I79_005588', 'Rpl31', 'I79_010951', 'Rpl17', 'Rpsa', 'Rpl32', 'Rpl7', 'Ubc', 'Rbx1', 'Rps25', 'Rpl7a', 'Rpl10', 'I79_021287', 'I79_023563']","['I79_000118', 'I79_000460', 'Rplp0', 'I79_002027', 'I79_002093', 'Rpl26', 'I79_004135', 'Rpl30', 'I79_005028', 'I79_005279', 'I79_005382', 'I79_005588', 'Rpl31', 'I79_010951', 'Rpl17', 'Rpsa', 'Rpl32', 'Rpl7', 'Ubc', 'Rbx1', 'Rps25', 'Rpl7a', 'Rpl10', 'I79_021287', 'I79_023563']",2.0000000000000002e-29,3.41e-26,Formation of a pool of free 40S subunits,64,True,True
RCTM,MAP-72706,25,491,10029,"['I79_000118', 'I79_000460', 'Rplp0', 'I79_002027', 'I79_002093', 'Rpl26', 'I79_004135', 'Rpl30', 'I79_005028', 'I79_005279', 'I79_005382', 'I79_005588', 'Rpl31', 'I79_010951', 'Rpl17', 'Rpsa', 'Rpl32', 'Rpl7', 'Ubc', 'Rbx1', 'Rps25', 'Rpl7a', 'Rpl10', 'I79_021287', 'I79_023563']","['I79_000118', 'I79_000460', 'Rplp0', 'I79_002027', 'I79_002093', 'Rpl26', 'I79_004135', 'Rpl30', 'I79_005028', 'I79_005279', 'I79_005382', 'I79_005588', 'Rpl31', 'I79_010951', 'Rpl17', 'Rpsa', 'Rpl32', 'Rpl7', 'Ubc', 'Rbx1', 'Rps25', 'Rpl7a', 'Rpl10', 'I79_021287', 'I79_023563']",4.87e-29,3.41e-26,GTP hydrolysis and joining of the 60S ribosomal subunit,64,True,True
RCTM,MAP-72737,25,512,10029,"['I79_000118', 'I79_000460', 'Rplp0', 'I79_002027', 'I79_002093', 'Rpl26', 'I79_004135', 'Rpl30', 'I79_005028', 'I79_005279', 'I79_005382', 'I79_005588', 'Rpl31', 'I79_010951', 'Rpl17', 'Rpsa', 'Rpl32', 'Rpl7', 'Ubc', 'Rbx1', 'Rps25', 'Rpl7a', 'Rpl10', 'I79_021287', 'I79_023563']","['I79_000118', 'I79_000460', 'Rplp0', 'I79_002027', 'I79_002093', 'Rpl26', 'I79_004135', 'Rpl30', 'I79_005028', 'I79_005279', 'I79_005382', 'I79_005588', 'Rpl31', 'I79_010951', 'Rpl17', 'Rpsa', 'Rpl32', 'Rpl7', 'Ubc', 'Rbx1', 'Rps25', 'Rpl7a', 'Rpl10', 'I79_021287', 'I79_023563']",1.3199999999999999e-28,3.41e-26,Cap-dependent Translation Initiation,64,True,True
RCTM,MAP-8868773,26,574,10029,"['I79_000118', 'I79_000460', 'Rplp0', 'I79_002027', 'I79_002093', 'Rpl26', 'I79_004135', 'Rpl30', 'I79_005028', 'I79_005279', 'I79_005382', 'I79_005588', 'Rpl31', 'I79_010951', 'Rpl17', 'Rpsa', 'Rpl32', 'Rpl7', 'Ubc', 'Rbx1', 'Rps25', 'Rpl7a', 'Rpl10', 'I79_021287', 'I79_022545', 'I79_023563']","['I79_000118', 'I79_000460', 'Rplp0', 'I79_002027', 'I79_002093', 'Rpl26', 'I79_004135', 'Rpl30', 'I79_005028', 'I79_005279', 'I79_005382', 'I79_005588', 'Rpl31', 'I79_010951', 'Rpl17', 'Rpsa', 'Rpl32', 'Rpl7', 'Ubc', 'Rbx1', 'Rps25', 'Rpl7a', 'Rpl10', 'I79_021287', 'I79_022545', 'I79_023563']",4.81e-29,3.41e-26,rRNA processing in the nucleus and cytosol,64,True,True
RCTM,MAP-927802,25,509,10029,"['I79_000118', 'I79_000460', 'Rplp0', 'I79_002027', 'I79_002093', 'Rpl26', 'I79_004135', 'Rpl30', 'I79_005028', 'I79_005279', 'I79_005382', 'I79_005588', 'Rpl31', 'I79_010951', 'Rpl17', 'Rpsa', 'Rpl32', 'Rpl7', 'Ubc', 'Rbx1', 'Rps25', 'Rpl7a', 'Rpl10', 'I79_021287', 'I79_023563']","['I79_000118', 'I79_000460', 'Rplp0', 'I79_002027', 'I79_002093', 'Rpl26', 'I79_004135', 'Rpl30', 'I79_005028', 'I79_005279', 'I79_005382', 'I79_005588', 'Rpl31', 'I79_010951', 'Rpl17', 'Rpsa', 'Rpl32', 'Rpl7', 'Ubc', 'Rbx1', 'Rps25', 'Rpl7a', 'Rpl10', 'I79_021287', 'I79_023563']",1.15e-28,3.41e-26,Nonsense-Mediated Decay (NMD),64,True,True
RCTM,MAP-975956,25,478,10029,"['I79_000118', 'I79_000460', 'Rplp0', 'I79_002027', 'I79_002093', 'Rpl26', 'I79_004135', 'Rpl30', 'I79_005028', 'I79_005279', 'I79_005382', 'I79_005588', 'Rpl31', 'I79_010951', 'Rpl17', 'Rpsa', 'Rpl32', 'Rpl7', 'Ubc', 'Rbx1', 'Rps25', 'Rpl7a', 'Rpl10', 'I79_021287', 'I79_023563']","['I79_000118', 'I79_000460', 'Rplp0', 'I79_002027', 'I79_002093', 'Rpl26', 'I79_004135', 'Rpl30', 'I79_005028', 'I79_005279', 'I79_005382', 'I79_005588', 'Rpl31', 'I79_010951', 'Rpl17', 'Rpsa', 'Rpl32', 'Rpl7', 'Ubc', 'Rbx1', 'Rps25', 'Rpl7a', 'Rpl10', 'I79_021287', 'I79_023563']",2.57e-29,3.41e-26,Nonsense Mediated Decay (NMD) independent of the Exon Junction Complex (EJC),64,True,True
RCTM,MAP-975957,25,509,10029,"['I79_000118', 'I79_000460', 'Rplp0', 'I79_002027', 'I79_002093', 'Rpl26', 'I79_004135', 'Rpl30', 'I79_005028', 'I79_005279', 'I79_005382', 'I79_005588', 'Rpl31', 'I79_010951', 'Rpl17', 'Rpsa', 'Rpl32', 'Rpl7', 'Ubc', 'Rbx1', 'Rps25', 'Rpl7a', 'Rpl10', 'I79_021287', 'I79_023563']","['I79_000118', 'I79_000460', 'Rplp0', 'I79_002027', 'I79_002093', 'Rpl26', 'I79_004135', 'Rpl30', 'I79_005028', 'I79_005279', 'I79_005382', 'I79_005588', 'Rpl31', 'I79_010951', 'Rpl17', 'Rpsa', 'Rpl32', 'Rpl7', 'Ubc', 'Rbx1', 'Rps25', 'Rpl7a', 'Rpl10', 'I79_021287', 'I79_023563']",1.15e-28,3.41e-26,Nonsense Mediated Decay (NMD) enhanced by the Exon Junction Complex (EJC),64,True,True
RCTM,MAP-72766,27,719,10029,"['I79_000118', 'I79_000460', 'Rplp0', 'I79_002027', 'I79_002093', 'Rpl26', 'I79_004135', 'Rpl30', 'I79_005028', 'I79_005279', 'I79_005382', 'I79_005588', 'Rpl31', 'I79_010951', 'Rpl17', 'Rpsa', 'Rpl32', 'Rpl7', 'Eef1g', 'Ubc', 'Rbx1', 'Rps25', 'Rpl7a', 'Rpl10', 'I79_021287', 'Eef1a1', 'I79_023563']","['I79_000118', 'I79_000460', 'Rplp0', 'I79_002027', 'I79_002093', 'Rpl26', 'I79_004135', 'Rpl30', 'I79_005028', 'I79_005279', 'I79_005382', 'I79_005588', 'Rpl31', 'I79_010951', 'Rpl17', 'Rpsa', 'Rpl32', 'Rpl7', 'Eef1g', 'Ubc', 'Rbx1', 'Rps25', 'Rpl7a', 'Rpl10', 'I79_021287', 'Eef1a1', 'I79_023563']",3.55e-28,4.67e-26,Translation,64,True,True
RCTM,MAP-8953854,28,1376,10029,"['I79_000118', 'I79_000460', 'Rplp0', 'I79_002027', 'I79_002093', 'Rpl26', 'I79_004135', 'Rpl30', 'I79_005028', 'I79_005279', 'I79_005382', 'I79_005588', 'Rpl31', 'I79_010951', 'I79_011986', 'Rpl17', 'Rpsa', 'Pcbp2', 'Rpl32', 'Rpl7', 'Ubc', 'Rbx1', 'Rps25', 'Rpl7a', 'Rpl10', 'I79_021287', 'I79_022545', 'I79_023563']","['I79_000118', 'I79_000460', 'Rplp0', 'I79_002027', 'I79_002093', 'Rpl26', 'I79_004135', 'Rpl30', 'I79_005028', 'I79_005279', 'I79_005382', 'I79_005588', 'Rpl31', 'I79_010951', 'I79_011986', 'Rpl17', 'Rpsa', 'Pcbp2', 'Rpl32', 'Rpl7', 'Ubc', 'Rbx1', 'Rps25', 'Rpl7a', 'Rpl10', 'I79_021287', 'I79_022545', 'I79_023563']",3.01e-22,3.68e-20,Metabolism of RNA,64,True,True
RCTM,MAP-392499,29,2810,10029,"['I79_000118', 'I79_000460', 'Rplp0', 'I79_002027', 'I79_002093', 'Rpl26', 'I79_004135', 'Rpl30', 'I79_005028', 'I79_005279', 'I79_005382', 'I79_005588', 'Rpl31', 'I79_010951', 'Rpl17', 'CgPICR_014552', 'Rpsa', 'I79_013748', 'Rpl32', 'Rpl7', 'Eef1g', 'Ubc', 'Rbx1', 'Rps25', 'Rpl7a', 'Rpl10', 'I79_021287', 'Eef1a1', 'I79_023563']","['I79_000118', 'I79_000460', 'Rplp0', 'I79_002027', 'I79_002093', 'Rpl26', 'I79_004135', 'Rpl30', 'I79_005028', 'I79_005279', 'I79_005382', 'I79_005588', 'Rpl31', 'I79_010951', 'Rpl17', 'CgPICR_014552', 'Rpsa', 'I79_013748', 'Rpl32', 'Rpl7', 'Eef1g', 'Ubc', 'Rbx1', 'Rps25', 'Rpl7a', 'Rpl10', 'I79_021287', 'Eef1a1', 'I79_023563']",3.2e-15,3.65e-13,Metabolism of proteins,64,True,True
RCTM,MAP-72695,7,178,10029,"['I79_002027', 'I79_005382', 'I79_010951', 'Rpsa', 'Rbx1', 'Rps25', 'I79_023563']","['I79_002027', 'I79_005382', 'I79_010951', 'Rpsa', 'Rbx1', 'Rps25', 'I79_023563']",9.64e-08,1.03e-05,"Formation of the ternary complex, and subsequently, the 43S complex",64,True,True
RCTM,MAP-72649,7,190,10029,"['I79_002027', 'I79_005382', 'I79_010951', 'Rpsa', 'Rbx1', 'Rps25', 'I79_023563']","['I79_002027', 'I79_005382', 'I79_010951', 'Rpsa', 'Rbx1', 'Rps25', 'I79_023563']",1.48e-07,1.49e-05,Translation initiation complex formation,64,True,True
RCTM,MAP-72662,7,192,10029,"['I79_002027', 'I79_005382', 'I79_010951', 'Rpsa', 'Rbx1', 'Rps25', 'I79_023563']","['I79_002027', 'I79_005382', 'I79_010951', 'Rpsa', 'Rbx1', 'Rps25', 'I79_023563']",1.58e-07,1.5e-05,"Activation of the mRNA upon binding of the cap-binding complex and eIFs, and subsequent binding to 43S",64,True,True
RCTM,MAP-72702,7,192,10029,"['I79_002027', 'I79_005382', 'I79_010951', 'Rpsa', 'Rbx1', 'Rps25', 'I79_023563']","['I79_002027', 'I79_005382', 'I79_010951', 'Rpsa', 'Rbx1', 'Rps25', 'I79_023563']",1.58e-07,1.5e-05,Ribosomal scanning and start codon recognition,64,True,True
NetworkNeighborAL,CL:380,10,180,10029,"['I79_000460', 'Rplp0', 'I79_002027', 'I79_002093', 'Rpl26', 'Rpl30', 'I79_005382', 'I79_005588', 'I79_010951', 'I79_021287']","['I79_000460', 'Rplp0', 'I79_002027', 'I79_002093', 'Rpl26', 'Rpl30', 'I79_005382', 'I79_005588', 'I79_010951', 'I79_021287']",4.94e-12,2.1e-08,Formation of a pool of free 40S subunits,64,True,True
NetworkNeighborAL,CL:389,8,170,10029,"['I79_000460', 'Rplp0', 'I79_002027', 'I79_002093', 'Rpl26', 'Rpl30', 'I79_005382', 'I79_010951']","['I79_000460', 'Rplp0', 'I79_002027', 'I79_002093', 'Rpl26', 'Rpl30', 'I79_005382', 'I79_010951']",2.79e-09,1.97e-06,Formation of a pool of free 40S subunits,64,True,True
NetworkNeighborAL,CL:397,6,157,10029,"['Rplp0', 'I79_002093', 'Rpl26', 'Rpl30', 'I79_005382', 'I79_010951']","['Rplp0', 'I79_002093', 'Rpl26', 'Rpl30', 'I79_005382', 'I79_010951']",1e-06,0.00053,"Formation of the ternary complex, and subsequently, the 43S complex, and Cytosolic large ribosomal subunit",64,True,True
NetworkNeighborAL,CL:408,5,139,10029,"['Rplp0', 'Rpl26', 'Rpl30', 'I79_005382', 'I79_010951']","['Rplp0', 'Rpl26', 'Rpl30', 'I79_005382', 'I79_010951']",1.14e-05,0.0048,"Formation of the ternary complex, and subsequently, the 43S complex, and Cytosolic large ribosomal subunit",64,True,True
Component,GO:0098644,3,19,10029,"['Col4a2', 'Col4a1', 'I79_024376']","['Col4a2', 'Col4a1', 'I79_024376']",1.14e-05,0.0195,Complex of collagen trimers,65,True,True
SMART,SM00111,2,2,10029,"['Col4a2', 'Col4a1']","['Col4a2', 'Col4a1']",2.36e-05,0.0176,C-terminal tandem repeated domain in type 4 procollagens,65,True,True
PMID,PMID:25887056,3,5,10029,"['Zfyve16', 'Fam151b', 'Msh3']","['Zfyve16', 'Fam151b', 'Msh3']",4.22e-07,0.0116,(2015) Sequencing the CHO DXB11 genome reveals regional variations in genomic stability and haploidy.,65,True,False
COMPARTMENTS,GOCC:0005576,8,1287,10029,"['Cxcl3', 'Ifnb1', 'Ctsk', 'Cxcl1', 'I79_018425', 'I79_019773', 'Ccl5', 'Prlh']","['Cxcl3', 'Ifnb1', 'Ctsk', 'Cxcl1', 'I79_018425', 'I79_019773', 'Ccl5', 'Prlh']",1.72e-05,0.0336,Extracellular region,67,True,True
Process,GO:0006952,10,1162,10029,"['Cxcl3', 'Ifnb1', 'I79_004932', 'Oasl', 'Ifit2', 'Nfkbiz', 'Cxcl1', 'I79_019773', 'Ccl5', 'Lyzl6']","['Cxcl3', 'Ifnb1', 'I79_004932', 'Oasl', 'Ifit2', 'Nfkbiz', 'Cxcl1', 'I79_019773', 'Ccl5', 'Lyzl6']",4.94e-08,0.00062,Defense response,67,True,True
Process,GO:0009607,9,1261,10029,"['Cxcl3', 'Ifnb1', 'I79_004932', 'Oasl', 'Ifit2', 'Cxcl1', 'Ccl5', 'Jhy', 'Lyzl6']","['Cxcl3', 'Ifnb1', 'I79_004932', 'Oasl', 'Ifit2', 'Cxcl1', 'Ccl5', 'Jhy', 'Lyzl6']",1.36e-06,0.0038,Response to biotic stimulus,67,True,True
Process,GO:0034097,8,834,10029,"['Cxcl3', 'Ifnb1', 'I79_004932', 'Oasl', 'Ifit2', 'Cxcl1', 'I79_018425', 'Ccl5']","['Cxcl3', 'Ifnb1', 'I79_004932', 'Oasl', 'Ifit2', 'Cxcl1', 'I79_018425', 'Ccl5']",7.04e-07,0.0038,Response to cytokine,67,True,True
Process,GO:0050900,5,193,10029,"['Cxcl3', 'Asb2', 'Cxcl1', 'Ccl5', 'Jhy']","['Cxcl3', 'Asb2', 'Cxcl1', 'Ccl5', 'Jhy']",1.11e-06,0.0038,Leukocyte migration,67,True,True
Process,GO:0098542,8,817,10029,"['Cxcl3', 'Ifnb1', 'I79_004932', 'Oasl', 'Ifit2', 'Cxcl1', 'Ccl5', 'Lyzl6']","['Cxcl3', 'Ifnb1', 'I79_004932', 'Oasl', 'Ifit2', 'Cxcl1', 'Ccl5', 'Lyzl6']",6.03e-07,0.0038,Defense response to other organism,67,True,True
Process,GO:0002376,10,1887,10029,"['Cxcl3', 'Ifnb1', 'Ctsk', 'I79_004932', 'Oasl', 'Nfkbiz', 'Asb2', 'Cxcl1', 'Ccl5', 'Jhy']","['Cxcl3', 'Ifnb1', 'Ctsk', 'I79_004932', 'Oasl', 'Nfkbiz', 'Asb2', 'Cxcl1', 'Ccl5', 'Jhy']",4.24e-06,0.0089,Immune system process,67,True,True
Process,GO:0071345,7,747,10029,"['Cxcl3', 'Ifnb1', 'I79_004932', 'Oasl', 'Ifit2', 'Cxcl1', 'Ccl5']","['Cxcl3', 'Ifnb1', 'I79_004932', 'Oasl', 'Ifit2', 'Cxcl1', 'Ccl5']",4.77e-06,0.0089,Cellular response to cytokine stimulus,67,True,True
Process,GO:0019221,5,292,10029,"['Cxcl3', 'Ifnb1', 'Oasl', 'Cxcl1', 'Ccl5']","['Cxcl3', 'Ifnb1', 'Oasl', 'Cxcl1', 'Ccl5']",8.03e-06,0.0127,Cytokine-mediated signaling pathway,67,True,True
Process,GO:0030593,3,51,10029,"['Cxcl3', 'Cxcl1', 'Ccl5']","['Cxcl3', 'Cxcl1', 'Ccl5']",1.87e-05,0.0215,Neutrophil chemotaxis,67,True,True
Process,GO:0006954,5,410,10029,"['Cxcl3', 'Nfkbiz', 'Cxcl1', 'I79_019773', 'Ccl5']","['Cxcl3', 'Nfkbiz', 'Cxcl1', 'I79_019773', 'Ccl5']",4.01e-05,0.0257,Inflammatory response,67,True,True
Process,GO:0006955,7,999,10029,"['Cxcl3', 'Ifnb1', 'Ctsk', 'I79_004932', 'Oasl', 'Cxcl1', 'Ccl5']","['Cxcl3', 'Ifnb1', 'Ctsk', 'I79_004932', 'Oasl', 'Cxcl1', 'Ccl5']",3.11e-05,0.0257,Immune response,67,True,True
Process,GO:0009605,10,2319,10029,"['Cxcl3', 'Ifnb1', 'I79_004932', 'Oasl', 'Ifit2', 'Cxcl1', 'I79_019773', 'Ccl5', 'Prlh', 'Lyzl6']","['Cxcl3', 'Ifnb1', 'I79_004932', 'Oasl', 'Ifit2', 'Cxcl1', 'I79_019773', 'Ccl5', 'Prlh', 'Lyzl6']",2.63e-05,0.0257,Response to external stimulus,67,True,True
Process,GO:0032103,5,376,10029,"['Oasl', 'Nfkbiz', 'Cxcl1', 'Ccl5', 'Jhy']","['Oasl', 'Nfkbiz', 'Cxcl1', 'Ccl5', 'Jhy']",2.67e-05,0.0257,Positive regulation of response to external stimulus,67,True,True
Process,GO:0045071,3,58,10029,"['Ifnb1', 'Oasl', 'Ccl5']","['Ifnb1', 'Oasl', 'Ccl5']",2.7e-05,0.0257,Negative regulation of viral genome replication,67,True,True
Process,GO:0070098,3,56,10029,"['Cxcl3', 'Cxcl1', 'Ccl5']","['Cxcl3', 'Cxcl1', 'Ccl5']",2.44e-05,0.0257,Chemokine-mediated signaling pathway,67,True,True
Process,GO:0051607,4,217,10029,"['Ifnb1', 'I79_004932', 'Oasl', 'Ifit2']","['Ifnb1', 'I79_004932', 'Oasl', 'Ifit2']",5.49e-05,0.0289,Defense response to virus,67,True,True
Process,GO:0071674,3,75,10029,"['Asb2', 'Ccl5', 'Jhy']","['Asb2', 'Ccl5', 'Jhy']",5.65e-05,0.0289,Mononuclear cell migration,67,True,True
Process,GO:0031349,4,241,10029,"['Nfkbiz', 'Cxcl1', 'Ccl5', 'Jhy']","['Nfkbiz', 'Cxcl1', 'Ccl5', 'Jhy']",8.19e-05,0.037,Positive regulation of defense response,67,True,True
Process,GO:0050896,17,8055,10029,"['Cxcl3', 'Ifnb1', 'Ctsk', 'I79_004932', 'Oasl', 'Ifit2', 'Nfkbiz', 'Asb2', 'Amhr2', 'C1qtnf12', 'Cxcl1', 'I79_018425', 'I79_019773', 'Ccl5', 'Prlh', 'Jhy', 'Lyzl6']","['Cxcl3', 'Ifnb1', 'Ctsk', 'I79_004932', 'Oasl', 'Ifit2', 'Nfkbiz', 'Asb2', 'Amhr2', 'C1qtnf12', 'Cxcl1', 'I79_018425', 'I79_019773', 'Ccl5', 'Prlh', 'Jhy', 'Lyzl6']",9.8e-05,0.0427,Response to stimulus,67,True,True
Component,GO:0005576,9,1907,10029,"['Cxcl3', 'Ifnb1', 'Ctsk', 'C1qtnf12', 'Cxcl1', 'I79_018425', 'I79_019773', 'Ccl5', 'Prlh']","['Cxcl3', 'Ifnb1', 'Ctsk', 'C1qtnf12', 'Cxcl1', 'I79_018425', 'I79_019773', 'Ccl5', 'Prlh']",3.89e-05,0.0357,Extracellular region,67,True,True
Component,GO:0005615,8,1322,10029,"['Cxcl3', 'Ifnb1', 'Ctsk', 'C1qtnf12', 'Cxcl1', 'I79_018425', 'I79_019773', 'Ccl5']","['Cxcl3', 'Ifnb1', 'Ctsk', 'C1qtnf12', 'Cxcl1', 'I79_018425', 'I79_019773', 'Ccl5']",2.08e-05,0.0357,Extracellular space,67,True,True
Function,GO:0048018,7,366,10029,"['Cxcl3', 'Ifnb1', 'C1qtnf12', 'Cxcl1', 'I79_019773', 'Ccl5', 'Prlh']","['Cxcl3', 'Ifnb1', 'C1qtnf12', 'Cxcl1', 'I79_019773', 'Ccl5', 'Prlh']",4.22e-08,0.00014,Receptor ligand activity,67,True,True
Function,GO:0005126,5,210,10029,"['Cxcl3', 'Ifnb1', 'Cxcl1', 'Ccl5', 'Prlh']","['Cxcl3', 'Ifnb1', 'Cxcl1', 'Ccl5', 'Prlh']",1.66e-06,0.0013,Cytokine receptor binding,67,True,True
Function,GO:0008009,3,21,10029,"['Cxcl3', 'Cxcl1', 'Ccl5']","['Cxcl3', 'Cxcl1', 'Ccl5']",1.56e-06,0.0013,Chemokine activity,67,True,True
Function,GO:0005125,4,159,10029,"['Cxcl3', 'Ifnb1', 'Cxcl1', 'Ccl5']","['Cxcl3', 'Ifnb1', 'Cxcl1', 'Ccl5']",1.67e-05,0.0079,Cytokine activity,67,True,True
Function,GO:0045236,2,7,10029,"['Cxcl3', 'Cxcl1']","['Cxcl3', 'Cxcl1']",3.18e-05,0.0131,CXCR chemokine receptor binding,67,True,True
Function,GO:0005102,8,1451,10029,"['Cxcl3', 'Ifnb1', 'C1qtnf12', 'Cxcl1', 'I79_019773', 'Ccl5', 'Prlh', 'Jhy']","['Cxcl3', 'Ifnb1', 'C1qtnf12', 'Cxcl1', 'I79_019773', 'Ccl5', 'Prlh', 'Jhy']",4.06e-05,0.0149,Signaling receptor binding,67,True,True
Function,GO:0001664,4,264,10029,"['Cxcl3', 'Cxcl1', 'Ccl5', 'Prlh']","['Cxcl3', 'Cxcl1', 'Ccl5', 'Prlh']",0.00012,0.0382,G protein-coupled receptor binding,67,True,True
Keyword,KW-0145,3,15,10029,"['Cxcl3', 'Cxcl1', 'Ccl5']","['Cxcl3', 'Cxcl1', 'Ccl5']",6.29e-07,0.00011,Chemotaxis,67,True,True
Keyword,KW-0202,4,57,10029,"['Cxcl3', 'Ifnb1', 'Cxcl1', 'Ccl5']","['Cxcl3', 'Ifnb1', 'Cxcl1', 'Ccl5']",3.28e-07,0.00011,Cytokine,67,True,True
Keyword,KW-0964,4,233,10029,"['Cxcl3', 'Ifnb1', 'Cxcl1', 'Ccl5']","['Cxcl3', 'Ifnb1', 'Cxcl1', 'Ccl5']",7.2e-05,0.0082,Secreted,67,True,True
Keyword,KW-1015,6,813,10029,"['Cxcl3', 'Ifnb1', 'Cxcl1', 'I79_018425', 'Jhy', 'Lyzl6']","['Cxcl3', 'Ifnb1', 'Cxcl1', 'I79_018425', 'Jhy', 'Lyzl6']",9.74e-05,0.0084,Disulfide bond,67,True,True
KEGG,cge04060,5,184,10029,"['Cxcl3', 'Ifnb1', 'Amhr2', 'Cxcl1', 'Ccl5']","['Cxcl3', 'Ifnb1', 'Amhr2', 'Cxcl1', 'Ccl5']",8.8e-07,0.00017,Cytokine-cytokine receptor interaction,67,True,True
KEGG,cge04668,4,81,10029,"['Cxcl3', 'Ifnb1', 'Cxcl1', 'Ccl5']","['Cxcl3', 'Ifnb1', 'Cxcl1', 'Ccl5']",1.25e-06,0.00017,TNF signaling pathway,67,True,True
KEGG,cge05323,4,64,10029,"['Cxcl3', 'Ctsk', 'Cxcl1', 'Ccl5']","['Cxcl3', 'Ctsk', 'Cxcl1', 'Ccl5']",5.1e-07,0.00017,Rheumatoid arthritis,67,True,True
KEGG,cge04621,4,130,10029,"['Cxcl3', 'Ifnb1', 'Cxcl1', 'Ccl5']","['Cxcl3', 'Ifnb1', 'Cxcl1', 'Ccl5']",7.71e-06,0.00064,NOD-like receptor signaling pathway,67,True,True
KEGG,cge04061,3,57,10029,"['Cxcl3', 'Cxcl1', 'Ccl5']","['Cxcl3', 'Cxcl1', 'Ccl5']",2.57e-05,0.0017,Viral protein interaction with cytokine and cytokine receptor,67,True,True
KEGG,cge04620,3,79,10029,"['Ifnb1', 'Ctsk', 'Ccl5']","['Ifnb1', 'Ctsk', 'Ccl5']",6.56e-05,0.0036,Toll-like receptor signaling pathway,67,True,True
KEGG,cge04062,3,138,10029,"['Cxcl3', 'Cxcl1', 'Ccl5']","['Cxcl3', 'Cxcl1', 'Ccl5']",0.00033,0.0155,Chemokine signaling pathway,67,True,True
KEGG,cge05167,3,157,10029,"['Cxcl3', 'Ifnb1', 'Cxcl1']","['Cxcl3', 'Ifnb1', 'Cxcl1']",0.00047,0.0196,Kaposi sarcoma-associated herpesvirus infection,67,True,True
KEGG,cge05134,2,45,10029,"['Cxcl3', 'Cxcl1']","['Cxcl3', 'Cxcl1']",0.00093,0.0344,Legionellosis,67,True,True
KEGG,cge04623,2,53,10029,"['Ifnb1', 'Ccl5']","['Ifnb1', 'Ccl5']",0.0013,0.0424,Cytosolic DNA-sensing pathway,67,True,True
KEGG,cge04657,2,57,10029,"['Cxcl3', 'Cxcl1']","['Cxcl3', 'Cxcl1']",0.0015,0.0443,IL-17 signaling pathway,67,True,True
SMART,SM00199,3,20,10029,"['Cxcl3', 'Cxcl1', 'Ccl5']","['Cxcl3', 'Cxcl1', 'Ccl5']",1.36e-06,0.001,Intercrine alpha family (small cytokine C-X-C) (chemokine CXC).,67,True,True
InterPro,IPR001811,3,24,10029,"['Cxcl3', 'Cxcl1', 'Ccl5']","['Cxcl3', 'Cxcl1', 'Ccl5']",2.24e-06,0.0146,Chemokine interleukin-8-like domain,67,True,True
InterPro,IPR036048,3,25,10029,"['Cxcl3', 'Cxcl1', 'Ccl5']","['Cxcl3', 'Cxcl1', 'Ccl5']",2.51e-06,0.0146,Chemokine interleukin-8-like superfamily,67,True,True
InterPro,IPR001089,2,4,10029,"['Cxcl3', 'Cxcl1']","['Cxcl3', 'Cxcl1']",1.33e-05,0.0287,CXC chemokine,67,True,True
InterPro,IPR018048,2,4,10029,"['Cxcl3', 'Cxcl1']","['Cxcl3', 'Cxcl1']",1.33e-05,0.0287,"CXC chemokine, conserved site",67,True,True
InterPro,IPR033899,2,4,10029,"['Cxcl3', 'Cxcl1']","['Cxcl3', 'Cxcl1']",1.33e-05,0.0287,CXC Chemokine domain,67,True,True
PMID,PMID:36819978,4,21,10029,"['Ifnb1', 'Oasl', 'Ifit2', 'Ccl5']","['Ifnb1', 'Oasl', 'Ifit2', 'Ccl5']",8.14e-09,0.00022,(2023) Production of rAAV by plasmid transfection induces antiviral and inflammatory responses in suspension HEK293 cells.,67,True,False
PMID,PMID:37074178,3,8,10029,"['Ifnb1', 'Oasl', 'Ifit2']","['Ifnb1', 'Oasl', 'Ifit2']",1.28e-07,0.0018,(2023) Generation and Functional Analysis of Defective Viral Genomes during SARS-CoV-2 Infection.,67,True,False
PMID,PMID:35013229,3,14,10029,"['Ifnb1', 'Oasl', 'Ifit2']","['Ifnb1', 'Oasl', 'Ifit2']",5.25e-07,0.004,(2022) Age-dependent pathogenic characteristics of SARS-CoV-2 infection in ferrets.,67,True,False
PMID,PMID:36370877,3,13,10029,"['Ifnb1', 'Oasl', 'Ifit2']","['Ifnb1', 'Oasl', 'Ifit2']",4.33e-07,0.004,(2022) Bioelectronic cell-based device provides a strategy for the treatment of the experimental model of multiple sclerosis.,67,True,False
PMID,PMID:35286211,3,17,10029,"['Oasl', 'Ifit2', 'Ccl5']","['Oasl', 'Ifit2', 'Ccl5']",8.78e-07,0.0048,(2022) A recombinant VSV-vectored vaccine rapidly protects nonhuman primates against lethal Nipah virus disease.,67,True,False
PMID,PMID:28074026,3,29,10029,"['Ifnb1', 'Cxcl1', 'Ccl5']","['Ifnb1', 'Cxcl1', 'Ccl5']",3.79e-06,0.0174,(2017) Promyelocytic Leukemia Protein (PML) Controls Listeria monocytogenes Infection.,67,True,False
PMID,PMID:32839612,3,32,10029,"['Ifit2', 'Cxcl1', 'Ccl5']","['Ifit2', 'Cxcl1', 'Ccl5']",5e-06,0.0196,(2020) SARS-CoV-2 infection of human ACE2-transgenic mice causes severe lung inflammation and impaired function.,67,True,False
PMID,PMID:24508120,3,40,10029,"['Ifnb1', 'Cxcl1', 'Ccl5']","['Ifnb1', 'Cxcl1', 'Ccl5']",9.37e-06,0.0322,(2014) Key roles for the small leucine-rich proteoglycans in renal and pulmonary pathophysiology.,67,True,False
PMID,PMID:37350967,3,44,10029,"['Ifnb1', 'Ifit2', 'Ccl5']","['Ifnb1', 'Ifit2', 'Ccl5']",1.23e-05,0.0376,(2023) Central role of lung macrophages in SARS-CoV-2 physiopathology: a cross-model single-cell RNA-seq perspective.,67,True,False
PMID,PMID:36314791,3,49,10029,"['Oasl', 'Ifit2', 'Cxcl1']","['Oasl', 'Ifit2', 'Cxcl1']",1.67e-05,0.0376,"(2022) Neuropilin-1 Mediates SARS-CoV-2 Infection of Astrocytes in Brain Organoids, Inducing Inflammation Leading to Dysfunction and Death of Neurons.",67,True,False
PMID,PMID:33690918,3,47,10029,"['Ctsk', 'Cxcl1', 'Ccl5']","['Ctsk', 'Cxcl1', 'Ccl5']",1.48e-05,0.0376,(2021) Maintaining homeostatic control of periodontal bone tissue.,67,True,False
PMID,PMID:33743212,3,45,10029,"['Ifnb1', 'Cxcl1', 'Ccl5']","['Ifnb1', 'Cxcl1', 'Ccl5']",1.31e-05,0.0376,(2021) COVID-19 and the human innate immune system.,67,True,False
PMID,PMID:25246273,2,4,10029,"['Cxcl1', 'Ccl5']","['Cxcl1', 'Ccl5']",1.33e-05,0.0376,(2014) Breast cancer: coordinated regulation of CCL2 secretion by intracellular glycosaminoglycans and chemokine motifs.,67,True,False
PMID,PMID:27033511,2,4,10029,"['Ifnb1', 'I79_018425']","['Ifnb1', 'I79_018425']",1.33e-05,0.0376,(....) Characterization of Pharmaceutical IgG and Biosimilars Using Miniaturized Platforms and LC-MSMS.,67,True,False
PMID,PMID:34381043,3,53,10029,"['Ifit2', 'Cxcl1', 'Ccl5']","['Ifit2', 'Cxcl1', 'Ccl5']",2.09e-05,0.0383,(2021) Temporal omics analysis in Syrian hamsters unravel cellular effector responses to moderate COVID-19.,67,True,False
PMID,PMID:36445779,2,6,10029,"['Oasl', 'Ifit2']","['Oasl', 'Ifit2']",2.47e-05,0.0425,(2023) Recombinant vesicular stomatitis virus-vectored vaccine induces long-lasting immunity against Nipah virus disease.,67,True,False
PMID,PMID:33691139,3,58,10029,"['Ifit2', 'Cxcl1', 'Ccl5']","['Ifit2', 'Cxcl1', 'Ccl5']",2.7e-05,0.0425,(2021) Human neutralizing antibodies against SARS-CoV-2 require intact Fc effector functions for optimal therapeutic protection.,67,True,False
PMID,PMID:31814803,2,6,10029,"['Cxcl1', 'Ccl5']","['Cxcl1', 'Ccl5']",2.47e-05,0.0425,(2019) Thrombin Induces Secretion of Multiple Cytokines and Expression of Protease-Activated Receptors in Mouse Mast Cell Line.,67,True,False
PMID,PMID:35746609,2,7,10029,"['Cxcl1', 'Ccl5']","['Cxcl1', 'Ccl5']",3.18e-05,0.046,(2022) Cardiovascular Tropism and Sequelae of SARS-CoV-2 Infection.,67,True,False
PMID,PMID:34379705,2,7,10029,"['Cxcl1', 'Ccl5']","['Cxcl1', 'Ccl5']",3.18e-05,0.046,(2021) Rapid generation of mouse model for emerging infectious disease with the case of severe COVID-19.,67,True,False
RCTM,MAP-168256,13,2563,10029,"['Cxcl3', 'Ifnb1', 'Ctsk', 'I79_004932', 'I79_007927', 'Oasl', 'Ifit2', 'Asb2', 'C1qtnf12', 'Cxcl1', 'I79_019773', 'Jhy', 'Lyzl6']","['Cxcl3', 'Ifnb1', 'Ctsk', 'I79_004932', 'I79_007927', 'Oasl', 'Ifit2', 'Asb2', 'C1qtnf12', 'Cxcl1', 'I79_019773', 'Jhy', 'Lyzl6']",1.04e-07,0.00018,Immune System,67,True,True
RCTM,MAP-380108,3,38,10029,"['Cxcl3', 'Cxcl1', 'Ccl5']","['Cxcl3', 'Cxcl1', 'Ccl5']",8.11e-06,0.0069,Chemokine receptors bind chemokines,67,True,True
RCTM,MAP-375276,4,164,10029,"['Cxcl3', 'Cxcl1', 'Ccl5', 'Prlh']","['Cxcl3', 'Cxcl1', 'Ccl5', 'Prlh']",1.88e-05,0.0107,Peptide ligand-binding receptors,67,True,True
RCTM,MAP-913531,4,174,10029,"['Ifnb1', 'I79_004932', 'Oasl', 'Ifit2']","['Ifnb1', 'I79_004932', 'Oasl', 'Ifit2']",2.36e-05,0.0107,Interferon Signaling,67,True,True
NetworkNeighborAL,CL:18940,3,27,10029,"['Cxcl3', 'Cxcl1', 'Ccl5']","['Cxcl3', 'Cxcl1', 'Ccl5']",3.11e-06,0.0132,Chemokine receptors bind chemokines,67,True,True
NetworkNeighborAL,CL:18984,2,5,10029,"['Cxcl3', 'Cxcl1']","['Cxcl3', 'Cxcl1']",1.86e-05,0.0197,"CXC chemokine, and interleukin-8 binding",67,True,True
NetworkNeighborAL,CL:18732,4,195,10029,"['Cxcl3', 'Ifnb1', 'Cxcl1', 'Ccl5']","['Cxcl3', 'Ifnb1', 'Cxcl1', 'Ccl5']",3.65e-05,0.031,"Cytokine-cytokine receptor interaction, and Interleukin-20 family signaling",67,True,True
Process,GO:0009952,12,207,10029,"['Hoxa3', 'Hoxa6', 'Hoxa7', 'Hoxa9', 'I79_008458', 'Tdgf1', 'Hoxc4', 'Hoxc5', 'Hoxc6', 'Hoxc8', 'Hoxc9', 'Hoxc10']","['Hoxa3', 'Hoxa6', 'Hoxa7', 'Hoxa9', 'I79_008458', 'Tdgf1', 'Hoxc4', 'Hoxc5', 'Hoxc6', 'Hoxc8', 'Hoxc9', 'Hoxc10']",4.9e-14,6.2e-10,Anterior/posterior pattern specification,68,True,True
Process,GO:0001501,12,514,10029,"['Hoxa3', 'Hoxa6', 'Hoxa7', 'Hoxa9', 'I79_008458', 'Hoxc4', 'Hoxc5', 'Hoxc6', 'Hoxc8', 'Hoxc9', 'Hoxc10', 'Pthlh']","['Hoxa3', 'Hoxa6', 'Hoxa7', 'Hoxa9', 'I79_008458', 'Hoxc4', 'Hoxc5', 'Hoxc6', 'Hoxc8', 'Hoxc9', 'Hoxc10', 'Pthlh']",1.32e-09,3.52e-06,Skeletal system development,68,True,True
Process,GO:0048706,8,138,10029,"['Hoxa3', 'Hoxa6', 'Hoxa7', 'Hoxa9', 'Hoxc4', 'Hoxc5', 'Hoxc6', 'Hoxc9']","['Hoxa3', 'Hoxa6', 'Hoxa7', 'Hoxa9', 'Hoxc4', 'Hoxc5', 'Hoxc6', 'Hoxc9']",1.11e-09,3.52e-06,Embryonic skeletal system development,68,True,True
Process,GO:0010468,28,4725,10029,"['Mmp12', 'Pdlim2', 'Cenpv', 'Hoxa3', 'I79_008450', 'Hoxa6', 'Hoxa7', 'Hoxa9', 'I79_008458', 'Creg1', 'Igf2bp2', 'I79_012275', 'Tdgf1', 'Ccbe1', 'Hoxc4', 'Hoxc5', 'Hoxc6', 'Hoxc8', 'Hoxc9', 'Hoxc10', 'Fn1', 'Hdgfl3', 'I79_018216', 'Fabp4', 'I79_020269', 'Pthlh', 'I79_020548', 'Serpinf1']","['Mmp12', 'Pdlim2', 'Cenpv', 'Hoxa3', 'I79_008450', 'Hoxa6', 'Hoxa7', 'Hoxa9', 'I79_008458', 'Creg1', 'Igf2bp2', 'I79_012275', 'Tdgf1', 'Ccbe1', 'Hoxc4', 'Hoxc5', 'Hoxc6', 'Hoxc8', 'Hoxc9', 'Hoxc10', 'Fn1', 'Hdgfl3', 'I79_018216', 'Fabp4', 'I79_020269', 'Pthlh', 'I79_020548', 'Serpinf1']",9.62e-08,0.0002,Regulation of gene expression,68,True,True
Process,GO:0019222,33,6627,10029,"['Mmp12', 'Pdlim2', 'Cenpv', 'I79_006467', 'Hoxa3', 'I79_008450', 'Hoxa6', 'Hoxa7', 'Hoxa9', 'I79_008458', 'Creg1', 'COQ3', 'Igf2bp2', 'I79_012275', 'Etfbkmt', 'Fmo2', 'Tdgf1', 'Ccbe1', 'Hoxc4', 'Hoxc5', 'Hoxc6', 'Hoxc8', 'Hoxc9', 'Hoxc10', 'Gpd1', 'Fn1', 'Hdgfl3', 'I79_018216', 'Fabp4', 'I79_020269', 'Pthlh', 'I79_020548', 'Serpinf1']","['Mmp12', 'Pdlim2', 'Cenpv', 'I79_006467', 'Hoxa3', 'I79_008450', 'Hoxa6', 'Hoxa7', 'Hoxa9', 'I79_008458', 'Creg1', 'COQ3', 'Igf2bp2', 'I79_012275', 'Etfbkmt', 'Fmo2', 'Tdgf1', 'Ccbe1', 'Hoxc4', 'Hoxc5', 'Hoxc6', 'Hoxc8', 'Hoxc9', 'Hoxc10', 'Gpd1', 'Fn1', 'Hdgfl3', 'I79_018216', 'Fabp4', 'I79_020269', 'Pthlh', 'I79_020548', 'Serpinf1']",1.73e-07,0.00028,Regulation of metabolic process,68,True,True
Process,GO:0048598,11,641,10029,"['Enah', 'Hoxa3', 'Hoxa7', 'Hoxa9', 'I79_008458', 'Tdgf1', 'Hoxc4', 'Hoxc9', 'Hoxc10', 'Fn1', 'I79_020269']","['Enah', 'Hoxa3', 'Hoxa7', 'Hoxa9', 'I79_008458', 'Tdgf1', 'Hoxc4', 'Hoxc9', 'Hoxc10', 'Fn1', 'I79_020269']",1.52e-07,0.00028,Embryonic morphogenesis,68,True,True
Process,GO:0006355,22,3184,10029,"['Mmp12', 'Pdlim2', 'Hoxa3', 'I79_008450', 'Hoxa6', 'Hoxa7', 'Hoxa9', 'I79_008458', 'Creg1', 'I79_012275', 'Tdgf1', 'Hoxc4', 'Hoxc5', 'Hoxc6', 'Hoxc8', 'Hoxc9', 'Hoxc10', 'Hdgfl3', 'I79_018216', 'Fabp4', 'I79_020269', 'I79_020548']","['Mmp12', 'Pdlim2', 'Hoxa3', 'I79_008450', 'Hoxa6', 'Hoxa7', 'Hoxa9', 'I79_008458', 'Creg1', 'I79_012275', 'Tdgf1', 'Hoxc4', 'Hoxc5', 'Hoxc6', 'Hoxc8', 'Hoxc9', 'Hoxc10', 'Hdgfl3', 'I79_018216', 'Fabp4', 'I79_020269', 'I79_020548']",4.04e-07,0.00052,"Regulation of transcription, DNA-templated",68,True,True
Process,GO:0009790,14,1236,10029,"['Enah', 'Hoxa3', 'Hoxa6', 'Hoxa7', 'Hoxa9', 'I79_008458', 'Tdgf1', 'Hoxc4', 'Hoxc5', 'Hoxc6', 'Hoxc9', 'Hoxc10', 'Fn1', 'I79_020269']","['Enah', 'Hoxa3', 'Hoxa6', 'Hoxa7', 'Hoxa9', 'I79_008458', 'Tdgf1', 'Hoxc4', 'Hoxc5', 'Hoxc6', 'Hoxc9', 'Hoxc10', 'Fn1', 'I79_020269']",3.71e-07,0.00052,Embryo development,68,True,True
Process,GO:0009889,25,4090,10029,"['Mmp12', 'Pdlim2', 'Hoxa3', 'I79_008450', 'Hoxa6', 'Hoxa7', 'Hoxa9', 'I79_008458', 'Creg1', 'COQ3', 'Igf2bp2', 'I79_012275', 'Tdgf1', 'Hoxc4', 'Hoxc5', 'Hoxc6', 'Hoxc8', 'Hoxc9', 'Hoxc10', 'Fn1', 'Hdgfl3', 'I79_018216', 'Fabp4', 'I79_020269', 'I79_020548']","['Mmp12', 'Pdlim2', 'Hoxa3', 'I79_008450', 'Hoxa6', 'Hoxa7', 'Hoxa9', 'I79_008458', 'Creg1', 'COQ3', 'Igf2bp2', 'I79_012275', 'Tdgf1', 'Hoxc4', 'Hoxc5', 'Hoxc6', 'Hoxc8', 'Hoxc9', 'Hoxc10', 'Fn1', 'Hdgfl3', 'I79_018216', 'Fabp4', 'I79_020269', 'I79_020548']",4.37e-07,0.00052,Regulation of biosynthetic process,68,True,True
Process,GO:0019219,24,3835,10029,"['Mmp12', 'Pdlim2', 'Hoxa3', 'I79_008450', 'Hoxa6', 'Hoxa7', 'Hoxa9', 'I79_008458', 'Creg1', 'Igf2bp2', 'I79_012275', 'Tdgf1', 'Hoxc4', 'Hoxc5', 'Hoxc6', 'Hoxc8', 'Hoxc9', 'Hoxc10', 'Gpd1', 'Hdgfl3', 'I79_018216', 'Fabp4', 'I79_020269', 'I79_020548']","['Mmp12', 'Pdlim2', 'Hoxa3', 'I79_008450', 'Hoxa6', 'Hoxa7', 'Hoxa9', 'I79_008458', 'Creg1', 'Igf2bp2', 'I79_012275', 'Tdgf1', 'Hoxc4', 'Hoxc5', 'Hoxc6', 'Hoxc8', 'Hoxc9', 'Hoxc10', 'Gpd1', 'Hdgfl3', 'I79_018216', 'Fabp4', 'I79_020269', 'I79_020548']",5.63e-07,0.00052,Regulation of nucleobase-containing compound metabolic process,68,True,True
Process,GO:0051252,23,3508,10029,"['Mmp12', 'Pdlim2', 'Hoxa3', 'I79_008450', 'Hoxa6', 'Hoxa7', 'Hoxa9', 'I79_008458', 'Creg1', 'Igf2bp2', 'I79_012275', 'Tdgf1', 'Hoxc4', 'Hoxc5', 'Hoxc6', 'Hoxc8', 'Hoxc9', 'Hoxc10', 'Hdgfl3', 'I79_018216', 'Fabp4', 'I79_020269', 'I79_020548']","['Mmp12', 'Pdlim2', 'Hoxa3', 'I79_008450', 'Hoxa6', 'Hoxa7', 'Hoxa9', 'I79_008458', 'Creg1', 'Igf2bp2', 'I79_012275', 'Tdgf1', 'Hoxc4', 'Hoxc5', 'Hoxc6', 'Hoxc8', 'Hoxc9', 'Hoxc10', 'Hdgfl3', 'I79_018216', 'Fabp4', 'I79_020269', 'I79_020548']",4.89e-07,0.00052,Regulation of RNA metabolic process,68,True,True
Process,GO:0080090,30,5780,10029,"['Mmp12', 'Pdlim2', 'I79_006467', 'Hoxa3', 'I79_008450', 'Hoxa6', 'Hoxa7', 'Hoxa9', 'I79_008458', 'Creg1', 'Igf2bp2', 'I79_012275', 'Etfbkmt', 'Fmo2', 'Tdgf1', 'Ccbe1', 'Hoxc4', 'Hoxc5', 'Hoxc6', 'Hoxc8', 'Hoxc9', 'Hoxc10', 'Gpd1', 'Fn1', 'Hdgfl3', 'I79_018216', 'Fabp4', 'I79_020269', 'I79_020548', 'Serpinf1']","['Mmp12', 'Pdlim2', 'I79_006467', 'Hoxa3', 'I79_008450', 'Hoxa6', 'Hoxa7', 'Hoxa9', 'I79_008458', 'Creg1', 'Igf2bp2', 'I79_012275', 'Etfbkmt', 'Fmo2', 'Tdgf1', 'Ccbe1', 'Hoxc4', 'Hoxc5', 'Hoxc6', 'Hoxc8', 'Hoxc9', 'Hoxc10', 'Gpd1', 'Fn1', 'Hdgfl3', 'I79_018216', 'Fabp4', 'I79_020269', 'I79_020548', 'Serpinf1']",4.74e-07,0.00052,Regulation of primary metabolic process,68,True,True
Process,GO:0048731,24,3916,10029,"['Enah', 'Mmp12', 'Plxdc1', 'Hoxa3', 'Hoxa6', 'Hoxa7', 'Hoxa9', 'I79_008458', 'Evl', 'Igf2bp2', 'Tdgf1', 'Ccbe1', 'Hoxc4', 'Hoxc5', 'Hoxc6', 'Hoxc8', 'Hoxc9', 'Hoxc10', 'Fn1', 'Hdgfl3', 'I79_020269', 'Pthlh', 'I79_020548', 'Serpinf1']","['Enah', 'Mmp12', 'Plxdc1', 'Hoxa3', 'Hoxa6', 'Hoxa7', 'Hoxa9', 'I79_008458', 'Evl', 'Igf2bp2', 'Tdgf1', 'Ccbe1', 'Hoxc4', 'Hoxc5', 'Hoxc6', 'Hoxc8', 'Hoxc9', 'Hoxc10', 'Fn1', 'Hdgfl3', 'I79_020269', 'Pthlh', 'I79_020548', 'Serpinf1']",8.31e-07,0.00062,System development,68,True,True
Process,GO:0031323,29,5592,10029,"['Mmp12', 'Pdlim2', 'I79_006467', 'Hoxa3', 'I79_008450', 'Hoxa6', 'Hoxa7', 'Hoxa9', 'I79_008458', 'Creg1', 'COQ3', 'Igf2bp2', 'I79_012275', 'Etfbkmt', 'Fmo2', 'Tdgf1', 'Hoxc4', 'Hoxc5', 'Hoxc6', 'Hoxc8', 'Hoxc9', 'Hoxc10', 'Gpd1', 'Fn1', 'Hdgfl3', 'I79_018216', 'Fabp4', 'I79_020269', 'I79_020548']","['Mmp12', 'Pdlim2', 'I79_006467', 'Hoxa3', 'I79_008450', 'Hoxa6', 'Hoxa7', 'Hoxa9', 'I79_008458', 'Creg1', 'COQ3', 'Igf2bp2', 'I79_012275', 'Etfbkmt', 'Fmo2', 'Tdgf1', 'Hoxc4', 'Hoxc5', 'Hoxc6', 'Hoxc8', 'Hoxc9', 'Hoxc10', 'Gpd1', 'Fn1', 'Hdgfl3', 'I79_018216', 'Fabp4', 'I79_020269', 'I79_020548']",9.19e-07,0.00065,Regulation of cellular metabolic process,68,True,True
Process,GO:0031326,24,4002,10029,"['Mmp12', 'Pdlim2', 'Hoxa3', 'I79_008450', 'Hoxa6', 'Hoxa7', 'Hoxa9', 'I79_008458', 'Creg1', 'COQ3', 'Igf2bp2', 'I79_012275', 'Tdgf1', 'Hoxc4', 'Hoxc5', 'Hoxc6', 'Hoxc8', 'Hoxc9', 'Hoxc10', 'Hdgfl3', 'I79_018216', 'Fabp4', 'I79_020269', 'I79_020548']","['Mmp12', 'Pdlim2', 'Hoxa3', 'I79_008450', 'Hoxa6', 'Hoxa7', 'Hoxa9', 'I79_008458', 'Creg1', 'COQ3', 'Igf2bp2', 'I79_012275', 'Tdgf1', 'Hoxc4', 'Hoxc5', 'Hoxc6', 'Hoxc8', 'Hoxc9', 'Hoxc10', 'Hdgfl3', 'I79_018216', 'Fabp4', 'I79_020269', 'I79_020548']",1.24e-06,0.00083,Regulation of cellular biosynthetic process,68,True,True
Process,GO:0006357,18,2341,10029,"['Mmp12', 'Pdlim2', 'Hoxa3', 'I79_008450', 'Hoxa6', 'Hoxa7', 'Hoxa9', 'I79_008458', 'I79_012275', 'Tdgf1', 'Hoxc4', 'Hoxc5', 'Hoxc6', 'Hoxc8', 'Hoxc9', 'Hoxc10', 'Hdgfl3', 'I79_018216']","['Mmp12', 'Pdlim2', 'Hoxa3', 'I79_008450', 'Hoxa6', 'Hoxa7', 'Hoxa9', 'I79_008458', 'I79_012275', 'Tdgf1', 'Hoxc4', 'Hoxc5', 'Hoxc6', 'Hoxc8', 'Hoxc9', 'Hoxc10', 'Hdgfl3', 'I79_018216']",1.59e-06,0.001,Regulation of transcription by RNA polymerase II,68,True,True
Process,GO:0010556,23,3816,10029,"['Mmp12', 'Pdlim2', 'Hoxa3', 'I79_008450', 'Hoxa6', 'Hoxa7', 'Hoxa9', 'I79_008458', 'Creg1', 'Igf2bp2', 'I79_012275', 'Tdgf1', 'Hoxc4', 'Hoxc5', 'Hoxc6', 'Hoxc8', 'Hoxc9', 'Hoxc10', 'Hdgfl3', 'I79_018216', 'Fabp4', 'I79_020269', 'I79_020548']","['Mmp12', 'Pdlim2', 'Hoxa3', 'I79_008450', 'Hoxa6', 'Hoxa7', 'Hoxa9', 'I79_008458', 'Creg1', 'Igf2bp2', 'I79_012275', 'Tdgf1', 'Hoxc4', 'Hoxc5', 'Hoxc6', 'Hoxc8', 'Hoxc9', 'Hoxc10', 'Hdgfl3', 'I79_018216', 'Fabp4', 'I79_020269', 'I79_020548']",2.19e-06,0.0013,Regulation of macromolecule biosynthetic process,68,True,True
Process,GO:0048704,5,95,10029,"['Hoxa3', 'Hoxa7', 'Hoxa9', 'Hoxc4', 'Hoxc9']","['Hoxa3', 'Hoxa7', 'Hoxa9', 'Hoxc4', 'Hoxc9']",2.82e-06,0.0016,Embryonic skeletal system morphogenesis,68,True,True
Process,GO:0051171,28,5595,10029,"['Mmp12', 'Pdlim2', 'I79_006467', 'Hoxa3', 'I79_008450', 'Hoxa6', 'Hoxa7', 'Hoxa9', 'I79_008458', 'Creg1', 'Igf2bp2', 'I79_012275', 'Tdgf1', 'Ccbe1', 'Hoxc4', 'Hoxc5', 'Hoxc6', 'Hoxc8', 'Hoxc9', 'Hoxc10', 'Gpd1', 'Fn1', 'Hdgfl3', 'I79_018216', 'Fabp4', 'I79_020269', 'I79_020548', 'Serpinf1']","['Mmp12', 'Pdlim2', 'I79_006467', 'Hoxa3', 'I79_008450', 'Hoxa6', 'Hoxa7', 'Hoxa9', 'I79_008458', 'Creg1', 'Igf2bp2', 'I79_012275', 'Tdgf1', 'Ccbe1', 'Hoxc4', 'Hoxc5', 'Hoxc6', 'Hoxc8', 'Hoxc9', 'Hoxc10', 'Gpd1', 'Fn1', 'Hdgfl3', 'I79_018216', 'Fabp4', 'I79_020269', 'I79_020548', 'Serpinf1']",3.6e-06,0.002,Regulation of nitrogen compound metabolic process,68,True,True
Process,GO:0060255,29,6089,10029,"['Mmp12', 'Pdlim2', 'Cenpv', 'I79_006467', 'Hoxa3', 'I79_008450', 'Hoxa6', 'Hoxa7', 'Hoxa9', 'I79_008458', 'Creg1', 'Igf2bp2', 'I79_012275', 'Tdgf1', 'Ccbe1', 'Hoxc4', 'Hoxc5', 'Hoxc6', 'Hoxc8', 'Hoxc9', 'Hoxc10', 'Fn1', 'Hdgfl3', 'I79_018216', 'Fabp4', 'I79_020269', 'Pthlh', 'I79_020548', 'Serpinf1']","['Mmp12', 'Pdlim2', 'Cenpv', 'I79_006467', 'Hoxa3', 'I79_008450', 'Hoxa6', 'Hoxa7', 'Hoxa9', 'I79_008458', 'Creg1', 'Igf2bp2', 'I79_012275', 'Tdgf1', 'Ccbe1', 'Hoxc4', 'Hoxc5', 'Hoxc6', 'Hoxc8', 'Hoxc9', 'Hoxc10', 'Fn1', 'Hdgfl3', 'I79_018216', 'Fabp4', 'I79_020269', 'Pthlh', 'I79_020548', 'Serpinf1']",5.78e-06,0.003,Regulation of macromolecule metabolic process,68,True,True
Process,GO:0050794,41,11253,10029,"['Tspan7', 'Mmp12', 'Pdlim2', 'I79_001734', 'Cenpv', 'I79_006467', 'Arhgap32', 'I79_008282', 'Hoxa3', 'I79_008450', 'Hoxa6', 'Hoxa7', 'Hoxa9', 'I79_008458', 'Creg1', 'COQ3', 'Evl', 'Igf2bp2', 'I79_012243', 'I79_012275', 'Etfbkmt', 'Fmo2', 'Tdgf1', 'Ccbe1', 'Hoxc4', 'Hoxc5', 'Hoxc6', 'Hoxc8', 'Hoxc9', 'Hoxc10', 'Gpd1', 'Stk38l', 'Fn1', 'Hdgfl3', 'I79_018216', 'Fabp4', 'Ehd3', 'I79_020269', 'Pthlh', 'I79_020548', 'Serpinf1']","['Tspan7', 'Mmp12', 'Pdlim2', 'I79_001734', 'Cenpv', 'I79_006467', 'Arhgap32', 'I79_008282', 'Hoxa3', 'I79_008450', 'Hoxa6', 'Hoxa7', 'Hoxa9', 'I79_008458', 'Creg1', 'COQ3', 'Evl', 'Igf2bp2', 'I79_012243', 'I79_012275', 'Etfbkmt', 'Fmo2', 'Tdgf1', 'Ccbe1', 'Hoxc4', 'Hoxc5', 'Hoxc6', 'Hoxc8', 'Hoxc9', 'Hoxc10', 'Gpd1', 'Stk38l', 'Fn1', 'Hdgfl3', 'I79_018216', 'Fabp4', 'Ehd3', 'I79_020269', 'Pthlh', 'I79_020548', 'Serpinf1']",6.98e-06,0.0034,Regulation of cellular process,68,True,True
Process,GO:0009653,17,2377,10029,"['Enah', 'Mmp12', 'Plxdc1', 'Hoxa3', 'Hoxa7', 'Hoxa9', 'I79_008458', 'Evl', 'I79_014012', 'Tdgf1', 'Ccbe1', 'Hoxc4', 'Hoxc8', 'Hoxc9', 'Hoxc10', 'Fn1', 'I79_020269']","['Enah', 'Mmp12', 'Plxdc1', 'Hoxa3', 'Hoxa7', 'Hoxa9', 'I79_008458', 'Evl', 'I79_014012', 'Tdgf1', 'Ccbe1', 'Hoxc4', 'Hoxc8', 'Hoxc9', 'Hoxc10', 'Fn1', 'I79_020269']",9.09e-06,0.0043,Anatomical structure morphogenesis,68,True,True
Process,GO:0032502,27,5590,10029,"['Enah', 'Mmp12', 'Plxdc1', 'Hoxa3', 'Hoxa6', 'Hoxa7', 'Hoxa9', 'I79_008458', 'Evl', 'Igf2bp2', 'Spata6l', 'I79_014012', 'Tdgf1', 'Ccbe1', 'Hoxc4', 'Hoxc5', 'Hoxc6', 'Hoxc8', 'Hoxc9', 'Hoxc10', 'Fn1', 'Hdgfl3', 'Fabp4', 'I79_020269', 'Pthlh', 'I79_020548', 'Serpinf1']","['Enah', 'Mmp12', 'Plxdc1', 'Hoxa3', 'Hoxa6', 'Hoxa7', 'Hoxa9', 'I79_008458', 'Evl', 'Igf2bp2', 'Spata6l', 'I79_014012', 'Tdgf1', 'Ccbe1', 'Hoxc4', 'Hoxc5', 'Hoxc6', 'Hoxc8', 'Hoxc9', 'Hoxc10', 'Fn1', 'Hdgfl3', 'Fabp4', 'I79_020269', 'Pthlh', 'I79_020548', 'Serpinf1']",1.27e-05,0.0057,Developmental process,68,True,True
Process,GO:0043009,10,852,10029,"['Enah', 'Hoxa3', 'Hoxa6', 'Hoxa7', 'Hoxa9', 'Tdgf1', 'Hoxc4', 'Hoxc5', 'Hoxc6', 'Hoxc9']","['Enah', 'Hoxa3', 'Hoxa6', 'Hoxa7', 'Hoxa9', 'Tdgf1', 'Hoxc4', 'Hoxc5', 'Hoxc6', 'Hoxc9']",1.67e-05,0.0073,Chordate embryonic development,68,True,True
Process,GO:0048705,6,245,10029,"['Hoxa3', 'Hoxa7', 'Hoxa9', 'Hoxc4', 'Hoxc8', 'Hoxc9']","['Hoxa3', 'Hoxa7', 'Hoxa9', 'Hoxc4', 'Hoxc8', 'Hoxc9']",1.91e-05,0.008,Skeletal system morphogenesis,68,True,True
Process,GO:0048856,25,5157,10029,"['Enah', 'Mmp12', 'Plxdc1', 'Hoxa3', 'Hoxa6', 'Hoxa7', 'Hoxa9', 'I79_008458', 'Evl', 'Igf2bp2', 'I79_014012', 'Tdgf1', 'Ccbe1', 'Hoxc4', 'Hoxc5', 'Hoxc6', 'Hoxc8', 'Hoxc9', 'Hoxc10', 'Fn1', 'Hdgfl3', 'I79_020269', 'Pthlh', 'I79_020548', 'Serpinf1']","['Enah', 'Mmp12', 'Plxdc1', 'Hoxa3', 'Hoxa6', 'Hoxa7', 'Hoxa9', 'I79_008458', 'Evl', 'Igf2bp2', 'I79_014012', 'Tdgf1', 'Ccbe1', 'Hoxc4', 'Hoxc5', 'Hoxc6', 'Hoxc8', 'Hoxc9', 'Hoxc10', 'Fn1', 'Hdgfl3', 'I79_020269', 'Pthlh', 'I79_020548', 'Serpinf1']",3.29e-05,0.013,Anatomical structure development,68,True,True
Process,GO:0009954,3,27,10029,"['Hoxa9', 'I79_008458', 'Hoxc10']","['Hoxa9', 'I79_008458', 'Hoxc10']",3.99e-05,0.0149,Proximal/distal pattern formation,68,True,True
Process,GO:0032501,29,6725,10029,"['Enah', 'Mmp12', 'I79_001734', 'Plxdc1', 'I79_008282', 'Hoxa3', 'Hoxa6', 'Hoxa7', 'Hoxa9', 'I79_008458', 'Evl', 'Igf2bp2', 'Fmo2', 'Spata6l', 'Tdgf1', 'Ccbe1', 'Hoxc4', 'Hoxc5', 'Hoxc6', 'Hoxc8', 'Hoxc9', 'Hoxc10', 'Sspn', 'Fn1', 'Hdgfl3', 'I79_020269', 'Pthlh', 'I79_020548', 'Serpinf1']","['Enah', 'Mmp12', 'I79_001734', 'Plxdc1', 'I79_008282', 'Hoxa3', 'Hoxa6', 'Hoxa7', 'Hoxa9', 'I79_008458', 'Evl', 'Igf2bp2', 'Fmo2', 'Spata6l', 'Tdgf1', 'Ccbe1', 'Hoxc4', 'Hoxc5', 'Hoxc6', 'Hoxc8', 'Hoxc9', 'Hoxc10', 'Sspn', 'Fn1', 'Hdgfl3', 'I79_020269', 'Pthlh', 'I79_020548', 'Serpinf1']",4.5e-05,0.0163,Multicellular organismal process,68,True,True
Process,GO:0048562,6,311,10029,"['Hoxa3', 'Hoxa7', 'Hoxa9', 'Hoxc4', 'Hoxc9', 'I79_020269']","['Hoxa3', 'Hoxa7', 'Hoxa9', 'Hoxc4', 'Hoxc9', 'I79_020269']",7.01e-05,0.0246,Embryonic organ morphogenesis,68,True,True
Process,GO:2000145,10,1017,10029,"['Mmp12', 'Hoxa7', 'Evl', 'I79_012275', 'Tdgf1', 'Ccbe1', 'Fn1', 'I79_020269', 'I79_020548', 'Serpinf1']","['Mmp12', 'Hoxa7', 'Evl', 'I79_012275', 'Tdgf1', 'Ccbe1', 'Fn1', 'I79_020269', 'I79_020548', 'Serpinf1']",7.37e-05,0.0252,Regulation of cell motility,68,True,True
Process,GO:0110020,4,109,10029,"['Pdlim2', 'Evl', 'I79_012243', 'I79_012275']","['Pdlim2', 'Evl', 'I79_012243', 'I79_012275']",0.00012,0.0385,Regulation of actomyosin structure organization,68,True,True
Function,GO:0003690,14,1363,10029,"['Mmp12', 'Hoxa3', 'I79_008450', 'Hoxa6', 'Hoxa7', 'Hoxa9', 'I79_008458', 'Hoxc4', 'Hoxc5', 'Hoxc6', 'Hoxc8', 'Hoxc9', 'Hoxc10', 'Hdgfl3']","['Mmp12', 'Hoxa3', 'I79_008450', 'Hoxa6', 'Hoxa7', 'Hoxa9', 'I79_008458', 'Hoxc4', 'Hoxc5', 'Hoxc6', 'Hoxc8', 'Hoxc9', 'Hoxc10', 'Hdgfl3']",1.18e-06,0.0039,Double-stranded DNA binding,68,True,True
Function,GO:0000981,12,1039,10029,"['Hoxa3', 'I79_008450', 'Hoxa6', 'Hoxa7', 'Hoxa9', 'I79_008458', 'Hoxc4', 'Hoxc5', 'Hoxc6', 'Hoxc8', 'Hoxc9', 'Hoxc10']","['Hoxa3', 'I79_008450', 'Hoxa6', 'Hoxa7', 'Hoxa9', 'I79_008458', 'Hoxc4', 'Hoxc5', 'Hoxc6', 'Hoxc8', 'Hoxc9', 'Hoxc10']",2.44e-06,0.004,"DNA-binding transcription factor activity, RNA polymerase II-specific",68,True,True
Function,GO:0140110,14,1553,10029,"['Hoxa3', 'I79_008450', 'Hoxa6', 'Hoxa7', 'Hoxa9', 'I79_008458', 'Creg1', 'Hoxc4', 'Hoxc5', 'Hoxc6', 'Hoxc8', 'Hoxc9', 'Hoxc10', 'Hdgfl3']","['Hoxa3', 'I79_008450', 'Hoxa6', 'Hoxa7', 'Hoxa9', 'I79_008458', 'Creg1', 'Hoxc4', 'Hoxc5', 'Hoxc6', 'Hoxc8', 'Hoxc9', 'Hoxc10', 'Hdgfl3']",5.38e-06,0.004,Transcription regulator activity,68,True,True
Function,GO:1990837,13,1266,10029,"['Mmp12', 'Hoxa3', 'I79_008450', 'Hoxa6', 'Hoxa7', 'Hoxa9', 'I79_008458', 'Hoxc4', 'Hoxc5', 'Hoxc6', 'Hoxc8', 'Hoxc9', 'Hoxc10']","['Mmp12', 'Hoxa3', 'I79_008450', 'Hoxa6', 'Hoxa7', 'Hoxa9', 'I79_008458', 'Hoxc4', 'Hoxc5', 'Hoxc6', 'Hoxc8', 'Hoxc9', 'Hoxc10']",3.11e-06,0.004,Sequence-specific double-stranded DNA binding,68,True,True
Function,GO:0000976,12,1211,10029,"['Mmp12', 'Hoxa3', 'Hoxa6', 'Hoxa7', 'Hoxa9', 'I79_008458', 'Hoxc4', 'Hoxc5', 'Hoxc6', 'Hoxc8', 'Hoxc9', 'Hoxc10']","['Mmp12', 'Hoxa3', 'Hoxa6', 'Hoxa7', 'Hoxa9', 'I79_008458', 'Hoxc4', 'Hoxc5', 'Hoxc6', 'Hoxc8', 'Hoxc9', 'Hoxc10']",1.14e-05,0.0054,Transcription cis-regulatory region binding,68,True,True
Function,GO:0005488,45,13754,10029,"['Enah', 'Tspan7', 'Mmp12', 'Pdlim2', 'I79_001734', 'Cenpv', 'Shisa4', 'I79_006467', 'Arhgap32', 'Hoxa3', 'I79_008450', 'Hoxa6', 'Hoxa7', 'Hoxa9', 'I79_008458', 'Evl', 'Igf2bp2', 'I79_012243', 'I79_012275', 'Etfbkmt', 'I79_012710', 'Fmo2', 'Spata6l', 'I79_014012', 'Tdgf1', 'Ccbe1', 'Hoxc4', 'Hoxc5', 'Hoxc6', 'Hoxc8', 'Hoxc9', 'Hoxc10', 'Gpd1', 'Stk38l', 'Fn1', 'Hdgfl3', 'I79_018216', 'Fabp4', 'Ehd3', 'I79_020269', 'Pthlh', 'I79_020548', 'I79_020640', 'Arl4c', 'Gstm3']","['Enah', 'Tspan7', 'Mmp12', 'Pdlim2', 'I79_001734', 'Cenpv', 'Shisa4', 'I79_006467', 'Arhgap32', 'Hoxa3', 'I79_008450', 'Hoxa6', 'Hoxa7', 'Hoxa9', 'I79_008458', 'Evl', 'Igf2bp2', 'I79_012243', 'I79_012275', 'Etfbkmt', 'I79_012710', 'Fmo2', 'Spata6l', 'I79_014012', 'Tdgf1', 'Ccbe1', 'Hoxc4', 'Hoxc5', 'Hoxc6', 'Hoxc8', 'Hoxc9', 'Hoxc10', 'Gpd1', 'Stk38l', 'Fn1', 'Hdgfl3', 'I79_018216', 'Fabp4', 'Ehd3', 'I79_020269', 'Pthlh', 'I79_020548', 'I79_020640', 'Arl4c', 'Gstm3']",2.03e-05,0.0074,Binding,68,True,True
Function,GO:0000977,11,1106,10029,"['Hoxa3', 'Hoxa6', 'Hoxa7', 'Hoxa9', 'I79_008458', 'Hoxc4', 'Hoxc5', 'Hoxc6', 'Hoxc8', 'Hoxc9', 'Hoxc10']","['Hoxa3', 'Hoxa6', 'Hoxa7', 'Hoxa9', 'I79_008458', 'Hoxc4', 'Hoxc5', 'Hoxc6', 'Hoxc8', 'Hoxc9', 'Hoxc10']",2.74e-05,0.009,RNA polymerase II transcription regulatory region sequence-specific DNA binding,68,True,True
Keyword,KW-0371,12,197,10029,"['Hoxa3', 'I79_008450', 'Hoxa6', 'Hoxa7', 'Hoxa9', 'I79_008458', 'Hoxc4', 'Hoxc5', 'Hoxc6', 'Hoxc8', 'Hoxc9', 'Hoxc10']","['Hoxa3', 'I79_008450', 'Hoxa6', 'Hoxa7', 'Hoxa9', 'I79_008458', 'Hoxc4', 'Hoxc5', 'Hoxc6', 'Hoxc8', 'Hoxc9', 'Hoxc10']",2.8e-14,9.6e-12,Homeobox,68,True,True
Keyword,KW-0217,7,83,10029,"['I79_008450', 'Hoxa6', 'Hoxa9', 'Hoxc5', 'Hoxc6', 'Hoxc8', 'Hoxc9']","['I79_008450', 'Hoxa6', 'Hoxa9', 'Hoxc5', 'Hoxc6', 'Hoxc8', 'Hoxc9']",1.13e-09,1.93e-07,Developmental protein,68,True,True
Keyword,KW-0238,12,613,10029,"['Hoxa3', 'I79_008450', 'Hoxa6', 'Hoxa7', 'Hoxa9', 'I79_008458', 'Hoxc4', 'Hoxc5', 'Hoxc6', 'Hoxc8', 'Hoxc9', 'Hoxc10']","['Hoxa3', 'I79_008450', 'Hoxa6', 'Hoxa7', 'Hoxa9', 'I79_008458', 'Hoxc4', 'Hoxc5', 'Hoxc6', 'Hoxc8', 'Hoxc9', 'Hoxc10']",9.11e-09,1.04e-06,DNA-binding,68,True,True
Keyword,KW-0539,11,879,10029,"['Hoxa3', 'I79_008450', 'Hoxa6', 'Hoxa7', 'Hoxa9', 'I79_008458', 'Hoxc5', 'Hoxc6', 'Hoxc8', 'Hoxc9', 'Hoxc10']","['Hoxa3', 'I79_008450', 'Hoxa6', 'Hoxa7', 'Hoxa9', 'I79_008458', 'Hoxc5', 'Hoxc6', 'Hoxc8', 'Hoxc9', 'Hoxc10']",3.23e-06,0.00028,Nucleus,68,True,True
Keyword,KW-0440,3,68,10029,"['Pdlim2', 'I79_012243', 'I79_014012']","['Pdlim2', 'I79_012243', 'I79_014012']",0.00053,0.0362,LIM domain,68,True,True
SMART,SM00389,11,163,10029,"['Hoxa3', 'I79_008450', 'Hoxa6', 'Hoxa7', 'Hoxa9', 'I79_008458', 'Hoxc5', 'Hoxc6', 'Hoxc8', 'Hoxc9', 'Hoxc10']","['Hoxa3', 'I79_008450', 'Hoxa6', 'Hoxa7', 'Hoxa9', 'I79_008458', 'Hoxc5', 'Hoxc6', 'Hoxc8', 'Hoxc9', 'Hoxc10']",1.28e-13,9.52e-11,Homeodomain,68,True,True
SMART,SM00461,3,7,10029,"['Enah', 'Evl', 'I79_012275']","['Enah', 'Evl', 'I79_012275']",1.22e-06,0.00045,WASP homology region 1,68,True,True
InterPro,IPR020479,11,55,10029,"['Hoxa3', 'I79_008450', 'Hoxa6', 'Hoxa7', 'Hoxa9', 'I79_008458', 'Hoxc5', 'Hoxc6', 'Hoxc8', 'Hoxc9', 'Hoxc10']","['Hoxa3', 'I79_008450', 'Hoxa6', 'Hoxa7', 'Hoxa9', 'I79_008458', 'Hoxc5', 'Hoxc6', 'Hoxc8', 'Hoxc9', 'Hoxc10']",2.04e-18,1.32e-14,"Homeobox domain, metazoa",68,True,True
InterPro,IPR017970,11,104,10029,"['Hoxa3', 'I79_008450', 'Hoxa6', 'Hoxa7', 'Hoxa9', 'I79_008458', 'Hoxc5', 'Hoxc6', 'Hoxc8', 'Hoxc9', 'Hoxc10']","['Hoxa3', 'I79_008450', 'Hoxa6', 'Hoxa7', 'Hoxa9', 'I79_008458', 'Hoxc5', 'Hoxc6', 'Hoxc8', 'Hoxc9', 'Hoxc10']",1.25e-15,4.05e-12,"Homeobox, conserved site",68,True,True
InterPro,IPR001356,11,175,10029,"['Hoxa3', 'I79_008450', 'Hoxa6', 'Hoxa7', 'Hoxa9', 'I79_008458', 'Hoxc5', 'Hoxc6', 'Hoxc8', 'Hoxc9', 'Hoxc10']","['Hoxa3', 'I79_008450', 'Hoxa6', 'Hoxa7', 'Hoxa9', 'I79_008458', 'Hoxc5', 'Hoxc6', 'Hoxc8', 'Hoxc9', 'Hoxc10']",2.67e-13,5.78e-10,Homeobox domain,68,True,True
InterPro,IPR009057,11,227,10029,"['Hoxa3', 'I79_008450', 'Hoxa6', 'Hoxa7', 'Hoxa9', 'I79_008458', 'Hoxc5', 'Hoxc6', 'Hoxc8', 'Hoxc9', 'Hoxc10']","['Hoxa3', 'I79_008450', 'Hoxa6', 'Hoxa7', 'Hoxa9', 'I79_008458', 'Hoxc5', 'Hoxc6', 'Hoxc8', 'Hoxc9', 'Hoxc10']",3.95e-12,6.41e-09,Homeobox-like domain superfamily,68,True,True
InterPro,IPR001827,5,10,10029,"['I79_008450', 'Hoxa6', 'Hoxc5', 'Hoxc6', 'Hoxc8']","['I79_008450', 'Hoxa6', 'Hoxc5', 'Hoxc6', 'Hoxc8']",1.3e-10,1.68e-07,"Homeobox protein, antennapedia type, conserved site",68,True,True
InterPro,IPR017995,3,8,10029,"['I79_008450', 'Hoxa6', 'Hoxc5']","['I79_008450', 'Hoxa6', 'Hoxc5']",1.67e-06,0.0018,"Homeobox protein, antennapedia type",68,True,True
InterPro,IPR000697,3,9,10029,"['Enah', 'Evl', 'I79_012275']","['Enah', 'Evl', 'I79_012275']",2.23e-06,0.0021,WH1/EVH1 domain,68,True,True
InterPro,IPR006711,2,2,10029,"['Hoxa9', 'Hoxc9']","['Hoxa9', 'Hoxc9']",2.88e-05,0.0234,"Hox9, N-terminal activation domain",68,True,True
InterPro,IPR017112,2,2,10029,"['Hoxa9', 'Hoxc9']","['Hoxa9', 'Hoxc9']",2.88e-05,0.0234,Homeobox protein HXA9/HXB9/HXC9,68,True,True
InterPro,IPR046333,2,3,10029,"['I79_008458', 'Hoxc10']","['I79_008458', 'Hoxc10']",4.79e-05,0.0311,Homeobox protein Hox-A10/abdominal-B-like,68,True,True
PMID,PMID:35217614,6,27,10029,"['Hoxa6', 'Hoxa9', 'Hoxc4', 'Hoxc8', 'Hoxc9', 'Hoxc10']","['Hoxa6', 'Hoxa9', 'Hoxc4', 'Hoxc8', 'Hoxc9', 'Hoxc10']",9.33e-11,2.57e-06,(2022) Evolutionarily conserved inhibitory uORFs sensitize Hox mRNA translation to start codon selection stringency.,68,True,False
NetworkNeighborAL,CL:15420,11,28,10029,"['Hoxa3', 'I79_008450', 'Hoxa6', 'Hoxa7', 'Hoxa9', 'I79_008458', 'Hoxc4', 'Hoxc5', 'Hoxc6', 'Hoxc9', 'Hoxc10']","['Hoxa3', 'I79_008450', 'Hoxa6', 'Hoxa7', 'Hoxa9', 'I79_008458', 'Hoxc4', 'Hoxc5', 'Hoxc6', 'Hoxc9', 'Hoxc10']",3.3200000000000002e-21,1.41e-17,"Homeobox domain, metazoa, and PBX, PBC domain",68,True,True
NetworkNeighborAL,CL:15413,12,61,10029,"['Hoxa3', 'I79_008450', 'Hoxa6', 'Hoxa7', 'Hoxa9', 'I79_008458', 'Hoxc4', 'Hoxc5', 'Hoxc6', 'Hoxc8', 'Hoxc9', 'Hoxc10']","['Hoxa3', 'I79_008450', 'Hoxa6', 'Hoxa7', 'Hoxa9', 'I79_008458', 'Hoxc4', 'Hoxc5', 'Hoxc6', 'Hoxc8', 'Hoxc9', 'Hoxc10']",6.07e-20,9.36e-17,"Mixed, incl. Homeobox domain, metazoa, and Homeobox KN domain",68,True,True
NetworkNeighborAL,CL:15422,9,22,10029,"['Hoxa6', 'Hoxa7', 'Hoxa9', 'I79_008458', 'Hoxc4', 'Hoxc5', 'Hoxc6', 'Hoxc9', 'Hoxc10']","['Hoxa6', 'Hoxa7', 'Hoxa9', 'I79_008458', 'Hoxc4', 'Hoxc5', 'Hoxc6', 'Hoxc9', 'Hoxc10']",1.22e-17,6.46e-15,"Mixed, incl. Homeobox protein, antennapedia type, conserved site, and Rhombomere 4 development",68,True,True
NetworkNeighborAL,CL:15438,6,6,10029,"['Hoxa6', 'Hoxc4', 'Hoxc5', 'Hoxc6', 'Hoxc9', 'Hoxc10']","['Hoxa6', 'Hoxc4', 'Hoxc5', 'Hoxc6', 'Hoxc9', 'Hoxc10']",8.06e-14,3.8e-11,"Homeobox protein, antennapedia type, conserved site, and Homeobox protein HXA9/HXB9/HXC9",68,True,True
Process,GO:0009952,6,207,10029,"['Hoxa7', 'Hoxa9', 'I79_008458', 'Tcf7l1', 'Hoxc4', 'Hoxc8']","['Hoxa7', 'Hoxa9', 'I79_008458', 'Tcf7l1', 'Hoxc4', 'Hoxc8']",1.63e-08,0.00021,Anterior/posterior pattern specification,69,True,True
Process,GO:0032502,16,5590,10029,"['Trim54', 'H671_4g12045', 'Sulf2', 'Hoxa7', 'Hoxa9', 'I79_008458', 'Igf2bp2', 'Id3', 'Tcf7l1', 'Hoxc4', 'Hoxc8', 'Gpnmb', 'Fabp4', 'Unc5c', 'I79_020269', 'Krt80']","['Trim54', 'H671_4g12045', 'Sulf2', 'Hoxa7', 'Hoxa9', 'I79_008458', 'Igf2bp2', 'Id3', 'Tcf7l1', 'Hoxc4', 'Hoxc8', 'Gpnmb', 'Fabp4', 'Unc5c', 'I79_020269', 'Krt80']",1.49e-07,0.00094,Developmental process,69,True,True
Process,GO:0001501,6,514,10029,"['Sulf2', 'Hoxa7', 'Hoxa9', 'I79_008458', 'Hoxc4', 'Hoxc8']","['Sulf2', 'Hoxa7', 'Hoxa9', 'I79_008458', 'Hoxc4', 'Hoxc8']",3.09e-06,0.0068,Skeletal system development,69,True,True
Process,GO:0009790,8,1236,10029,"['Sulf2', 'Hoxa7', 'Hoxa9', 'I79_008458', 'Id3', 'Tcf7l1', 'Hoxc4', 'I79_020269']","['Sulf2', 'Hoxa7', 'Hoxa9', 'I79_008458', 'Id3', 'Tcf7l1', 'Hoxc4', 'I79_020269']",3.79e-06,0.0068,Embryo development,69,True,True
Process,GO:0048513,12,3378,10029,"['Sulf2', 'Hoxa7', 'Hoxa9', 'I79_008458', 'Id3', 'Tcf7l1', 'Hoxc4', 'Hoxc8', 'Gpnmb', 'Unc5c', 'I79_020269', 'Krt80']","['Sulf2', 'Hoxa7', 'Hoxa9', 'I79_008458', 'Id3', 'Tcf7l1', 'Hoxc4', 'Hoxc8', 'Gpnmb', 'Unc5c', 'I79_020269', 'Krt80']",2.7e-06,0.0068,Animal organ development,69,True,True
Process,GO:0048706,4,138,10029,"['Sulf2', 'Hoxa7', 'Hoxa9', 'Hoxc4']","['Sulf2', 'Hoxa7', 'Hoxa9', 'Hoxc4']",5.38e-06,0.0078,Embryonic skeletal system development,69,True,True
Process,GO:0048856,14,5157,10029,"['H671_4g12045', 'Sulf2', 'Hoxa7', 'Hoxa9', 'I79_008458', 'Igf2bp2', 'Id3', 'Tcf7l1', 'Hoxc4', 'Hoxc8', 'Gpnmb', 'Unc5c', 'I79_020269', 'Krt80']","['H671_4g12045', 'Sulf2', 'Hoxa7', 'Hoxa9', 'I79_008458', 'Igf2bp2', 'Id3', 'Tcf7l1', 'Hoxc4', 'Hoxc8', 'Gpnmb', 'Unc5c', 'I79_020269', 'Krt80']",4.92e-06,0.0078,Anatomical structure development,69,True,True
Process,GO:0009653,10,2377,10029,"['H671_4g12045', 'Hoxa7', 'Hoxa9', 'I79_008458', 'Id3', 'Tcf7l1', 'Hoxc4', 'Hoxc8', 'Unc5c', 'I79_020269']","['H671_4g12045', 'Hoxa7', 'Hoxa9', 'I79_008458', 'Id3', 'Tcf7l1', 'Hoxc4', 'Hoxc8', 'Unc5c', 'I79_020269']",6.99e-06,0.0088,Anatomical structure morphogenesis,69,True,True
Process,GO:0019219,12,3835,10029,"['Hoxa7', 'Hoxa9', 'I79_008458', 'Etv3l', 'Igf2bp2', 'Id3', 'Tcf7l1', 'Hoxc4', 'Hoxc8', 'Gpd1', 'Fabp4', 'I79_020269']","['Hoxa7', 'Hoxa9', 'I79_008458', 'Etv3l', 'Igf2bp2', 'Id3', 'Tcf7l1', 'Hoxc4', 'Hoxc8', 'Gpd1', 'Fabp4', 'I79_020269']",1.05e-05,0.0121,Regulation of nucleobase-containing compound metabolic process,69,True,True
Process,GO:0010468,13,4725,10029,"['Sulf2', 'Hoxa7', 'Hoxa9', 'I79_008458', 'Etv3l', 'Igf2bp2', 'Id3', 'Tcf7l1', 'Hoxc4', 'Hoxc8', 'Gpnmb', 'Fabp4', 'I79_020269']","['Sulf2', 'Hoxa7', 'Hoxa9', 'I79_008458', 'Etv3l', 'Igf2bp2', 'Id3', 'Tcf7l1', 'Hoxc4', 'Hoxc8', 'Gpnmb', 'Fabp4', 'I79_020269']",1.36e-05,0.0143,Regulation of gene expression,69,True,True
Process,GO:0030154,11,3418,10029,"['Trim54', 'H671_4g12045', 'Sulf2', 'Hoxa7', 'Id3', 'Tcf7l1', 'Hoxc8', 'Gpnmb', 'Fabp4', 'Unc5c', 'Krt80']","['Trim54', 'H671_4g12045', 'Sulf2', 'Hoxa7', 'Id3', 'Tcf7l1', 'Hoxc8', 'Gpnmb', 'Fabp4', 'Unc5c', 'Krt80']",2.5e-05,0.0243,Cell differentiation,69,True,True
Process,GO:0051252,11,3508,10029,"['Hoxa7', 'Hoxa9', 'I79_008458', 'Etv3l', 'Igf2bp2', 'Id3', 'Tcf7l1', 'Hoxc4', 'Hoxc8', 'Fabp4', 'I79_020269']","['Hoxa7', 'Hoxa9', 'I79_008458', 'Etv3l', 'Igf2bp2', 'Id3', 'Tcf7l1', 'Hoxc4', 'Hoxc8', 'Fabp4', 'I79_020269']",3.21e-05,0.0271,Regulation of RNA metabolic process,69,True,True
Process,GO:0048568,5,491,10029,"['Hoxa7', 'Hoxa9', 'Id3', 'Hoxc4', 'I79_020269']","['Hoxa7', 'Hoxa9', 'Id3', 'Hoxc4', 'I79_020269']",4.53e-05,0.0358,Embryonic organ development,69,True,True
Process,GO:0048705,4,245,10029,"['Hoxa7', 'Hoxa9', 'Hoxc4', 'Hoxc8']","['Hoxa7', 'Hoxa9', 'Hoxc4', 'Hoxc8']",4.89e-05,0.0364,Skeletal system morphogenesis,69,True,True
Process,GO:0009888,8,1835,10029,"['H671_4g12045', 'Sulf2', 'Id3', 'Tcf7l1', 'Hoxc4', 'Gpnmb', 'Unc5c', 'Krt80']","['H671_4g12045', 'Sulf2', 'Id3', 'Tcf7l1', 'Hoxc4', 'Gpnmb', 'Unc5c', 'Krt80']",6.69e-05,0.0459,Tissue development,69,True,True
Process,GO:0010556,11,3816,10029,"['Hoxa7', 'Hoxa9', 'I79_008458', 'Etv3l', 'Igf2bp2', 'Id3', 'Tcf7l1', 'Hoxc4', 'Hoxc8', 'Fabp4', 'I79_020269']","['Hoxa7', 'Hoxa9', 'I79_008458', 'Etv3l', 'Igf2bp2', 'Id3', 'Tcf7l1', 'Hoxc4', 'Hoxc8', 'Fabp4', 'I79_020269']",7.15e-05,0.0459,Regulation of macromolecule biosynthetic process,69,True,True
Process,GO:0048518,14,6368,10029,"['H671_4g12045', 'Sulf2', 'Hoxa7', 'Hoxa9', 'I79_008458', 'Igf2bp2', 'Id3', 'Tcf7l1', 'Hoxc4', 'Gpnmb', 'Gpd1', 'Fabp4', 'Unc5c', 'I79_020269']","['H671_4g12045', 'Sulf2', 'Hoxa7', 'Hoxa9', 'I79_008458', 'Igf2bp2', 'Id3', 'Tcf7l1', 'Hoxc4', 'Gpnmb', 'Gpd1', 'Fabp4', 'Unc5c', 'I79_020269']",6.53e-05,0.0459,Positive regulation of biological process,69,True,True
Process,GO:0048704,3,95,10029,"['Hoxa7', 'Hoxa9', 'Hoxc4']","['Hoxa7', 'Hoxa9', 'Hoxc4']",7.25e-05,0.0459,Embryonic skeletal system morphogenesis,69,True,True
Process,GO:0050794,18,11253,10029,"['Trim54', 'H671_4g12045', 'Sulf2', 'Hoxa7', 'Hoxa9', 'I79_008458', 'Etv3l', 'Igf2bp2', 'Id3', 'Tcf7l1', 'Mro', 'Hoxc4', 'Hoxc8', 'Gpnmb', 'Gpd1', 'Fabp4', 'Unc5c', 'I79_020269']","['Trim54', 'H671_4g12045', 'Sulf2', 'Hoxa7', 'Hoxa9', 'I79_008458', 'Etv3l', 'Igf2bp2', 'Id3', 'Tcf7l1', 'Mro', 'Hoxc4', 'Hoxc8', 'Gpnmb', 'Gpd1', 'Fabp4', 'Unc5c', 'I79_020269']",7.74e-05,0.0459,Regulation of cellular process,69,True,True
Process,GO:0006355,10,3184,10029,"['Hoxa7', 'Hoxa9', 'I79_008458', 'Etv3l', 'Id3', 'Tcf7l1', 'Hoxc4', 'Hoxc8', 'Fabp4', 'I79_020269']","['Hoxa7', 'Hoxa9', 'I79_008458', 'Etv3l', 'Id3', 'Tcf7l1', 'Hoxc4', 'Hoxc8', 'Fabp4', 'I79_020269']",9.2e-05,0.0498,"Regulation of transcription, DNA-templated",69,True,True
Process,GO:0009893,11,3939,10029,"['Sulf2', 'Hoxa7', 'Hoxa9', 'I79_008458', 'Igf2bp2', 'Id3', 'Tcf7l1', 'Hoxc4', 'Gpnmb', 'Gpd1', 'Fabp4']","['Sulf2', 'Hoxa7', 'Hoxa9', 'I79_008458', 'Igf2bp2', 'Id3', 'Tcf7l1', 'Hoxc4', 'Gpnmb', 'Gpd1', 'Fabp4']",9.65e-05,0.0498,Positive regulation of metabolic process,69,True,True
Process,GO:0019222,14,6627,10029,"['Sulf2', 'Hoxa7', 'Hoxa9', 'I79_008458', 'Etv3l', 'Igf2bp2', 'Id3', 'Tcf7l1', 'Hoxc4', 'Hoxc8', 'Gpnmb', 'Gpd1', 'Fabp4', 'I79_020269']","['Sulf2', 'Hoxa7', 'Hoxa9', 'I79_008458', 'Etv3l', 'Igf2bp2', 'Id3', 'Tcf7l1', 'Hoxc4', 'Hoxc8', 'Gpnmb', 'Gpd1', 'Fabp4', 'I79_020269']",0.00011,0.0498,Regulation of metabolic process,69,True,True
Process,GO:0031323,13,5592,10029,"['Hoxa7', 'Hoxa9', 'I79_008458', 'Etv3l', 'Igf2bp2', 'Id3', 'Tcf7l1', 'Hoxc4', 'Hoxc8', 'Gpnmb', 'Gpd1', 'Fabp4', 'I79_020269']","['Hoxa7', 'Hoxa9', 'I79_008458', 'Etv3l', 'Igf2bp2', 'Id3', 'Tcf7l1', 'Hoxc4', 'Hoxc8', 'Gpnmb', 'Gpd1', 'Fabp4', 'I79_020269']",9.05e-05,0.0498,Regulation of cellular metabolic process,69,True,True
Process,GO:0031326,11,4002,10029,"['Hoxa7', 'Hoxa9', 'I79_008458', 'Etv3l', 'Igf2bp2', 'Id3', 'Tcf7l1', 'Hoxc4', 'Hoxc8', 'Fabp4', 'I79_020269']","['Hoxa7', 'Hoxa9', 'I79_008458', 'Etv3l', 'Igf2bp2', 'Id3', 'Tcf7l1', 'Hoxc4', 'Hoxc8', 'Fabp4', 'I79_020269']",0.00011,0.0498,Regulation of cellular biosynthetic process,69,True,True
Process,GO:0032501,14,6725,10029,"['I79_000870', 'Sulf2', 'Hoxa7', 'Hoxa9', 'I79_008458', 'Igf2bp2', 'Id3', 'Tcf7l1', 'Hoxc4', 'Hoxc8', 'Gpnmb', 'Unc5c', 'I79_020269', 'Krt80']","['I79_000870', 'Sulf2', 'Hoxa7', 'Hoxa9', 'I79_008458', 'Igf2bp2', 'Id3', 'Tcf7l1', 'Hoxc4', 'Hoxc8', 'Gpnmb', 'Unc5c', 'I79_020269', 'Krt80']",0.00013,0.0498,Multicellular organismal process,69,True,True
Process,GO:0048523,12,4752,10029,"['Trim54', 'H671_4g12045', 'Sulf2', 'Hoxa7', 'Hoxa9', 'Igf2bp2', 'Id3', 'Tcf7l1', 'Hoxc8', 'Gpnmb', 'Fabp4', 'I79_020269']","['Trim54', 'H671_4g12045', 'Sulf2', 'Hoxa7', 'Hoxa9', 'Igf2bp2', 'Id3', 'Tcf7l1', 'Hoxc8', 'Gpnmb', 'Fabp4', 'I79_020269']",9.78e-05,0.0498,Negative regulation of cellular process,69,True,True
Process,GO:0048562,4,311,10029,"['Hoxa7', 'Hoxa9', 'Hoxc4', 'I79_020269']","['Hoxa7', 'Hoxa9', 'Hoxc4', 'I79_020269']",0.00012,0.0498,Embryonic organ morphogenesis,69,True,True
Process,GO:0051171,13,5595,10029,"['Hoxa7', 'Hoxa9', 'I79_008458', 'Etv3l', 'Igf2bp2', 'Id3', 'Tcf7l1', 'Hoxc4', 'Hoxc8', 'Gpnmb', 'Gpd1', 'Fabp4', 'I79_020269']","['Hoxa7', 'Hoxa9', 'I79_008458', 'Etv3l', 'Igf2bp2', 'Id3', 'Tcf7l1', 'Hoxc4', 'Hoxc8', 'Gpnmb', 'Gpd1', 'Fabp4', 'I79_020269']",9.11e-05,0.0498,Regulation of nitrogen compound metabolic process,69,True,True
Process,GO:0080090,13,5780,10029,"['Hoxa7', 'Hoxa9', 'I79_008458', 'Etv3l', 'Igf2bp2', 'Id3', 'Tcf7l1', 'Hoxc4', 'Hoxc8', 'Gpnmb', 'Gpd1', 'Fabp4', 'I79_020269']","['Hoxa7', 'Hoxa9', 'I79_008458', 'Etv3l', 'Igf2bp2', 'Id3', 'Tcf7l1', 'Hoxc4', 'Hoxc8', 'Gpnmb', 'Gpd1', 'Fabp4', 'I79_020269']",0.00013,0.0498,Regulation of primary metabolic process,69,True,True
Keyword,KW-0238,8,613,10029,"['Hoxa7', 'Hoxa9', 'I79_008458', 'Etv3l', 'Id3', 'Tcf7l1', 'Hoxc4', 'Hoxc8']","['Hoxa7', 'Hoxa9', 'I79_008458', 'Etv3l', 'Id3', 'Tcf7l1', 'Hoxc4', 'Hoxc8']",1.9e-08,6.53e-06,DNA-binding,69,True,True
Keyword,KW-0371,5,197,10029,"['Hoxa7', 'Hoxa9', 'I79_008458', 'Hoxc4', 'Hoxc8']","['Hoxa7', 'Hoxa9', 'I79_008458', 'Hoxc4', 'Hoxc8']",5.75e-07,9.86e-05,Homeobox,69,True,True
Keyword,KW-0539,6,879,10029,"['Hoxa7', 'Hoxa9', 'I79_008458', 'Etv3l', 'Tcf7l1', 'Hoxc8']","['Hoxa7', 'Hoxa9', 'I79_008458', 'Etv3l', 'Tcf7l1', 'Hoxc8']",6.3e-05,0.0072,Nucleus,69,True,True
SMART,SM00389,4,163,10029,"['Hoxa7', 'Hoxa9', 'I79_008458', 'Hoxc8']","['Hoxa7', 'Hoxa9', 'I79_008458', 'Hoxc8']",1.02e-05,0.0076,Homeodomain,69,True,True
InterPro,IPR020479,4,55,10029,"['Hoxa7', 'Hoxa9', 'I79_008458', 'Hoxc8']","['Hoxa7', 'Hoxa9', 'I79_008458', 'Hoxc8']",1.58e-07,0.001,"Homeobox domain, metazoa",69,True,True
InterPro,IPR017970,4,104,10029,"['Hoxa7', 'Hoxa9', 'I79_008458', 'Hoxc8']","['Hoxa7', 'Hoxa9', 'I79_008458', 'Hoxc8']",1.81e-06,0.0059,"Homeobox, conserved site",69,True,True
InterPro,IPR001356,4,175,10029,"['Hoxa7', 'Hoxa9', 'I79_008458', 'Hoxc8']","['Hoxa7', 'Hoxa9', 'I79_008458', 'Hoxc8']",1.34e-05,0.0291,Homeobox domain,69,True,True
NetworkNeighborAL,CL:15413,5,61,10029,"['Hoxa7', 'Hoxa9', 'I79_008458', 'Hoxc4', 'Hoxc8']","['Hoxa7', 'Hoxa9', 'I79_008458', 'Hoxc4', 'Hoxc8']",2.07e-09,8.78e-06,"Mixed, incl. Homeobox domain, metazoa, and Homeobox KN domain",69,True,True
NetworkNeighborAL,CL:15422,4,22,10029,"['Hoxa7', 'Hoxa9', 'I79_008458', 'Hoxc4']","['Hoxa7', 'Hoxa9', 'I79_008458', 'Hoxc4']",5.27e-09,1.03e-05,"Mixed, incl. Homeobox protein, antennapedia type, conserved site, and Rhombomere 4 development",69,True,True
COMPARTMENTS,GOCC:0005576,7,1287,10029,"['I79_006834', 'C3', 'Ccn2', 'Postn', 'Testin-2', 'Spp1', 'Serpinf1']","['I79_006834', 'C3', 'Ccn2', 'Postn', 'Testin-2', 'Spp1', 'Serpinf1']",4.41e-08,8.65e-05,Extracellular region,70,True,True
COMPARTMENTS,GOCC:0030312,4,274,10029,"['I79_006834', 'Ccn2', 'Postn', 'Serpinf1']","['I79_006834', 'Ccn2', 'Postn', 'Serpinf1']",2.16e-06,0.0021,External encapsulating structure,70,True,True
COMPARTMENTS,GOCC:0031012,4,298,10029,"['I79_006834', 'Ccn2', 'Postn', 'Serpinf1']","['I79_006834', 'Ccn2', 'Postn', 'Serpinf1']",3e-06,0.0021,Extracellular matrix,70,True,True
COMPARTMENTS,GOCC:0005615,4,518,10029,"['C3', 'Testin-2', 'Spp1', 'Serpinf1']","['C3', 'Testin-2', 'Spp1', 'Serpinf1']",2.61e-05,0.0128,Extracellular space,70,True,True
Process,GO:0009888,7,1835,10029,"['Txnip', 'I79_006834', 'C3', 'Ccn2', 'Postn', 'Testin-2', 'Spp1']","['Txnip', 'I79_006834', 'C3', 'Ccn2', 'Postn', 'Testin-2', 'Spp1']",5.03e-07,0.0064,Tissue development,70,True,True
Process,GO:1901654,4,239,10029,"['Txnip', 'Postn', 'Spp1', 'Serpinf1']","['Txnip', 'Postn', 'Spp1', 'Serpinf1']",1.27e-06,0.008,Response to ketone,70,True,True
Process,GO:0009719,6,1425,10029,"['Txnip', 'I79_006834', 'Ccn2', 'Testin-2', 'Spp1', 'Serpinf1']","['Txnip', 'I79_006834', 'Ccn2', 'Testin-2', 'Spp1', 'Serpinf1']",3.29e-06,0.0122,Response to endogenous stimulus,70,True,True
Process,GO:0048545,4,295,10029,"['Txnip', 'Testin-2', 'Spp1', 'Serpinf1']","['Txnip', 'Testin-2', 'Spp1', 'Serpinf1']",2.89e-06,0.0122,Response to steroid hormone,70,True,True
Process,GO:1901700,6,1648,10029,"['Txnip', 'I79_006834', 'Postn', 'Testin-2', 'Spp1', 'Serpinf1']","['Txnip', 'I79_006834', 'Postn', 'Testin-2', 'Spp1', 'Serpinf1']",7.65e-06,0.0194,Response to oxygen-containing compound,70,True,True
Process,GO:0010033,7,2827,10029,"['Txnip', 'I79_006834', 'Ccn2', 'Postn', 'Testin-2', 'Spp1', 'Serpinf1']","['Txnip', 'I79_006834', 'Ccn2', 'Postn', 'Testin-2', 'Spp1', 'Serpinf1']",9.52e-06,0.0201,Response to organic substance,70,True,True
Process,GO:1901655,3,131,10029,"['Postn', 'Spp1', 'Serpinf1']","['Postn', 'Spp1', 'Serpinf1']",1.42e-05,0.0256,Cellular response to ketone,70,True,True
Process,GO:0009749,3,148,10029,"['Txnip', 'Testin-2', 'Serpinf1']","['Txnip', 'Testin-2', 'Serpinf1']",2.02e-05,0.032,Response to glucose,70,True,True
Process,GO:0030154,7,3418,10029,"['Txnip', 'I79_006834', 'C3', 'Ccn2', 'Postn', 'Testin-2', 'Spp1']","['Txnip', 'I79_006834', 'C3', 'Ccn2', 'Postn', 'Testin-2', 'Spp1']",3.42e-05,0.0393,Cell differentiation,70,True,True
Process,GO:0048856,8,5157,10029,"['Txnip', 'I79_006834', 'C3', 'Ccn2', 'Postn', 'Testin-2', 'Spp1', 'Serpinf1']","['Txnip', 'I79_006834', 'C3', 'Ccn2', 'Postn', 'Testin-2', 'Spp1', 'Serpinf1']",3.46e-05,0.0393,Anatomical structure development,70,True,True
Component,GO:0005615,7,1322,10029,"['I79_006834', 'C3', 'Ccn2', 'Postn', 'Testin-2', 'Spp1', 'Serpinf1']","['I79_006834', 'C3', 'Ccn2', 'Postn', 'Testin-2', 'Spp1', 'Serpinf1']",5.31e-08,9.08e-05,Extracellular space,70,True,True
Component,GO:0031012,4,430,10029,"['I79_006834', 'Ccn2', 'Postn', 'Serpinf1']","['I79_006834', 'Ccn2', 'Postn', 'Serpinf1']",1.26e-05,0.0072,Extracellular matrix,70,True,True
Component,GO:0062023,3,281,10029,"['I79_006834', 'Postn', 'Serpinf1']","['I79_006834', 'Postn', 'Serpinf1']",0.00013,0.0454,Collagen-containing extracellular matrix,70,True,True
TISSUES,BTO:0000562,5,817,10029,"['Txnip', 'I79_006834', 'C3', 'Ccn2', 'Postn']","['Txnip', 'I79_006834', 'C3', 'Ccn2', 'Postn']",5.36e-06,0.0109,Heart,70,True,True
TISSUES,BTO:0000421,5,1245,10029,"['I79_006834', 'Ccn2', 'Postn', 'Spp1', 'Serpinf1']","['I79_006834', 'Ccn2', 'Postn', 'Spp1', 'Serpinf1']",4.11e-05,0.028,Connective tissue,70,True,True
PMID,PMID:36588107,3,87,10029,"['Ccn2', 'Postn', 'Spp1']","['Ccn2', 'Postn', 'Spp1']",4.28e-06,0.0381,(2023) Targeting integrin pathways: mechanisms and advances in therapy.,70,True,False
PMID,PMID:37321060,3,76,10029,"['Txnip', 'Ccn2', 'Spp1']","['Txnip', 'Ccn2', 'Spp1']",2.88e-06,0.0381,(2023) Nox4 as a novel therapeutic target for diabetic vascular complications.,70,True,False
PMID,PMID:35140938,2,7,10029,"['Ccn2', 'Spp1']","['Ccn2', 'Spp1']",4.54e-06,0.0381,(2022) Inhibition of renal fibrosis with a human CXCL9-derived glycosaminoglycan-binding peptide.,70,True,False
PMID,PMID:35458085,2,11,10029,"['Postn', 'Spp1']","['Postn', 'Spp1']",9.83e-06,0.0381,(2022) Static and Dynamic Biomaterial Engineering for Cell Modulation.,70,True,False
PMID,PMID:32774204,2,5,10029,"['Txnip', 'Serpinf1']","['Txnip', 'Serpinf1']",2.65e-06,0.0381,(2020) Expression of recombinant classical swine fever virus E2 glycoprotein by endogenous Txnip promoter in stable transgenic CHO cells.,70,True,False
PMID,PMID:33348856,2,5,10029,"['C3', 'Spp1']","['C3', 'Spp1']",2.65e-06,0.0381,(2020) A Comparative View on the Oviductal Environment during the Periconception Period.,70,True,False
PMID,PMID:30149103,3,59,10029,"['Ccn2', 'Postn', 'Spp1']","['Ccn2', 'Postn', 'Spp1']",1.38e-06,0.0381,(2019) Extracellular matrix roles in cardiorenal fibrosis: Potential therapeutic targets for CVD and CKD in the elderly.,70,True,False
PMID,PMID:31601840,2,11,10029,"['Spp1', 'Serpinf1']","['Spp1', 'Serpinf1']",9.83e-06,0.0381,(2019) Hearing impairment and associated morphological changes in pituitary adenylate cyclase activating polypeptide (PACAP)-deficient mice.,70,True,False
PMID,PMID:31921823,2,10,10029,"['Ccn2', 'Spp1']","['Ccn2', 'Spp1']",8.32e-06,0.0381,(2019) Recent Developments in Bioprocessing of Recombinant Proteins: Expression Hosts and Process Development.,70,True,False
PMID,PMID:30001404,2,9,10029,"['Cd82', 'Spp1']","['Cd82', 'Spp1']",6.93e-06,0.0381,(2018) Absence of IL-10 production by human PBMCs co-cultivated with human cells expressing or secreting retroviral immunosuppressive domains.,70,True,False
PMID,PMID:28413032,2,13,10029,"['Postn', 'Spp1']","['Postn', 'Spp1']",1.32e-05,0.0381,(2017) Matrix Metalloproteinases in Myocardial Infarction and Heart Failure.,70,True,False
PMID,PMID:22486349,2,12,10029,"['C3', 'Spp1']","['C3', 'Spp1']",1.15e-05,0.0381,(2012) Manufactured and airborne nanoparticle cardiopulmonary interactions: a review of mechanisms and the possible contribution of mast cells.,70,True,False
RCTM,MAP-1474228,3,157,10029,"['I79_006834', 'Testin-2', 'Spp1']","['I79_006834', 'Testin-2', 'Spp1']",2.41e-05,0.0411,Degradation of the extracellular matrix,70,True,True
COMPARTMENTS,GOCC:0005576,6,1287,10029,"['Mmp10', 'Plac1', 'Spon2', 'I79_011674', 'Cxcl1', 'Csf3']","['Mmp10', 'Plac1', 'Spon2', 'I79_011674', 'Cxcl1', 'Csf3']",1.73e-05,0.034,Extracellular region,73,True,True
Process,GO:0019730,3,57,10029,"['Spon2', 'I79_011674', 'Cxcl1']","['Spon2', 'I79_011674', 'Cxcl1']",3.26e-06,0.0413,Antimicrobial humoral response,73,True,True
Component,GO:0005576,7,1907,10029,"['Mmp10', 'Plac1', 'Spon2', 'I79_011674', 'Clu', 'Cxcl1', 'Csf3']","['Mmp10', 'Plac1', 'Spon2', 'I79_011674', 'Clu', 'Cxcl1', 'Csf3']",1.16e-05,0.0198,Extracellular region,73,True,True
Keyword,KW-0732,7,1761,10029,"['Mmp10', 'Plac1', 'I79_011674', 'Clu', 'Cxcl1', 'I79_025172', 'Csf3']","['Mmp10', 'Plac1', 'I79_011674', 'Clu', 'Cxcl1', 'I79_025172', 'Csf3']",6.84e-06,0.0023,Signal,73,True,True
Process,GO:0005975,11,527,10029,"['Pdk1', 'Efcab7', 'Pgam1', 'I79_004996', 'Pfkl', 'Pgk1', 'Gbe1', 'Aldoa', 'Nr1d1', 'Hk2', 'Pygl']","['Pdk1', 'Efcab7', 'Pgam1', 'I79_004996', 'Pfkl', 'Pgk1', 'Gbe1', 'Aldoa', 'Nr1d1', 'Hk2', 'Pygl']",5.7e-11,7.21e-07,Carbohydrate metabolic process,74,True,True
Process,GO:0019318,8,208,10029,"['Pdk1', 'Efcab7', 'Pgam1', 'I79_004996', 'Pfkl', 'Pgk1', 'Aldoa', 'Hk2']","['Pdk1', 'Efcab7', 'Pgam1', 'I79_004996', 'Pfkl', 'Pgk1', 'Aldoa', 'Hk2']",3.41e-10,2.15e-06,Hexose metabolic process,74,True,True
Process,GO:0006165,7,145,10029,"['Pgam1', 'I79_004996', 'Pfkl', 'Pgk1', 'Ak4', 'Aldoa', 'Hk2']","['Pgam1', 'I79_004996', 'Pfkl', 'Pgk1', 'Ak4', 'Aldoa', 'Hk2']",1.08e-09,3.1e-06,Nucleoside diphosphate phosphorylation,74,True,True
Process,GO:0046031,7,140,10029,"['Pgam1', 'I79_004996', 'Pfkl', 'Pgk1', 'Ak4', 'Aldoa', 'Hk2']","['Pgam1', 'I79_004996', 'Pfkl', 'Pgk1', 'Ak4', 'Aldoa', 'Hk2']",8.52e-10,3.1e-06,ADP metabolic process,74,True,True
Process,GO:0006006,7,174,10029,"['Pdk1', 'Efcab7', 'Pgam1', 'I79_004996', 'Pfkl', 'Pgk1', 'Hk2']","['Pdk1', 'Efcab7', 'Pgam1', 'I79_004996', 'Pfkl', 'Pgk1', 'Hk2']",3.64e-09,4.03e-06,Glucose metabolic process,74,True,True
Process,GO:0006091,9,416,10029,"['Pgam1', 'I79_004996', 'Pfkl', 'Pgk1', 'Gbe1', 'Aldoa', 'Nr1d1', 'Hk2', 'Pygl']","['Pgam1', 'I79_004996', 'Pfkl', 'Pgk1', 'Gbe1', 'Aldoa', 'Nr1d1', 'Hk2', 'Pygl']",3.18e-09,4.03e-06,Generation of precursor metabolites and energy,74,True,True
Process,GO:0016052,7,192,10029,"['Pgam1', 'I79_004996', 'Pfkl', 'Pgk1', 'Aldoa', 'Hk2', 'Pygl']","['Pgam1', 'I79_004996', 'Pfkl', 'Pgk1', 'Aldoa', 'Hk2', 'Pygl']",7.03e-09,6.84e-06,Carbohydrate catabolic process,74,True,True
Process,GO:0046034,7,205,10029,"['Pgam1', 'I79_004996', 'Pfkl', 'Pgk1', 'Ak4', 'Aldoa', 'Hk2']","['Pgam1', 'I79_004996', 'Pfkl', 'Pgk1', 'Ak4', 'Aldoa', 'Hk2']",1.09e-08,9.84e-06,ATP metabolic process,74,True,True
Process,GO:0006096,6,125,10029,"['Pgam1', 'I79_004996', 'Pfkl', 'Pgk1', 'Aldoa', 'Hk2']","['Pgam1', 'I79_004996', 'Pfkl', 'Pgk1', 'Aldoa', 'Hk2']",1.95e-08,1.64e-05,Glycolytic process,74,True,True
Process,GO:0001666,7,293,10029,"['Pdk1', 'Mgarp', 'Slc2a1', 'Ak4', 'Adm', 'Bnip3', 'Hk2']","['Pdk1', 'Mgarp', 'Slc2a1', 'Ak4', 'Adm', 'Bnip3', 'Hk2']",1.18e-07,6.76e-05,Response to hypoxia,74,True,True
Process,GO:0019693,8,456,10029,"['Pgam1', 'I79_004996', 'Pfkl', 'Pgk1', 'Ak4', 'Aldoa', 'Hk2', 'Pygl']","['Pgam1', 'I79_004996', 'Pfkl', 'Pgk1', 'Ak4', 'Aldoa', 'Hk2', 'Pygl']",1.33e-07,7.29e-05,Ribose phosphate metabolic process,74,True,True
Process,GO:0044262,6,175,10029,"['I79_004996', 'Pfkl', 'Gbe1', 'Nr1d1', 'Hk2', 'Pygl']","['I79_004996', 'Pfkl', 'Gbe1', 'Nr1d1', 'Hk2', 'Pygl']",1.33e-07,7.29e-05,Cellular carbohydrate metabolic process,74,True,True
Process,GO:0016051,5,124,10029,"['Pgam1', 'I79_004996', 'Pgk1', 'Gbe1', 'Nr1d1']","['Pgam1', 'I79_004996', 'Pgk1', 'Gbe1', 'Nr1d1']",7.58e-07,0.00036,Carbohydrate biosynthetic process,74,True,True
Process,GO:0009628,9,1190,10029,"['Pdk1', 'Bhlhe40', 'Mgarp', 'Slc2a1', 'Jup', 'Ak4', 'Adm', 'Bnip3', 'Hk2']","['Pdk1', 'Bhlhe40', 'Mgarp', 'Slc2a1', 'Jup', 'Ak4', 'Adm', 'Bnip3', 'Hk2']",1.92e-05,0.0069,Response to abiotic stimulus,74,True,True
Process,GO:0071456,4,118,10029,"['Pdk1', 'Mgarp', 'Ak4', 'Bnip3']","['Pdk1', 'Mgarp', 'Ak4', 'Bnip3']",2.08e-05,0.0073,Cellular response to hypoxia,74,True,True
Process,GO:0006094,3,42,10029,"['Pgam1', 'I79_004996', 'Pgk1']","['Pgam1', 'I79_004996', 'Pgk1']",2.98e-05,0.0097,Gluconeogenesis,74,True,True
Process,GO:0005977,3,53,10029,"['Gbe1', 'Nr1d1', 'Pygl']","['Gbe1', 'Nr1d1', 'Pygl']",5.75e-05,0.0165,Glycogen metabolic process,74,True,True
Process,GO:0016310,8,1063,10029,"['Pdk1', 'Pgam1', 'I79_004996', 'Pfkl', 'Pgk1', 'Ak4', 'Aldoa', 'Hk2']","['Pdk1', 'Pgam1', 'I79_004996', 'Pfkl', 'Pgk1', 'Ak4', 'Aldoa', 'Hk2']",6.36e-05,0.0171,Phosphorylation,74,True,True
Process,GO:0030388,2,11,10029,"['Pfkl', 'Aldoa']","['Pfkl', 'Aldoa']",0.00013,0.0346,"Fructose 1,6-bisphosphate metabolic process",74,True,True
Process,GO:0006002,2,14,10029,"['Pfkl', 'Hk2']","['Pfkl', 'Hk2']",0.00021,0.0491,Fructose 6-phosphate metabolic process,74,True,True
Function,GO:0048029,4,83,10029,"['Pfkl', 'Aldoa', 'Hk2', 'Pygl']","['Pfkl', 'Aldoa', 'Hk2', 'Pygl']",5.44e-06,0.0179,Monosaccharide binding,74,True,True
Function,GO:0030246,5,241,10029,"['Pfkl', 'Gbe1', 'Aldoa', 'Hk2', 'Pygl']","['Pfkl', 'Gbe1', 'Aldoa', 'Hk2', 'Pygl']",1.78e-05,0.0293,Carbohydrate binding,74,True,True
Keyword,KW-0324,4,26,10029,"['I79_004996', 'Pfkl', 'Aldoa', 'Hk2']","['I79_004996', 'Pfkl', 'Aldoa', 'Hk2']",7.07e-08,2.42e-05,Glycolysis,74,True,True
Keyword,KW-0418,7,809,10029,"['Pdk1', 'Pik3r5', 'Pfkl', 'Pgk1', 'Ak4', 'I79_017944', 'Hk2']","['Pdk1', 'Pik3r5', 'Pfkl', 'Pgk1', 'Ak4', 'I79_017944', 'Hk2']",8.39e-05,0.0144,Kinase,74,True,True
Keyword,KW-0808,9,1643,10029,"['Pdk1', 'Pik3r5', 'Pfkl', 'Kdm4b', 'Pgk1', 'Ak4', 'I79_017944', 'Hk2', 'Pygl']","['Pdk1', 'Pik3r5', 'Pfkl', 'Kdm4b', 'Pgk1', 'Ak4', 'I79_017944', 'Hk2', 'Pygl']",0.00023,0.0263,Transferase,74,True,True
KEGG,cge04066,6,86,10029,"['Pdk1', 'Pfkl', 'Slc2a1', 'Pgk1', 'Aldoa', 'Hk2']","['Pdk1', 'Pfkl', 'Slc2a1', 'Pgk1', 'Aldoa', 'Hk2']",2.3e-09,7.64e-07,HIF-1 signaling pathway,74,True,True
KEGG,cge00010,5,55,10029,"['Pgam1', 'Pfkl', 'Pgk1', 'Aldoa', 'Hk2']","['Pgam1', 'Pfkl', 'Pgk1', 'Aldoa', 'Hk2']",1.61e-08,2.24e-06,Glycolysis / Gluconeogenesis,74,True,True
KEGG,cge05230,5,53,10029,"['Pdk1', 'Pgam1', 'Pfkl', 'Slc2a1', 'Hk2']","['Pdk1', 'Pgam1', 'Pfkl', 'Slc2a1', 'Hk2']",1.35e-08,2.24e-06,Central carbon metabolism in cancer,74,True,True
KEGG,cge01200,5,104,10029,"['Pgam1', 'Pfkl', 'Pgk1', 'Aldoa', 'Hk2']","['Pgam1', 'Pfkl', 'Pgk1', 'Aldoa', 'Hk2']",3.28e-07,2.72e-05,Carbon metabolism,74,True,True
KEGG,cge01230,4,67,10029,"['Pgam1', 'Pfkl', 'Pgk1', 'Aldoa']","['Pgam1', 'Pfkl', 'Pgk1', 'Aldoa']",2.41e-06,0.00016,Biosynthesis of amino acids,74,True,True
KEGG,cge04922,4,72,10029,"['Pgam1', 'Pfkl', 'Slc2a1', 'Pygl']","['Pgam1', 'Pfkl', 'Slc2a1', 'Pygl']",3.17e-06,0.00018,Glucagon signaling pathway,74,True,True
KEGG,cge00500,3,22,10029,"['Gbe1', 'Hk2', 'Pygl']","['Gbe1', 'Hk2', 'Pygl']",4.91e-06,0.00023,Starch and sucrose metabolism,74,True,True
KEGG,cge00051,3,29,10029,"['Pfkl', 'Aldoa', 'Hk2']","['Pfkl', 'Aldoa', 'Hk2']",1.05e-05,0.00044,Fructose and mannose metabolism,74,True,True
KEGG,cge01100,9,1132,10029,"['Pgam1', 'Pfkl', 'Pgk1', 'Mif', 'Gbe1', 'Ak4', 'Aldoa', 'Hk2', 'Pygl']","['Pgam1', 'Pfkl', 'Pgk1', 'Mif', 'Gbe1', 'Ak4', 'Aldoa', 'Hk2', 'Pygl']",1.29e-05,0.00048,Metabolic pathways,74,True,True
KEGG,cge04710,2,23,10029,"['Bhlhe40', 'Nr1d1']","['Bhlhe40', 'Nr1d1']",0.00051,0.017,Circadian rhythm,74,True,True
KEGG,cge00052,2,26,10029,"['Pfkl', 'Hk2']","['Pfkl', 'Hk2']",0.00064,0.0194,Galactose metabolism,74,True,True
KEGG,cge00030,2,28,10029,"['Pfkl', 'Aldoa']","['Pfkl', 'Aldoa']",0.00074,0.0204,Pentose phosphate pathway,74,True,True
PMID,PMID:31568486,4,18,10029,"['I79_004996', 'Pgk1', 'Aldoa', 'Hk2']","['I79_004996', 'Pgk1', 'Aldoa', 'Hk2']",1.9e-08,0.00052,"(2019) Pyruvate produced by Brugia spp. via glycolysis is essential for maintaining the mutualistic association between the parasite and its endosymbiont, Wolbachia.",74,True,False
PMID,PMID:37762634,4,27,10029,"['Pgam1', 'Aldoa', 'Hk2', 'Pygl']","['Pgam1', 'Aldoa', 'Hk2', 'Pygl']",8.11e-08,0.0011,(2023) Cold Exposure Regulates Hepatic Glycogen and Lipid Metabolism in Newborn Goats.,74,True,False
PMID,PMID:19802386,3,11,10029,"['Pgk1', 'Aldoa', 'Bnip3']","['Pgk1', 'Aldoa', 'Bnip3']",7.85e-07,0.0072,(2009) COMMD1 Promotes pVHL and O2-Independent Proteolysis of HIF-1alpha via HSP9070.,74,True,False
PMID,PMID:37793502,4,57,10029,"['Pgam1', 'Pgk1', 'Aldoa', 'Hk2']","['Pgam1', 'Pgk1', 'Aldoa', 'Hk2']",1.31e-06,0.009,(2023) Impact of Bmal1 Rescue and Time-Restricted Feeding on Liver and Muscle Proteomes During the Active Phase in Mice.,74,True,False
PMID,PMID:20015196,3,15,10029,"['Pgk1', 'Bnip3', 'Hk2']","['Pgk1', 'Bnip3', 'Hk2']",1.75e-06,0.0096,(2010) Tumour hypoxia induces a metabolic shift causing acidosis: a common feature in cancer.,74,True,False
PMID,PMID:37375100,3,29,10029,"['Pgk1', 'Ankrd37', 'Bnip3']","['Pgk1', 'Ankrd37', 'Bnip3']",1.05e-05,0.0483,"(2023) Regulatory Functions of Hypoxia in Host-Parasite Interactions: A Focus on Enteric, Tissue, and Blood Protozoa.",74,True,False
PMID,PMID:36339566,3,31,10029,"['Pfkl', 'Pgk1', 'Hk2']","['Pfkl', 'Pgk1', 'Hk2']",1.27e-05,0.0498,(2022) Natural products targeting glycolytic signaling pathways-an updated review on anti-cancer therapy.,74,True,False
RCTM,MAP-71387,10,451,10029,"['Efcab7', 'Pgam1', 'I79_004996', 'Pfkl', 'Slc2a1', 'Pgk1', 'Gbe1', 'Aldoa', 'Hk2', 'Pygl']","['Efcab7', 'Pgam1', 'I79_004996', 'Pfkl', 'Slc2a1', 'Pgk1', 'Gbe1', 'Aldoa', 'Hk2', 'Pygl']",2.85e-10,4.87e-07,Metabolism of carbohydrates,74,True,True
RCTM,MAP-70171,6,167,10029,"['Pgam1', 'I79_004996', 'Pfkl', 'Pgk1', 'Aldoa', 'Hk2']","['Pgam1', 'I79_004996', 'Pfkl', 'Pgk1', 'Aldoa', 'Hk2']",1.02e-07,8.72e-05,Glycolysis,74,True,True
RCTM,MAP-70326,6,192,10029,"['Pgam1', 'I79_004996', 'Pfkl', 'Pgk1', 'Aldoa', 'Hk2']","['Pgam1', 'I79_004996', 'Pfkl', 'Pgk1', 'Aldoa', 'Hk2']",2.27e-07,0.00013,Glucose metabolism,74,True,True
RCTM,MAP-8982491,3,29,10029,"['Efcab7', 'Gbe1', 'Pygl']","['Efcab7', 'Gbe1', 'Pygl']",1.05e-05,0.0045,Glycogen metabolism,74,True,True
RCTM,MAP-1430728,13,2614,10029,"['Pdk1', 'Pik3r5', 'Efcab7', 'Pgam1', 'I79_004996', 'Pfkl', 'Slc2a1', 'Pgk1', 'Gbe1', 'Ak4', 'Aldoa', 'Hk2', 'Pygl']","['Pdk1', 'Pik3r5', 'Efcab7', 'Pgam1', 'I79_004996', 'Pfkl', 'Slc2a1', 'Pgk1', 'Gbe1', 'Ak4', 'Aldoa', 'Hk2', 'Pygl']",1.52e-05,0.0052,Metabolism,74,True,True
RCTM,MAP-70263,4,126,10029,"['Pgam1', 'I79_004996', 'Pgk1', 'Aldoa']","['Pgam1', 'I79_004996', 'Pgk1', 'Aldoa']",2.67e-05,0.0076,Gluconeogenesis,74,True,True
RCTM,MAP-6798695,7,803,10029,"['Efcab7', 'Pgam1', 'Pfkl', 'Jup', 'Mif', 'Aldoa', 'Pygl']","['Efcab7', 'Pgam1', 'Pfkl', 'Jup', 'Mif', 'Aldoa', 'Pygl']",8.01e-05,0.0196,Neutrophil degranulation,74,True,True
RCTM,MAP-3322077,2,11,10029,"['Efcab7', 'Gbe1']","['Efcab7', 'Gbe1']",0.00013,0.0287,Glycogen synthesis,74,True,True
NetworkNeighborAL,CL:9971,6,65,10029,"['Pgam1', 'I79_004996', 'Pfkl', 'Pgk1', 'Aldoa', 'Hk2']","['Pgam1', 'I79_004996', 'Pfkl', 'Pgk1', 'Aldoa', 'Hk2']",4.71e-10,2e-06,"Glycolytic process, and Pentose-phosphate shunt",74,True,True
NetworkNeighborAL,CL:9972,5,38,10029,"['Pgam1', 'Pfkl', 'Pgk1', 'Aldoa', 'Hk2']","['Pgam1', 'Pfkl', 'Pgk1', 'Aldoa', 'Hk2']",2.88e-09,3.05e-06,"Pentose phosphate pathway, and Phosphoglycerate/bisphosphoglycerate mutase, active site",74,True,True
NetworkNeighborAL,CL:11980,3,18,10029,"['Efcab7', 'Gbe1', 'Pygl']","['Efcab7', 'Gbe1', 'Pygl']",2.85e-06,0.001,Glycogen metabolism,74,True,True
NetworkNeighborAL,CL:9974,3,19,10029,"['Pgam1', 'Pgk1', 'Aldoa']","['Pgam1', 'Pgk1', 'Aldoa']",3.3e-06,0.0011,"Pentose phosphate pathway, and Phosphoglycerate mutase 1",74,True,True
NetworkNeighborAL,CL:11983,2,5,10029,"['Efcab7', 'Gbe1']","['Efcab7', 'Gbe1']",3.63e-05,0.0096,Glycogen synthesis,74,True,True
NetworkNeighborAL,CL:10026,2,11,10029,"['Pfkl', 'Hk2']","['Pfkl', 'Hk2']",0.00013,0.03,"Phosphofructokinase activity, and Hexokinase",74,True,True
NetworkNeighborAL,CL:14902,3,70,10029,"['Bhlhe40', 'Dbp', 'Nr1d1']","['Bhlhe40', 'Dbp', 'Nr1d1']",0.00013,0.03,"Nuclear Receptor transcription pathway, and PAS domain",74,True,True
Component,GO:0005615,9,1322,10029,"['I79_004757', 'S100a16', 'Fgfr1', 'I79_009930', 'Col7a1', 'Clu', 'I79_020269', 'Nppa', 'C1qtnf5']","['I79_004757', 'S100a16', 'Fgf1', 'I79_009930', 'Col7a1', 'Clu', 'I79_020269', 'Nppa', 'C1qtnf5']",9.42e-06,0.0161,Extracellular space,77,True,True
Component,GO:0005576,10,1907,10029,"['Adamts7', 'I79_004757', 'S100a16', 'Fgfr1', 'I79_009930', 'Col7a1', 'Clu', 'I79_020269', 'Nppa', 'C1qtnf5']","['Adamts7', 'I79_004757', 'S100a16', 'Fgf1', 'I79_009930', 'Col7a1', 'Clu', 'I79_020269', 'Nppa', 'C1qtnf5']",2.54e-05,0.0218,Extracellular region,77,True,True
Keyword,KW-0176,4,61,10029,"['I79_004757', 'I79_009930', 'Col7a1', 'C1qtnf5']","['I79_004757', 'I79_009930', 'Col7a1', 'C1qtnf5']",8.34e-07,0.00029,Collagen,77,True,True
Keyword,KW-0964,5,233,10029,"['I79_004757', 'Fgfr1', 'Clu', 'Nppa', 'C1qtnf5']","['I79_004757', 'Fgf1', 'Clu', 'Nppa', 'C1qtnf5']",6.34e-06,0.0011,Secreted,77,True,True
NetworkNeighborAL,CL:13866,2,13,10029,"['Prxl2a', 'Fabp4']","['Prxl2a', 'Fabp4']",3.68e-06,0.0156,"Intracellular lipid binding protein, and Peroxiredoxin-like 2A/B/C",79,True,True
SMART,SM00209,3,57,10029,"['I79_003909', 'I79_010061', 'Ccn2']","['I79_003909', 'I79_010061', 'Ccn2']",9.99e-06,0.0074,Thrombospondin type 1 repeats,80,True,True
COMPARTMENTS,GOCC:0005576,11,1287,10029,"['Tfrc', 'I79_001476', 'Mmp10', 'Tfpi2', 'Lpl', 'I79_009930', 'Ccl17', 'Aqp1', 'Sema3c', 'Pla2g2a', 'Ccn2']","['Tfrc', 'I79_001476', 'Mmp10', 'Tfpi2', 'Lpl', 'I79_009930', 'Ccl17', 'Aqp1', 'Sema3c', 'Pla2g2a', 'Ccn2']",2.48e-09,4.87e-06,Extracellular region,81,True,True
COMPARTMENTS,GOCC:0005615,6,518,10029,"['Tfrc', 'I79_001476', 'Mmp10', 'Lpl', 'Aqp1', 'Pla2g2a']","['Tfrc', 'I79_001476', 'Mmp10', 'Lpl', 'Aqp1', 'Pla2g2a']",4.43e-06,0.0043,Extracellular space,81,True,True
Component,GO:0005615,11,1322,10029,"['Tfrc', 'I79_001476', 'Tfpi2', 'Lpl', 'I79_009930', 'Ccl17', 'Aqp1', 'Sema3c', 'Pla2g2a', 'Ggt1', 'Ccn2']","['Tfrc', 'I79_001476', 'Tfpi2', 'Lpl', 'I79_009930', 'Ccl17', 'Aqp1', 'Sema3c', 'Pla2g2a', 'Ggt1', 'Ccn2']",3.28e-09,5.62e-06,Extracellular space,81,True,True
Component,GO:0005576,12,1907,10029,"['Tfrc', 'I79_001476', 'Mmp10', 'Tfpi2', 'Lpl', 'I79_009930', 'Ccl17', 'Aqp1', 'Sema3c', 'Pla2g2a', 'Ggt1', 'Ccn2']","['Tfrc', 'I79_001476', 'Mmp10', 'Tfpi2', 'Lpl', 'I79_009930', 'Ccl17', 'Aqp1', 'Sema3c', 'Pla2g2a', 'Ggt1', 'Ccn2']",1.03e-08,8.82e-06,Extracellular region,81,True,True
TISSUES,BTO:0003595,2,5,10029,"['I79_001476', 'Mmp10']","['I79_001476', 'Mmp10']",1.54e-05,0.0225,Knee,81,True,True
TISSUES,BTO:0003742,2,4,10029,"['I79_001476', 'Mmp10']","['I79_001476', 'Mmp10']",1.1e-05,0.0225,Synoviocyte,81,True,True
Keyword,KW-0964,4,233,10029,"['Lpl', 'Ccl17', 'Pla2g2a', 'Ccn2']","['Lpl', 'Ccl17', 'Pla2g2a', 'Ccn2']",4.95e-05,0.017,Secreted,81,True,True
RCTM,MAP-1442490,3,60,10029,"['I79_001476', 'Mmp10', 'I79_009930']","['I79_001476', 'Mmp10', 'I79_009930']",2.25e-05,0.0384,Collagen degradation,81,True,True
COMPARTMENTS,GOCC:0022626,11,416,10029,"['I79_000460', 'I79_002380', 'CgPICR_014437', 'I79_005028', 'Rpl23', 'I79_010951', 'Rpl11', 'Rpl32', 'Rpl7', 'Rpl7a', 'I79_023563']","['I79_000460', 'I79_002380', 'CgPICR_014437', 'I79_005028', 'Rpl23', 'I79_010951', 'Rpl11', 'Rpl32', 'Rpl7', 'Rpl7a', 'I79_023563']",1.47e-11,2.89e-08,Cytosolic ribosome,82,True,True
COMPARTMENTS,GOCC:0005737,28,7387,10029,"['I79_000460', 'I79_000461', 'I79_002380', 'I79_003075', 'CgPICR_014437', 'Crip2', 'I79_005028', 'I79_005484', 'Rpl23', 'I79_010951', 'Eif1', 'Rpl11', 'I79_012301', 'I79_012481', 'Upk1a', 'S100a11', 'Rpl32', 'Rpl7', 'CgPICR_018851', 'Ubc', 'Ndufa3', 'Emc10', 'Atp5mg', 'I79_019066', 'Rpl7a', 'H671_3g10394', 'Eef1a1', 'I79_023563']","['I79_000460', 'I79_000461', 'I79_002380', 'I79_003075', 'CgPICR_014437', 'Crip2', 'I79_005028', 'I79_005484', 'Rpl23', 'I79_010951', 'Eif1', 'Rpl11', 'I79_012301', 'I79_012481', 'Upk1a', 'S100a11', 'Rpl32', 'Rpl7', 'CgPICR_018851', 'Ubc', 'Ndufa3', 'Emc10', 'Atp5mg', 'I79_019066', 'Rpl7a', 'H671_3g10394', 'Eef1a1', 'I79_023563']",3.16e-09,2.06e-06,Cytoplasm,82,True,True
COMPARTMENTS,GOCC:0005844,7,192,10029,"['I79_005028', 'I79_010951', 'Rpl11', 'Rpl32', 'Rpl7', 'Rpl7a', 'I79_023563']","['I79_005028', 'I79_010951', 'Rpl11', 'Rpl32', 'Rpl7', 'Rpl7a', 'I79_023563']",1.37e-08,6.73e-06,Polysome,82,True,True
COMPARTMENTS,GOCC:0005622,34,12999,10029,"['I79_000460', 'I79_000461', 'Tbc1d2b', 'I79_002380', 'I79_003075', 'Crtap', 'CgPICR_014437', 'Crip2', 'I79_005028', 'I79_005382', 'I79_005484', 'Rpl23', 'I79_010951', 'Ube2c', 'Eif1', 'Rpl11', 'I79_012301', 'I79_012481', 'Upk1a', 'S100a11', 'Rpl32', 'Rpl7', 'CgPICR_018851', 'Ubc', 'Ndufa3', 'Emc10', 'Atp5mg', 'I79_019066', 'Rpl7a', 'G6pd', 'Taf10', 'H671_3g10394', 'Eef1a1', 'I79_023563']","['I79_000460', 'I79_000461', 'Tbc1d2b', 'I79_002380', 'I79_003075', 'Crtap', 'CgPICR_014437', 'Crip2', 'I79_005028', 'I79_005382', 'I79_005484', 'Rpl23', 'I79_010951', 'Ube2c', 'Eif1', 'Rpl11', 'I79_012301', 'I79_012481', 'Upk1a', 'S100a11', 'Rpl32', 'Rpl7', 'CgPICR_018851', 'Ubc', 'Ndufa3', 'Emc10', 'Atp5mg', 'I79_019066', 'Rpl7a', 'G6pd', 'Taf10', 'H671_3g10394', 'Eef1a1', 'I79_023563']",1.77e-08,6.96e-06,Intracellular,82,True,True
COMPARTMENTS,GOCC:1990904,11,919,10029,"['I79_000460', 'I79_003075', 'CgPICR_014437', 'I79_005028', 'I79_010951', 'Eif1', 'Rpl11', 'Rpl32', 'Rpl7', 'Rpl7a', 'I79_023563']","['I79_000460', 'I79_003075', 'CgPICR_014437', 'I79_005028', 'I79_010951', 'Eif1', 'Rpl11', 'Rpl32', 'Rpl7', 'Rpl7a', 'I79_023563']",5.15e-08,1.68e-05,Ribonucleoprotein complex,82,True,True
COMPARTMENTS,GOCC:0005829,14,1754,10029,"['I79_000460', 'I79_000461', 'I79_002380', 'CgPICR_014437', 'I79_005028', 'Rpl23', 'I79_010951', 'Rpl11', 'Rpl32', 'Rpl7', 'CgPICR_018851', 'Rpl7a', 'Eef1a1', 'I79_023563']","['I79_000460', 'I79_000461', 'I79_002380', 'CgPICR_014437', 'I79_005028', 'Rpl23', 'I79_010951', 'Rpl11', 'Rpl32', 'Rpl7', 'CgPICR_018851', 'Rpl7a', 'Eef1a1', 'I79_023563']",7.32e-08,1.91e-05,Cytosol,82,True,True
COMPARTMENTS,GOCC:0042788,6,141,10029,"['I79_005028', 'I79_010951', 'Rpl11', 'Rpl32', 'Rpl7a', 'I79_023563']","['I79_005028', 'I79_010951', 'Rpl11', 'Rpl32', 'Rpl7a', 'I79_023563']",6.83e-08,1.91e-05,Polysomal ribosome,82,True,True
COMPARTMENTS,GOCC:0032991,22,5639,10029,"['I79_000460', 'I79_000461', 'I79_003075', 'Crtap', 'CgPICR_014437', 'I79_005028', 'I79_005484', 'I79_010951', 'Ube2c', 'Eif1', 'Rpl11', 'I79_012481', 'Rpl32', 'Rpl7', 'CgPICR_018851', 'Ndufa3', 'Emc10', 'Atp5mg', 'I79_019066', 'Rpl7a', 'Taf10', 'I79_023563']","['I79_000460', 'I79_000461', 'I79_003075', 'Crtap', 'CgPICR_014437', 'I79_005028', 'I79_005484', 'I79_010951', 'Ube2c', 'Eif1', 'Rpl11', 'I79_012481', 'Rpl32', 'Rpl7', 'CgPICR_018851', 'Ndufa3', 'Emc10', 'Atp5mg', 'I79_019066', 'Rpl7a', 'Taf10', 'I79_023563']",8.94e-07,0.00019,Protein-containing complex,82,True,True
COMPARTMENTS,GOCC:0044391,7,395,10029,"['I79_000460', 'CgPICR_014437', 'I79_010951', 'Rpl11', 'Rpl32', 'Rpl7', 'I79_023563']","['I79_000460', 'CgPICR_014437', 'I79_010951', 'Rpl11', 'Rpl32', 'Rpl7', 'I79_023563']",1.62e-06,0.00032,Ribosomal subunit,82,True,True
COMPARTMENTS,GOCC:0043229,28,9624,10029,"['I79_000460', 'I79_000461', 'I79_002380', 'I79_003075', 'CgPICR_014437', 'I79_005028', 'I79_005484', 'Rpl23', 'I79_010951', 'Ube2c', 'Rpl11', 'I79_012301', 'I79_012481', 'Upk1a', 'Rpl32', 'Rpl7', 'CgPICR_018851', 'Ubc', 'Ndufa3', 'Emc10', 'Atp5mg', 'I79_019066', 'Rpl7a', 'G6pd', 'Taf10', 'H671_3g10394', 'Eef1a1', 'I79_023563']","['I79_000460', 'I79_000461', 'I79_002380', 'I79_003075', 'CgPICR_014437', 'I79_005028', 'I79_005484', 'Rpl23', 'I79_010951', 'Ube2c', 'Rpl11', 'I79_012301', 'I79_012481', 'Upk1a', 'Rpl32', 'Rpl7', 'CgPICR_018851', 'Ubc', 'Ndufa3', 'Emc10', 'Atp5mg', 'I79_019066', 'Rpl7a', 'G6pd', 'Taf10', 'H671_3g10394', 'Eef1a1', 'I79_023563']",1.96e-06,0.00035,Intracellular organelle,82,True,True
COMPARTMENTS,GOCC:0022625,5,183,10029,"['I79_000460', 'CgPICR_014437', 'Rpl11', 'Rpl32', 'Rpl7']","['I79_000460', 'CgPICR_014437', 'Rpl11', 'Rpl32', 'Rpl7']",7.64e-06,0.0012,Cytosolic large ribosomal subunit,82,True,True
COMPARTMENTS,GOCC:0043232,14,3329,10029,"['I79_000460', 'I79_000461', 'I79_002380', 'CgPICR_014437', 'I79_005028', 'Rpl23', 'I79_010951', 'Rpl11', 'Rpl32', 'Rpl7', 'I79_019066', 'Rpl7a', 'Eef1a1', 'I79_023563']","['I79_000460', 'I79_000461', 'I79_002380', 'CgPICR_014437', 'I79_005028', 'Rpl23', 'I79_010951', 'Rpl11', 'Rpl32', 'Rpl7', 'I79_019066', 'Rpl7a', 'Eef1a1', 'I79_023563']",0.00014,0.0177,Intracellular non-membrane-bounded organelle,82,True,True
Process,GO:0006412,12,700,10029,"['I79_000460', 'I79_002380', 'CgPICR_014437', 'I79_005028', 'I79_005382', 'Rpl23', 'I79_010951', 'Eif1', 'Rpl11', 'Rpl32', 'Eef1a1', 'I79_023563']","['I79_000460', 'I79_002380', 'CgPICR_014437', 'I79_005028', 'I79_005382', 'Rpl23', 'I79_010951', 'Eif1', 'Rpl11', 'Rpl32', 'Eef1a1', 'I79_023563']",1.98e-10,1.44e-06,Translation,82,True,True
Process,GO:0006518,13,850,10029,"['I79_000460', 'I79_002380', 'CgPICR_014437', 'I79_005028', 'I79_005382', 'Rpl23', 'I79_010951', 'Eif1', 'Rpl11', 'Rpl32', 'G6pd', 'Eef1a1', 'I79_023563']","['I79_000460', 'I79_002380', 'CgPICR_014437', 'I79_005028', 'I79_005382', 'Rpl23', 'I79_010951', 'Eif1', 'Rpl11', 'Rpl32', 'G6pd', 'Eef1a1', 'I79_023563']",1.14e-10,1.44e-06,Peptide metabolic process,82,True,True
Process,GO:0043603,14,1102,10029,"['I79_000460', 'I79_002380', 'CgPICR_014437', 'I79_005028', 'I79_005382', 'Rpl23', 'I79_010951', 'Eif1', 'Rpl11', 'I79_012301', 'Rpl32', 'G6pd', 'Eef1a1', 'I79_023563']","['I79_000460', 'I79_002380', 'CgPICR_014437', 'I79_005028', 'I79_005382', 'Rpl23', 'I79_010951', 'Eif1', 'Rpl11', 'I79_012301', 'Rpl32', 'G6pd', 'Eef1a1', 'I79_023563']",1.99e-10,1.44e-06,Cellular amide metabolic process,82,True,True
Process,GO:0034641,20,3820,10029,"['I79_000460', 'I79_000461', 'I79_002380', 'I79_003075', 'CgPICR_014437', 'I79_005028', 'I79_005382', 'Rpl23', 'I79_010951', 'Eif1', 'Rpl11', 'I79_012301', 'Rpl32', 'Rpl7', 'Atp5mg', 'Rpl7a', 'G6pd', 'Taf10', 'Eef1a1', 'I79_023563']","['I79_000460', 'I79_000461', 'I79_002380', 'I79_003075', 'CgPICR_014437', 'I79_005028', 'I79_005382', 'Rpl23', 'I79_010951', 'Eif1', 'Rpl11', 'I79_012301', 'Rpl32', 'Rpl7', 'Atp5mg', 'Rpl7a', 'G6pd', 'Taf10', 'Eef1a1', 'I79_023563']",3.43e-08,6.21e-05,Cellular nitrogen compound metabolic process,82,True,True
Process,GO:0044271,14,1662,10029,"['I79_000460', 'I79_002380', 'CgPICR_014437', 'I79_005028', 'I79_005382', 'Rpl23', 'I79_010951', 'Eif1', 'Rpl11', 'Rpl32', 'Atp5mg', 'Taf10', 'Eef1a1', 'I79_023563']","['I79_000460', 'I79_002380', 'CgPICR_014437', 'I79_005028', 'I79_005382', 'Rpl23', 'I79_010951', 'Eif1', 'Rpl11', 'Rpl32', 'Atp5mg', 'Taf10', 'Eef1a1', 'I79_023563']",3.74e-08,6.21e-05,Cellular nitrogen compound biosynthetic process,82,True,True
Process,GO:0010467,16,2399,10029,"['I79_000460', 'I79_002380', 'I79_003075', 'CgPICR_014437', 'I79_005028', 'I79_005382', 'Rpl23', 'I79_010951', 'Eif1', 'Rpl11', 'Rpl32', 'Rpl7', 'Rpl7a', 'Taf10', 'Eef1a1', 'I79_023563']","['I79_000460', 'I79_002380', 'I79_003075', 'CgPICR_014437', 'I79_005028', 'I79_005382', 'Rpl23', 'I79_010951', 'Eif1', 'Rpl11', 'Rpl32', 'Rpl7', 'Rpl7a', 'Taf10', 'Eef1a1', 'I79_023563']",6.96e-08,9.78e-05,Gene expression,82,True,True
Process,GO:1901566,13,1579,10029,"['I79_000460', 'I79_002380', 'CgPICR_014437', 'I79_005028', 'I79_005382', 'Rpl23', 'I79_010951', 'Eif1', 'Rpl11', 'Rpl32', 'Atp5mg', 'Eef1a1', 'I79_023563']","['I79_000460', 'I79_002380', 'CgPICR_014437', 'I79_005028', 'I79_005382', 'Rpl23', 'I79_010951', 'Eif1', 'Rpl11', 'Rpl32', 'Atp5mg', 'Eef1a1', 'I79_023563']",1.78e-07,0.00023,Organonitrogen compound biosynthetic process,82,True,True
Process,GO:0009059,13,1615,10029,"['I79_000460', 'I79_002380', 'CgPICR_014437', 'I79_005028', 'I79_005382', 'Rpl23', 'I79_010951', 'Eif1', 'Rpl11', 'Rpl32', 'Taf10', 'Eef1a1', 'I79_023563']","['I79_000460', 'I79_002380', 'CgPICR_014437', 'I79_005028', 'I79_005382', 'Rpl23', 'I79_010951', 'Eif1', 'Rpl11', 'Rpl32', 'Taf10', 'Eef1a1', 'I79_023563']",2.31e-07,0.00027,Macromolecule biosynthetic process,82,True,True
Process,GO:1901576,15,2581,10029,"['I79_000460', 'I79_002380', 'CgPICR_014437', 'I79_005028', 'I79_005382', 'Rpl23', 'I79_010951', 'Eif1', 'Rpl11', 'Rpl32', 'Atp5mg', 'G6pd', 'Taf10', 'Eef1a1', 'I79_023563']","['I79_000460', 'I79_002380', 'CgPICR_014437', 'I79_005028', 'I79_005382', 'Rpl23', 'I79_010951', 'Eif1', 'Rpl11', 'Rpl32', 'Atp5mg', 'G6pd', 'Taf10', 'Eef1a1', 'I79_023563']",1.28e-06,0.0014,Organic substance biosynthetic process,82,True,True
Process,GO:0044237,24,7040,10029,"['I79_000460', 'I79_000461', 'I79_002380', 'I79_003075', 'Crtap', 'CgPICR_014437', 'I79_005028', 'I79_005382', 'Rpl23', 'I79_010951', 'Ube2c', 'Eif1', 'Rpl11', 'I79_012301', 'I79_012481', 'Rpl32', 'Rpl7', 'Ubc', 'Atp5mg', 'Rpl7a', 'G6pd', 'Taf10', 'Eef1a1', 'I79_023563']","['I79_000460', 'I79_000461', 'I79_002380', 'I79_003075', 'Crtap', 'CgPICR_014437', 'I79_005028', 'I79_005382', 'Rpl23', 'I79_010951', 'Ube2c', 'Eif1', 'Rpl11', 'I79_012301', 'I79_012481', 'Rpl32', 'Rpl7', 'Ubc', 'Atp5mg', 'Rpl7a', 'G6pd', 'Taf10', 'Eef1a1', 'I79_023563']",2.08e-06,0.0019,Cellular metabolic process,82,True,True
Process,GO:0044260,15,2825,10029,"['I79_000460', 'I79_002380', 'Crtap', 'CgPICR_014437', 'I79_005028', 'I79_005382', 'Rpl23', 'I79_010951', 'Ube2c', 'Eif1', 'Rpl11', 'Rpl32', 'Ubc', 'Eef1a1', 'I79_023563']","['I79_000460', 'I79_002380', 'Crtap', 'CgPICR_014437', 'I79_005028', 'I79_005382', 'Rpl23', 'I79_010951', 'Ube2c', 'Eif1', 'Rpl11', 'Rpl32', 'Ubc', 'Eef1a1', 'I79_023563']",4.01e-06,0.0034,Cellular macromolecule metabolic process,82,True,True
Process,GO:1901564,20,5394,10029,"['I79_000460', 'I79_000461', 'I79_002380', 'Crtap', 'CgPICR_014437', 'I79_005028', 'I79_005382', 'Rpl23', 'I79_010951', 'Ube2c', 'Eif1', 'Rpl11', 'I79_012301', 'Rpl32', 'Ubc', 'Atp5mg', 'G6pd', 'Taf10', 'Eef1a1', 'I79_023563']","['I79_000460', 'I79_000461', 'I79_002380', 'Crtap', 'CgPICR_014437', 'I79_005028', 'I79_005382', 'Rpl23', 'I79_010951', 'Ube2c', 'Eif1', 'Rpl11', 'I79_012301', 'Rpl32', 'Ubc', 'Atp5mg', 'G6pd', 'Taf10', 'Eef1a1', 'I79_023563']",1.07e-05,0.008,Organonitrogen compound metabolic process,82,True,True
Process,GO:0006807,23,7145,10029,"['I79_000460', 'I79_000461', 'I79_002380', 'I79_003075', 'Crtap', 'CgPICR_014437', 'I79_005028', 'I79_005382', 'Rpl23', 'I79_010951', 'Ube2c', 'Eif1', 'Rpl11', 'I79_012301', 'Rpl32', 'Rpl7', 'Ubc', 'Atp5mg', 'Rpl7a', 'G6pd', 'Taf10', 'Eef1a1', 'I79_023563']","['I79_000460', 'I79_000461', 'I79_002380', 'I79_003075', 'Crtap', 'CgPICR_014437', 'I79_005028', 'I79_005382', 'Rpl23', 'I79_010951', 'Ube2c', 'Eif1', 'Rpl11', 'I79_012301', 'Rpl32', 'Rpl7', 'Ubc', 'Atp5mg', 'Rpl7a', 'G6pd', 'Taf10', 'Eef1a1', 'I79_023563']",1.34e-05,0.0094,Nitrogen compound metabolic process,82,True,True
Process,GO:0019538,17,4367,10029,"['I79_000460', 'I79_000461', 'I79_002380', 'Crtap', 'CgPICR_014437', 'I79_005028', 'I79_005382', 'Rpl23', 'I79_010951', 'Ube2c', 'Eif1', 'Rpl11', 'Rpl32', 'Ubc', 'Taf10', 'Eef1a1', 'I79_023563']","['I79_000460', 'I79_000461', 'I79_002380', 'Crtap', 'CgPICR_014437', 'I79_005028', 'I79_005382', 'Rpl23', 'I79_010951', 'Ube2c', 'Eif1', 'Rpl11', 'Rpl32', 'Ubc', 'Taf10', 'Eef1a1', 'I79_023563']",4.47e-05,0.0297,Protein metabolic process,82,True,True
Process,GO:0044238,23,7736,10029,"['I79_000460', 'I79_000461', 'I79_002380', 'I79_003075', 'Crtap', 'CgPICR_014437', 'I79_005028', 'I79_005382', 'Rpl23', 'I79_010951', 'Ube2c', 'Eif1', 'Rpl11', 'I79_012301', 'Rpl32', 'Rpl7', 'Ubc', 'Atp5mg', 'Rpl7a', 'G6pd', 'Taf10', 'Eef1a1', 'I79_023563']","['I79_000460', 'I79_000461', 'I79_002380', 'I79_003075', 'Crtap', 'CgPICR_014437', 'I79_005028', 'I79_005382', 'Rpl23', 'I79_010951', 'Ube2c', 'Eif1', 'Rpl11', 'I79_012301', 'Rpl32', 'Rpl7', 'Ubc', 'Atp5mg', 'Rpl7a', 'G6pd', 'Taf10', 'Eef1a1', 'I79_023563']",5.55e-05,0.0351,Primary metabolic process,82,True,True
Component,GO:0022626,12,425,10029,"['I79_000460', 'I79_002380', 'CgPICR_014437', 'I79_005028', 'I79_005382', 'Rpl23', 'I79_010951', 'Rpl11', 'Rpl32', 'Rpl7', 'Rpl7a', 'I79_023563']","['I79_000460', 'I79_002380', 'CgPICR_014437', 'I79_005028', 'I79_005382', 'Rpl23', 'I79_010951', 'Rpl11', 'Rpl32', 'Rpl7', 'Rpl7a', 'I79_023563']",6.83e-13,1.17e-09,Cytosolic ribosome,82,True,True
Component,GO:0044391,12,515,10029,"['I79_000460', 'I79_002380', 'CgPICR_014437', 'I79_005028', 'I79_005382', 'Rpl23', 'I79_010951', 'Rpl11', 'Rpl32', 'Rpl7', 'Rpl7a', 'I79_023563']","['I79_000460', 'I79_002380', 'CgPICR_014437', 'I79_005028', 'I79_005382', 'Rpl23', 'I79_010951', 'Rpl11', 'Rpl32', 'Rpl7', 'Rpl7a', 'I79_023563']",6.11e-12,5.23e-09,Ribosomal subunit,82,True,True
Component,GO:1990904,14,1139,10029,"['I79_000460', 'I79_002380', 'I79_003075', 'CgPICR_014437', 'I79_005028', 'I79_005382', 'Rpl23', 'I79_010951', 'Eif1', 'Rpl11', 'Rpl32', 'Rpl7', 'Rpl7a', 'I79_023563']","['I79_000460', 'I79_002380', 'I79_003075', 'CgPICR_014437', 'I79_005028', 'I79_005382', 'Rpl23', 'I79_010951', 'Eif1', 'Rpl11', 'Rpl32', 'Rpl7', 'Rpl7a', 'I79_023563']",3.05e-10,1.31e-07,Ribonucleoprotein complex,82,True,True
Component,GO:0022625,9,299,10029,"['I79_000460', 'I79_002380', 'CgPICR_014437', 'I79_005028', 'Rpl23', 'Rpl11', 'Rpl32', 'Rpl7', 'Rpl7a']","['I79_000460', 'I79_002380', 'CgPICR_014437', 'I79_005028', 'Rpl23', 'Rpl11', 'Rpl32', 'Rpl7', 'Rpl7a']",4.58e-10,1.57e-07,Cytosolic large ribosomal subunit,82,True,True
Component,GO:0032991,23,6073,10029,"['I79_000460', 'I79_000461', 'I79_002380', 'I79_003075', 'Crtap', 'CgPICR_014437', 'I79_005028', 'I79_005382', 'Rpl23', 'I79_010951', 'Ube2c', 'Eif1', 'Rpl11', 'I79_012481', 'Rpl32', 'Rpl7', 'Ndufa3', 'Emc10', 'Atp5mg', 'I79_019066', 'Rpl7a', 'Taf10', 'I79_023563']","['I79_000460', 'I79_000461', 'I79_002380', 'I79_003075', 'Crtap', 'CgPICR_014437', 'I79_005028', 'I79_005382', 'Rpl23', 'I79_010951', 'Ube2c', 'Eif1', 'Rpl11', 'I79_012481', 'Rpl32', 'Rpl7', 'Ndufa3', 'Emc10', 'Atp5mg', 'I79_019066', 'Rpl7a', 'Taf10', 'I79_023563']",6.41e-07,0.00016,Protein-containing complex,82,True,True
Component,GO:0005737,30,11693,10029,"['I79_000460', 'I79_000461', 'Tbc1d2b', 'I79_002380', 'I79_003075', 'CgPICR_014437', 'Crip2', 'I79_005028', 'I79_005382', 'I79_005484', 'Rpl23', 'I79_010951', 'Eif1', 'Rpl11', 'I79_012301', 'I79_012481', 'S100a11', 'Rpl32', 'Rpl7', 'CgPICR_018851', 'Ubc', 'Ndufa3', 'Emc10', 'Atp5mg', 'I79_019066', 'Rpl7a', 'G6pd', 'Taf10', 'Eef1a1', 'I79_023563']","['I79_000460', 'I79_000461', 'Tbc1d2b', 'I79_002380', 'I79_003075', 'CgPICR_014437', 'Crip2', 'I79_005028', 'I79_005382', 'I79_005484', 'Rpl23', 'I79_010951', 'Eif1', 'Rpl11', 'I79_012301', 'I79_012481', 'S100a11', 'Rpl32', 'Rpl7', 'CgPICR_018851', 'Ubc', 'Ndufa3', 'Emc10', 'Atp5mg', 'I79_019066', 'Rpl7a', 'G6pd', 'Taf10', 'Eef1a1', 'I79_023563']",6.71e-06,0.0014,Cytoplasm,82,True,True
Component,GO:0005829,17,3933,10029,"['I79_000460', 'I79_000461', 'I79_002380', 'I79_003075', 'CgPICR_014437', 'I79_005028', 'I79_005382', 'Rpl23', 'I79_010951', 'Rpl11', 'Rpl32', 'Rpl7', 'I79_019066', 'Rpl7a', 'G6pd', 'Eef1a1', 'I79_023563']","['I79_000460', 'I79_000461', 'I79_002380', 'I79_003075', 'CgPICR_014437', 'I79_005028', 'I79_005382', 'Rpl23', 'I79_010951', 'Rpl11', 'Rpl32', 'Rpl7', 'I79_019066', 'Rpl7a', 'G6pd', 'Eef1a1', 'I79_023563']",1.09e-05,0.0021,Cytosol,82,True,True
Component,GO:0043232,17,4832,10029,"['I79_000460', 'I79_000461', 'I79_002380', 'I79_003075', 'CgPICR_014437', 'I79_005028', 'I79_005382', 'Rpl23', 'I79_010951', 'Rpl11', 'Rpl32', 'Rpl7', 'I79_019066', 'Rpl7a', 'G6pd', 'Eef1a1', 'I79_023563']","['I79_000460', 'I79_000461', 'I79_002380', 'I79_003075', 'CgPICR_014437', 'I79_005028', 'I79_005382', 'Rpl23', 'I79_010951', 'Rpl11', 'Rpl32', 'Rpl7', 'I79_019066', 'Rpl7a', 'G6pd', 'Eef1a1', 'I79_023563']",0.00017,0.0286,Intracellular non-membrane-bounded organelle,82,True,True
Function,GO:0003735,11,512,10029,"['I79_000460', 'I79_002380', 'CgPICR_014437', 'I79_005028', 'I79_005382', 'Rpl23', 'I79_010951', 'Rpl11', 'Rpl32', 'Rpl7', 'I79_023563']","['I79_000460', 'I79_002380', 'CgPICR_014437', 'I79_005028', 'I79_005382', 'Rpl23', 'I79_010951', 'Rpl11', 'Rpl32', 'Rpl7', 'I79_023563']",1.28e-10,4.23e-07,Structural constituent of ribosome,82,True,True
Function,GO:0005198,13,1060,10029,"['I79_000460', 'I79_002380', 'CgPICR_014437', 'I79_005028', 'I79_005382', 'Rpl23', 'I79_010951', 'Rpl11', 'Upk1a', 'Rpl32', 'Rpl7', 'I79_019066', 'I79_023563']","['I79_000460', 'I79_002380', 'CgPICR_014437', 'I79_005028', 'I79_005382', 'Rpl23', 'I79_010951', 'Rpl11', 'Upk1a', 'Rpl32', 'Rpl7', 'I79_019066', 'I79_023563']",1.64e-09,2.7e-06,Structural molecule activity,82,True,True
Function,GO:0019843,5,140,10029,"['I79_000460', 'I79_002380', 'Rpl23', 'Rpl11', 'Rpl7']","['I79_000460', 'I79_002380', 'Rpl23', 'Rpl11', 'Rpl7']",2.15e-06,0.0024,rRNA binding,82,True,True
Function,GO:0003723,10,1541,10029,"['I79_000460', 'I79_002380', 'I79_003075', 'I79_005382', 'Rpl23', 'Eif1', 'Rpl11', 'Rpl7', 'Rpl7a', 'I79_023563']","['I79_000460', 'I79_002380', 'I79_003075', 'I79_005382', 'Rpl23', 'Eif1', 'Rpl11', 'Rpl7', 'Rpl7a', 'I79_023563']",5.26e-05,0.0433,RNA binding,82,True,True
Keyword,KW-0687,14,619,10029,"['I79_000460', 'I79_002380', 'I79_003075', 'CgPICR_014437', 'I79_005028', 'I79_005382', 'I79_005484', 'Rpl23', 'I79_010951', 'Rpl11', 'Rpl32', 'Rpl7', 'Rpl7a', 'I79_023563']","['I79_000460', 'I79_002380', 'I79_003075', 'CgPICR_014437', 'I79_005028', 'I79_005382', 'I79_005484', 'Rpl23', 'I79_010951', 'Rpl11', 'Rpl32', 'Rpl7', 'Rpl7a', 'I79_023563']",1e-13,3.44e-11,Ribonucleoprotein,82,True,True
Keyword,KW-0689,13,524,10029,"['I79_000460', 'I79_002380', 'CgPICR_014437', 'I79_005028', 'I79_005382', 'I79_005484', 'Rpl23', 'I79_010951', 'Rpl11', 'Rpl32', 'Rpl7', 'Rpl7a', 'I79_023563']","['I79_000460', 'I79_002380', 'CgPICR_014437', 'I79_005028', 'I79_005382', 'I79_005484', 'Rpl23', 'I79_010951', 'Rpl11', 'Rpl32', 'Rpl7', 'Rpl7a', 'I79_023563']",3.01e-13,5.17e-11,Ribosomal protein,82,True,True
KEGG,cge03010,8,184,10029,"['CgPICR_014437', 'I79_005382', 'Rpl23', 'I79_010951', 'Rpl11', 'Rpl32', 'Rpl7', 'Rpl7a']","['CgPICR_014437', 'I79_005382', 'Rpl23', 'I79_010951', 'Rpl11', 'Rpl32', 'Rpl7', 'Rpl7a']",2.92e-10,9.7e-08,Ribosome,82,True,True
InterPro,IPR011332,4,26,10029,"['I79_002380', 'CgPICR_014437', 'I79_005028', 'I79_005382']","['I79_002380', 'CgPICR_014437', 'I79_005028', 'I79_005382']",1.03e-07,0.00067,Zinc-binding ribosomal protein,82,True,True
RCTM,MAP-156827,13,503,10029,"['I79_000460', 'I79_002380', 'CgPICR_014437', 'I79_005028', 'I79_005382', 'Rpl23', 'I79_010951', 'Rpl11', 'Rpl32', 'Rpl7', 'Ubc', 'Rpl7a', 'I79_023563']","['I79_000460', 'I79_002380', 'CgPICR_014437', 'I79_005028', 'I79_005382', 'Rpl23', 'I79_010951', 'Rpl11', 'Rpl32', 'Rpl7', 'Ubc', 'Rpl7a', 'I79_023563']",1.82e-13,1.45e-10,L13a-mediated translational silencing of Ceruloplasmin expression,82,True,True
RCTM,MAP-1799339,13,476,10029,"['I79_000460', 'I79_002380', 'CgPICR_014437', 'I79_005028', 'I79_005382', 'Rpl23', 'I79_010951', 'Rpl11', 'Rpl32', 'Rpl7', 'Ubc', 'Rpl7a', 'I79_023563']","['I79_000460', 'I79_002380', 'CgPICR_014437', 'I79_005028', 'I79_005382', 'Rpl23', 'I79_010951', 'Rpl11', 'Rpl32', 'Rpl7', 'Ubc', 'Rpl7a', 'I79_023563']",9.17e-14,1.45e-10,SRP-dependent cotranslational protein targeting to membrane,82,True,True
RCTM,MAP-6791226,13,569,10029,"['I79_000460', 'I79_002380', 'CgPICR_014437', 'I79_005028', 'I79_005382', 'Rpl23', 'I79_010951', 'Rpl11', 'Rpl32', 'Rpl7', 'Ubc', 'Rpl7a', 'I79_023563']","['I79_000460', 'I79_002380', 'CgPICR_014437', 'I79_005028', 'I79_005382', 'Rpl23', 'I79_010951', 'Rpl11', 'Rpl32', 'Rpl7', 'Ubc', 'Rpl7a', 'I79_023563']",8.34e-13,1.45e-10,Major pathway of rRNA processing in the nucleolus and cytosol,82,True,True
RCTM,MAP-72613,13,512,10029,"['I79_000460', 'I79_002380', 'CgPICR_014437', 'I79_005028', 'I79_005382', 'Rpl23', 'I79_010951', 'Rpl11', 'Rpl32', 'Rpl7', 'Ubc', 'Rpl7a', 'I79_023563']","['I79_000460', 'I79_002380', 'CgPICR_014437', 'I79_005028', 'I79_005382', 'Rpl23', 'I79_010951', 'Rpl11', 'Rpl32', 'Rpl7', 'Ubc', 'Rpl7a', 'I79_023563']",2.26e-13,1.45e-10,Eukaryotic Translation Initiation,82,True,True
RCTM,MAP-72689,13,473,10029,"['I79_000460', 'I79_002380', 'CgPICR_014437', 'I79_005028', 'I79_005382', 'Rpl23', 'I79_010951', 'Rpl11', 'Rpl32', 'Rpl7', 'Ubc', 'Rpl7a', 'I79_023563']","['I79_000460', 'I79_002380', 'CgPICR_014437', 'I79_005028', 'I79_005382', 'Rpl23', 'I79_010951', 'Rpl11', 'Rpl32', 'Rpl7', 'Ubc', 'Rpl7a', 'I79_023563']",8.47e-14,1.45e-10,Formation of a pool of free 40S subunits,82,True,True
RCTM,MAP-72706,13,491,10029,"['I79_000460', 'I79_002380', 'CgPICR_014437', 'I79_005028', 'I79_005382', 'Rpl23', 'I79_010951', 'Rpl11', 'Rpl32', 'Rpl7', 'Ubc', 'Rpl7a', 'I79_023563']","['I79_000460', 'I79_002380', 'CgPICR_014437', 'I79_005028', 'I79_005382', 'Rpl23', 'I79_010951', 'Rpl11', 'Rpl32', 'Rpl7', 'Ubc', 'Rpl7a', 'I79_023563']",1.35e-13,1.45e-10,GTP hydrolysis and joining of the 60S ribosomal subunit,82,True,True
RCTM,MAP-72737,13,512,10029,"['I79_000460', 'I79_002380', 'CgPICR_014437', 'I79_005028', 'I79_005382', 'Rpl23', 'I79_010951', 'Rpl11', 'Rpl32', 'Rpl7', 'Ubc', 'Rpl7a', 'I79_023563']","['I79_000460', 'I79_002380', 'CgPICR_014437', 'I79_005028', 'I79_005382', 'Rpl23', 'I79_010951', 'Rpl11', 'Rpl32', 'Rpl7', 'Ubc', 'Rpl7a', 'I79_023563']",2.26e-13,1.45e-10,Cap-dependent Translation Initiation,82,True,True
RCTM,MAP-72766,14,719,10029,"['I79_000460', 'I79_002380', 'CgPICR_014437', 'I79_005028', 'I79_005382', 'Rpl23', 'I79_010951', 'Rpl11', 'Rpl32', 'Rpl7', 'Ubc', 'Rpl7a', 'Eef1a1', 'I79_023563']","['I79_000460', 'I79_002380', 'CgPICR_014437', 'I79_005028', 'I79_005382', 'Rpl23', 'I79_010951', 'Rpl11', 'Rpl32', 'Rpl7', 'Ubc', 'Rpl7a', 'Eef1a1', 'I79_023563']",7.33e-13,1.45e-10,Translation,82,True,True
RCTM,MAP-8868773,13,574,10029,"['I79_000460', 'I79_002380', 'CgPICR_014437', 'I79_005028', 'I79_005382', 'Rpl23', 'I79_010951', 'Rpl11', 'Rpl32', 'Rpl7', 'Ubc', 'Rpl7a', 'I79_023563']","['I79_000460', 'I79_002380', 'CgPICR_014437', 'I79_005028', 'I79_005382', 'Rpl23', 'I79_010951', 'Rpl11', 'Rpl32', 'Rpl7', 'Ubc', 'Rpl7a', 'I79_023563']",9.29e-13,1.45e-10,rRNA processing in the nucleus and cytosol,82,True,True
RCTM,MAP-927802,13,509,10029,"['I79_000460', 'I79_002380', 'CgPICR_014437', 'I79_005028', 'I79_005382', 'Rpl23', 'I79_010951', 'Rpl11', 'Rpl32', 'Rpl7', 'Ubc', 'Rpl7a', 'I79_023563']","['I79_000460', 'I79_002380', 'CgPICR_014437', 'I79_005028', 'I79_005382', 'Rpl23', 'I79_010951', 'Rpl11', 'Rpl32', 'Rpl7', 'Ubc', 'Rpl7a', 'I79_023563']",2.1e-13,1.45e-10,Nonsense-Mediated Decay (NMD),82,True,True
RCTM,MAP-975956,13,478,10029,"['I79_000460', 'I79_002380', 'CgPICR_014437', 'I79_005028', 'I79_005382', 'Rpl23', 'I79_010951', 'Rpl11', 'Rpl32', 'Rpl7', 'Ubc', 'Rpl7a', 'I79_023563']","['I79_000460', 'I79_002380', 'CgPICR_014437', 'I79_005028', 'I79_005382', 'Rpl23', 'I79_010951', 'Rpl11', 'Rpl32', 'Rpl7', 'Ubc', 'Rpl7a', 'I79_023563']",9.66e-14,1.45e-10,Nonsense Mediated Decay (NMD) independent of the Exon Junction Complex (EJC),82,True,True
RCTM,MAP-975957,13,509,10029,"['I79_000460', 'I79_002380', 'CgPICR_014437', 'I79_005028', 'I79_005382', 'Rpl23', 'I79_010951', 'Rpl11', 'Rpl32', 'Rpl7', 'Ubc', 'Rpl7a', 'I79_023563']","['I79_000460', 'I79_002380', 'CgPICR_014437', 'I79_005028', 'I79_005382', 'Rpl23', 'I79_010951', 'Rpl11', 'Rpl32', 'Rpl7', 'Ubc', 'Rpl7a', 'I79_023563']",2.1e-13,1.45e-10,Nonsense Mediated Decay (NMD) enhanced by the Exon Junction Complex (EJC),82,True,True
RCTM,MAP-72312,13,587,10029,"['I79_000460', 'I79_002380', 'CgPICR_014437', 'I79_005028', 'I79_005382', 'Rpl23', 'I79_010951', 'Rpl11', 'Rpl32', 'Rpl7', 'Ubc', 'Rpl7a', 'I79_023563']","['I79_000460', 'I79_002380', 'CgPICR_014437', 'I79_005028', 'I79_005382', 'Rpl23', 'I79_010951', 'Rpl11', 'Rpl32', 'Rpl7', 'Ubc', 'Rpl7a', 'I79_023563']",1.23e-12,1.61e-10,rRNA processing,82,True,True
RCTM,MAP-8953854,14,1376,10029,"['I79_000460', 'I79_002380', 'I79_003075', 'CgPICR_014437', 'I79_005028', 'I79_005382', 'Rpl23', 'I79_010951', 'Rpl11', 'Rpl32', 'Rpl7', 'Ubc', 'Rpl7a', 'I79_023563']","['I79_000460', 'I79_002380', 'I79_003075', 'CgPICR_014437', 'I79_005028', 'I79_005382', 'Rpl23', 'I79_010951', 'Rpl11', 'Rpl32', 'Rpl7', 'Ubc', 'Rpl7a', 'I79_023563']",3.45e-09,4.22e-07,Metabolism of RNA,82,True,True
RCTM,MAP-392499,18,2810,10029,"['I79_000460', 'I79_002380', 'Crtap', 'CgPICR_014437', 'I79_005028', 'I79_005382', 'Rpl23', 'I79_010951', 'Ube2c', 'Rpl11', 'Rpl32', 'Rpl7', 'Ubc', 'I79_019066', 'Rpl7a', 'Taf10', 'Eef1a1', 'I79_023563']","['I79_000460', 'I79_002380', 'Crtap', 'CgPICR_014437', 'I79_005028', 'I79_005382', 'Rpl23', 'I79_010951', 'Ube2c', 'Rpl11', 'Rpl32', 'Rpl7', 'Ubc', 'I79_019066', 'Rpl7a', 'Taf10', 'Eef1a1', 'I79_023563']",1.2e-08,1.37e-06,Metabolism of proteins,82,True,True
NetworkNeighborAL,CL:389,5,170,10029,"['I79_000460', 'I79_002380', 'I79_005382', 'I79_010951', 'Rpl11']","['I79_000460', 'I79_002380', 'I79_005382', 'I79_010951', 'Rpl11']",5.39e-06,0.0229,Formation of a pool of free 40S subunits,82,True,True
NetworkNeighborAL,CL:421,4,118,10029,"['I79_002380', 'I79_005382', 'I79_010951', 'Rpl11']","['I79_002380', 'I79_005382', 'I79_010951', 'Rpl11']",2.99e-05,0.0229,"Cytosolic small ribosomal subunit, and Polysomal ribosome",82,True,True
NetworkNeighborAL,CL:449,3,65,10029,"['I79_002380', 'I79_005382', 'I79_010951']","['I79_002380', 'I79_005382', 'I79_010951']",0.00013,0.0337,"Cytosolic small ribosomal subunit, and Ribosomal protein S30",82,True,True
COMPARTMENTS,GOCC:0005576,9,1287,10029,"['Cd9', 'I79_002895', 'Lum', 'Aqp1', 'I79_012293', 'Ccbe1', 'Spn', 'Col4a1', 'Fgf7']","['Cd9', 'I79_002895', 'Lum', 'Aqp1', 'I79_012293', 'Ccbe1', 'Spn', 'Col4a1', 'Fgf7']",5.32e-06,0.0104,Extracellular region,83,True,True
COMPARTMENTS,GOCC:0098590,8,962,10029,"['Cd9', 'I79_003588', 'H671_4g12045', 'Antxr1', 'Aqp1', 'I79_011940', 'Pde2a', 'Spn']","['Cd9', 'I79_003588', 'H671_4g12045', 'Antxr1', 'Aqp1', 'I79_011940', 'Pde2a', 'Spn']",5.82e-06,0.0104,Plasma membrane region,83,True,True
COMPARTMENTS,GOCC:0031012,5,298,10029,"['Lum', 'I79_012293', 'Ccbe1', 'Spn', 'Col4a1']","['Lum', 'I79_012293', 'Ccbe1', 'Spn', 'Col4a1']",1.68e-05,0.0109,Extracellular matrix,83,True,True
COMPARTMENTS,GOCC:0071944,13,3751,10029,"['Cd9', 'Calcr', 'I79_003588', 'H671_4g12045', 'Antxr1', 'Lum', 'Aqp1', 'I79_011940', 'I79_012293', 'Ccbe1', 'Pde2a', 'Spn', 'Fes']","['Cd9', 'Calcr', 'I79_003588', 'H671_4g12045', 'Antxr1', 'Lum', 'Aqp1', 'I79_011940', 'I79_012293', 'Ccbe1', 'Pde2a', 'Spn', 'Fes']",4.89e-05,0.024,Cell periphery,83,True,True
COMPARTMENTS,GOCC:0062023,4,211,10029,"['Lum', 'I79_012293', 'Spn', 'Col4a1']","['Lum', 'I79_012293', 'Spn', 'Col4a1']",8.15e-05,0.0319,Collagen-containing extracellular matrix,83,True,True
Process,GO:0010628,10,1226,10029,"['Calcr', 'I79_002895', 'Sulf2', 'Lum', 'I79_011940', 'I79_013941', 'Ccbe1', 'Pde2a', 'Myom1', 'Fgf7']","['Calcr', 'I79_002895', 'Sulf2', 'Lum', 'I79_011940', 'I79_013941', 'Ccbe1', 'Pde2a', 'Myom1', 'Fgf7']",3.28e-07,0.0041,Positive regulation of gene expression,83,True,True
Process,GO:0019934,3,30,10029,"['Aqp1', 'I79_011940', 'Pde2a']","['Aqp1', 'I79_011940', 'Pde2a']",6.1e-06,0.0386,cGMP-mediated signaling,83,True,True
Process,GO:0016126,13,49,10029,"['Idi1', 'Mvd', 'I79_002454', 'Fdft1', 'Msmo1', 'Lss', 'Hmgcs1', 'Ebp', 'Hsd17b7', 'I79_015809', 'Sc5d', 'Nsdhl', 'Sqle']","['Idi1', 'Mvd', 'I79_002454', 'Fdft1', 'Msmo1', 'Lss', 'Hmgcs1', 'Ebp', 'Hsd17b7', 'I79_015809', 'Sc5d', 'Nsdhl', 'Sqle']",4.8000000000000004e-30,6.07e-26,Sterol biosynthetic process,84,True,True
Process,GO:1902653,12,41,10029,"['Idi1', 'Mvd', 'I79_002454', 'Fdft1', 'Msmo1', 'Lss', 'Hmgcs1', 'Ebp', 'Hsd17b7', 'I79_015809', 'Sc5d', 'Nsdhl']","['Idi1', 'Mvd', 'I79_002454', 'Fdft1', 'Msmo1', 'Lss', 'Hmgcs1', 'Ebp', 'Hsd17b7', 'I79_015809', 'Sc5d', 'Nsdhl']",4.600000000000001e-28,2.91e-24,Secondary alcohol biosynthetic process,84,True,True
Process,GO:0016125,14,123,10029,"['Idi1', 'Mvd', 'I79_002454', 'Fdft1', 'Msmo1', 'Lss', 'Hmgcs1', 'Ebp', 'Hsd17b7', 'I79_015809', 'Sc5d', 'Nsdhl', 'Sqle', 'LDLR']","['Idi1', 'Mvd', 'I79_002454', 'Fdft1', 'Msmo1', 'Lss', 'Hmgcs1', 'Ebp', 'Hsd17b7', 'I79_015809', 'Sc5d', 'Nsdhl', 'Sqle', 'LDLR']",7.89e-28,3.33e-24,Sterol metabolic process,84,True,True
Process,GO:1902652,14,129,10029,"['Idi1', 'Mvd', 'I79_002454', 'Fdft1', 'Msmo1', 'Lss', 'Hmgcs1', 'Ebp', 'Hsd17b7', 'I79_015809', 'Sc5d', 'Nsdhl', 'Sqle', 'LDLR']","['Idi1', 'Mvd', 'I79_002454', 'Fdft1', 'Msmo1', 'Lss', 'Hmgcs1', 'Ebp', 'Hsd17b7', 'I79_015809', 'Sc5d', 'Nsdhl', 'Sqle', 'LDLR']",1.48e-27,4.68e-24,Secondary alcohol metabolic process,84,True,True
Process,GO:0008203,13,113,10029,"['Idi1', 'Mvd', 'I79_002454', 'Fdft1', 'Msmo1', 'Lss', 'Hmgcs1', 'Ebp', 'Hsd17b7', 'I79_015809', 'Nsdhl', 'Sqle', 'LDLR']","['Idi1', 'Mvd', 'I79_002454', 'Fdft1', 'Msmo1', 'Lss', 'Hmgcs1', 'Ebp', 'Hsd17b7', 'I79_015809', 'Nsdhl', 'Sqle', 'LDLR']",9.69e-26,2.04e-22,Cholesterol metabolic process,84,True,True
Process,GO:0006695,11,40,10029,"['Idi1', 'Mvd', 'I79_002454', 'Fdft1', 'Msmo1', 'Lss', 'Hmgcs1', 'Ebp', 'Hsd17b7', 'I79_015809', 'Nsdhl']","['Idi1', 'Mvd', 'I79_002454', 'Fdft1', 'Msmo1', 'Lss', 'Hmgcs1', 'Ebp', 'Hsd17b7', 'I79_015809', 'Nsdhl']",2.18e-25,3.94e-22,Cholesterol biosynthetic process,84,True,True
Process,GO:0008610,14,515,10029,"['Idi1', 'Mvd', 'I79_002454', 'Fdft1', 'Msmo1', 'Lss', 'Acss2', 'Hmgcs1', 'Ebp', 'Hsd17b7', 'I79_015809', 'Sc5d', 'Nsdhl', 'Sqle']","['Idi1', 'Mvd', 'I79_002454', 'Fdft1', 'Msmo1', 'Lss', 'Acss2', 'Hmgcs1', 'Ebp', 'Hsd17b7', 'I79_015809', 'Sc5d', 'Nsdhl', 'Sqle']",1.97e-19,1.92e-16,Lipid biosynthetic process,84,True,True
Process,GO:0044283,13,428,10029,"['Idi1', 'Mvd', 'I79_002454', 'Fdft1', 'Msmo1', 'Lss', 'Acss2', 'Hmgcs1', 'Ebp', 'Hsd17b7', 'I79_015809', 'Sc5d', 'Nsdhl']","['Idi1', 'Mvd', 'I79_002454', 'Fdft1', 'Msmo1', 'Lss', 'Acss2', 'Hmgcs1', 'Ebp', 'Hsd17b7', 'I79_015809', 'Sc5d', 'Nsdhl']",1.67e-18,1.51e-15,Small molecule biosynthetic process,84,True,True
Process,GO:0006629,16,1202,10029,"['Idi1', 'Mvd', 'I79_002454', 'Fdft1', 'Msmo1', 'Lss', 'Acss2', 'I79_009783', 'Hmgcs1', 'Ebp', 'Hsd17b7', 'I79_015809', 'Sc5d', 'Nsdhl', 'Sqle', 'LDLR']","['Idi1', 'Mvd', 'I79_002454', 'Fdft1', 'Msmo1', 'Lss', 'Acss2', 'I79_009783', 'Hmgcs1', 'Ebp', 'Hsd17b7', 'I79_015809', 'Sc5d', 'Nsdhl', 'Sqle', 'LDLR']",7.55e-18,6.37e-15,Lipid metabolic process,84,True,True
Process,GO:1901362,14,957,10029,"['Idi1', 'Mvd', 'I79_002454', 'Fdft1', 'Msmo1', 'Lss', 'Acss2', 'Hmgcs1', 'Ebp', 'Hsd17b7', 'I79_015809', 'Sc5d', 'Nsdhl', 'Sqle']","['Idi1', 'Mvd', 'I79_002454', 'Fdft1', 'Msmo1', 'Lss', 'Acss2', 'Hmgcs1', 'Ebp', 'Hsd17b7', 'I79_015809', 'Sc5d', 'Nsdhl', 'Sqle']",9.44e-16,7.46e-13,Organic cyclic compound biosynthetic process,84,True,True
Process,GO:0044281,16,1690,10029,"['Idi1', 'Mvd', 'I79_002454', 'Fdft1', 'Msmo1', 'Lss', 'Acss2', 'I79_009783', 'Hmgcs1', 'Ebp', 'Hsd17b7', 'I79_015809', 'Sc5d', 'Nsdhl', 'Sqle', 'LDLR']","['Idi1', 'Mvd', 'I79_002454', 'Fdft1', 'Msmo1', 'Lss', 'Acss2', 'I79_009783', 'Hmgcs1', 'Ebp', 'Hsd17b7', 'I79_015809', 'Sc5d', 'Nsdhl', 'Sqle', 'LDLR']",1.57e-15,1.17e-12,Small molecule metabolic process,84,True,True
Process,GO:0008299,6,25,10029,"['Idi1', 'Mvd', 'Fdft1', 'Lss', 'Hmgcs1', 'I79_015809']","['Idi1', 'Mvd', 'Fdft1', 'Lss', 'Hmgcs1', 'I79_015809']",1.09e-13,7.67e-11,Isoprenoid biosynthetic process,84,True,True
Process,GO:1901360,15,3212,10029,"['Idi1', 'Mvd', 'I79_002454', 'Fdft1', 'Msmo1', 'Lss', 'Acss2', 'Hmgcs1', 'Ebp', 'Hsd17b7', 'I79_015809', 'Sc5d', 'Nsdhl', 'Sqle', 'LDLR']","['Idi1', 'Mvd', 'I79_002454', 'Fdft1', 'Msmo1', 'Lss', 'Acss2', 'Hmgcs1', 'Ebp', 'Hsd17b7', 'I79_015809', 'Sc5d', 'Nsdhl', 'Sqle', 'LDLR']",6.97e-10,4.2e-07,Organic cyclic compound metabolic process,84,True,True
Process,GO:0044255,9,944,10029,"['Idi1', 'Mvd', 'Fdft1', 'Lss', 'Acss2', 'I79_009783', 'Hmgcs1', 'I79_015809', 'Sc5d']","['Idi1', 'Mvd', 'Fdft1', 'Lss', 'Acss2', 'I79_009783', 'Hmgcs1', 'I79_015809', 'Sc5d']",2.78e-08,1.53e-05,Cellular lipid metabolic process,84,True,True
Process,GO:0033875,4,114,10029,"['Mvd', 'Acss2', 'Hmgcs1', 'I79_015809']","['Mvd', 'Acss2', 'Hmgcs1', 'I79_015809']",2.58e-06,0.0014,Ribonucleoside bisphosphate metabolic process,84,True,True
Process,GO:0034032,4,114,10029,"['Mvd', 'Acss2', 'Hmgcs1', 'I79_015809']","['Mvd', 'Acss2', 'Hmgcs1', 'I79_015809']",2.58e-06,0.0014,Purine nucleoside bisphosphate metabolic process,84,True,True
Process,GO:0006084,3,37,10029,"['Mvd', 'Acss2', 'Hmgcs1']","['Mvd', 'Acss2', 'Hmgcs1']",4.86e-06,0.0023,acetyl-CoA metabolic process,84,True,True
Process,GO:0008152,17,8581,10029,"['Idi1', 'Mvd', 'I79_002454', 'Fdft1', 'Msmo1', 'Lss', 'Acss2', 'I79_009783', 'Hmgcs1', 'Ebp', 'Hsd17b7', 'I79_015809', 'Ddit4', 'Sc5d', 'Nsdhl', 'Sqle', 'LDLR']","['Idi1', 'Mvd', 'I79_002454', 'Fdft1', 'Msmo1', 'Lss', 'Acss2', 'I79_009783', 'Hmgcs1', 'Ebp', 'Hsd17b7', 'I79_015809', 'Ddit4', 'Sc5d', 'Nsdhl', 'Sqle', 'LDLR']",9.27e-06,0.0042,Metabolic process,84,True,True
Process,GO:0045338,2,6,10029,"['Fdft1', 'Hmgcs1']","['Fdft1', 'Hmgcs1']",1.86e-05,0.0078,Farnesyl diphosphate metabolic process,84,True,True
Process,GO:1900222,2,8,10029,"['I79_002454', 'I79_015809']","['I79_002454', 'I79_015809']",2.98e-05,0.0122,Negative regulation of amyloid-beta clearance,84,True,True
Process,GO:0016114,2,11,10029,"['Lss', 'Hmgcs1']","['Lss', 'Hmgcs1']",5.16e-05,0.0198,Terpenoid biosynthetic process,84,True,True
Process,GO:0006721,3,92,10029,"['Fdft1', 'Lss', 'Hmgcs1']","['Fdft1', 'Lss', 'Hmgcs1']",6.61e-05,0.0232,Terpenoid metabolic process,84,True,True
Process,GO:0044249,9,2480,10029,"['Idi1', 'Mvd', 'Fdft1', 'Lss', 'Acss2', 'Hmgcs1', 'Hsd17b7', 'I79_015809', 'Sc5d']","['Idi1', 'Mvd', 'Fdft1', 'Lss', 'Acss2', 'Hmgcs1', 'Hsd17b7', 'I79_015809', 'Sc5d']",8.19e-05,0.028,Cellular biosynthetic process,84,True,True
Process,GO:0019637,6,934,10029,"['Idi1', 'Mvd', 'Fdft1', 'Acss2', 'Hmgcs1', 'I79_015809']","['Idi1', 'Mvd', 'Fdft1', 'Acss2', 'Hmgcs1', 'I79_015809']",8.8e-05,0.0293,Organophosphate metabolic process,84,True,True
Component,GO:0005789,10,925,10029,"['I79_002454', 'Fdft1', 'Msmo1', 'Lss', 'Ebp', 'Hsd17b7', 'I79_015809', 'Sc5d', 'Nsdhl', 'Sqle']","['I79_002454', 'Fdft1', 'Msmo1', 'Lss', 'Ebp', 'Hsd17b7', 'I79_015809', 'Sc5d', 'Nsdhl', 'Sqle']",1.04e-09,1.78e-06,Endoplasmic reticulum membrane,84,True,True
Component,GO:0012505,12,3866,10029,"['I79_002454', 'Fdft1', 'Shisa4', 'Msmo1', 'Lss', 'Ebp', 'Hsd17b7', 'I79_015809', 'Sc5d', 'Nsdhl', 'Sqle', 'LDLR']","['I79_002454', 'Fdft1', 'Shisa4', 'Msmo1', 'Lss', 'Ebp', 'Hsd17b7', 'I79_015809', 'Sc5d', 'Nsdhl', 'Sqle', 'LDLR']",1.14e-05,0.0033,Endomembrane system,84,True,True
Component,GO:0005737,19,11693,10029,"['Idi1', 'Mvd', 'I79_002454', 'Fdft1', 'Shisa4', 'Msmo1', 'Lss', 'Acss2', 'I79_009783', 'Hmgcs1', 'Ebp', 'Hsd17b7', 'I79_013472', 'I79_015809', 'Ddit4', 'Sc5d', 'Nsdhl', 'Sqle', 'LDLR']","['Idi1', 'Mvd', 'I79_002454', 'Fdft1', 'Shisa4', 'Msmo1', 'Lss', 'Acss2', 'I79_009783', 'Hmgcs1', 'Ebp', 'Hsd17b7', 'I79_013472', 'I79_015809', 'Ddit4', 'Sc5d', 'Nsdhl', 'Sqle', 'LDLR']",1.39e-05,0.0034,Cytoplasm,84,True,True
Component,GO:0005777,3,139,10029,"['Idi1', 'Mvd', 'I79_015809']","['Idi1', 'Mvd', 'I79_015809']",0.00022,0.0414,Peroxisome,84,True,True
Function,GO:0003824,15,6043,10029,"['Idi1', 'Mvd', 'I79_002454', 'Fdft1', 'Msmo1', 'Lss', 'Acss2', 'I79_009783', 'Hmgcs1', 'Ebp', 'Hsd17b7', 'I79_015809', 'Sc5d', 'Nsdhl', 'Sqle']","['Idi1', 'Mvd', 'I79_002454', 'Fdft1', 'Msmo1', 'Lss', 'Acss2', 'I79_009783', 'Hmgcs1', 'Ebp', 'Hsd17b7', 'I79_015809', 'Sc5d', 'Nsdhl', 'Sqle']",4.56e-06,0.0134,Catalytic activity,84,True,True
Function,GO:0016491,7,858,10029,"['I79_002454', 'Msmo1', 'Hsd17b7', 'I79_015809', 'Sc5d', 'Nsdhl', 'Sqle']","['I79_002454', 'Msmo1', 'Hsd17b7', 'I79_015809', 'Sc5d', 'Nsdhl', 'Sqle']",4.08e-06,0.0134,Oxidoreductase activity,84,True,True
Function,GO:0016853,4,198,10029,"['Idi1', 'Lss', 'Hmgcs1', 'Ebp']","['Idi1', 'Lss', 'Hmgcs1', 'Ebp']",2.16e-05,0.0237,Isomerase activity,84,True,True
Function,GO:0016705,4,234,10029,"['I79_002454', 'Msmo1', 'Sc5d', 'Sqle']","['I79_002454', 'Msmo1', 'Sc5d', 'Sqle']",4.1e-05,0.0338,"Oxidoreductase activity, acting on paired donors, with incorporation or reduction of molecular oxygen",84,True,True
Function,GO:0016863,2,11,10029,"['Idi1', 'Ebp']","['Idi1', 'Ebp']",5.16e-05,0.034,"Intramolecular oxidoreductase activity, transposing C=C bonds",84,True,True
TISSUES,BTO:0000759,10,1300,10029,"['Idi1', 'I79_002454', 'Fdft1', 'Lss', 'Acss2', 'I79_009783', 'Hmgcs1', 'Ebp', 'Hsd17b7', 'LDLR']","['Idi1', 'I79_002454', 'Fdft1', 'Lss', 'Acss2', 'I79_009783', 'Hmgcs1', 'Ebp', 'Hsd17b7', 'LDLR']",2.64e-08,5.39e-05,Liver,84,True,True
TISSUES,BTO:0001491,13,4193,10029,"['Idi1', 'I79_002454', 'Fdft1', 'Lss', 'Acss2', 'I79_009783', 'Hmgcs1', 'Ebp', 'Hsd17b7', 'I79_013472', 'I79_015809', 'Sqle', 'LDLR']","['Idi1', 'I79_002454', 'Fdft1', 'Lss', 'Acss2', 'I79_009783', 'Hmgcs1', 'Ebp', 'Hsd17b7', 'I79_013472', 'I79_015809', 'Sqle', 'LDLR']",3.44e-06,0.0023,Viscus,84,True,True
TISSUES,BTO:0000522,14,6286,10029,"['Idi1', 'Mvd', 'I79_002454', 'Fdft1', 'Msmo1', 'Lss', 'Acss2', 'I79_009783', 'Hmgcs1', 'Ebp', 'Hsd17b7', 'I79_013472', 'Sqle', 'LDLR']","['Idi1', 'Mvd', 'I79_002454', 'Fdft1', 'Msmo1', 'Lss', 'Acss2', 'I79_009783', 'Hmgcs1', 'Ebp', 'Hsd17b7', 'I79_013472', 'Sqle', 'LDLR']",5.58e-05,0.0266,Gland,84,True,True
TISSUES,BTO:0001488,13,5322,10029,"['Idi1', 'Mvd', 'I79_002454', 'Fdft1', 'Msmo1', 'Lss', 'Acss2', 'I79_009783', 'Hmgcs1', 'Ebp', 'Hsd17b7', 'I79_013472', 'LDLR']","['Idi1', 'Mvd', 'I79_002454', 'Fdft1', 'Msmo1', 'Lss', 'Acss2', 'I79_009783', 'Hmgcs1', 'Ebp', 'Hsd17b7', 'I79_013472', 'LDLR']",5.22e-05,0.0266,Endocrine gland,84,True,True
Keyword,KW-0753,3,11,10029,"['Mvd', 'Hmgcs1', 'LDLR']","['Mvd', 'Hmgcs1', 'LDLR']",1.81e-07,6.22e-05,Steroid metabolism,84,True,True
Keyword,KW-1207,3,11,10029,"['Mvd', 'Hmgcs1', 'LDLR']","['Mvd', 'Hmgcs1', 'LDLR']",1.81e-07,6.22e-05,Sterol metabolism,84,True,True
Keyword,KW-0752,2,5,10029,"['Mvd', 'Hmgcs1']","['Mvd', 'Hmgcs1']",1.39e-05,0.0016,Steroid biosynthesis,84,True,True
Keyword,KW-0756,2,5,10029,"['Mvd', 'Hmgcs1']","['Mvd', 'Hmgcs1']",1.39e-05,0.0016,Sterol biosynthesis,84,True,True
Keyword,KW-0153,2,9,10029,"['Mvd', 'LDLR']","['Mvd', 'LDLR']",3.64e-05,0.0025,Cholesterol metabolism,84,True,True
Keyword,KW-0413,3,111,10029,"['Idi1', 'Lss', 'Ebp']","['Idi1', 'Lss', 'Ebp']",0.00011,0.0056,Isomerase,84,True,True
KEGG,cge00100,9,16,10029,"['I79_002454', 'Fdft1', 'Msmo1', 'Lss', 'Ebp', 'Hsd17b7', 'Sc5d', 'Nsdhl', 'Sqle']","['I79_002454', 'Fdft1', 'Msmo1', 'Lss', 'Ebp', 'Hsd17b7', 'Sc5d', 'Nsdhl', 'Sqle']",4.8799999999999997e-23,1.62e-20,Steroid biosynthesis,84,True,True
KEGG,cge01100,13,1132,10029,"['Idi1', 'Mvd', 'I79_002454', 'Fdft1', 'Msmo1', 'Lss', 'Acss2', 'Hmgcs1', 'Ebp', 'Hsd17b7', 'Sc5d', 'Nsdhl', 'Sqle']","['Idi1', 'Mvd', 'I79_002454', 'Fdft1', 'Msmo1', 'Lss', 'Acss2', 'Hmgcs1', 'Ebp', 'Hsd17b7', 'Sc5d', 'Nsdhl', 'Sqle']",3.72e-13,6.18e-11,Metabolic pathways,84,True,True
KEGG,cge00900,3,21,10029,"['Idi1', 'Mvd', 'Hmgcs1']","['Idi1', 'Mvd', 'Hmgcs1']",1e-06,0.00011,Terpenoid backbone biosynthesis,84,True,True
Pfam,PF04116,2,4,10029,"['Msmo1', 'Sc5d']","['Msmo1', 'Sc5d']",9.96e-06,0.0213,Fatty acid hydroxylase,84,True,True
PMID,PMID:32403229,7,45,10029,"['Fdft1', 'Msmo1', 'Acss2', 'Hsd17b7', 'Nsdhl', 'Sqle', 'LDLR']","['Fdft1', 'Msmo1', 'Acss2', 'Hsd17b7', 'Nsdhl', 'Sqle', 'LDLR']",1.15e-14,3.17e-10,(2020) Genome-Wide Transcriptomic Analysis Identifies Pathways Regulated by Sterculic Acid in Retinal Pigmented Epithelium Cells.,84,True,False
PMID,PMID:36958722,5,18,10029,"['I79_002454', 'Lss', 'Hsd17b7', 'Sqle', 'LDLR']","['I79_002454', 'Lss', 'Hsd17b7', 'Sqle', 'LDLR']",7.97e-12,1.1e-07,(2023) Cholesterol synthesis enzyme SC4MOL is fine-tuned by sterols and targeted for degradation by the E3 ligase MARCHF6.,84,True,False
PMID,PMID:33240873,5,37,10029,"['Idi1', 'Mvd', 'Hmgcs1', 'Sqle', 'LDLR']","['Idi1', 'Mvd', 'Hmgcs1', 'Sqle', 'LDLR']",1.99e-10,1.83e-06,(2020) Functional Peroxisomes Are Essential for Efficient Cholesterol Sensing and Synthesis.,84,True,False
PMID,PMID:25672394,4,16,10029,"['Idi1', 'Fdft1', 'Hmgcs1', 'Nsdhl']","['Idi1', 'Fdft1', 'Hmgcs1', 'Nsdhl']",1.71e-09,1.18e-05,(2015) Replication fork integrity and intra-S phase checkpoint suppress gene amplification.,84,True,False
PMID,PMID:34885971,4,19,10029,"['Idi1', 'Mvd', 'Hmgcs1', 'I79_015809']","['Idi1', 'Mvd', 'Hmgcs1', 'I79_015809']",3.13e-09,1.72e-05,(2021) Biological Response Profiling Reveals the Functional Differences of Main Alkaloids in Rhizoma Coptidis.,84,True,False
PMID,PMID:33483510,4,25,10029,"['Idi1', 'Mvd', 'Lss', 'Hmgcs1']","['Idi1', 'Mvd', 'Lss', 'Hmgcs1']",8.36e-09,3.83e-05,(2021) An integrative multiomic network model links lipid metabolism to glucose regulation in coronary artery disease.,84,True,False
PMID,PMID:18303831,3,9,10029,"['Idi1', 'Mvd', 'Msmo1']","['Idi1', 'Mvd', 'Msmo1']",1.1e-07,0.00043,(2008) The effect of 24S-hydroxycholesterol on cholesterol homeostasis in neurons: quantitative changes to the cortical neuron proteome.,84,True,False
PMID,PMID:31904814,3,10,10029,"['I79_002454', 'Lss', 'Sqle']","['I79_002454', 'Lss', 'Sqle']",1.43e-07,0.00049,(2020) The cholesterol synthesis enzyme lanosterol 14alpha-demethylase is post-translationally regulated by the E3 ubiquitin ligase MARCH6.,84,True,False
PMID,PMID:28926063,3,11,10029,"['Lss', 'Hmgcs1', 'Sqle']","['Lss', 'Hmgcs1', 'Sqle']",1.81e-07,0.00055,(2017) Methylglyoxal attenuates insulin signaling and downregulates the enzymes involved in cholesterol biosynthesis.,84,True,False
PMID,PMID:35897797,3,19,10029,"['Fdft1', 'Sqle', 'LDLR']","['Fdft1', 'Sqle', 'LDLR']",7.64e-07,0.0018,(2022) Unraveling the Transcriptional Dynamics of NASH Pathogenesis Affecting Atherosclerosis.,84,True,False
PMID,PMID:33070662,3,18,10029,"['Fdft1', 'Hmgcs1', 'Sqle']","['Fdft1', 'Hmgcs1', 'Sqle']",6.61e-07,0.0018,(2020) Effect of Dietary Sodium Modulation on Pig Adrenal Steroidogenesis and Transcriptome Profiles.,84,True,False
PMID,PMID:33149219,3,18,10029,"['Idi1', 'Msmo1', 'Hmgcs1']","['Idi1', 'Msmo1', 'Hmgcs1']",6.61e-07,0.0018,(2020) Evolution from adherent to suspension: systems biology of HEK293 cell line development.,84,True,False
PMID,PMID:26936141,2,2,10029,"['Fdft1', 'Lss']","['Fdft1', 'Lss']",3.99e-06,0.0084,(2016) Soy Protein Compared with Milk Protein in a Western Diet Increases Gut Microbial Diversity and Reduces Serum Lipids in Golden Syrian Hamsters.,84,True,False
PMID,PMID:33102196,2,3,10029,"['Hmgcs1', 'I79_015809']","['Hmgcs1', 'I79_015809']",6.65e-06,0.0131,(2020) Antihyperlipidemic effects of apple peel extract in high-fat diet-induced hyperlipidemic rats.,84,True,False
PMID,PMID:7940020,2,3,10029,"['Hmgcs1', 'LDLR']","['Hmgcs1', 'LDLR']",6.65e-06,0.0131,(1994) Somatic cell genetic and biochemical characterization of cell lines resulting from human genomic DNA transfections of Chinese hamster ovary cell mutants defective in sterol-dependent activation of sterol synthesis and LDL receptor expression.,84,True,False
PMID,PMID:1718965,2,3,10029,"['Hmgcs1', 'I79_015809']","['Hmgcs1', 'I79_015809']",6.65e-06,0.0131,"(1991) Cholesterol-mediated suppression of alpha 1-inhibitor III, a plasma alpha-macroglobulin family protein.",84,True,False
PMID,PMID:2570073,2,3,10029,"['Hmgcs1', 'LDLR']","['Hmgcs1', 'LDLR']",6.65e-06,0.0131,(1989) Loss of transcriptional repression of three sterol-regulated genes in mutant hamster cells.,84,True,False
PMID,PMID:22152646,2,4,10029,"['I79_015809', 'LDLR']","['I79_015809', 'LDLR']",9.96e-06,0.0152,"(2012) High-dose supplemental selenite to male Syrian hamsters fed hypercholesterolaemic diets alters Ldlr, Abcg8 and Npc1l1 mRNA expression and lowers plasma cholesterol concentrations.",84,True,False
PMID,PMID:20338039,2,4,10029,"['Fdft1', 'Hmgcs1']","['Fdft1', 'Hmgcs1']",9.96e-06,0.0152,(2010) Alterations in the homeostasis of phospholipids and cholesterol by antitumor alkylphospholipids.,84,True,False
PMID,PMID:6105157,2,4,10029,"['Hmgcs1', 'I79_015809']","['Hmgcs1', 'I79_015809']",9.96e-06,0.0152,"(1980) Regulation of cytosolic acetoacetyl coenzyme A thiolase, 3-hydroxy-3-methylglutaryl coenzyme A synthase, 3-hydroxy-3-methylglutaryl coenzyme A reductase, and mevalonate kinase by low density lipoprotein and by 25-hydroxycholesterol in Chinese ...",84,True,False
PMID,PMID:29402949,2,5,10029,"['Mvd', 'Sqle']","['Mvd', 'Sqle']",1.39e-05,0.0183,(2018) Interaction of genotype and diet on small intestine microbiota of Japanese quail fed a cholesterol enriched diet.,84,True,False
PMID,PMID:26126854,2,5,10029,"['Lss', 'Sqle']","['Lss', 'Sqle']",1.39e-05,0.0183,(2015) Haploid Genetic Screen Reveals a Profound and Direct Dependence on Cholesterol for Hantavirus Membrane Fusion.,84,True,False
PMID,PMID:25922802,2,6,10029,"['I79_015809', 'LDLR']","['I79_015809', 'LDLR']",1.86e-05,0.0222,(2015) New drugs for treating dyslipidemia: beyond statins.,84,True,False
PMID,PMID:26185986,2,6,10029,"['Fdft1', 'Hmgcs1']","['Fdft1', 'Hmgcs1']",1.86e-05,0.0222,(2015) AAM-B Interacts with Nonstructural 4B and Regulates Hepatitis C Virus Propagation.,84,True,False
PMID,PMID:9337870,2,6,10029,"['Hmgcs1', 'LDLR']","['Hmgcs1', 'LDLR']",1.86e-05,0.0222,(1997) Altered regulation of cholesterol and cholesteryl ester synthesis in Chinese-hamster ovary cells overexpressing the oxysterol-binding protein is dependent on the pleckstrin homology domain.,84,True,False
PMID,PMID:37447172,2,9,10029,"['I79_015809', 'LDLR']","['I79_015809', 'LDLR']",3.64e-05,0.0386,(2023) Plant Sterols and Plant Stanols in Cholesterol Management and Cardiovascular Prevention.,84,True,False
PMID,PMID:35056839,2,9,10029,"['I79_015809', 'LDLR']","['I79_015809', 'LDLR']",3.64e-05,0.0386,(2022) The Bioavailability and Biological Activities of Phytosterols as Modulators of Cholesterol Metabolism.,84,True,False
PMID,PMID:32290895,2,10,10029,"['Hmgcs1', 'LDLR']","['Hmgcs1', 'LDLR']",4.37e-05,0.0386,(2021) Excessive early-life cholesterol exposure may have later-life consequences for nonalcoholic fatty liver disease.,84,True,False
PMID,PMID:32026592,2,9,10029,"['I79_015809', 'LDLR']","['I79_015809', 'LDLR']",3.64e-05,0.0386,(2020) The effect of dapagliflozin on apolipoprotein B and glucose fluxes in patients with type 2 diabetes and well-controlled plasma LDL cholesterol.,84,True,False
PMID,PMID:30629707,2,9,10029,"['Hmgcs1', 'LDLR']","['Hmgcs1', 'LDLR']",3.64e-05,0.0386,(2019) Dietary calcium affects body composition and lipid metabolism in rats.,84,True,False
PMID,PMID:24338480,2,9,10029,"['Fdft1', 'Hmgcs1']","['Fdft1', 'Hmgcs1']",3.64e-05,0.0386,(2014) The endoplasmic reticulum coat protein II transport machinery coordinates cellular lipid secretion and cholesterol biosynthesis.,84,True,False
PMID,PMID:22326225,2,9,10029,"['Hmgcs1', 'LDLR']","['Hmgcs1', 'LDLR']",3.64e-05,0.0386,(2012) The ScapSREBP pathway is essential for developing diabetic fatty liver and carbohydrate-induced hypertriglyceridemia in animals.,84,True,False
PMID,PMID:21490811,2,9,10029,"['Hmgcs1', 'LDLR']","['Hmgcs1', 'LDLR']",3.64e-05,0.0386,(2011) Impact of oxLDL on Cholesterol-Rich Membrane Rafts.,84,True,False
PMID,PMID:38253888,2,12,10029,"['Mvd', 'LDLR']","['Mvd', 'LDLR']",6.02e-05,0.0418,(2024) APOB100 transgenic mice exemplify how the systemic circulation content may affect the retina without altering retinal cholesterol input.,84,True,False
PMID,PMID:34828946,2,11,10029,"['I79_015809', 'LDLR']","['I79_015809', 'LDLR']",5.16e-05,0.0418,(2021) Bioactivity of Dietary Polyphenols: The Role in LDL-C Lowering.,84,True,False
PMID,PMID:32035489,2,11,10029,"['Hmgcs1', 'LDLR']","['Hmgcs1', 'LDLR']",5.16e-05,0.0418,(2020) Ezetimibe promotes CYP7A1 and modulates PPARs as a compensatory mechanism in LDL receptor-deficient hamsters.,84,True,False
PMID,PMID:30031400,2,11,10029,"['I79_015809', 'LDLR']","['I79_015809', 'LDLR']",5.16e-05,0.0418,"(2018) Effects of oral selenium and magnesium co-supplementation on lipid metabolism, antioxidative status, histopathological lesions, and related gene expression in rats fed a high-fat diet.",84,True,False
PMID,PMID:25142876,2,11,10029,"['I79_015809', 'LDLR']","['I79_015809', 'LDLR']",5.16e-05,0.0418,(2014) Cholesterol and lipoprotein metabolism: Early Career Committee contribution.,84,True,False
PMID,PMID:23814041,2,12,10029,"['Lss', 'Hmgcs1']","['Lss', 'Hmgcs1']",6.02e-05,0.0418,(2013) Sterol metabolism regulates neuroserpin polymer degradation in the absence of the unfolded protein response in the dementia FENIB.,84,True,False
PMID,PMID:22954675,2,11,10029,"['Hmgcs1', 'LDLR']","['Hmgcs1', 'LDLR']",5.16e-05,0.0418,(2012) Delineation of molecular pathways that regulate hepatic PCSK9 and LDL receptor expression during fasting in normolipidemic hamsters.,84,True,False
PMID,PMID:23130136,2,11,10029,"['I79_015809', 'LDLR']","['I79_015809', 'LDLR']",5.16e-05,0.0418,"(2012) The oxysterol 24(s),25-epoxycholesterol attenuates human smooth muscle-derived foam cell formation via reduced low-density lipoprotein uptake and enhanced cholesterol efflux.",84,True,False
PMID,PMID:21787361,2,12,10029,"['Lss', 'Nsdhl']","['Lss', 'Nsdhl']",6.02e-05,0.0418,(2011) The proteome of cytosolic lipid droplets isolated from differentiated Caco-2TC7 enterocytes reveals cell-specific characteristics.,84,True,False
PMID,PMID:37887864,2,13,10029,"['Hmgcs1', 'LDLR']","['Hmgcs1', 'LDLR']",6.94e-05,0.0444,"(2023) Statins and Cardiomyocyte Metabolism, Friend or Foe?",84,True,False
PMID,PMID:33658436,2,14,10029,"['Hmgcs1', 'LDLR']","['Hmgcs1', 'LDLR']",7.93e-05,0.0496,(2021) Increased Hepatic Lipogenesis Elevates Liver Cholesterol Content.,84,True,False
PMID,PMID:34829172,2,14,10029,"['I79_015809', 'LDLR']","['I79_015809', 'LDLR']",7.93e-05,0.0496,(2021) The Beneficial Effect of Coarse Cereals on Chronic Diseases through Regulating Gut Microbiota.,84,True,False
RCTM,MAP-191273,14,33,10029,"['Idi1', 'Mvd', 'I79_002454', 'Fdft1', 'Msmo1', 'Lss', 'I79_009783', 'Hmgcs1', 'Ebp', 'Hsd17b7', 'I79_015809', 'Sc5d', 'Nsdhl', 'Sqle']","['Idi1', 'Mvd', 'I79_002454', 'Fdft1', 'Msmo1', 'Lss', 'I79_009783', 'Hmgcs1', 'Ebp', 'Hsd17b7', 'I79_015809', 'Sc5d', 'Nsdhl', 'Sqle']",5.82e-35,9.94e-32,Cholesterol biosynthesis,84,True,True
RCTM,MAP-8957322,14,157,10029,"['Idi1', 'Mvd', 'I79_002454', 'Fdft1', 'Msmo1', 'Lss', 'I79_009783', 'Hmgcs1', 'Ebp', 'Hsd17b7', 'I79_015809', 'Sc5d', 'Nsdhl', 'Sqle']","['Idi1', 'Mvd', 'I79_002454', 'Fdft1', 'Msmo1', 'Lss', 'I79_009783', 'Hmgcs1', 'Ebp', 'Hsd17b7', 'I79_015809', 'Sc5d', 'Nsdhl', 'Sqle']",2.01e-26,1.7099999999999998e-23,Metabolism of steroids,84,True,True
RCTM,MAP-556833,14,900,10029,"['Idi1', 'Mvd', 'I79_002454', 'Fdft1', 'Msmo1', 'Lss', 'I79_009783', 'Hmgcs1', 'Ebp', 'Hsd17b7', 'I79_015809', 'Sc5d', 'Nsdhl', 'Sqle']","['Idi1', 'Mvd', 'I79_002454', 'Fdft1', 'Msmo1', 'Lss', 'I79_009783', 'Hmgcs1', 'Ebp', 'Hsd17b7', 'I79_015809', 'Sc5d', 'Nsdhl', 'Sqle']",4.08e-16,2.32e-13,Metabolism of lipids,84,True,True
RCTM,MAP-1430728,15,2614,10029,"['Idi1', 'Mvd', 'I79_002454', 'Fdft1', 'Msmo1', 'Lss', 'Acss2', 'I79_009783', 'Hmgcs1', 'Ebp', 'Hsd17b7', 'I79_015809', 'Sc5d', 'Nsdhl', 'Sqle']","['Idi1', 'Mvd', 'I79_002454', 'Fdft1', 'Msmo1', 'Lss', 'Acss2', 'I79_009783', 'Hmgcs1', 'Ebp', 'Hsd17b7', 'I79_015809', 'Sc5d', 'Nsdhl', 'Sqle']",3.65e-11,1.56e-08,Metabolism,84,True,True
RCTM,MAP-6807047,2,4,10029,"['Ebp', 'Sc5d']","['Ebp', 'Sc5d']",9.96e-06,0.0034,Cholesterol biosynthesis via desmosterol,84,True,True
RCTM,MAP-6807062,2,4,10029,"['Ebp', 'Sc5d']","['Ebp', 'Sc5d']",9.96e-06,0.0034,Cholesterol biosynthesis via lathosterol,84,True,True
NetworkNeighborAL,CL:11578,9,12,10029,"['I79_002454', 'Fdft1', 'Msmo1', 'Lss', 'Hmgcs1', 'Hsd17b7', 'I79_015809', 'Nsdhl', 'Sqle']","['I79_002454', 'Fdft1', 'Msmo1', 'Lss', 'Hmgcs1', 'Hsd17b7', 'I79_015809', 'Nsdhl', 'Sqle']",7.03e-24,2.98e-20,"Steroid biosynthesis, and Squalene epoxidase",84,True,True
NetworkNeighborAL,CL:11580,5,6,10029,"['I79_002454', 'Msmo1', 'Lss', 'Hsd17b7', 'Nsdhl']","['I79_002454', 'Msmo1', 'Lss', 'Hsd17b7', 'Nsdhl']",1.1e-13,3.89e-11,Steroid biosynthesis,84,True,True
NetworkNeighborAL,CL:11592,4,5,10029,"['Fdft1', 'Hmgcs1', 'I79_015809', 'Sqle']","['Fdft1', 'Hmgcs1', 'I79_015809', 'Sqle']",4.48e-11,1.46e-08,"Squalene monooxygenase, and Farnesyl diphosphate metabolic process",84,True,True
NetworkNeighborAL,CL:21307,2,5,10029,"['Ebp', 'Sc5d']","['Ebp', 'Sc5d']",1.39e-05,0.0042,"TILa domain, and Emopamil-binding protein",84,True,True
NetworkNeighborAL,CL:12151,2,13,10029,"['Idi1', 'Mvd']","['Idi1', 'Mvd']",6.94e-05,0.0196,Terpenoid backbone biosynthesis,84,True,True
Process,GO:0051707,20,1213,10029,"['Parp14', 'I79_000870', 'Ifi44l', 'Samhd1', 'Ddx60', 'I79_004932', 'Rsad2', 'I79_009288', 'I79_009377', 'Ifi35', 'Herc6', 'Usp18', 'Ifit2', 'H671_3g9402', 'Isg15', 'Oas2', 'Ccl5', 'I79_019786', 'Gbp5', 'I79_013247']","['Parp14', 'I79_000870', 'Ifi44l', 'Samhd1', 'I79_004729', 'I79_004932', 'Rsad2', 'I79_009288', 'I79_009377', 'Ifi35', 'Herc6', 'Usp18', 'Ifit2', 'H671_3g9402', 'Isg15', 'Oas2', 'Ccl5', 'I79_019786', 'Gbp5', 'I79_013247']",9.66e-21,1.22e-16,Response to other organism,87,True,True
Process,GO:0098542,17,817,10029,"['Parp14', 'I79_000870', 'Ifi44l', 'Samhd1', 'Ddx60', 'I79_004932', 'Rsad2', 'I79_009288', 'I79_009377', 'Ifi35', 'Ifit2', 'H671_3g9402', 'Isg15', 'Oas2', 'Ccl5', 'Gbp5', 'I79_013247']","['Parp14', 'I79_000870', 'Ifi44l', 'Samhd1', 'I79_004729', 'I79_004932', 'Rsad2', 'I79_009288', 'I79_009377', 'Ifi35', 'Ifit2', 'H671_3g9402', 'Isg15', 'Oas2', 'Ccl5', 'Gbp5', 'I79_013247']",8.74e-19,2.21e-15,Defense response to other organism,87,True,True
Process,GO:0006952,18,1162,10029,"['Parp14', 'I79_000870', 'Ifi44l', 'Samhd1', 'Ddx60', 'I79_004932', 'Rsad2', 'I79_009288', 'I79_009377', 'I79_009463', 'Ifi35', 'Ifit2', 'H671_3g9402', 'Isg15', 'Oas2', 'Ccl5', 'Gbp5', 'I79_013247']","['Parp14', 'I79_000870', 'Ifi44l', 'Samhd1', 'I79_004729', 'I79_004932', 'Rsad2', 'I79_009288', 'I79_009377', 'I79_009463', 'Ifi35', 'Ifit2', 'H671_3g9402', 'Isg15', 'Oas2', 'Ccl5', 'Gbp5', 'I79_013247']",8.22e-18,1.45e-14,Defense response,87,True,True
Process,GO:0051607,12,217,10029,"['I79_000870', 'Ifi44l', 'Samhd1', 'Ddx60', 'I79_004932', 'Rsad2', 'I79_009288', 'Ifit2', 'H671_3g9402', 'Isg15', 'Oas2', 'I79_013247']","['I79_000870', 'Ifi44l', 'Samhd1', 'I79_004729', 'I79_004932', 'Rsad2', 'I79_009288', 'Ifit2', 'H671_3g9402', 'Isg15', 'Oas2', 'I79_013247']",6.86e-18,1.45e-14,Defense response to virus,87,True,True
Process,GO:0045088,9,196,10029,"['Parp14', 'Samhd1', 'I79_006508', 'Ifi35', 'Usp18', 'Pla2g5', 'H671_3g9402', 'Isg15', 'Gbp5']","['Parp14', 'Samhd1', 'I79_006508', 'Ifi35', 'Usp18', 'Pla2g5', 'H671_3g9402', 'Isg15', 'Gbp5']",8.64e-13,9.93e-10,Regulation of innate immune response,87,True,True
Process,GO:0002831,10,313,10029,"['Parp14', 'Samhd1', 'Ddx60', 'I79_006508', 'Ifi35', 'Usp18', 'Pla2g5', 'H671_3g9402', 'Isg15', 'Gbp5']","['Parp14', 'Samhd1', 'I79_004729', 'I79_006508', 'Ifi35', 'Usp18', 'Pla2g5', 'H671_3g9402', 'Isg15', 'Gbp5']",1.22e-12,1.28e-09,Regulation of response to biotic stimulus,87,True,True
Process,GO:0006950,19,3187,10029,"['Parp14', 'I79_000870', 'Ifi44l', 'Samhd1', 'Ddx60', 'I79_004932', 'Uba7', 'Rsad2', 'I79_009288', 'I79_009377', 'I79_009463', 'Ifi35', 'Ifit2', 'H671_3g9402', 'Isg15', 'Oas2', 'Ccl5', 'Gbp5', 'I79_013247']","['Parp14', 'I79_000870', 'Ifi44l', 'Samhd1', 'I79_004729', 'I79_004932', 'Uba7', 'Rsad2', 'I79_009288', 'I79_009377', 'I79_009463', 'Ifi35', 'Ifit2', 'H671_3g9402', 'Isg15', 'Oas2', 'Ccl5', 'Gbp5', 'I79_013247']",1.9e-11,1.85e-08,Response to stress,87,True,True
Process,GO:0050776,11,720,10029,"['Parp14', 'Samhd1', 'Ddx60', 'I79_006508', 'Rsad2', 'Ifi35', 'Usp18', 'Pla2g5', 'H671_3g9402', 'Isg15', 'Gbp5']","['Parp14', 'Samhd1', 'I79_004729', 'I79_006508', 'Rsad2', 'Ifi35', 'Usp18', 'Pla2g5', 'H671_3g9402', 'Isg15', 'Gbp5']",1.7e-10,1.53e-07,Regulation of immune response,87,True,True
Process,GO:0002376,15,1887,10029,"['Parp14', 'Ifi44l', 'Samhd1', 'I79_004932', 'I79_005932', 'I79_006508', 'Rsad2', 'I79_009377', 'Ifi35', 'Herc6', 'H671_3g9402', 'Isg15', 'Oas2', 'Ccl5', 'Gbp5']","['Parp14', 'Ifi44l', 'Samhd1', 'I79_004932', 'I79_005932', 'I79_006508', 'Rsad2', 'I79_009377', 'Ifi35', 'Herc6', 'H671_3g9402', 'Isg15', 'Oas2', 'Ccl5', 'Gbp5']",2.14e-10,1.8e-07,Immune system process,87,True,True
Process,GO:0006955,12,999,10029,"['Parp14', 'Ifi44l', 'I79_004932', 'I79_005932', 'Rsad2', 'I79_009377', 'Ifi35', 'H671_3g9402', 'Isg15', 'Oas2', 'Ccl5', 'Gbp5']","['Parp14', 'Ifi44l', 'I79_004932', 'I79_005932', 'Rsad2', 'I79_009377', 'Ifi35', 'H671_3g9402', 'Isg15', 'Oas2', 'Ccl5', 'Gbp5']",2.97e-10,2.35e-07,Immune response,87,True,True
Process,GO:0031347,10,560,10029,"['Parp14', 'Samhd1', 'I79_006508', 'Ifi35', 'Usp18', 'Pla2g5', 'H671_3g9402', 'Isg15', 'Ccl5', 'Gbp5']","['Parp14', 'Samhd1', 'I79_006508', 'Ifi35', 'Usp18', 'Pla2g5', 'H671_3g9402', 'Isg15', 'Ccl5', 'Gbp5']",3.22e-10,2.4e-07,Regulation of defense response,87,True,True
Process,GO:0045087,10,589,10029,"['Parp14', 'I79_004932', 'Rsad2', 'I79_009377', 'Ifi35', 'H671_3g9402', 'Isg15', 'Oas2', 'Ccl5', 'Gbp5']","['Parp14', 'I79_004932', 'Rsad2', 'I79_009377', 'Ifi35', 'H671_3g9402', 'Isg15', 'Oas2', 'Ccl5', 'Gbp5']",5.21e-10,3.66e-07,Innate immune response,87,True,True
Process,GO:0034097,11,834,10029,"['I79_004932', 'I79_006508', 'I79_009377', 'I79_009463', 'Ifit2', 'H671_3g9402', 'Isg15', 'Oas2', 'Ccl5', 'Gbp5', 'I79_013247']","['I79_004932', 'I79_006508', 'I79_009377', 'I79_009463', 'Ifit2', 'H671_3g9402', 'Isg15', 'Oas2', 'Ccl5', 'Gbp5', 'I79_013247']",7.85e-10,5.23e-07,Response to cytokine,87,True,True
Process,GO:0032101,11,884,10029,"['Parp14', 'Samhd1', 'Ddx60', 'I79_006508', 'Ifi35', 'Usp18', 'Pla2g5', 'H671_3g9402', 'Isg15', 'Ccl5', 'Gbp5']","['Parp14', 'Samhd1', 'I79_004729', 'I79_006508', 'Ifi35', 'Usp18', 'Pla2g5', 'H671_3g9402', 'Isg15', 'Ccl5', 'Gbp5']",1.44e-09,9.09e-07,Regulation of response to external stimulus,87,True,True
Process,GO:0050896,24,8055,10029,"['Parp14', 'I79_000870', 'Ifi44l', 'Samhd1', 'Ddx60', 'I79_004932', 'I79_005932', 'I79_006508', 'Uba7', 'Rsad2', 'I79_009288', 'I79_009377', 'I79_009463', 'Ifi35', 'Herc6', 'Usp18', 'Ifit2', 'H671_3g9402', 'Isg15', 'Oas2', 'Ccl5', 'I79_019786', 'Gbp5', 'I79_013247']","['Parp14', 'I79_000870', 'Ifi44l', 'Samhd1', 'I79_004729', 'I79_004932', 'I79_005932', 'I79_006508', 'Uba7', 'Rsad2', 'I79_009288', 'I79_009377', 'I79_009463', 'Ifi35', 'Herc6', 'Usp18', 'Ifit2', 'H671_3g9402', 'Isg15', 'Oas2', 'Ccl5', 'I79_019786', 'Gbp5', 'I79_013247']",4.38e-09,2.64e-06,Response to stimulus,87,True,True
Process,GO:0002682,12,1278,10029,"['Parp14', 'Samhd1', 'Ddx60', 'I79_006508', 'Rsad2', 'Ifi35', 'Usp18', 'Pla2g5', 'H671_3g9402', 'Isg15', 'Ccl5', 'Gbp5']","['Parp14', 'Samhd1', 'I79_004729', 'I79_006508', 'Rsad2', 'Ifi35', 'Usp18', 'Pla2g5', 'H671_3g9402', 'Isg15', 'Ccl5', 'Gbp5']",4.74e-09,2.73e-06,Regulation of immune system process,87,True,True
Process,GO:0071345,10,747,10029,"['I79_004932', 'I79_006508', 'I79_009377', 'I79_009463', 'Ifit2', 'H671_3g9402', 'Oas2', 'Ccl5', 'Gbp5', 'I79_013247']","['I79_004932', 'I79_006508', 'I79_009377', 'I79_009463', 'Ifit2', 'H671_3g9402', 'Oas2', 'Ccl5', 'Gbp5', 'I79_013247']",4.96e-09,2.73e-06,Cellular response to cytokine stimulus,87,True,True
Process,GO:0001959,6,136,10029,"['Parp14', 'Samhd1', 'Usp18', 'H671_3g9402', 'Isg15', 'Ccl5']","['Parp14', 'Samhd1', 'Usp18', 'H671_3g9402', 'Isg15', 'Ccl5']",1.06e-08,5.57e-06,Regulation of cytokine-mediated signaling pathway,87,True,True
Process,GO:0002833,6,144,10029,"['Ddx60', 'I79_006508', 'Ifi35', 'Pla2g5', 'H671_3g9402', 'Gbp5']","['I79_004729', 'I79_006508', 'Ifi35', 'Pla2g5', 'H671_3g9402', 'Gbp5']",1.47e-08,7.14e-06,Positive regulation of response to biotic stimulus,87,True,True
Process,GO:0001960,5,66,10029,"['Parp14', 'Samhd1', 'Usp18', 'Isg15', 'Ccl5']","['Parp14', 'Samhd1', 'Usp18', 'Isg15', 'Ccl5']",1.54e-08,7.21e-06,Negative regulation of cytokine-mediated signaling pathway,87,True,True
Process,GO:0009617,9,611,10029,"['I79_009377', 'Herc6', 'Usp18', 'Isg15', 'Oas2', 'Ccl5', 'I79_019786', 'Gbp5', 'I79_013247']","['I79_009377', 'Herc6', 'Usp18', 'Isg15', 'Oas2', 'Ccl5', 'I79_019786', 'Gbp5', 'I79_013247']",1.55e-08,7.21e-06,Response to bacterium,87,True,True
Process,GO:0032020,3,5,10029,"['Uba7', 'Ube2l6', 'Isg15']","['Uba7', 'Ube2l6', 'Isg15']",7.17e-08,3.02e-05,ISG15-protein conjugation,87,True,True
Process,GO:0032103,7,376,10029,"['Ddx60', 'I79_006508', 'Ifi35', 'Pla2g5', 'H671_3g9402', 'Ccl5', 'Gbp5']","['I79_004729', 'I79_006508', 'Ifi35', 'Pla2g5', 'H671_3g9402', 'Ccl5', 'Gbp5']",1.73e-07,6.85e-05,Positive regulation of response to external stimulus,87,True,True
Process,GO:0045089,5,109,10029,"['I79_006508', 'Ifi35', 'Pla2g5', 'H671_3g9402', 'Gbp5']","['I79_006508', 'Ifi35', 'Pla2g5', 'H671_3g9402', 'Gbp5']",1.68e-07,6.85e-05,Positive regulation of innate immune response,87,True,True
Process,GO:0060338,4,43,10029,"['Samhd1', 'Usp18', 'H671_3g9402', 'Isg15']","['Samhd1', 'Usp18', 'H671_3g9402', 'Isg15']",2.23e-07,8.54e-05,Regulation of type I interferon-mediated signaling pathway,87,True,True
Process,GO:0031349,6,241,10029,"['I79_006508', 'Ifi35', 'Pla2g5', 'H671_3g9402', 'Ccl5', 'Gbp5']","['I79_006508', 'Ifi35', 'Pla2g5', 'H671_3g9402', 'Ccl5', 'Gbp5']",2.83e-07,0.00011,Positive regulation of defense response,87,True,True
Process,GO:0045071,4,58,10029,"['Rsad2', 'Isg15', 'Oas2', 'Ccl5']","['Rsad2', 'Isg15', 'Oas2', 'Ccl5']",6.89e-07,0.00024,Negative regulation of viral genome replication,87,True,True
Process,GO:0045824,4,61,10029,"['Parp14', 'Samhd1', 'Usp18', 'Isg15']","['Parp14', 'Samhd1', 'Usp18', 'Isg15']",8.34e-07,0.00029,Negative regulation of innate immune response,87,True,True
Process,GO:0002684,8,762,10029,"['Ddx60', 'I79_006508', 'Rsad2', 'Ifi35', 'Pla2g5', 'H671_3g9402', 'Ccl5', 'Gbp5']","['I79_004729', 'I79_006508', 'Rsad2', 'Ifi35', 'Pla2g5', 'H671_3g9402', 'Ccl5', 'Gbp5']",1.44e-06,0.00048,Positive regulation of immune system process,87,True,True
Process,GO:0060339,3,21,10029,"['Samhd1', 'Usp18', 'Isg15']","['Samhd1', 'Usp18', 'Isg15']",2.56e-06,0.00083,Negative regulation of type I interferon-mediated signaling pathway,87,True,True
Process,GO:0031348,5,196,10029,"['Parp14', 'Samhd1', 'Usp18', 'Pla2g5', 'Isg15']","['Parp14', 'Samhd1', 'Usp18', 'Pla2g5', 'Isg15']",2.78e-06,0.00086,Negative regulation of defense response,87,True,True
Process,GO:0010033,13,2827,10029,"['I79_004932', 'I79_005932', 'I79_006508', 'I79_009377', 'I79_009463', 'Usp18', 'Ifit2', 'H671_3g9402', 'Isg15', 'Oas2', 'Ccl5', 'Gbp5', 'I79_013247']","['I79_004932', 'I79_005932', 'I79_006508', 'I79_009377', 'I79_009463', 'Usp18', 'Ifit2', 'H671_3g9402', 'Isg15', 'Oas2', 'Ccl5', 'Gbp5', 'I79_013247']",3.64e-06,0.0011,Response to organic substance,87,True,True
Process,GO:0062207,4,94,10029,"['Ddx60', 'Rsad2', 'Ifi35', 'H671_3g9402']","['I79_004729', 'Rsad2', 'Ifi35', 'H671_3g9402']",4.34e-06,0.0013,Regulation of pattern recognition receptor signaling pathway,87,True,True
Process,GO:0050778,6,417,10029,"['I79_006508', 'Rsad2', 'Ifi35', 'Pla2g5', 'H671_3g9402', 'Gbp5']","['I79_006508', 'Rsad2', 'Ifi35', 'Pla2g5', 'H671_3g9402', 'Gbp5']",6.41e-06,0.0018,Positive regulation of immune response,87,True,True
Process,GO:0032728,3,33,10029,"['H671_3g9402', 'Isg15', 'Oas2']","['H671_3g9402', 'Isg15', 'Oas2']",8.95e-06,0.0024,Positive regulation of interferon-beta production,87,True,True
Process,GO:0034340,3,33,10029,"['H671_3g9402', 'Isg15', 'Oas2']","['H671_3g9402', 'Isg15', 'Oas2']",8.95e-06,0.0024,Response to type I interferon,87,True,True
Process,GO:0062208,3,43,10029,"['Ddx60', 'Rsad2', 'Ifi35']","['I79_004729', 'Rsad2', 'Ifi35']",1.89e-05,0.0048,Positive regulation of pattern recognition receptor signaling pathway,87,True,True
Process,GO:0035458,3,50,10029,"['I79_006508', 'I79_009463', 'I79_013247']","['I79_006508', 'I79_009463', 'I79_013247']",2.9e-05,0.0071,Cellular response to interferon-beta,87,True,True
Process,GO:0032102,5,343,10029,"['Parp14', 'Samhd1', 'Usp18', 'Pla2g5', 'Isg15']","['Parp14', 'Samhd1', 'Usp18', 'Pla2g5', 'Isg15']",3.94e-05,0.0092,Negative regulation of response to external stimulus,87,True,True
Process,GO:0035634,2,7,10029,"['Usp18', 'I79_013247']","['Usp18', 'I79_013247']",4.4e-05,0.0101,Response to stilbenoid,87,True,True
Process,GO:0048584,10,2127,10029,"['Parp14', 'Ddx60', 'I79_005932', 'I79_006508', 'Rsad2', 'Ifi35', 'Pla2g5', 'H671_3g9402', 'Ccl5', 'Gbp5']","['Parp14', 'I79_004729', 'I79_005932', 'I79_006508', 'Rsad2', 'Ifi35', 'Pla2g5', 'H671_3g9402', 'Ccl5', 'Gbp5']",6.49e-05,0.0139,Positive regulation of response to stimulus,87,True,True
Process,GO:0034121,3,67,10029,"['Rsad2', 'Ifi35', 'H671_3g9402']","['Rsad2', 'Ifi35', 'H671_3g9402']",6.69e-05,0.0141,Regulation of toll-like receptor signaling pathway,87,True,True
Process,GO:0035457,2,11,10029,"['Ifit2', 'I79_013247']","['Ifit2', 'I79_013247']",9.51e-05,0.0197,Cellular response to interferon-alpha,87,True,True
Process,GO:0048583,13,3843,10029,"['Parp14', 'Samhd1', 'Ddx60', 'I79_005932', 'I79_006508', 'Rsad2', 'Ifi35', 'Usp18', 'Pla2g5', 'H671_3g9402', 'Isg15', 'Ccl5', 'Gbp5']","['Parp14', 'Samhd1', 'I79_004729', 'I79_005932', 'I79_006508', 'Rsad2', 'Ifi35', 'Usp18', 'Pla2g5', 'H671_3g9402', 'Isg15', 'Ccl5', 'Gbp5']",0.0001,0.0213,Regulation of response to stimulus,87,True,True
Process,GO:0042221,14,4477,10029,"['I79_000870', 'I79_004932', 'I79_005932', 'I79_006508', 'I79_009377', 'I79_009463', 'Usp18', 'Ifit2', 'H671_3g9402', 'Isg15', 'Oas2', 'Ccl5', 'Gbp5', 'I79_013247']","['I79_000870', 'I79_004932', 'I79_005932', 'I79_006508', 'I79_009377', 'I79_009463', 'Usp18', 'Ifit2', 'H671_3g9402', 'Isg15', 'Oas2', 'Ccl5', 'Gbp5', 'I79_013247']",0.00011,0.0226,Response to chemical,87,True,True
Process,GO:1901565,7,1061,10029,"['Samhd1', 'Uba7', 'Herc6', 'Usp18', 'Ube2l6', 'Pla2g5', 'Isg15']","['Samhd1', 'Uba7', 'Herc6', 'Usp18', 'Ube2l6', 'Pla2g5', 'Isg15']",0.00014,0.0279,Organonitrogen compound catabolic process,87,True,True
Process,GO:0044265,6,755,10029,"['Uba7', 'Herc6', 'Usp18', 'Ube2l6', 'Isg15', 'Oas2']","['Uba7', 'Herc6', 'Usp18', 'Ube2l6', 'Isg15', 'Oas2']",0.00017,0.0332,Cellular macromolecule catabolic process,87,True,True
Process,GO:0009966,11,2903,10029,"['Parp14', 'Samhd1', 'Ddx60', 'I79_005932', 'Rsad2', 'Ifi35', 'Usp18', 'Pla2g5', 'H671_3g9402', 'Isg15', 'Ccl5']","['Parp14', 'Samhd1', 'I79_004729', 'I79_005932', 'Rsad2', 'Ifi35', 'Usp18', 'Pla2g5', 'H671_3g9402', 'Isg15', 'Ccl5']",0.00017,0.0333,Regulation of signal transduction,87,True,True
Process,GO:0001819,5,474,10029,"['Rsad2', 'H671_3g9402', 'Isg15', 'Oas2', 'Gbp5']","['Rsad2', 'H671_3g9402', 'Isg15', 'Oas2', 'Gbp5']",0.00018,0.0335,Positive regulation of cytokine production,87,True,True
Process,GO:0009967,8,1543,10029,"['Parp14', 'Ddx60', 'I79_005932', 'Rsad2', 'Ifi35', 'Pla2g5', 'H671_3g9402', 'Ccl5']","['Parp14', 'I79_004729', 'I79_005932', 'Rsad2', 'Ifi35', 'Pla2g5', 'H671_3g9402', 'Ccl5']",0.00023,0.0419,Positive regulation of signal transduction,87,True,True
Process,GO:0044248,8,1557,10029,"['Samhd1', 'Uba7', 'Herc6', 'Usp18', 'Ube2l6', 'Pla2g5', 'Isg15', 'Oas2']","['Samhd1', 'Uba7', 'Herc6', 'Usp18', 'Ube2l6', 'Pla2g5', 'Isg15', 'Oas2']",0.00024,0.0439,Cellular catabolic process,87,True,True
Function,GO:0097367,12,2440,10029,"['Ifi44l', 'Samhd1', 'Ddx60', 'Uba7', 'I79_009288', 'I79_009377', 'I79_009463', 'Ube2l6', 'Pla2g5', 'Oas2', 'Ccl5', 'Gbp5']","['Ifi44l', 'Samhd1', 'I79_004729', 'Uba7', 'I79_009288', 'I79_009377', 'I79_009463', 'Ube2l6', 'Pla2g5', 'Oas2', 'Ccl5', 'Gbp5']",5.26e-06,0.0173,Carbohydrate derivative binding,87,True,True
Function,GO:0019001,6,462,10029,"['Ifi44l', 'Samhd1', 'I79_009288', 'I79_009377', 'I79_009463', 'Gbp5']","['Ifi44l', 'Samhd1', 'I79_009288', 'I79_009377', 'I79_009463', 'Gbp5']",1.14e-05,0.0188,Guanyl nucleotide binding,87,True,True
Function,GO:0000166,11,2478,10029,"['Parp14', 'Ifi44l', 'Samhd1', 'Ddx60', 'Uba7', 'I79_009288', 'I79_009377', 'I79_009463', 'Ube2l6', 'Oas2', 'Gbp5']","['Parp14', 'Ifi44l', 'Samhd1', 'I79_004729', 'Uba7', 'I79_009288', 'I79_009377', 'I79_009463', 'Ube2l6', 'Oas2', 'Gbp5']",4.08e-05,0.0448,Nucleotide binding,87,True,True
Function,GO:0005488,25,13754,10029,"['Parp14', 'I79_000870', 'Ifi44l', 'Samhd1', 'Ddx60', 'I79_004932', 'I79_005932', 'I79_006508', 'Uba7', 'Rsad2', 'I79_009288', 'I79_009377', 'I79_009463', 'Ifi35', 'Ifit2', 'Ube2l6', 'Pla2g5', 'H671_3g9402', 'Isg15', 'Oas2', 'Ccl5', 'I79_019786', 'I79_019956', 'Gbp5', 'I79_013247']","['Parp14', 'I79_000870', 'Ifi44l', 'Samhd1', 'I79_004729', 'I79_004932', 'I79_005932', 'I79_006508', 'Uba7', 'Rsad2', 'I79_009288', 'I79_009377', 'I79_009463', 'Ifi35', 'Ifit2', 'Ube2l6', 'Pla2g5', 'H671_3g9402', 'Isg15', 'Oas2', 'Ccl5', 'I79_019786', 'I79_019956', 'Gbp5', 'I79_013247']",7.26e-05,0.0465,Binding,87,True,True
Function,GO:0017076,10,2148,10029,"['Ifi44l', 'Samhd1', 'Ddx60', 'Uba7', 'I79_009288', 'I79_009377', 'I79_009463', 'Ube2l6', 'Oas2', 'Gbp5']","['Ifi44l', 'Samhd1', 'I79_004729', 'Uba7', 'I79_009288', 'I79_009377', 'I79_009463', 'Ube2l6', 'Oas2', 'Gbp5']",7.06e-05,0.0465,Purine nucleotide binding,87,True,True
Function,GO:0043168,11,2671,10029,"['Parp14', 'Ifi44l', 'Samhd1', 'Ddx60', 'Uba7', 'I79_009288', 'I79_009377', 'I79_009463', 'Ube2l6', 'Oas2', 'Gbp5']","['Parp14', 'Ifi44l', 'Samhd1', 'I79_004729', 'Uba7', 'I79_009288', 'I79_009377', 'I79_009463', 'Ube2l6', 'Oas2', 'Gbp5']",8.15e-05,0.0465,Anion binding,87,True,True
TISSUES,BTO:0000570,11,1926,10029,"['I79_004932', 'I79_005932', 'Rsad2', 'I79_009377', 'I79_009463', 'Herc6', 'Usp18', 'H671_3g9402', 'Oas2', 'Ccl5', 'I79_013247']","['I79_004932', 'I79_005932', 'Rsad2', 'I79_009377', 'I79_009463', 'Herc6', 'Usp18', 'H671_3g9402', 'Oas2', 'Ccl5', 'I79_013247']",3.7e-06,0.0075,Hematopoietic system,87,True,True
TISSUES,BTO:0005810,10,1824,10029,"['Samhd1', 'I79_004932', 'Rsad2', 'I79_009377', 'I79_009463', 'Herc6', 'Usp18', 'H671_3g9402', 'Ccl5', 'I79_013247']","['Samhd1', 'I79_004932', 'Rsad2', 'I79_009377', 'I79_009463', 'Herc6', 'Usp18', 'H671_3g9402', 'Ccl5', 'I79_013247']",1.73e-05,0.0176,Immune system,87,True,True
TISSUES,BTO:0000753,9,1590,10029,"['I79_004932', 'Rsad2', 'I79_009377', 'I79_009463', 'Herc6', 'Usp18', 'H671_3g9402', 'Ccl5', 'I79_013247']","['I79_004932', 'Rsad2', 'I79_009377', 'I79_009463', 'Herc6', 'Usp18', 'H671_3g9402', 'Ccl5', 'I79_013247']",4.08e-05,0.0277,Lymphoid tissue,87,True,True
KEGG,cge05164,4,130,10029,"['Rsad2', 'I79_009288', 'Oas2', 'Ccl5']","['Rsad2', 'I79_009288', 'Oas2', 'Ccl5']",1.5e-05,0.005,Influenza A,87,True,True
PMID,PMID:37350967,7,44,10029,"['Parp14', 'Rsad2', 'Ifi35', 'Ifit2', 'Isg15', 'Oas2', 'Ccl5']","['Parp14', 'Rsad2', 'Ifi35', 'Ifit2', 'Isg15', 'Oas2', 'Ccl5']",1.13e-13,3.1e-09,(2023) Central role of lung macrophages in SARS-CoV-2 physiopathology: a cross-model single-cell RNA-seq perspective.,87,True,False
PMID,PMID:30642035,6,35,10029,"['Rsad2', 'Herc6', 'Usp18', 'Ifit2', 'Isg15', 'Oas2']","['Rsad2', 'Herc6', 'Usp18', 'Ifit2', 'Isg15', 'Oas2']",5.01e-12,6.89e-08,(2019) Proteogenomics Uncovers Critical Elements of Host Response in Bovine Soft Palate Epithelial Cells Following In Vitro Infection with Foot-And-Mouth Disease Virus.,87,True,False
PMID,PMID:38125412,5,15,10029,"['Ifi44l', 'Rsad2', 'Usp18', 'Ifit2', 'Isg15']","['Ifi44l', 'Rsad2', 'Usp18', 'Ifit2', 'Isg15']",1.9e-11,1.75e-07,(2023) Insights on interferon-independent induction of interferon-stimulated genes shaping the lungs response in early SARS-CoV-2 infection.,87,True,False
PMID,PMID:32839612,5,32,10029,"['Samhd1', 'Ifit2', 'Isg15', 'Oas2', 'Ccl5']","['Samhd1', 'Ifit2', 'Isg15', 'Oas2', 'Ccl5']",5.28e-10,3.64e-06,(2020) SARS-CoV-2 infection of human ACE2-transgenic mice causes severe lung inflammation and impaired function.,87,True,False
PMID,PMID:37674985,5,54,10029,"['Herc6', 'Ifit2', 'Isg15', 'Ccl5', 'Gbp5']","['Herc6', 'Ifit2', 'Isg15', 'Ccl5', 'Gbp5']",5.97e-09,2.51e-05,(2023) Intravenous BCG vaccination reduces SARS-CoV-2 severity and promotes extensive reprogramming of lung immune cells.,87,True,False
PMID,PMID:37830818,4,17,10029,"['Rsad2', 'Usp18', 'Isg15', 'Ccl5']","['Rsad2', 'Usp18', 'Isg15', 'Ccl5']",7.63e-09,2.51e-05,(2023) SARS-CoV-2 replicates in the human testis with slow kinetics and has no major deleterious effects ex vivo.,87,True,False
PMID,PMID:35313583,5,51,10029,"['Herc6', 'Ifit2', 'Isg15', 'Ccl5', 'Gbp5']","['Herc6', 'Ifit2', 'Isg15', 'Ccl5', 'Gbp5']",4.56e-09,2.51e-05,(2022) Dynamic single-cell RNA sequencing reveals BCG vaccination curtails SARS-CoV-2 induced disease severity and lung inflammation.,87,True,False
PMID,PMID:36524125,4,15,10029,"['Rsad2', 'Ifit2', 'Isg15', 'Ccl5']","['Rsad2', 'Ifit2', 'Isg15', 'Ccl5']",4.95e-09,2.51e-05,(2022) Intranasal inoculation of IFN-lambda resolves SARS-CoV-2 lung infection via the rapid reduction of viral burden and improvement of tissue damage.,87,True,False
PMID,PMID:29724035,5,51,10029,"['Herc6', 'Usp18', 'Ifit2', 'Isg15', 'Oas2']","['Herc6', 'Usp18', 'Ifit2', 'Isg15', 'Oas2']",4.56e-09,2.51e-05,(2018) Involvement of Pro-Inflammatory Macrophages in Liver Pathology of Pirital Virus-Infected Syrian Hamsters.,87,True,False
PMID,PMID:35118466,4,19,10029,"['Rsad2', 'Ifit2', 'Isg15', 'Ccl5']","['Rsad2', 'Ifit2', 'Isg15', 'Ccl5']",1.13e-08,3.1e-05,(2022) Nasally-delivered interferon-lambda protects mice against upper and lower respiratory tract infection of SARS-CoV-2 variants including Omicron.,87,True,False
PMID,PMID:35523172,4,22,10029,"['Rsad2', 'Ifit2', 'Isg15', 'Ccl5']","['Rsad2', 'Ifit2', 'Isg15', 'Ccl5']",1.9e-08,4.75e-05,(2022) Nasally delivered interferon-lambda protects mice against infection by SARS-CoV-2 variants including Omicron.,87,True,False
PMID,PMID:33619488,5,72,10029,"['Ifit2', 'Isg15', 'Oas2', 'Ccl5', 'Gbp5']","['Ifit2', 'Isg15', 'Oas2', 'Ccl5', 'Gbp5']",2.32e-08,5.33e-05,(2021) Impaired local intrinsic immunity to SARS-CoV-2 infection in severe COVID-19.,87,True,False
PMID,PMID:35663932,4,33,10029,"['Ifit2', 'Isg15', 'Oas2', 'Ccl5']","['Ifit2', 'Isg15', 'Oas2', 'Ccl5']",8.31e-08,0.00018,(2022) Dysregulated Interferon Response and Immune Hyperactivation in Severe COVID-19: Targeting STATs as a Novel Therapeutic Strategy.,87,True,False
PMID,PMID:34319784,4,40,10029,"['Rsad2', 'Isg15', 'Oas2', 'Ccl5']","['Rsad2', 'Isg15', 'Oas2', 'Ccl5']",1.7e-07,0.00033,(2021) Kinetic Multi-omic Analysis of Responses to SARS-CoV-2 Infection in a Model of Severe COVID-19.,87,True,False
PMID,PMID:36314791,4,49,10029,"['Ifi35', 'Ifit2', 'Isg15', 'Oas2']","['Ifi35', 'Ifit2', 'Isg15', 'Oas2']",3.64e-07,0.00067,"(2022) Neuropilin-1 Mediates SARS-CoV-2 Infection of Astrocytes in Brain Organoids, Inducing Inflammation Leading to Dysfunction and Death of Neurons.",87,True,False
PMID,PMID:37081549,3,11,10029,"['Isg15', 'Ccl5', 'Gbp5']","['Isg15', 'Ccl5', 'Gbp5']",4.64e-07,0.0008,(2023) MHC class I links with severe pathogenicity in C57BL6N mice infected with SARS-CoV-2BMA8.,87,True,False
PMID,PMID:34381043,4,53,10029,"['Ifit2', 'Isg15', 'Ccl5', 'I79_013247']","['Ifit2', 'Isg15', 'Ccl5', 'I79_013247']",4.9e-07,0.0008,(2021) Temporal omics analysis in Syrian hamsters unravel cellular effector responses to moderate COVID-19.,87,True,False
PMID,PMID:36061178,3,12,10029,"['Rsad2', 'Isg15', 'Ccl5']","['Rsad2', 'Isg15', 'Ccl5']",5.8e-07,0.00089,(2022) Expression profiles analysis identifies specific interferon-stimulated signatures as potential diagnostic and predictive indicators of JAK2V617F (+) myelofibrosis.,87,True,False
PMID,PMID:37476290,4,58,10029,"['Samhd1', 'Ifit2', 'Isg15', 'Oas2']","['Samhd1', 'Ifit2', 'Isg15', 'Oas2']",6.89e-07,0.001,"(2023) The 27th Scientific Conference of the Society on NeuroImmune Pharmacology: New Delhi, India, March 15-18, 2023.",87,True,False
PMID,PMID:38162574,3,13,10029,"['Ifi44l', 'Rsad2', 'Isg15']","['Ifi44l', 'Rsad2', 'Isg15']",7.13e-07,0.001,(2023) Discovering common pathogenetic processes between COVID-19 and tuberculosis by bioinformatics and system biology approach.,87,True,False
PMID,PMID:38198521,3,14,10029,"['Rsad2', 'Isg15', 'Oas2']","['Rsad2', 'Isg15', 'Oas2']",8.65e-07,0.0011,(2024) Breakthrough infections by SARS-CoV-2 variants boost cross-reactive hybrid immune responses in mRNA-vaccinated Golden Syrian hamsters.,87,True,False
PMID,PMID:35013229,3,14,10029,"['Rsad2', 'Ifit2', 'Isg15']","['Rsad2', 'Ifit2', 'Isg15']",8.65e-07,0.0011,(2022) Age-dependent pathogenic characteristics of SARS-CoV-2 infection in ferrets.,87,True,False
PMID,PMID:37425792,3,15,10029,"['Rsad2', 'Isg15', 'Oas2']","['Rsad2', 'Isg15', 'Oas2']",1.04e-06,0.0012,(2023) Breakthrough infections by SARS-CoV-2 variants boost cross-reactive hybrid immune responses in mRNA-vaccinated Golden Syrian Hamsters.,87,True,False
PMID,PMID:35967447,3,15,10029,"['Ifi35', 'Ifit2', 'Ccl5']","['Ifi35', 'Ifit2', 'Ccl5']",1.04e-06,0.0012,(2022) BSL2-compliant lethal mouse model of SARS-CoV-2 and variants of concern to evaluate therapeutics targeting the Spike protein.,87,True,False
PMID,PMID:35421379,3,16,10029,"['Usp18', 'Ifit2', 'Isg15']","['Usp18', 'Ifit2', 'Isg15']",1.23e-06,0.0014,(2022) Humanized mice reveal a macrophage-enriched gene signature defining human lung tissue protection during SARS-CoV-2 infection.,87,True,False
PMID,PMID:33577760,3,17,10029,"['Ifit2', 'Isg15', 'Ccl5']","['Ifit2', 'Isg15', 'Ccl5']",1.45e-06,0.0015,(2021) Leveraging the antiviral type I interferon system as a first line of defense against SARS-CoV-2 pathogenicity.,87,True,False
PMID,PMID:36851642,3,20,10029,"['Parp14', 'Ifit2', 'Oas2']","['Parp14', 'Ifit2', 'Oas2']",2.24e-06,0.0023,(2023) Host Response of Syrian Hamster to SARS-CoV-2 Infection including Differences with Humans and between Sexes.,87,True,False
PMID,PMID:31142600,3,20,10029,"['Parp14', 'Usp18', 'Isg15']","['Parp14', 'Usp18', 'Isg15']",2.24e-06,0.0023,(2019) Viral Resistance and IFN Signaling in STAT2 Knockout Fish Cells.,87,True,False
PMID,PMID:35437144,3,21,10029,"['Ifi35', 'Usp18', 'Isg15']","['Ifi35', 'Usp18', 'Isg15']",2.56e-06,0.0024,(2022) Multi-omics insights into host-viral response and pathogenesis in Crimean-Congo hemorrhagic fever viruses for novel therapeutic target.,87,True,False
PMID,PMID:38009950,3,22,10029,"['Samhd1', 'Ifit2', 'Isg15']","['Samhd1', 'Ifit2', 'Isg15']",2.91e-06,0.0027,(2024) Spatiotemporal analysis of SARS-CoV-2 infection reveals an expansive wave of monocyte-derived macrophages associated with vascular damage and virus clearance in hamster lungs.,87,True,False
PMID,PMID:23796410,3,23,10029,"['Ifit2', 'Isg15', 'Ccl5']","['Ifit2', 'Isg15', 'Ccl5']",3.28e-06,0.0029,(2013) Understanding and altering cell tropism of vesicular stomatitis virus.,87,True,False
PMID,PMID:35857629,3,27,10029,"['Isg15', 'Oas2', 'Ccl5']","['Isg15', 'Oas2', 'Ccl5']",5.11e-06,0.0044,(2022) SARS-CoV-2 infection in hamsters and humans results in lasting and unique systemic perturbations after recovery.,87,True,False
PMID,PMID:28215278,3,29,10029,"['Samhd1', 'Ifit2', 'Oas2']","['Samhd1', 'Ifit2', 'Oas2']",6.24e-06,0.0052,(2017) Nucleic Acid Immunity.,87,True,False
PMID,PMID:36758802,3,30,10029,"['Usp18', 'Ifit2', 'Isg15']","['Usp18', 'Ifit2', 'Isg15']",6.86e-06,0.0055,"(2023) The main protease of SARS-CoV-2 cleaves histone deacetylases and DCP1A, attenuating the immune defense of the interferon-stimulated genes.",87,True,False
PMID,PMID:34214467,3,30,10029,"['Ifi35', 'Ifit2', 'Isg15']","['Ifi35', 'Ifit2', 'Isg15']",6.86e-06,0.0055,(2021) Systematic analysis of SARS-CoV-2 infection of an ACE2-negative human airway cell.,87,True,False
PMID,PMID:23247502,3,31,10029,"['Rsad2', 'Oas2', 'Ccl5']","['Rsad2', 'Oas2', 'Ccl5']",7.52e-06,0.0057,(2012) Immune responses to West Nile virus infection in the central nervous system.,87,True,False
PMID,PMID:35508460,3,34,10029,"['Usp18', 'Isg15', 'Oas2']","['Usp18', 'Isg15', 'Oas2']",9.74e-06,0.0072,(2022) Identification of DAXX as a restriction factor of SARS-CoV-2 through a CRISPRCas9 screen.,87,True,False
PMID,PMID:34268506,3,35,10029,"['Samhd1', 'Rsad2', 'Isg15']","['Samhd1', 'Rsad2', 'Isg15']",1.06e-05,0.0076,(2021) Pathogenic and transcriptomic differences of emerging SARS-CoV-2 variants in the Syrian golden hamster model.,87,True,False
PMID,PMID:34758415,3,35,10029,"['Samhd1', 'Rsad2', 'Isg15']","['Samhd1', 'Rsad2', 'Isg15']",1.06e-05,0.0076,(2021) Pathogenic and transcriptomic differences of emerging SARS-CoV-2 variants in the Syrian golden hamster model.,87,True,False
PMID,PMID:34339406,3,37,10029,"['Ifit2', 'Isg15', 'Oas2']","['Ifit2', 'Isg15', 'Oas2']",1.24e-05,0.0085,(2021) Comparison of transcriptional responses between pathogenic and nonpathogenic hantavirus infections in Syrian hamsters using NanoString.,87,True,False
PMID,PMID:34025644,3,38,10029,"['Rsad2', 'Oas2', 'Ccl5']","['Rsad2', 'Oas2', 'Ccl5']",1.33e-05,0.0089,(2021) Modeling Virus-Induced Inflammation in Zebrafish: A Balance Between Infection Control and Excessive Inflammation.,87,True,False
PMID,PMID:34990653,3,43,10029,"['Ifit2', 'Isg15', 'Oas2']","['Ifit2', 'Isg15', 'Oas2']",1.89e-05,0.0124,(2022) Interferon Control of Human Coronavirus Infection and Viral Evasion: Mechanistic Insights and Implications for Antiviral Drug and Vaccine Development.,87,True,False
PMID,PMID:33743212,3,45,10029,"['Isg15', 'Oas2', 'Ccl5']","['Isg15', 'Oas2', 'Ccl5']",2.15e-05,0.0138,(2021) COVID-19 and the human innate immune system.,87,True,False
PMID,PMID:35603150,2,5,10029,"['Ifit2', 'Isg15']","['Ifit2', 'Isg15']",2.57e-05,0.0161,(2022) A Case Study to Dissect Immunity to SARS-CoV-2 in a Neonate Nonhuman Primate Model.,87,True,False
PMID,PMID:33391270,2,5,10029,"['Herc6', 'Isg15']","['Herc6', 'Isg15']",2.57e-05,0.0161,(2020) Rapid Evolution of HERC6 and Duplication of a Chimeric HERC56 Gene in Rodents and Bats Suggest an Overlooked Role of HERCs in Mammalian Immunity.,87,True,False
PMID,PMID:37243138,2,6,10029,"['Rsad2', 'Ifit2']","['Rsad2', 'Ifit2']",3.43e-05,0.0205,(2023) Immune Responses and Pathogenesis following Experimental SARS-CoV-2 Infection in Domestic Cats.,87,True,False
PMID,PMID:33691139,3,58,10029,"['Ifit2', 'Isg15', 'Ccl5']","['Ifit2', 'Isg15', 'Ccl5']",4.43e-05,0.0258,(2021) Human neutralizing antibodies against SARS-CoV-2 require intact Fc effector functions for optimal therapeutic protection.,87,True,False
PMID,PMID:33801117,2,7,10029,"['Isg15', 'Ccl5']","['Isg15', 'Ccl5']",4.4e-05,0.0258,(2021) Neuropathology of Animal Prion Diseases.,87,True,False
PMID,PMID:33907749,2,7,10029,"['Isg15', 'Ccl5']","['Isg15', 'Ccl5']",4.4e-05,0.0258,(2021) Eicosanoid signaling as a therapeutic target in middle-aged mice with severe COVID-19.,87,True,False
PMID,PMID:25822026,2,7,10029,"['Rsad2', 'Ifit2']","['Rsad2', 'Ifit2']",4.4e-05,0.0258,(2015) Multiple genome segments determine virulence of bluetongue virus serotype 8.,87,True,False
PMID,PMID:37074178,2,8,10029,"['Rsad2', 'Ifit2']","['Rsad2', 'Ifit2']",5.5e-05,0.0297,(2023) Generation and Functional Analysis of Defective Viral Genomes during SARS-CoV-2 Infection.,87,True,False
PMID,PMID:35339689,2,8,10029,"['Ifit2', 'Isg15']","['Ifit2', 'Isg15']",5.5e-05,0.0297,(2022) Key benefits of dexamethasone and antibody treatment in COVID-19 hamster models revealed by single-cell transcriptomics.,87,True,False
PMID,PMID:29198913,2,8,10029,"['Isg15', 'Ccl5']","['Isg15', 'Ccl5']",5.5e-05,0.0297,(2017) Antibody Tumor Targeting Is Enhanced by CD27 Agonists through Myeloid Recruitment.,87,True,False
PMID,PMID:35740365,2,10,10029,"['Ifit2', 'Ccl5']","['Ifit2', 'Ccl5']",8.05e-05,0.041,(2022) Comprehensive Analysis of Disease Pathology in Immunocompetent and Immunocompromised Hosts following Pulmonary SARS-CoV-2 Infection.,87,True,False
PMID,PMID:35862681,2,10,10029,"['Isg15', 'Ccl5']","['Isg15', 'Ccl5']",8.05e-05,0.041,(2022) The Host Response to Influenza A Virus Interferes with SARS-CoV-2 Replication during Coinfection.,87,True,False
PMID,PMID:38178911,2,11,10029,"['Oas2', 'Ccl5']","['Oas2', 'Ccl5']",9.51e-05,0.0467,(2023) An overview on viral interference during SARS-CoV-2 pandemic.,87,True,False
PMID,PMID:35632736,2,11,10029,"['Parp14', 'Ifit2']","['Parp14', 'Ifit2']",9.51e-05,0.0467,(2022) The Reassessed Potential of SARS-CoV-2 Attenuation for COVID-19 Vaccine Development-A Systematic Review.,87,True,False
RCTM,MAP-913531,13,174,10029,"['I79_004932', 'Uba7', 'Rsad2', 'I79_009288', 'I79_009377', 'Ifi35', 'Usp18', 'Ifit2', 'Ube2l6', 'Isg15', 'Oas2', 'Gbp5', 'I79_013247']","['I79_004932', 'Uba7', 'Rsad2', 'I79_009288', 'I79_009377', 'Ifi35', 'Usp18', 'Ifit2', 'Ube2l6', 'Isg15', 'Oas2', 'Gbp5', 'I79_013247']",4.920000000000001e-21,8.4e-18,Interferon Signaling,87,True,True
RCTM,MAP-1280215,13,715,10029,"['I79_004932', 'Uba7', 'Rsad2', 'I79_009288', 'I79_009377', 'Ifi35', 'Usp18', 'Ifit2', 'Ube2l6', 'Isg15', 'Oas2', 'Gbp5', 'I79_013247']","['I79_004932', 'Uba7', 'Rsad2', 'I79_009288', 'I79_009377', 'Ifi35', 'Usp18', 'Ifit2', 'Ube2l6', 'Isg15', 'Oas2', 'Gbp5', 'I79_013247']",2.37e-13,2.02e-10,Cytokine Signaling in Immune system,87,True,True
RCTM,MAP-1169410,7,63,10029,"['I79_004932', 'Uba7', 'I79_009288', 'Usp18', 'Ube2l6', 'Isg15', 'Oas2']","['I79_004932', 'Uba7', 'I79_009288', 'Usp18', 'Ube2l6', 'Isg15', 'Oas2']",1.15e-12,6.56e-10,Antiviral mechanism by IFN-stimulated genes,87,True,True
RCTM,MAP-909733,7,69,10029,"['Rsad2', 'I79_009288', 'Ifi35', 'Usp18', 'Ifit2', 'Oas2', 'I79_013247']","['Rsad2', 'I79_009288', 'Ifi35', 'Usp18', 'Ifit2', 'Oas2', 'I79_013247']",2.09e-12,8.93e-10,Interferon alpha/beta signaling,87,True,True
RCTM,MAP-1169408,6,45,10029,"['I79_004932', 'Uba7', 'I79_009288', 'Usp18', 'Ube2l6', 'Isg15']","['I79_004932', 'Uba7', 'I79_009288', 'Usp18', 'Ube2l6', 'Isg15']",1.99e-11,6.81e-09,ISG15 antiviral mechanism,87,True,True
RCTM,MAP-168256,17,2563,10029,"['I79_004932', 'I79_006508', 'Uba7', 'Rsad2', 'I79_009288', 'I79_009377', 'I79_009463', 'Ifi35', 'Herc6', 'Usp18', 'Ifit2', 'Ube2l6', 'H671_3g9402', 'Isg15', 'Oas2', 'Gbp5', 'I79_013247']","['I79_004932', 'I79_006508', 'Uba7', 'Rsad2', 'I79_009288', 'I79_009377', 'I79_009463', 'Ifi35', 'Herc6', 'Usp18', 'Ifit2', 'Ube2l6', 'H671_3g9402', 'Isg15', 'Oas2', 'Gbp5', 'I79_013247']",1.02e-10,2.89e-08,Immune System,87,True,True
RCTM,MAP-5656169,3,39,10029,"['Uba7', 'Ube2l6', 'Isg15']","['Uba7', 'Ube2l6', 'Isg15']",1.43e-05,0.0035,Termination of translesion DNA synthesis,87,True,True
RCTM,MAP-110313,3,47,10029,"['Uba7', 'Ube2l6', 'Isg15']","['Uba7', 'Ube2l6', 'Isg15']",2.43e-05,0.0052,Translesion synthesis by Y family DNA polymerases bypasses lesions on DNA template,87,True,True
RCTM,MAP-73893,3,58,10029,"['Uba7', 'Ube2l6', 'Isg15']","['Uba7', 'Ube2l6', 'Isg15']",4.43e-05,0.0084,DNA Damage Bypass,87,True,True
RCTM,MAP-877300,3,88,10029,"['I79_009377', 'Oas2', 'Gbp5']","['I79_009377', 'Oas2', 'Gbp5']",0.00015,0.025,Interferon gamma signaling,87,True,True
NetworkNeighborAL,CL:9302,17,95,10029,"['Parp14', 'I79_000870', 'Ifi44l', 'Ddx60', 'I79_004932', 'Rsad2', 'I79_009288', 'I79_009377', 'Ifi35', 'Herc6', 'Usp18', 'Ifit2', 'H671_3g9402', 'Isg15', 'Oas2', 'Gbp5', 'I79_013247']","['Parp14', 'I79_000870', 'Ifi44l', 'I79_004729', 'I79_004932', 'Rsad2', 'I79_009288', 'I79_009377', 'Ifi35', 'Herc6', 'Usp18', 'Ifit2', 'H671_3g9402', 'Isg15', 'Oas2', 'Gbp5', 'I79_013247']",5.7599999999999994e-34,2.45e-30,"Mixed, incl. Interferon Signaling, and Regulation of response to interferon-gamma",87,True,True
NetworkNeighborAL,CL:9305,15,69,10029,"['Parp14', 'I79_000870', 'Ifi44l', 'Ddx60', 'I79_004932', 'Rsad2', 'I79_009288', 'Ifi35', 'Herc6', 'Usp18', 'Ifit2', 'H671_3g9402', 'Isg15', 'Oas2', 'I79_013247']","['Parp14', 'I79_000870', 'Ifi44l', 'I79_004729', 'I79_004932', 'Rsad2', 'I79_009288', 'Ifi35', 'Herc6', 'Usp18', 'Ifit2', 'H671_3g9402', 'Isg15', 'Oas2', 'I79_013247']",6.8999999999999995e-31,7.32e-28,"Mixed, incl. Antiviral mechanism by IFN-stimulated genes, and Protein mono-ADP-ribosylation",87,True,True
NetworkNeighborAL,CL:9309,14,50,10029,"['Parp14', 'I79_000870', 'Ifi44l', 'Ddx60', 'I79_004932', 'Rsad2', 'I79_009288', 'Ifi35', 'Usp18', 'Ifit2', 'H671_3g9402', 'Isg15', 'Oas2', 'I79_013247']","['Parp14', 'I79_000870', 'Ifi44l', 'I79_004729', 'I79_004932', 'Rsad2', 'I79_009288', 'Ifi35', 'Usp18', 'Ifit2', 'H671_3g9402', 'Isg15', 'Oas2', 'I79_013247']",4.1199999999999995e-30,2.5e-27,"Mixed, incl. OAS antiviral response, and Protein mono-ADP-ribosylation",87,True,True
NetworkNeighborAL,CL:9315,13,36,10029,"['I79_000870', 'Ifi44l', 'Ddx60', 'I79_004932', 'Rsad2', 'I79_009288', 'Ifi35', 'Usp18', 'Ifit2', 'H671_3g9402', 'Isg15', 'Oas2', 'I79_013247']","['I79_000870', 'Ifi44l', 'I79_004729', 'I79_004932', 'Rsad2', 'I79_009288', 'Ifi35', 'Usp18', 'Ifit2', 'H671_3g9402', 'Isg15', 'Oas2', 'I79_013247']",3.8800000000000003e-29,1.83e-26,"Mixed, incl. OAS antiviral response, and ISG15 antiviral mechanism",87,True,True
NetworkNeighborAL,CL:9320,12,22,10029,"['I79_000870', 'Ifi44l', 'Ddx60', 'I79_004932', 'Rsad2', 'I79_009288', 'Usp18', 'Ifit2', 'H671_3g9402', 'Isg15', 'Oas2', 'I79_013247']","['I79_000870', 'Ifi44l', 'I79_004729', 'I79_004932', 'Rsad2', 'I79_009288', 'Usp18', 'Ifit2', 'H671_3g9402', 'Isg15', 'Oas2', 'I79_013247']",1.3000000000000002e-28,5.52e-26,"Mixed, incl. C-terminal domain of RIG-I, and Response to stilbenoid",87,True,True
NetworkNeighborAL,CL:9322,8,17,10029,"['I79_000870', 'Ifi44l', 'Ddx60', 'Rsad2', 'I79_009288', 'Usp18', 'H671_3g9402', 'Isg15']","['I79_000870', 'Ifi44l', 'I79_004729', 'Rsad2', 'I79_009288', 'Usp18', 'H671_3g9402', 'Isg15']",8.99e-19,2.94e-16,"Mixed, incl. C-terminal domain of RIG-I, and ISG15-specific peptidase activity",87,True,True
NetworkNeighborAL,CL:9325,6,12,10029,"['I79_000870', 'Ifi44l', 'Rsad2', 'Usp18', 'H671_3g9402', 'Isg15']","['I79_000870', 'Ifi44l', 'Rsad2', 'Usp18', 'H671_3g9402', 'Isg15']",2.1e-14,6.38e-12,"Mixed, incl. C-terminal domain of RIG-I, and ISG15-specific peptidase activity",87,True,True
NetworkNeighborAL,CL:9327,2,6,10029,"['Usp18', 'Isg15']","['Usp18', 'Isg15']",3.43e-05,0.0097,"C-terminal domain of RIG-I, and ISG15-specific peptidase activity",87,True,True
COMPARTMENTS,GOCC:0005615,8,518,10029,"['Cxcl3', 'C1s', 'I79_001476', 'Mmp12', 'Mmp10', 'C3', 'I79_011674', 'Cxcl1']","['Cxcl3', 'C1s', 'I79_001476', 'Mmp12', 'Mmp10', 'C3', 'I79_011674', 'Cxcl1']",3.2e-09,6.26e-06,Extracellular space,89,True,True
COMPARTMENTS,GOCC:0005576,10,1287,10029,"['Cxcl3', 'C1s', 'I79_001476', 'Mmp12', 'Mmp10', 'C3', 'Dcn', 'I79_011674', 'Cxcl1', 'Csf3']","['Cxcl3', 'C1s', 'I79_001476', 'Mmp12', 'Mmp10', 'C3', 'Dcn', 'I79_011674', 'Cxcl1', 'Csf3']",1.26e-08,1.24e-05,Extracellular region,89,True,True
Process,GO:0009617,9,611,10029,"['Cxcl3', 'Ptgs2', 'C3', 'Zc3h12a', 'I79_011674', 'Sod2', 'Nfkbia', 'Cxcl1', 'Csf3']","['Cxcl3', 'Ptgs2', 'C3', 'Zc3h12a', 'I79_011674', 'Sod2', 'Nfkbia', 'Cxcl1', 'Csf3']",3.69e-10,3.99e-06,Response to bacterium,89,True,True
Process,GO:0051707,11,1213,10029,"['Cxcl3', 'Mmp12', 'Ptgs2', 'C3', 'Zc3h12a', 'I79_011674', 'Ier3', 'Sod2', 'Nfkbia', 'Cxcl1', 'Csf3']","['Cxcl3', 'Mmp12', 'Ptgs2', 'C3', 'Zc3h12a', 'I79_011674', 'Ier3', 'Sod2', 'Nfkbia', 'Cxcl1', 'Csf3']",3.16e-10,3.99e-06,Response to other organism,89,True,True
Process,GO:0032496,7,307,10029,"['Cxcl3', 'Ptgs2', 'Zc3h12a', 'Sod2', 'Nfkbia', 'Cxcl1', 'Csf3']","['Cxcl3', 'Ptgs2', 'Zc3h12a', 'Sod2', 'Nfkbia', 'Cxcl1', 'Csf3']",2.79e-09,5.88e-06,Response to lipopolysaccharide,89,True,True
Process,GO:0031347,8,560,10029,"['Mmp12', 'Ptgs2', 'C3', 'Zc3h12a', 'Ier3', 'Nfkbiz', 'Nfkbia', 'Cxcl1']","['Mmp12', 'Ptgs2', 'C3', 'Zc3h12a', 'Ier3', 'Nfkbiz', 'Nfkbia', 'Cxcl1']",5.83e-09,9.22e-06,Regulation of defense response,89,True,True
Process,GO:0009605,12,2319,10029,"['Cxcl3', 'Mmp12', 'Ptgs2', 'C3', 'Zc3h12a', 'I79_011674', 'Ier3', 'Sod2', 'Rpe65', 'Nfkbia', 'Cxcl1', 'Csf3']","['Cxcl3', 'Mmp12', 'Ptgs2', 'C3', 'Zc3h12a', 'I79_011674', 'Ier3', 'Sod2', 'Rpe65', 'Nfkbia', 'Cxcl1', 'Csf3']",1.89e-08,2.66e-05,Response to external stimulus,89,True,True
Process,GO:0031349,6,241,10029,"['Mmp12', 'Ptgs2', 'C3', 'Nfkbiz', 'Nfkbia', 'Cxcl1']","['Mmp12', 'Ptgs2', 'C3', 'Nfkbiz', 'Nfkbia', 'Cxcl1']",2.78e-08,3.52e-05,Positive regulation of defense response,89,True,True
Process,GO:0006959,5,126,10029,"['Cxcl3', 'C1s', 'C3', 'I79_011674', 'Cxcl1']","['Cxcl3', 'C1s', 'C3', 'I79_011674', 'Cxcl1']",5.02e-08,5.77e-05,Humoral immune response,89,True,True
Process,GO:0002682,9,1278,10029,"['C1s', 'Mmp12', 'C3', 'Zc3h12a', 'Nfkbiz', 'Nfkbia', 'Cxcl1', 'Hcar2', 'Csf3']","['C1s', 'Mmp12', 'C3', 'Zc3h12a', 'Nfkbiz', 'Nfkbia', 'Cxcl1', 'Hcar2', 'Csf3']",2.1e-07,0.0002,Regulation of immune system process,89,True,True
Process,GO:0032101,8,884,10029,"['Mmp12', 'Ptgs2', 'C3', 'Zc3h12a', 'Ier3', 'Nfkbiz', 'Nfkbia', 'Cxcl1']","['Mmp12', 'Ptgs2', 'C3', 'Zc3h12a', 'Ier3', 'Nfkbiz', 'Nfkbia', 'Cxcl1']",1.92e-07,0.0002,Regulation of response to external stimulus,89,True,True
Process,GO:0080134,9,1261,10029,"['Mmp12', 'Ptgs2', 'C3', 'Zc3h12a', 'Ier3', 'Nfkbiz', 'Sod2', 'Nfkbia', 'Cxcl1']","['Mmp12', 'Ptgs2', 'C3', 'Zc3h12a', 'Ier3', 'Nfkbiz', 'Sod2', 'Nfkbia', 'Cxcl1']",1.87e-07,0.0002,Regulation of response to stress,89,True,True
Process,GO:0071222,5,185,10029,"['Cxcl3', 'Zc3h12a', 'Nfkbia', 'Cxcl1', 'Csf3']","['Cxcl3', 'Zc3h12a', 'Nfkbia', 'Cxcl1', 'Csf3']",3.2e-07,0.00027,Cellular response to lipopolysaccharide,89,True,True
Process,GO:0032103,6,376,10029,"['Mmp12', 'Ptgs2', 'C3', 'Nfkbiz', 'Nfkbia', 'Cxcl1']","['Mmp12', 'Ptgs2', 'C3', 'Nfkbiz', 'Nfkbia', 'Cxcl1']",3.65e-07,0.00029,Positive regulation of response to external stimulus,89,True,True
Process,GO:0002376,10,1887,10029,"['Cxcl3', 'C1s', 'Csf2', 'C3', 'Zc3h12a', 'I79_011674', 'Nfkbiz', 'Sod2', 'Cxcl1', 'Csf3']","['Cxcl3', 'C1s', 'Csf2', 'C3', 'Zc3h12a', 'I79_011674', 'Nfkbiz', 'Sod2', 'Cxcl1', 'Csf3']",4.61e-07,0.00032,Immune system process,89,True,True
Process,GO:0048583,13,3843,10029,"['C1s', 'Mmp12', 'Ptgs2', 'Csf2', 'C3', 'Zc3h12a', 'Dcn', 'Ier3', 'Nfkbiz', 'Sod2', 'Nfkbia', 'Cxcl1', 'Csf3']","['C1s', 'Mmp12', 'Ptgs2', 'Csf2', 'C3', 'Zc3h12a', 'Dcn', 'Ier3', 'Nfkbiz', 'Sod2', 'Nfkbia', 'Cxcl1', 'Csf3']",5.1e-07,0.00034,Regulation of response to stimulus,89,True,True
Process,GO:0006954,6,410,10029,"['Cxcl3', 'Ptgs2', 'C3', 'Zc3h12a', 'Nfkbiz', 'Cxcl1']","['Cxcl3', 'Ptgs2', 'C3', 'Zc3h12a', 'Nfkbiz', 'Cxcl1']",6.02e-07,0.00037,Inflammatory response,89,True,True
Process,GO:0050896,17,8055,10029,"['Cxcl3', 'C1s', 'I79_001476', 'Mmp12', 'Ptgs2', 'Csf2', 'C3', 'Zc3h12a', 'I79_011674', 'Ier3', 'Nfkbiz', 'Sod2', 'Rpe65', 'Nfkbia', 'Cxcl1', 'Hcar2', 'Csf3']","['Cxcl3', 'C1s', 'I79_001476', 'Mmp12', 'Ptgs2', 'Csf2', 'C3', 'Zc3h12a', 'I79_011674', 'Ier3', 'Nfkbiz', 'Sod2', 'Rpe65', 'Nfkbia', 'Cxcl1', 'Hcar2', 'Csf3']",7.64e-07,0.00044,Response to stimulus,89,True,True
Process,GO:1901701,8,1095,10029,"['Cxcl3', 'Ptgs2', 'Zc3h12a', 'Sod2', 'Rpe65', 'Nfkbia', 'Cxcl1', 'Csf3']","['Cxcl3', 'Ptgs2', 'Zc3h12a', 'Sod2', 'Rpe65', 'Nfkbia', 'Cxcl1', 'Csf3']",9.64e-07,0.00053,Cellular response to oxygen-containing compound,89,True,True
Process,GO:0002684,7,762,10029,"['C1s', 'Mmp12', 'C3', 'Zc3h12a', 'Nfkbiz', 'Cxcl1', 'Hcar2']","['C1s', 'Mmp12', 'C3', 'Zc3h12a', 'Nfkbiz', 'Cxcl1', 'Hcar2']",1.25e-06,0.00066,Positive regulation of immune system process,89,True,True
Process,GO:0048584,10,2127,10029,"['C1s', 'Mmp12', 'Ptgs2', 'C3', 'Zc3h12a', 'Dcn', 'Nfkbiz', 'Nfkbia', 'Cxcl1', 'Csf3']","['C1s', 'Mmp12', 'Ptgs2', 'C3', 'Zc3h12a', 'Dcn', 'Nfkbiz', 'Nfkbia', 'Cxcl1', 'Csf3']",1.39e-06,0.0007,Positive regulation of response to stimulus,89,True,True
Process,GO:0050789,19,11860,10029,"['Cxcl3', 'C1s', 'I79_001476', 'Mmp12', 'Mmp10', 'Ptgs2', 'Csf2', 'C3', 'Zc3h12a', 'Dcn', 'I79_011674', 'Ier3', 'Nfkbiz', 'Sod2', 'Rpe65', 'Nfkbia', 'Cxcl1', 'Hcar2', 'Csf3']","['Cxcl3', 'C1s', 'I79_001476', 'Mmp12', 'Mmp10', 'Ptgs2', 'Csf2', 'C3', 'Zc3h12a', 'Dcn', 'I79_011674', 'Ier3', 'Nfkbiz', 'Sod2', 'Rpe65', 'Nfkbia', 'Cxcl1', 'Hcar2', 'Csf3']",1.7e-06,0.00083,Regulation of biological process,89,True,True
Process,GO:0009968,8,1222,10029,"['Mmp12', 'Ptgs2', 'Csf2', 'Zc3h12a', 'Dcn', 'Ier3', 'Sod2', 'Nfkbia']","['Mmp12', 'Ptgs2', 'Csf2', 'Zc3h12a', 'Dcn', 'Ier3', 'Sod2', 'Nfkbia']",2.19e-06,0.001,Negative regulation of signal transduction,89,True,True
Process,GO:0034097,7,834,10029,"['Cxcl3', 'Ptgs2', 'Csf2', 'Zc3h12a', 'Nfkbia', 'Cxcl1', 'Csf3']","['Cxcl3', 'Ptgs2', 'Csf2', 'Zc3h12a', 'Nfkbia', 'Cxcl1', 'Csf3']",2.27e-06,0.001,Response to cytokine,89,True,True
Process,GO:0050729,4,118,10029,"['Ptgs2', 'C3', 'Nfkbiz', 'Nfkbia']","['Ptgs2', 'C3', 'Nfkbiz', 'Nfkbia']",2.36e-06,0.001,Positive regulation of inflammatory response,89,True,True
Process,GO:0030574,3,31,10029,"['I79_001476', 'Mmp12', 'Mmp10']","['I79_001476', 'Mmp12', 'Mmp10']",2.51e-06,0.0011,Collagen catabolic process,89,True,True
Process,GO:0048518,15,6368,10029,"['C1s', 'I79_001476', 'Mmp12', 'Ptgs2', 'Csf2', 'C3', 'Zc3h12a', 'Dcn', 'Ier3', 'Nfkbiz', 'Sod2', 'Nfkbia', 'Cxcl1', 'Hcar2', 'Csf3']","['C1s', 'I79_001476', 'Mmp12', 'Ptgs2', 'Csf2', 'C3', 'Zc3h12a', 'Dcn', 'Ier3', 'Nfkbiz', 'Sod2', 'Nfkbia', 'Cxcl1', 'Hcar2', 'Csf3']",3.06e-06,0.0012,Positive regulation of biological process,89,True,True
Process,GO:0050727,5,304,10029,"['Ptgs2', 'C3', 'Ier3', 'Nfkbiz', 'Nfkbia']","['Ptgs2', 'C3', 'Ier3', 'Nfkbiz', 'Nfkbia']",3.51e-06,0.0013,Regulation of inflammatory response,89,True,True
Process,GO:0007166,9,1798,10029,"['Cxcl3', 'Csf2', 'C3', 'Zc3h12a', 'Nfkbiz', 'Rpe65', 'Nfkbia', 'Cxcl1', 'Hcar2']","['Cxcl3', 'Csf2', 'C3', 'Zc3h12a', 'Nfkbiz', 'Rpe65', 'Nfkbia', 'Cxcl1', 'Hcar2']",3.65e-06,0.0014,Cell surface receptor signaling pathway,89,True,True
Process,GO:0019222,15,6627,10029,"['Mmp12', 'Ptgs2', 'Csf2', 'C3', 'Zc3h12a', 'Dcn', 'I79_011674', 'Ier3', 'Nfkbiz', 'Sod2', 'Rpe65', 'Nfkbia', 'Cxcl1', 'Hcar2', 'Csf3']","['Mmp12', 'Ptgs2', 'Csf2', 'C3', 'Zc3h12a', 'Dcn', 'I79_011674', 'Ier3', 'Nfkbiz', 'Sod2', 'Rpe65', 'Nfkbia', 'Cxcl1', 'Hcar2', 'Csf3']",5.27e-06,0.0018,Regulation of metabolic process,89,True,True
Process,GO:0051094,8,1402,10029,"['Ptgs2', 'Csf2', 'C3', 'Zc3h12a', 'Dcn', 'Nfkbiz', 'Sod2', 'Csf3']","['Ptgs2', 'Csf2', 'C3', 'Zc3h12a', 'Dcn', 'Nfkbiz', 'Sod2', 'Csf3']",6.06e-06,0.002,Positive regulation of developmental process,89,True,True
Process,GO:0006955,7,999,10029,"['Cxcl3', 'C1s', 'Csf2', 'C3', 'I79_011674', 'Cxcl1', 'Csf3']","['Cxcl3', 'C1s', 'Csf2', 'C3', 'I79_011674', 'Cxcl1', 'Csf3']",7.42e-06,0.0023,Immune response,89,True,True
Process,GO:0023052,13,4923,10029,"['Cxcl3', 'Ptgs2', 'Csf2', 'C3', 'Zc3h12a', 'Ier3', 'Nfkbiz', 'Sod2', 'Rpe65', 'Nfkbia', 'Cxcl1', 'Hcar2', 'Csf3']","['Cxcl3', 'Ptgs2', 'Csf2', 'C3', 'Zc3h12a', 'Ier3', 'Nfkbiz', 'Sod2', 'Rpe65', 'Nfkbia', 'Cxcl1', 'Hcar2', 'Csf3']",9.39e-06,0.0028,Signaling,89,True,True
Process,GO:2000377,4,167,10029,"['Zc3h12a', 'Ier3', 'Sod2', 'Cxcl1']","['Zc3h12a', 'Ier3', 'Sod2', 'Cxcl1']",9.03e-06,0.0028,Regulation of reactive oxygen species metabolic process,89,True,True
Process,GO:0010646,11,3331,10029,"['Mmp12', 'Ptgs2', 'Csf2', 'C3', 'Zc3h12a', 'Dcn', 'Ier3', 'Sod2', 'Nfkbia', 'Hcar2', 'Csf3']","['Mmp12', 'Ptgs2', 'Csf2', 'C3', 'Zc3h12a', 'Dcn', 'Ier3', 'Sod2', 'Nfkbia', 'Hcar2', 'Csf3']",1e-05,0.0029,Regulation of cell communication,89,True,True
Process,GO:0051050,7,1045,10029,"['I79_001476', 'Ptgs2', 'C3', 'Zc3h12a', 'Nfkbia', 'Cxcl1', 'Hcar2']","['I79_001476', 'Ptgs2', 'C3', 'Zc3h12a', 'Nfkbia', 'Cxcl1', 'Hcar2']",9.94e-06,0.0029,Positive regulation of transport,89,True,True
Process,GO:0023051,11,3347,10029,"['Mmp12', 'Ptgs2', 'Csf2', 'C3', 'Zc3h12a', 'Dcn', 'Ier3', 'Sod2', 'Nfkbia', 'Hcar2', 'Csf3']","['Mmp12', 'Ptgs2', 'Csf2', 'C3', 'Zc3h12a', 'Dcn', 'Ier3', 'Sod2', 'Nfkbia', 'Hcar2', 'Csf3']",1.05e-05,0.003,Regulation of signaling,89,True,True
Process,GO:0002253,4,179,10029,"['C1s', 'C3', 'Zc3h12a', 'Nfkbiz']","['C1s', 'C3', 'Zc3h12a', 'Nfkbiz']",1.18e-05,0.0032,Activation of immune response,89,True,True
Process,GO:0071310,9,2069,10029,"['Cxcl3', 'Ptgs2', 'Csf2', 'Zc3h12a', 'Sod2', 'Rpe65', 'Nfkbia', 'Cxcl1', 'Csf3']","['Cxcl3', 'Ptgs2', 'Csf2', 'Zc3h12a', 'Sod2', 'Rpe65', 'Nfkbia', 'Cxcl1', 'Csf3']",1.15e-05,0.0032,Cellular response to organic substance,89,True,True
Process,GO:0007154,13,5093,10029,"['Cxcl3', 'Ptgs2', 'Csf2', 'C3', 'Zc3h12a', 'Ier3', 'Nfkbiz', 'Sod2', 'Rpe65', 'Nfkbia', 'Cxcl1', 'Hcar2', 'Csf3']","['Cxcl3', 'Ptgs2', 'Csf2', 'C3', 'Zc3h12a', 'Ier3', 'Nfkbiz', 'Sod2', 'Rpe65', 'Nfkbia', 'Cxcl1', 'Hcar2', 'Csf3']",1.39e-05,0.0036,Cell communication,89,True,True
Process,GO:0019730,3,57,10029,"['Cxcl3', 'I79_011674', 'Cxcl1']","['Cxcl3', 'I79_011674', 'Cxcl1']",1.42e-05,0.0036,Antimicrobial humoral response,89,True,True
Process,GO:0050776,6,720,10029,"['C1s', 'Mmp12', 'C3', 'Zc3h12a', 'Nfkbiz', 'Nfkbia']","['C1s', 'Mmp12', 'C3', 'Zc3h12a', 'Nfkbiz', 'Nfkbia']",1.49e-05,0.0036,Regulation of immune response,89,True,True
Process,GO:0010883,3,60,10029,"['C3', 'Zc3h12a', 'Nfkbia']","['C3', 'Zc3h12a', 'Nfkbia']",1.64e-05,0.0038,Regulation of lipid storage,89,True,True
Process,GO:0050778,5,417,10029,"['C1s', 'Mmp12', 'C3', 'Zc3h12a', 'Nfkbiz']","['C1s', 'Mmp12', 'C3', 'Zc3h12a', 'Nfkbiz']",1.59e-05,0.0038,Positive regulation of immune response,89,True,True
Process,GO:0010033,10,2827,10029,"['Cxcl3', 'I79_001476', 'Ptgs2', 'Csf2', 'Zc3h12a', 'Sod2', 'Rpe65', 'Nfkbia', 'Cxcl1', 'Csf3']","['Cxcl3', 'I79_001476', 'Ptgs2', 'Csf2', 'Zc3h12a', 'Sod2', 'Rpe65', 'Nfkbia', 'Cxcl1', 'Csf3']",1.83e-05,0.0042,Response to organic substance,89,True,True
Process,GO:0071345,6,747,10029,"['Cxcl3', 'Csf2', 'Zc3h12a', 'Nfkbia', 'Cxcl1', 'Csf3']","['Cxcl3', 'Csf2', 'Zc3h12a', 'Nfkbia', 'Cxcl1', 'Csf3']",1.83e-05,0.0042,Cellular response to cytokine stimulus,89,True,True
Process,GO:0006952,7,1162,10029,"['Cxcl3', 'Ptgs2', 'C3', 'Zc3h12a', 'I79_011674', 'Nfkbiz', 'Cxcl1']","['Cxcl3', 'Ptgs2', 'C3', 'Zc3h12a', 'I79_011674', 'Nfkbiz', 'Cxcl1']",1.98e-05,0.0043,Defense response,89,True,True
Process,GO:0051239,10,2847,10029,"['Mmp12', 'Ptgs2', 'Csf2', 'C3', 'Zc3h12a', 'Dcn', 'Nfkbiz', 'Nfkbia', 'Hcar2', 'Csf3']","['Mmp12', 'Ptgs2', 'Csf2', 'C3', 'Zc3h12a', 'Dcn', 'Nfkbiz', 'Nfkbia', 'Hcar2', 'Csf3']",1.95e-05,0.0043,Regulation of multicellular organismal process,89,True,True
Process,GO:1990869,3,65,10029,"['Cxcl3', 'Zc3h12a', 'Cxcl1']","['Cxcl3', 'Zc3h12a', 'Cxcl1']",2.07e-05,0.0044,Cellular response to chemokine,89,True,True
Process,GO:0009966,10,2903,10029,"['Mmp12', 'Ptgs2', 'Csf2', 'C3', 'Zc3h12a', 'Dcn', 'Ier3', 'Sod2', 'Nfkbia', 'Csf3']","['Mmp12', 'Ptgs2', 'Csf2', 'C3', 'Zc3h12a', 'Dcn', 'Ier3', 'Sod2', 'Nfkbia', 'Csf3']",2.32e-05,0.0047,Regulation of signal transduction,89,True,True
Process,GO:0045428,3,73,10029,"['Ptgs2', 'Zc3h12a', 'Sod2']","['Ptgs2', 'Zc3h12a', 'Sod2']",2.89e-05,0.0058,Regulation of nitric oxide biosynthetic process,89,True,True
Process,GO:2000379,3,75,10029,"['Zc3h12a', 'Sod2', 'Cxcl1']","['Zc3h12a', 'Sod2', 'Cxcl1']",3.12e-05,0.0062,Positive regulation of reactive oxygen species metabolic process,89,True,True
Process,GO:2001234,4,231,10029,"['Ptgs2', 'Csf2', 'Ier3', 'Sod2']","['Ptgs2', 'Csf2', 'Ier3', 'Sod2']",3.15e-05,0.0062,Negative regulation of apoptotic signaling pathway,89,True,True
Process,GO:0007165,12,4601,10029,"['Cxcl3', 'Csf2', 'C3', 'Zc3h12a', 'Ier3', 'Nfkbiz', 'Sod2', 'Rpe65', 'Nfkbia', 'Cxcl1', 'Hcar2', 'Csf3']","['Cxcl3', 'Csf2', 'C3', 'Zc3h12a', 'Ier3', 'Nfkbiz', 'Sod2', 'Rpe65', 'Nfkbia', 'Cxcl1', 'Hcar2', 'Csf3']",3.41e-05,0.0064,Signal transduction,89,True,True
Process,GO:0065008,11,3854,10029,"['Cxcl3', 'Ptgs2', 'C3', 'Zc3h12a', 'Dcn', 'Ier3', 'Sod2', 'Rpe65', 'Cxcl1', 'Hcar2', 'Csf3']","['Cxcl3', 'Ptgs2', 'C3', 'Zc3h12a', 'Dcn', 'Ier3', 'Sod2', 'Rpe65', 'Cxcl1', 'Hcar2', 'Csf3']",4.14e-05,0.0077,Regulation of biological quality,89,True,True
Process,GO:0009893,11,3939,10029,"['Mmp12', 'Ptgs2', 'Csf2', 'C3', 'Zc3h12a', 'Dcn', 'Ier3', 'Sod2', 'Nfkbia', 'Cxcl1', 'Csf3']","['Mmp12', 'Ptgs2', 'Csf2', 'C3', 'Zc3h12a', 'Dcn', 'Ier3', 'Sod2', 'Nfkbia', 'Cxcl1', 'Csf3']",5.11e-05,0.0091,Positive regulation of metabolic process,89,True,True
Process,GO:0031325,10,3172,10029,"['Mmp12', 'Ptgs2', 'Csf2', 'C3', 'Zc3h12a', 'Dcn', 'Sod2', 'Nfkbia', 'Cxcl1', 'Csf3']","['Mmp12', 'Ptgs2', 'Csf2', 'C3', 'Zc3h12a', 'Dcn', 'Sod2', 'Nfkbia', 'Cxcl1', 'Csf3']",5.06e-05,0.0091,Positive regulation of cellular metabolic process,89,True,True
Process,GO:0006950,10,3187,10029,"['Cxcl3', 'Mmp12', 'Ptgs2', 'C3', 'Zc3h12a', 'I79_011674', 'Ier3', 'Nfkbiz', 'Sod2', 'Cxcl1']","['Cxcl3', 'Mmp12', 'Ptgs2', 'C3', 'Zc3h12a', 'I79_011674', 'Ier3', 'Nfkbiz', 'Sod2', 'Cxcl1']",5.27e-05,0.0093,Response to stress,89,True,True
Process,GO:0051173,10,3188,10029,"['Mmp12', 'Ptgs2', 'Csf2', 'C3', 'Zc3h12a', 'Dcn', 'Ier3', 'Sod2', 'Nfkbia', 'Csf3']","['Mmp12', 'Ptgs2', 'Csf2', 'C3', 'Zc3h12a', 'Dcn', 'Ier3', 'Sod2', 'Nfkbia', 'Csf3']",5.29e-05,0.0093,Positive regulation of nitrogen compound metabolic process,89,True,True
Process,GO:2000319,2,12,10029,"['Zc3h12a', 'Nfkbiz']","['Zc3h12a', 'Nfkbiz']",5.42e-05,0.0093,Regulation of T-helper 17 cell differentiation,89,True,True
Process,GO:0048522,13,5758,10029,"['I79_001476', 'Mmp12', 'Ptgs2', 'Csf2', 'C3', 'Zc3h12a', 'Dcn', 'Nfkbiz', 'Sod2', 'Nfkbia', 'Cxcl1', 'Hcar2', 'Csf3']","['I79_001476', 'Mmp12', 'Ptgs2', 'Csf2', 'C3', 'Zc3h12a', 'Dcn', 'Nfkbiz', 'Sod2', 'Nfkbia', 'Cxcl1', 'Hcar2', 'Csf3']",5.62e-05,0.0095,Positive regulation of cellular process,89,True,True
Process,GO:0051049,8,1906,10029,"['I79_001476', 'Ptgs2', 'C3', 'Zc3h12a', 'Ier3', 'Nfkbia', 'Cxcl1', 'Hcar2']","['I79_001476', 'Ptgs2', 'C3', 'Zc3h12a', 'Ier3', 'Nfkbia', 'Cxcl1', 'Hcar2']",5.65e-05,0.0095,Regulation of transport,89,True,True
Process,GO:0045597,6,928,10029,"['Ptgs2', 'Csf2', 'Zc3h12a', 'Nfkbiz', 'Sod2', 'Csf3']","['Ptgs2', 'Csf2', 'Zc3h12a', 'Nfkbiz', 'Sod2', 'Csf3']",6.15e-05,0.0101,Positive regulation of cell differentiation,89,True,True
Process,GO:0050793,9,2555,10029,"['Ptgs2', 'Csf2', 'C3', 'Zc3h12a', 'Dcn', 'Nfkbiz', 'Sod2', 'Nfkbia', 'Csf3']","['Ptgs2', 'Csf2', 'C3', 'Zc3h12a', 'Dcn', 'Nfkbiz', 'Sod2', 'Nfkbia', 'Csf3']",6.29e-05,0.0102,Regulation of developmental process,89,True,True
Process,GO:0002888,2,14,10029,"['C3', 'Cxcl1']","['C3', 'Cxcl1']",7.14e-05,0.0114,Positive regulation of myeloid leukocyte mediated immunity,89,True,True
Process,GO:0030334,6,961,10029,"['Mmp12', 'Mmp10', 'Ptgs2', 'Zc3h12a', 'Dcn', 'Sod2']","['Mmp12', 'Mmp10', 'Ptgs2', 'Zc3h12a', 'Dcn', 'Sod2']",7.46e-05,0.0118,Regulation of cell migration,89,True,True
Process,GO:0019221,4,292,10029,"['Cxcl3', 'Csf2', 'Nfkbia', 'Cxcl1']","['Cxcl3', 'Csf2', 'Nfkbia', 'Cxcl1']",7.72e-05,0.0121,Cytokine-mediated signaling pathway,89,True,True
Process,GO:0002831,4,313,10029,"['Mmp12', 'C3', 'Zc3h12a', 'Cxcl1']","['Mmp12', 'C3', 'Zc3h12a', 'Cxcl1']",0.0001,0.0153,Regulation of response to biotic stimulus,89,True,True
Process,GO:0051222,4,313,10029,"['I79_001476', 'Ptgs2', 'Zc3h12a', 'Hcar2']","['I79_001476', 'Ptgs2', 'Zc3h12a', 'Hcar2']",0.0001,0.0153,Positive regulation of protein transport,89,True,True
Process,GO:0060255,13,6089,10029,"['Mmp12', 'Ptgs2', 'Csf2', 'C3', 'Zc3h12a', 'Dcn', 'I79_011674', 'Ier3', 'Nfkbiz', 'Sod2', 'Rpe65', 'Nfkbia', 'Csf3']","['Mmp12', 'Ptgs2', 'Csf2', 'C3', 'Zc3h12a', 'Dcn', 'I79_011674', 'Ier3', 'Nfkbiz', 'Sod2', 'Rpe65', 'Nfkbia', 'Csf3']",0.00011,0.0153,Regulation of macromolecule metabolic process,89,True,True
Process,GO:1905954,3,113,10029,"['C3', 'Zc3h12a', 'Nfkbia']","['C3', 'Zc3h12a', 'Nfkbia']",0.0001,0.0153,Positive regulation of lipid localization,89,True,True
Process,GO:0002675,2,18,10029,"['Ptgs2', 'C3']","['Ptgs2', 'C3']",0.00011,0.0162,Positive regulation of acute inflammatory response,89,True,True
Process,GO:0002697,4,339,10029,"['C3', 'Zc3h12a', 'Nfkbiz', 'Cxcl1']","['C3', 'Zc3h12a', 'Nfkbiz', 'Cxcl1']",0.00014,0.019,Regulation of immune effector process,89,True,True
Process,GO:0010575,2,21,10029,"['Ptgs2', 'C3']","['Ptgs2', 'C3']",0.00015,0.02,Positive regulation of vascular endothelial growth factor production,89,True,True
Process,GO:0050794,17,11253,10029,"['Cxcl3', 'I79_001476', 'Mmp12', 'Mmp10', 'Ptgs2', 'Csf2', 'C3', 'Zc3h12a', 'Dcn', 'Ier3', 'Nfkbiz', 'Sod2', 'Rpe65', 'Nfkbia', 'Cxcl1', 'Hcar2', 'Csf3']","['Cxcl3', 'I79_001476', 'Mmp12', 'Mmp10', 'Ptgs2', 'Csf2', 'C3', 'Zc3h12a', 'Dcn', 'Ier3', 'Nfkbiz', 'Sod2', 'Rpe65', 'Nfkbia', 'Cxcl1', 'Hcar2', 'Csf3']",0.00015,0.02,Regulation of cellular process,89,True,True
Process,GO:0051240,7,1593,10029,"['Mmp12', 'Ptgs2', 'Csf2', 'C3', 'Zc3h12a', 'Nfkbiz', 'Hcar2']","['Mmp12', 'Ptgs2', 'Csf2', 'C3', 'Zc3h12a', 'Nfkbiz', 'Hcar2']",0.00015,0.02,Positive regulation of multicellular organismal process,89,True,True
Process,GO:0048519,12,5319,10029,"['Mmp12', 'Ptgs2', 'Csf2', 'C3', 'Zc3h12a', 'Dcn', 'I79_011674', 'Ier3', 'Sod2', 'Nfkbia', 'Hcar2', 'Csf3']","['Mmp12', 'Ptgs2', 'Csf2', 'C3', 'Zc3h12a', 'Dcn', 'I79_011674', 'Ier3', 'Sod2', 'Nfkbia', 'Hcar2', 'Csf3']",0.00015,0.0202,Negative regulation of biological process,89,True,True
Process,GO:0006958,2,22,10029,"['C1s', 'C3']","['C1s', 'C3']",0.00016,0.0213,"Complement activation, classical pathway",89,True,True
Process,GO:0010042,2,22,10029,"['Ptgs2', 'Sod2']","['Ptgs2', 'Sod2']",0.00016,0.0213,Response to manganese ion,89,True,True
Process,GO:0045595,7,1635,10029,"['Ptgs2', 'Csf2', 'Zc3h12a', 'Nfkbiz', 'Sod2', 'Nfkbia', 'Csf3']","['Ptgs2', 'Csf2', 'Zc3h12a', 'Nfkbiz', 'Sod2', 'Nfkbia', 'Csf3']",0.00017,0.022,Regulation of cell differentiation,89,True,True
Process,GO:1903706,4,361,10029,"['Zc3h12a', 'Nfkbiz', 'Nfkbia', 'Csf3']","['Zc3h12a', 'Nfkbiz', 'Nfkbia', 'Csf3']",0.00017,0.022,Regulation of hemopoiesis,89,True,True
Process,GO:0010884,2,23,10029,"['C3', 'Zc3h12a']","['C3', 'Zc3h12a']",0.00018,0.0222,Positive regulation of lipid storage,89,True,True
Process,GO:0060548,6,1125,10029,"['Ptgs2', 'Csf2', 'Zc3h12a', 'Ier3', 'Sod2', 'Csf3']","['Ptgs2', 'Csf2', 'Zc3h12a', 'Ier3', 'Sod2', 'Csf3']",0.00018,0.0222,Negative regulation of cell death,89,True,True
Process,GO:0002822,3,141,10029,"['C3', 'Zc3h12a', 'Nfkbiz']","['C3', 'Zc3h12a', 'Nfkbiz']",0.00019,0.0236,Regulation of adaptive immune response based on somatic recombination of immune receptors built from immunoglobulin superfamily domains,89,True,True
Process,GO:0003085,2,24,10029,"['Ier3', 'Sod2']","['Ier3', 'Sod2']",0.00019,0.0236,Negative regulation of systemic arterial blood pressure,89,True,True
Process,GO:0010743,2,24,10029,"['Csf2', 'Nfkbia']","['Csf2', 'Nfkbia']",0.00019,0.0236,Regulation of macrophage derived foam cell differentiation,89,True,True
Process,GO:0046822,3,142,10029,"['Ptgs2', 'Zc3h12a', 'Ier3']","['Ptgs2', 'Zc3h12a', 'Ier3']",0.0002,0.0236,Regulation of nucleocytoplasmic transport,89,True,True
Process,GO:0001817,5,717,10029,"['Mmp12', 'Ptgs2', 'Csf2', 'C3', 'Zc3h12a']","['Mmp12', 'Ptgs2', 'Csf2', 'C3', 'Zc3h12a']",0.0002,0.0238,Regulation of cytokine production,89,True,True
Process,GO:0042127,7,1686,10029,"['Mmp12', 'Ptgs2', 'Csf2', 'Sod2', 'Nfkbia', 'Cxcl1', 'Csf3']","['Mmp12', 'Ptgs2', 'Csf2', 'Sod2', 'Nfkbia', 'Cxcl1', 'Csf3']",0.00021,0.0241,Regulation of cell population proliferation,89,True,True
Process,GO:0045932,2,26,10029,"['Ptgs2', 'Zc3h12a']","['Ptgs2', 'Zc3h12a']",0.00022,0.0253,Negative regulation of muscle contraction,89,True,True
Process,GO:0051716,13,6532,10029,"['Cxcl3', 'Ptgs2', 'Csf2', 'C3', 'Zc3h12a', 'Ier3', 'Nfkbiz', 'Sod2', 'Rpe65', 'Nfkbia', 'Cxcl1', 'Hcar2', 'Csf3']","['Cxcl3', 'Ptgs2', 'Csf2', 'C3', 'Zc3h12a', 'Ier3', 'Nfkbiz', 'Sod2', 'Rpe65', 'Nfkbia', 'Cxcl1', 'Hcar2', 'Csf3']",0.00023,0.0256,Cellular response to stimulus,89,True,True
Process,GO:0006508,6,1197,10029,"['C1s', 'I79_001476', 'Mmp12', 'Mmp10', 'C3', 'Zc3h12a']","['C1s', 'I79_001476', 'Mmp12', 'Mmp10', 'C3', 'Zc3h12a']",0.00025,0.0269,Proteolysis,89,True,True
Process,GO:0045598,3,153,10029,"['Ptgs2', 'Zc3h12a', 'Sod2']","['Ptgs2', 'Zc3h12a', 'Sod2']",0.00024,0.0269,Regulation of fat cell differentiation,89,True,True
Process,GO:0010647,7,1738,10029,"['Mmp12', 'Ptgs2', 'C3', 'Zc3h12a', 'Dcn', 'Hcar2', 'Csf3']","['Mmp12', 'Ptgs2', 'C3', 'Zc3h12a', 'Dcn', 'Hcar2', 'Csf3']",0.00025,0.027,Positive regulation of cell communication,89,True,True
Process,GO:0010941,7,1740,10029,"['Ptgs2', 'Csf2', 'Zc3h12a', 'Ier3', 'Sod2', 'Hcar2', 'Csf3']","['Ptgs2', 'Csf2', 'Zc3h12a', 'Ier3', 'Sod2', 'Hcar2', 'Csf3']",0.00025,0.027,Regulation of cell death,89,True,True
Process,GO:0023056,7,1749,10029,"['Mmp12', 'Ptgs2', 'C3', 'Zc3h12a', 'Dcn', 'Hcar2', 'Csf3']","['Mmp12', 'Ptgs2', 'C3', 'Zc3h12a', 'Dcn', 'Hcar2', 'Csf3']",0.00026,0.0276,Positive regulation of signaling,89,True,True
Process,GO:0010468,11,4725,10029,"['Mmp12', 'Ptgs2', 'Csf2', 'C3', 'Zc3h12a', 'Dcn', 'Nfkbiz', 'Sod2', 'Rpe65', 'Nfkbia', 'Csf3']","['Mmp12', 'Ptgs2', 'Csf2', 'C3', 'Zc3h12a', 'Dcn', 'Nfkbiz', 'Sod2', 'Rpe65', 'Nfkbia', 'Csf3']",0.00028,0.0296,Regulation of gene expression,89,True,True
Process,GO:0010594,3,162,10029,"['Ptgs2', 'Zc3h12a', 'Dcn']","['Ptgs2', 'Zc3h12a', 'Dcn']",0.00029,0.03,Regulation of endothelial cell migration,89,True,True
Process,GO:0042325,6,1251,10029,"['Ptgs2', 'Csf2', 'C3', 'Zc3h12a', 'Ier3', 'Csf3']","['Ptgs2', 'Csf2', 'C3', 'Zc3h12a', 'Ier3', 'Csf3']",0.00031,0.0323,Regulation of phosphorylation,89,True,True
Process,GO:0080090,12,5780,10029,"['Mmp12', 'Ptgs2', 'Csf2', 'C3', 'Zc3h12a', 'Dcn', 'I79_011674', 'Ier3', 'Sod2', 'Nfkbia', 'Hcar2', 'Csf3']","['Mmp12', 'Ptgs2', 'Csf2', 'C3', 'Zc3h12a', 'Dcn', 'I79_011674', 'Ier3', 'Sod2', 'Nfkbia', 'Hcar2', 'Csf3']",0.00035,0.0356,Regulation of primary metabolic process,89,True,True
Process,GO:0001819,4,474,10029,"['Mmp12', 'Ptgs2', 'Csf2', 'C3']","['Mmp12', 'Ptgs2', 'Csf2', 'C3']",0.00048,0.0469,Positive regulation of cytokine production,89,True,True
Process,GO:0008217,3,193,10029,"['Ptgs2', 'Ier3', 'Sod2']","['Ptgs2', 'Ier3', 'Sod2']",0.00048,0.0469,Regulation of blood pressure,89,True,True
Process,GO:0034612,3,193,10029,"['Ptgs2', 'Zc3h12a', 'Nfkbia']","['Ptgs2', 'Zc3h12a', 'Nfkbia']",0.00048,0.0469,Response to tumor necrosis factor,89,True,True
Component,GO:0005576,11,1907,10029,"['Cxcl3', 'C1s', 'I79_001476', 'Mmp12', 'Mmp10', 'Csf2', 'C3', 'Dcn', 'I79_011674', 'Cxcl1', 'Csf3']","['Cxcl3', 'C1s', 'I79_001476', 'Mmp12', 'Mmp10', 'Csf2', 'C3', 'Dcn', 'I79_011674', 'Cxcl1', 'Csf3']",3.58e-08,6.13e-05,Extracellular region,89,True,True
Component,GO:0005615,9,1322,10029,"['Cxcl3', 'I79_001476', 'Mmp12', 'Csf2', 'C3', 'Dcn', 'I79_011674', 'Cxcl1', 'Csf3']","['Cxcl3', 'I79_001476', 'Mmp12', 'Csf2', 'C3', 'Dcn', 'I79_011674', 'Cxcl1', 'Csf3']",2.79e-07,0.00024,Extracellular space,89,True,True
Function,GO:0005125,4,159,10029,"['Cxcl3', 'Csf2', 'Cxcl1', 'Csf3']","['Cxcl3', 'Csf2', 'Cxcl1', 'Csf3']",7.47e-06,0.0246,Cytokine activity,89,True,True
Function,GO:0005126,4,210,10029,"['Cxcl3', 'Csf2', 'Cxcl1', 'Csf3']","['Cxcl3', 'Csf2', 'Cxcl1', 'Csf3']",2.18e-05,0.0354,Cytokine receptor binding,89,True,True
Function,GO:0005518,3,72,10029,"['I79_001476', 'Mmp12', 'Dcn']","['I79_001476', 'Mmp12', 'Dcn']",2.78e-05,0.0354,Collagen binding,89,True,True
Function,GO:0045236,2,7,10029,"['Cxcl3', 'Cxcl1']","['Cxcl3', 'Cxcl1']",2.15e-05,0.0354,CXCR chemokine receptor binding,89,True,True
TISSUES,BTO:0001044,4,42,10029,"['Csf2', 'C3', 'Nfkbiz', 'Cxcl1']","['Csf2', 'C3', 'Nfkbiz', 'Cxcl1']",4.56e-08,9.3e-05,Phagocyte,89,True,True
TISSUES,BTO:0001729,4,64,10029,"['I79_001476', 'Mmp10', 'Csf2', 'Dcn']","['I79_001476', 'Mmp10', 'Csf2', 'Dcn']",2.25e-07,0.00023,Forelimb,89,True,True
TISSUES,BTO:0000539,3,35,10029,"['Csf2', 'C3', 'Cxcl1']","['Csf2', 'C3', 'Cxcl1']",3.53e-06,0.0018,Granulocyte,89,True,True
TISSUES,BTO:0000721,3,43,10029,"['I79_001476', 'Mmp10', 'Csf2']","['I79_001476', 'Mmp10', 'Csf2']",6.33e-06,0.0026,Leg,89,True,True
TISSUES,BTO:0003742,2,4,10029,"['I79_001476', 'Mmp10']","['I79_001476', 'Mmp10']",8.97e-06,0.0029,Synoviocyte,89,True,True
TISSUES,BTO:0003595,2,5,10029,"['I79_001476', 'Mmp10']","['I79_001476', 'Mmp10']",1.26e-05,0.0032,Knee,89,True,True
TISSUES,BTO:0000751,4,206,10029,"['Csf2', 'C3', 'Nfkbiz', 'Cxcl1']","['Csf2', 'C3', 'Nfkbiz', 'Cxcl1']",2.03e-05,0.0046,Leukocyte,89,True,True
TISSUES,BTO:0000130,2,15,10029,"['C3', 'Cxcl1']","['C3', 'Cxcl1']",8.09e-05,0.015,Neutrophil,89,True,True
TISSUES,BTO:0000876,2,28,10029,"['Csf2', 'Nfkbiz']","['Csf2', 'Nfkbiz']",0.00026,0.035,Monocyte,89,True,True
Keyword,KW-1015,8,813,10029,"['Cxcl3', 'C1s', 'Mmp12', 'Mmp10', 'C3', 'Dcn', 'Cxcl1', 'Csf3']","['Cxcl3', 'C1s', 'Mmp12', 'Mmp10', 'C3', 'Dcn', 'Cxcl1', 'Csf3']",1.01e-07,3.48e-05,Disulfide bond,89,True,True
Keyword,KW-0732,10,1761,10029,"['Cxcl3', 'C1s', 'I79_001476', 'Mmp12', 'Mmp10', 'Ptgs2', 'Dcn', 'I79_011674', 'Cxcl1', 'Csf3']","['Cxcl3', 'C1s', 'I79_001476', 'Mmp12', 'Mmp10', 'Ptgs2', 'Dcn', 'I79_011674', 'Cxcl1', 'Csf3']",2.42e-07,4.15e-05,Signal,89,True,True
Keyword,KW-0482,3,33,10029,"['I79_001476', 'Mmp12', 'Mmp10']","['I79_001476', 'Mmp12', 'Mmp10']",2.99e-06,0.00034,Metalloprotease,89,True,True
Keyword,KW-0964,4,233,10029,"['Cxcl3', 'C3', 'Dcn', 'Cxcl1']","['Cxcl3', 'C3', 'Dcn', 'Cxcl1']",3.25e-05,0.0028,Secreted,89,True,True
Keyword,KW-0645,4,272,10029,"['C1s', 'I79_001476', 'Mmp12', 'Mmp10']","['C1s', 'I79_001476', 'Mmp12', 'Mmp10']",5.89e-05,0.004,Protease,89,True,True
Keyword,KW-0145,2,15,10029,"['Cxcl3', 'Cxcl1']","['Cxcl3', 'Cxcl1']",8.09e-05,0.0046,Chemotaxis,89,True,True
Keyword,KW-0677,5,757,10029,"['C1s', 'I79_001476', 'Mmp12', 'Mmp10', 'Dcn']","['C1s', 'I79_001476', 'Mmp12', 'Mmp10', 'Dcn']",0.00026,0.0128,Repeat,89,True,True
Keyword,KW-0378,5,900,10029,"['C1s', 'I79_001476', 'Mmp12', 'Mmp10', 'Rpe65']","['C1s', 'I79_001476', 'Mmp12', 'Mmp10', 'Rpe65']",0.00058,0.0247,Hydrolase,89,True,True
Keyword,KW-0202,2,57,10029,"['Cxcl3', 'Cxcl1']","['Cxcl3', 'Cxcl1']",0.001,0.038,Cytokine,89,True,True
KEGG,cge04657,6,57,10029,"['Cxcl3', 'Ptgs2', 'Csf2', 'Nfkbia', 'Cxcl1', 'Csf3']","['Cxcl3', 'Ptgs2', 'Csf2', 'Nfkbia', 'Cxcl1', 'Csf3']",6.95e-12,2.31e-09,IL-17 signaling pathway,89,True,True
KEGG,cge05167,6,157,10029,"['Cxcl3', 'Ptgs2', 'Csf2', 'C3', 'Nfkbia', 'Cxcl1']","['Cxcl3', 'Ptgs2', 'Csf2', 'C3', 'Nfkbia', 'Cxcl1']",2.32e-09,3.85e-07,Kaposi sarcoma-associated herpesvirus infection,89,True,True
KEGG,cge04668,5,81,10029,"['Cxcl3', 'Ptgs2', 'Csf2', 'Nfkbia', 'Cxcl1']","['Cxcl3', 'Ptgs2', 'Csf2', 'Nfkbia', 'Cxcl1']",6e-09,6.64e-07,TNF signaling pathway,89,True,True
KEGG,cge05134,4,45,10029,"['Cxcl3', 'C3', 'Nfkbia', 'Cxcl1']","['Cxcl3', 'C3', 'Nfkbia', 'Cxcl1']",5.91e-08,4.91e-06,Legionellosis,89,True,True
KEGG,cge04064,4,74,10029,"['Cxcl3', 'Ptgs2', 'Nfkbia', 'Cxcl1']","['Cxcl3', 'Ptgs2', 'Nfkbia', 'Cxcl1']",3.92e-07,2.61e-05,NF-kappa B signaling pathway,89,True,True
KEGG,cge05140,3,52,10029,"['Ptgs2', 'C3', 'Nfkbia']","['Ptgs2', 'C3', 'Nfkbia']",1.09e-05,0.0006,Leishmaniasis,89,True,True
KEGG,cge04060,4,184,10029,"['Cxcl3', 'Csf2', 'Cxcl1', 'Csf3']","['Cxcl3', 'Csf2', 'Cxcl1', 'Csf3']",1.31e-05,0.00062,Cytokine-cytokine receptor interaction,89,True,True
KEGG,cge05323,3,64,10029,"['Cxcl3', 'Csf2', 'Cxcl1']","['Cxcl3', 'Csf2', 'Cxcl1']",1.98e-05,0.00082,Rheumatoid arthritis,89,True,True
KEGG,cge05146,3,67,10029,"['Cxcl3', 'Csf2', 'Cxcl1']","['Cxcl3', 'Csf2', 'Cxcl1']",2.26e-05,0.00083,Amoebiasis,89,True,True
KEGG,cge04621,3,130,10029,"['Cxcl3', 'Nfkbia', 'Cxcl1']","['Cxcl3', 'Nfkbia', 'Cxcl1']",0.00015,0.0051,NOD-like receptor signaling pathway,89,True,True
KEGG,cge04062,3,138,10029,"['Cxcl3', 'Nfkbia', 'Cxcl1']","['Cxcl3', 'Nfkbia', 'Cxcl1']",0.00018,0.0055,Chemokine signaling pathway,89,True,True
KEGG,cge04610,2,34,10029,"['C1s', 'C3']","['C1s', 'C3']",0.00037,0.0103,Complement and coagulation cascades,89,True,True
KEGG,cge04640,2,42,10029,"['Csf2', 'Csf3']","['Csf2', 'Csf3']",0.00056,0.0142,Hematopoietic cell lineage,89,True,True
KEGG,cge05133,2,46,10029,"['C1s', 'C3']","['C1s', 'C3']",0.00066,0.0157,Pertussis,89,True,True
KEGG,cge05150,2,52,10029,"['C1s', 'C3']","['C1s', 'C3']",0.00084,0.0185,Staphylococcus aureus infection,89,True,True
KEGG,cge04061,2,57,10029,"['Cxcl3', 'Cxcl1']","['Cxcl3', 'Cxcl1']",0.001,0.0207,Viral protein interaction with cytokine and cytokine receptor,89,True,True
KEGG,cge04625,2,69,10029,"['Ptgs2', 'Nfkbia']","['Ptgs2', 'Nfkbia']",0.0014,0.0281,C-type lectin receptor signaling pathway,89,True,True
KEGG,cge04660,2,69,10029,"['Csf2', 'Nfkbia']","['Csf2', 'Nfkbia']",0.0014,0.0281,T cell receptor signaling pathway,89,True,True
KEGG,cge05142,2,77,10029,"['C3', 'Nfkbia']","['C3', 'Nfkbia']",0.0018,0.0281,Chagas disease,89,True,True
KEGG,cge05222,2,69,10029,"['Ptgs2', 'Nfkbia']","['Ptgs2', 'Nfkbia']",0.0014,0.0281,Small cell lung cancer,89,True,True
KEGG,cge05322,2,69,10029,"['C1s', 'C3']","['C1s', 'C3']",0.0014,0.0281,Systemic lupus erythematosus,89,True,True
SMART,SM00235,3,17,10029,"['I79_001476', 'Mmp12', 'Mmp10']","['I79_001476', 'Mmp12', 'Mmp10']",4.82e-07,0.00036,Zinc-dependent metalloprotease,89,True,True
SMART,SM00120,2,18,10029,"['Mmp12', 'Mmp10']","['Mmp12', 'Mmp10']",0.00011,0.042,Hemopexin-like repeats.,89,True,True
SMART,SM00199,2,20,10029,"['Cxcl3', 'Cxcl1']","['Cxcl3', 'Cxcl1']",0.00014,0.042,Intercrine alpha family (small cytokine C-X-C) (chemokine CXC).,89,True,True
InterPro,IPR002477,3,10,10029,"['I79_001476', 'Mmp12', 'Mmp10']","['I79_001476', 'Mmp12', 'Mmp10']",1.21e-07,0.00045,Peptidoglycan binding-like,89,True,True
InterPro,IPR021158,3,8,10029,"['I79_001476', 'Mmp12', 'Mmp10']","['I79_001476', 'Mmp12', 'Mmp10']",7.01e-08,0.00045,"Peptidase M10A, cysteine switch, zinc binding site",89,True,True
InterPro,IPR036365,3,11,10029,"['I79_001476', 'Mmp12', 'Mmp10']","['I79_001476', 'Mmp12', 'Mmp10']",1.54e-07,0.00045,PGBD-like superfamily,89,True,True
InterPro,IPR033739,3,15,10029,"['I79_001476', 'Mmp12', 'Mmp10']","['I79_001476', 'Mmp12', 'Mmp10']",3.45e-07,0.00056,"Peptidase M10A, catalytic domain",89,True,True
InterPro,IPR001818,3,17,10029,"['I79_001476', 'Mmp12', 'Mmp10']","['I79_001476', 'Mmp12', 'Mmp10']",4.82e-07,0.00063,"Peptidase M10, metallopeptidase",89,True,True
InterPro,IPR018487,3,19,10029,"['I79_001476', 'Mmp12', 'Mmp10']","['I79_001476', 'Mmp12', 'Mmp10']",6.5e-07,0.00063,Hemopexin-like repeats,89,True,True
InterPro,IPR021190,3,17,10029,"['I79_001476', 'Mmp12', 'Mmp10']","['I79_001476', 'Mmp12', 'Mmp10']",4.82e-07,0.00063,Peptidase M10A,89,True,True
InterPro,IPR036375,3,19,10029,"['I79_001476', 'Mmp12', 'Mmp10']","['I79_001476', 'Mmp12', 'Mmp10']",6.5e-07,0.00063,Hemopexin-like domain superfamily,89,True,True
InterPro,IPR006026,3,22,10029,"['I79_001476', 'Mmp12', 'Mmp10']","['I79_001476', 'Mmp12', 'Mmp10']",9.7e-07,0.0007,"Peptidase, metallopeptidase",89,True,True
InterPro,IPR001089,2,4,10029,"['Cxcl3', 'Cxcl1']","['Cxcl3', 'Cxcl1']",8.97e-06,0.0058,CXC chemokine,89,True,True
InterPro,IPR018048,2,4,10029,"['Cxcl3', 'Cxcl1']","['Cxcl3', 'Cxcl1']",8.97e-06,0.0058,"CXC chemokine, conserved site",89,True,True
InterPro,IPR033899,2,4,10029,"['Cxcl3', 'Cxcl1']","['Cxcl3', 'Cxcl1']",8.97e-06,0.0058,CXC Chemokine domain,89,True,True
InterPro,IPR024079,3,74,10029,"['I79_001476', 'Mmp12', 'Mmp10']","['I79_001476', 'Mmp12', 'Mmp10']",3e-05,0.015,"Metallopeptidase, catalytic domain superfamily",89,True,True
InterPro,IPR018486,2,13,10029,"['Mmp12', 'Mmp10']","['Mmp12', 'Mmp10']",6.25e-05,0.029,"Hemopexin, conserved site",89,True,True
InterPro,IPR000585,2,16,10029,"['Mmp12', 'Mmp10']","['Mmp12', 'Mmp10']",9.1e-05,0.0394,Hemopexin-like domain,89,True,True
Pfam,PF01471,3,9,10029,"['I79_001476', 'Mmp12', 'Mmp10']","['I79_001476', 'Mmp12', 'Mmp10']",9.34e-08,0.0002,Putative peptidoglycan binding domain,89,True,True
PMID,PMID:24130911,4,31,10029,"['Csf2', 'C3', 'Nfkbiz', 'Nfkbia']","['Csf2', 'C3', 'Nfkbiz', 'Nfkbia']",1.47e-08,0.0004,(2013) Responses of murine and human macrophages to leptospiral infection: a study using comparative array analysis.,89,True,False
PMID,PMID:35873564,4,81,10029,"['Csf2', 'Dcn', 'Cxcl1', 'Csf3']","['Csf2', 'Dcn', 'Cxcl1', 'Csf3']",5.55e-07,0.0027,(2022) Curcuminoids as Modulators of EMT in Invasive Cancers: A Review of Molecular Targets With the Contribution of Malignant Mesothelioma Studies.,89,True,False
PMID,PMID:35958551,3,12,10029,"['Csf2', 'Cxcl1', 'Csf3']","['Csf2', 'Cxcl1', 'Csf3']",1.93e-07,0.0027,(2022) Role of human metapneumovirus glycoprotein G in modulation of immune responses.,89,True,False
PMID,PMID:33217545,3,12,10029,"['Csf2', 'C3', 'Csf3']","['Csf2', 'C3', 'Csf3']",1.93e-07,0.0027,(2021) COVID-19: A review of therapeutic strategies and vaccine candidates.,89,True,False
PMID,PMID:32217766,3,13,10029,"['Csf2', 'Cxcl1', 'Csf3']","['Csf2', 'Cxcl1', 'Csf3']",2.37e-07,0.0027,(2020) A new oncolytic Vacciniavirus augments antitumor immune responses to prevent tumor recurrence and metastasis after surgery.,89,True,False
PMID,PMID:29752454,3,15,10029,"['Mmp12', 'Mmp10', 'Sod2']","['Mmp12', 'Mmp10', 'Sod2']",3.45e-07,0.0027,(2018) Assigning matrix metalloproteinase roles in ischaemic cardiac remodelling.,89,True,False
PMID,PMID:33180876,3,20,10029,"['Mmp12', 'Csf2', 'Csf3']","['Mmp12', 'Csf2', 'Csf3']",7.47e-07,0.0029,(2020) In-situ proliferation contributes to the accumulation of myeloid cells in the spleen during progressive experimental visceral leishmaniasis.,89,True,False
PMID,PMID:33352765,3,21,10029,"['Mmp12', 'Mmp10', 'Sod2']","['Mmp12', 'Mmp10', 'Sod2']",8.54e-07,0.0029,(2020) Unravelling the Network of Nuclear Matrix Metalloproteinases for Targeted Drug Design.,89,True,False
PMID,PMID:34707779,3,25,10029,"['Mmp10', 'Csf2', 'Sod2']","['Mmp10', 'Csf2', 'Sod2']",1.38e-06,0.0042,(2021) Mechanisms of Hydroxyurea-Induced Cellular Senescence: An Oxidative Stress Connection?,89,True,False
PMID,PMID:35328532,3,33,10029,"['Mmp12', 'Mmp10', 'Sod2']","['Mmp12', 'Mmp10', 'Sod2']",2.99e-06,0.0082,(2022) Ocular Surface Infection Mediated Molecular Stress Responses: A Review.,89,True,False
PMID,PMID:36839438,3,36,10029,"['Csf2', 'C3', 'Csf3']","['Csf2', 'C3', 'Csf3']",3.83e-06,0.009,(2023) Pathogenesis of Anemia in Canine Babesiosis: Possible Contribution of Pro-Inflammatory Cytokines and Chemokines-A Review.,89,True,False
PMID,PMID:16897737,2,2,10029,"['Mmp12', 'Mmp10']","['Mmp12', 'Mmp10']",3.59e-06,0.009,(2006) Mapping and partial characterization of proteases expressed by a CHO production cell line.,89,True,False
PMID,PMID:37719851,3,44,10029,"['Csf2', 'Cxcl1', 'Csf3']","['Csf2', 'Cxcl1', 'Csf3']",6.76e-06,0.0143,(2023) Targeting gut microbiota and immune crosstalk: potential mechanisms of natural products in the treatment of atherosclerosis.,89,True,False
PMID,PMID:35832795,3,47,10029,"['Mmp12', 'Csf2', 'C3']","['Mmp12', 'Csf2', 'C3']",8.16e-06,0.016,(2022) Divalent Metal Uptake and the Role of ZIP8 in Host Defense Against Pathogens.,89,True,False
PMID,PMID:38116143,2,4,10029,"['C3', 'Nfkbia']","['C3', 'Nfkbia']",8.97e-06,0.0165,(2023) Response of Psoriasis with Systemic Lupus Erythematosus to Secukinumab: A Case Report and Review of the Literature.,89,True,False
PMID,PMID:30569015,3,49,10029,"['C1s', 'Ier3', 'Csf3']","['C1s', 'Ier3', 'Csf3']",9.19e-06,0.0165,(2018) Abscopal Effect in Non-injected Tumors Achieved with Cytokine-Armed Oncolytic Adenovirus.,89,True,False
PMID,PMID:28387721,3,50,10029,"['Csf2', 'Sod2', 'Csf3']","['Csf2', 'Sod2', 'Csf3']",9.74e-06,0.0165,(2017) Dietary Sources and Bioactivities of Melatonin.,89,True,False
PMID,PMID:37376025,2,5,10029,"['C3', 'Sod2']","['C3', 'Sod2']",1.26e-05,0.0192,(2023) CrotaminesiRNA Nanocomplexes for Functional Downregulation of Syndecan-1 in Renal Proximal Tubular Epithelial Cells.,89,True,False
PMID,PMID:25437038,2,5,10029,"['Csf2', 'Cxcl1']","['Csf2', 'Cxcl1']",1.26e-05,0.0192,(2013) From in vitro to in vivo Models of Bacterial Biofilm-Related Infections.,89,True,False
PMID,PMID:20377877,3,55,10029,"['Mmp12', 'Ier3', 'Sod2']","['Mmp12', 'Ier3', 'Sod2']",1.28e-05,0.0192,(2010) Microarray studies on effects of Pneumocystis carinii infection on global gene expression in alveolar macrophages.,89,True,False
PMID,PMID:28281648,3,58,10029,"['Mmp12', 'Mmp10', 'Dcn']","['Mmp12', 'Mmp10', 'Dcn']",1.49e-05,0.0195,(2017) Proteomic Analysis of Host Cell Protein Dynamics in the Culture Supernatants of Antibody-Producing CHO Cells.,89,True,False
PMID,PMID:33673117,2,6,10029,"['Csf2', 'Sod2']","['Csf2', 'Sod2']",1.67e-05,0.0209,(2021) Inoculation of the Leishmania infantum HSP70-II Null Mutant Induces Long-Term Protection against L. amazonensis Infection in BALBc Mice.,89,True,False
PMID,PMID:32920233,2,6,10029,"['C1s', 'C3']","['C1s', 'C3']",1.67e-05,0.0209,(2020) Antibody-dependent enhancement of coronavirus.,89,True,False
PMID,PMID:28298912,2,6,10029,"['Mmp10', 'Csf3']","['Mmp10', 'Csf3']",1.67e-05,0.0209,(2017) Heterologous Matrix Metalloproteinase Gene Promoter Activity Allows In Vivo Real-time Imaging of Bleomycin-Induced Lung Fibrosis in Transiently Transgenized Mice.,89,True,False
PMID,PMID:22001844,2,7,10029,"['I79_001476', 'Mmp10']","['I79_001476', 'Mmp10']",2.15e-05,0.0237,(2012) Expression of soluble and functional full-length human matrix metalloproteinase-2 in Escherichia coli.,89,True,False
PMID,PMID:31959150,2,8,10029,"['Mmp12', 'Mmp10']","['Mmp12', 'Mmp10']",2.69e-05,0.0284,(2020) Identification of dissociation factors in pancreatic Cancer using a mass spectrometry-based proteomic approach.,89,True,False
PMID,PMID:19317892,2,8,10029,"['Csf2', 'Csf3']","['Csf2', 'Csf3']",2.69e-05,0.0284,(2009) Microbial factories for recombinant pharmaceuticals.,89,True,False
PMID,PMID:35997754,3,75,10029,"['Mmp12', 'C3', 'Cxcl1']","['Mmp12', 'C3', 'Cxcl1']",3.12e-05,0.0307,(2022) Late Breaking Orals.,89,True,False
PMID,PMID:37745581,3,77,10029,"['Csf2', 'Cxcl1', 'Csf3']","['Csf2', 'Cxcl1', 'Csf3']",3.37e-05,0.0311,"(2023) The white-footed deermouse, an infection-tolerant reservoir for several zoonotic agents, tempers interferon responses to endotoxin in comparison to the mouse and rat.",89,True,False
PMID,PMID:37794337,2,10,10029,"['Ptgs2', 'Csf2']","['Ptgs2', 'Csf2']",3.94e-05,0.0311,(2023) The endometrial transcriptome transition preceding receptivity to embryo implantation in mice.,89,True,False
PMID,PMID:34807447,2,9,10029,"['Sod2', 'Csf3']","['Sod2', 'Csf3']",3.28e-05,0.0311,(2022) Use of Genome Editing Techniques to Produce Transgenic Farm Animals.,89,True,False
PMID,PMID:36005818,2,10,10029,"['Csf2', 'Cxcl1']","['Csf2', 'Cxcl1']",3.94e-05,0.0311,(2022) Immunological and Pathological Peculiarity of Severe Acute Respiratory Syndrome Coronavirus 2 Beta Variant.,89,True,False
PMID,PMID:36421113,2,9,10029,"['Mmp12', 'Cxcl1']","['Mmp12', 'Cxcl1']",3.28e-05,0.0311,(2022) Cellular and Molecular Events of Wound Healing and the Potential of Silver Based Nanoformulations as Wound Healing Agents.,89,True,False
PMID,PMID:32790668,2,10,10029,"['Csf2', 'Csf3']","['Csf2', 'Csf3']",3.94e-05,0.0311,(2020) Crimean-Congo hemorrhagic fever virus strains Hoti and Afghanistan cause viremia and mild clinical disease in cynomolgus monkeys.,89,True,False
PMID,PMID:32803199,2,9,10029,"['Csf2', 'Cxcl1']","['Csf2', 'Cxcl1']",3.28e-05,0.0311,(2020) K18-hACE2 mice develop respiratory disease resembling severe COVID-19.,89,True,False
PMID,PMID:24659968,2,9,10029,"['Csf2', 'Csf3']","['Csf2', 'Csf3']",3.28e-05,0.0311,(2014) Protein comparability assessments and potential applicability of high throughput biophysical methods and data visualization tools to compare physical stability profiles.,89,True,False
PMID,PMID:22823596,2,9,10029,"['Csf2', 'Cxcl1']","['Csf2', 'Cxcl1']",3.28e-05,0.0311,(2012) The tick-derived inhibitor Ixolaris prevents tissue factor signaling on tumor cells.,89,True,False
PMID,PMID:37490914,2,11,10029,"['Cxcl1', 'Csf3']","['Cxcl1', 'Csf3']",4.65e-05,0.0337,(2023) An agonistic anti-signal regulatory protein alpha antibody for chronic inflammatory diseases.,89,True,False
PMID,PMID:37511788,2,11,10029,"['Mmp12', 'Mmp10']","['Mmp12', 'Mmp10']",4.65e-05,0.0337,(2023) The Role of Matrix Metalloproteinases in Hemorrhagic Transformation in the Treatment of Stroke with Tissue Plasminogen Activator.,89,True,False
PMID,PMID:37513817,2,11,10029,"['Csf2', 'Csf3']","['Csf2', 'Csf3']",4.65e-05,0.0337,(2023) From Infection to Death: An Overview of the Pathogenesis of Visceral Leishmaniasis.,89,True,False
PMID,PMID:28915333,2,11,10029,"['Csf2', 'Sod2']","['Csf2', 'Sod2']",4.65e-05,0.0337,(2017) Air Pollution and Other Environmental Modulators of Cardiac Function.,89,True,False
PMID,PMID:34307494,2,12,10029,"['Csf2', 'Sod2']","['Csf2', 'Sod2']",5.42e-05,0.0355,(2021) Focus on Autoimmune Myocarditis in Graves Disease: A Case-Based Review.,89,True,False
PMID,PMID:29558404,2,12,10029,"['Mmp12', 'Mmp10']","['Mmp12', 'Mmp10']",5.42e-05,0.0355,(2018) The Roles of Protein Tyrosine Phosphatases in Hepatocellular Carcinoma.,89,True,False
PMID,PMID:36142391,3,93,10029,"['Csf2', 'Sod2', 'Nfkbia']","['Csf2', 'Sod2', 'Nfkbia']",5.81e-05,0.0364,(2022) Molecular and Cellular Mechanisms of Propolis and Its Polyphenolic Compounds against Cancer.,89,True,False
PMID,PMID:34270579,2,13,10029,"['Mmp12', 'Mmp10']","['Mmp12', 'Mmp10']",6.25e-05,0.0382,(2021) Matrix metalloproteinase-9 (MMP-9) and tissue inhibitor of metalloproteinases 1 (TIMP-1) are localized in the nucleus of retinal Muller glial cells and modulated by cytokines and oxidative stress.,89,True,False
PMID,PMID:36838940,2,14,10029,"['Csf2', 'Csf3']","['Csf2', 'Csf3']",7.14e-05,0.0427,(2023) rhTPO Ameliorates Radiation-Induced Long-Term Hematopoietic Stem Cell Injury in Mice.,89,True,False
PMID,PMID:26562011,2,14,10029,"['C1s', 'Csf2']","['C1s', 'Csf2']",7.14e-05,0.0427,(2015) Interferon-gamma Inhibits Ebola Virus Infection.,89,True,False
PMID,PMID:34760882,2,15,10029,"['Csf2', 'Csf3']","['Csf2', 'Csf3']",8.09e-05,0.0464,(2021) Recent Advances of COVID-19 Modeling Based on Regenerative Medicine.,89,True,False
RCTM,MAP-1474228,4,157,10029,"['I79_001476', 'Mmp12', 'Mmp10', 'Dcn']","['I79_001476', 'Mmp12', 'Mmp10', 'Dcn']",7.11e-06,0.0122,Degradation of the extracellular matrix,89,True,True
RCTM,MAP-1442490,3,60,10029,"['I79_001476', 'Mmp12', 'Mmp10']","['I79_001476', 'Mmp12', 'Mmp10']",1.64e-05,0.014,Collagen degradation,89,True,True
RCTM,MAP-373076,4,293,10029,"['Cxcl3', 'C3', 'Cxcl1', 'Hcar2']","['Cxcl3', 'C3', 'Cxcl1', 'Hcar2']",7.83e-05,0.0446,Class A/1 (Rhodopsin-like receptors),89,True,True
NetworkNeighborAL,CL:25065,4,54,10029,"['I79_001476', 'Mmp12', 'Mmp10', 'Dcn']","['I79_001476', 'Mmp12', 'Mmp10', 'Dcn']",1.18e-07,0.0005,"Mixed, incl. Peptidase M10A, and Degradation of the extracellular matrix",89,True,True
NetworkNeighborAL,CL:25072,3,13,10029,"['I79_001476', 'Mmp12', 'Mmp10']","['I79_001476', 'Mmp12', 'Mmp10']",2.37e-07,0.0005,"PGBD-like superfamily, and Protease inhibitor I35 (TIMP)",89,True,True
NetworkNeighborAL,CL:18984,2,5,10029,"['Cxcl3', 'Cxcl1']","['Cxcl3', 'Cxcl1']",1.26e-05,0.0053,"CXC chemokine, and interleukin-8 binding",89,True,True
NetworkNeighborAL,CL:18732,4,195,10029,"['Cxcl3', 'Csf2', 'Cxcl1', 'Csf3']","['Cxcl3', 'Csf2', 'Cxcl1', 'Csf3']",1.64e-05,0.0063,"Cytokine-cytokine receptor interaction, and Interleukin-20 family signaling",89,True,True
NetworkNeighborAL,CL:24415,2,16,10029,"['C1s', 'C3']","['C1s', 'C3']",9.1e-05,0.0322,Complement activation,89,True,True
InterPro,IPR008653,2,3,10029,"['Ier2', 'Ier5l']","['Ier2', 'Ier5l']",4.76e-06,0.0309,Immediate early response,90,True,True
Pfam,PF05760,2,3,10029,"['Ier2', 'Ier5l']","['Ier2', 'Ier5l']",4.76e-06,0.0102,Immediate early response protein (IER),90,True,True
COMPARTMENTS,GOCC:1902793,2,2,10029,"['I79_001258', 'Gad2']","['I79_001258', 'Gad2']",1.16e-06,0.0023,Glutamate decarboxylase complex,91,True,True
COMPARTMENTS,GOCC:0005791,3,122,10029,"['Rps21', 'Rpl27', 'I79_023563']","['Rps21', 'Rpl27', 'I79_023563']",2.24e-05,0.0219,Rough endoplasmic reticulum,91,True,True
COMPARTMENTS,GOCC:0060077,2,25,10029,"['I79_001258', 'Gad2']","['I79_001258', 'Gad2']",6.73e-05,0.0439,Inhibitory synapse,91,True,True
Process,GO:0006538,2,4,10029,"['I79_001258', 'Gad2']","['I79_001258', 'Gad2']",2.89e-06,0.0366,Glutamate catabolic process,91,True,True
Process,GO:0009449,2,7,10029,"['I79_001258', 'Gad2']","['I79_001258', 'Gad2']",6.93e-06,0.0438,Gamma-aminobutyric acid biosynthetic process,91,True,True
Component,GO:1990904,6,1139,10029,"['LSM4', 'Rps21', 'Rpl27', 'Hnrnpc', 'Rpl29', 'I79_023563']","['LSM4', 'Rps21', 'Rpl27', 'Hnrnpc', 'Rpl29', 'I79_023563']",4.5e-06,0.0077,Ribonucleoprotein complex,91,True,True
Component,GO:0022626,4,425,10029,"['Rps21', 'Rpl27', 'Rpl29', 'I79_023563']","['Rps21', 'Rpl27', 'Rpl29', 'I79_023563']",3.06e-05,0.0262,Cytosolic ribosome,91,True,True
Component,GO:0044391,4,515,10029,"['Rps21', 'Rpl27', 'Rpl29', 'I79_023563']","['Rps21', 'Rpl27', 'Rpl29', 'I79_023563']",6.44e-05,0.0368,Ribosomal subunit,91,True,True
Component,GO:0060077,2,28,10029,"['I79_001258', 'Gad2']","['I79_001258', 'Gad2']",8.33e-05,0.0368,Inhibitory synapse,91,True,True
Function,GO:0004351,2,2,10029,"['I79_001258', 'Gad2']","['I79_001258', 'Gad2']",1.16e-06,0.0038,Glutamate decarboxylase activity,91,True,True
Function,GO:0016595,2,16,10029,"['I79_001258', 'Gad2']","['I79_001258', 'Gad2']",2.94e-05,0.0484,Glutamate binding,91,True,True
TISSUES,BTO:0003811,2,7,10029,"['I79_001258', 'Gad2']","['I79_001258', 'Gad2']",6.93e-06,0.0141,Interneuron,91,True,True
Keyword,KW-0687,6,619,10029,"['LSM4', 'Rps21', 'Rpl27', 'Hnrnpc', 'Rpl29', 'I79_023563']","['LSM4', 'Rps21', 'Rpl27', 'Hnrnpc', 'Rpl29', 'I79_023563']",1.29e-07,4.44e-05,Ribonucleoprotein,91,True,True
Keyword,KW-0689,4,524,10029,"['Rps21', 'Rpl27', 'Rpl29', 'I79_023563']","['Rps21', 'Rpl27', 'Rpl29', 'I79_023563']",6.89e-05,0.0118,Ribosomal protein,91,True,True
KEGG,cge03010,3,184,10029,"['Rps21', 'Rpl27', 'Rpl29']","['Rps21', 'Rpl27', 'Rpl29']",7.44e-05,0.0247,Ribosome,91,True,True
Pfam,PF00282,2,7,10029,"['I79_001258', 'Gad2']","['I79_001258', 'Gad2']",6.93e-06,0.0148,Pyridoxal-dependent decarboxylase conserved domain,91,True,True
RCTM,MAP-888568,2,2,10029,"['I79_001258', 'Gad2']","['I79_001258', 'Gad2']",1.16e-06,0.00099,GABA synthesis,91,True,True
RCTM,MAP-8953854,7,1376,10029,"['LSM4', 'I79_006289', 'Rps21', 'Rpl27', 'Hnrnpc', 'Rpl29', 'I79_023563']","['LSM4', 'I79_006289', 'Rps21', 'Rpl27', 'Hnrnpc', 'Rpl29', 'I79_023563']",5.77e-07,0.00099,Metabolism of RNA,91,True,True
RCTM,MAP-156827,4,503,10029,"['Rps21', 'Rpl27', 'Rpl29', 'I79_023563']","['Rps21', 'Rpl27', 'Rpl29', 'I79_023563']",5.88e-05,0.0252,L13a-mediated translational silencing of Ceruloplasmin expression,91,True,True
RCTM,MAP-1799339,4,476,10029,"['Rps21', 'Rpl27', 'Rpl29', 'I79_023563']","['Rps21', 'Rpl27', 'Rpl29', 'I79_023563']",4.75e-05,0.0252,SRP-dependent cotranslational protein targeting to membrane,91,True,True
RCTM,MAP-6791226,4,569,10029,"['Rps21', 'Rpl27', 'Rpl29', 'I79_023563']","['Rps21', 'Rpl27', 'Rpl29', 'I79_023563']",9.46e-05,0.0252,Major pathway of rRNA processing in the nucleolus and cytosol,91,True,True
RCTM,MAP-72312,4,587,10029,"['Rps21', 'Rpl27', 'Rpl29', 'I79_023563']","['Rps21', 'Rpl27', 'Rpl29', 'I79_023563']",0.00011,0.0252,rRNA processing,91,True,True
RCTM,MAP-72613,4,512,10029,"['Rps21', 'Rpl27', 'Rpl29', 'I79_023563']","['Rps21', 'Rpl27', 'Rpl29', 'I79_023563']",6.3e-05,0.0252,Eukaryotic Translation Initiation,91,True,True
RCTM,MAP-72689,4,473,10029,"['Rps21', 'Rpl27', 'Rpl29', 'I79_023563']","['Rps21', 'Rpl27', 'Rpl29', 'I79_023563']",4.64e-05,0.0252,Formation of a pool of free 40S subunits,91,True,True
RCTM,MAP-72706,4,491,10029,"['Rps21', 'Rpl27', 'Rpl29', 'I79_023563']","['Rps21', 'Rpl27', 'Rpl29', 'I79_023563']",5.36e-05,0.0252,GTP hydrolysis and joining of the 60S ribosomal subunit,91,True,True
RCTM,MAP-72737,4,512,10029,"['Rps21', 'Rpl27', 'Rpl29', 'I79_023563']","['Rps21', 'Rpl27', 'Rpl29', 'I79_023563']",6.3e-05,0.0252,Cap-dependent Translation Initiation,91,True,True
RCTM,MAP-72766,4,719,10029,"['Rps21', 'Rpl27', 'Rpl29', 'I79_023563']","['Rps21', 'Rpl27', 'Rpl29', 'I79_023563']",0.00023,0.0252,Translation,91,True,True
RCTM,MAP-8868773,4,574,10029,"['Rps21', 'Rpl27', 'Rpl29', 'I79_023563']","['Rps21', 'Rpl27', 'Rpl29', 'I79_023563']",9.78e-05,0.0252,rRNA processing in the nucleus and cytosol,91,True,True
RCTM,MAP-888590,2,20,10029,"['I79_001258', 'Gad2']","['I79_001258', 'Gad2']",4.43e-05,0.0252,"GABA synthesis, release, reuptake and degradation",91,True,True
RCTM,MAP-927802,4,509,10029,"['Rps21', 'Rpl27', 'Rpl29', 'I79_023563']","['Rps21', 'Rpl27', 'Rpl29', 'I79_023563']",6.16e-05,0.0252,Nonsense-Mediated Decay (NMD),91,True,True
RCTM,MAP-975956,4,478,10029,"['Rps21', 'Rpl27', 'Rpl29', 'I79_023563']","['Rps21', 'Rpl27', 'Rpl29', 'I79_023563']",4.83e-05,0.0252,Nonsense Mediated Decay (NMD) independent of the Exon Junction Complex (EJC),91,True,True
RCTM,MAP-975957,4,509,10029,"['Rps21', 'Rpl27', 'Rpl29', 'I79_023563']","['Rps21', 'Rpl27', 'Rpl29', 'I79_023563']",6.16e-05,0.0252,Nonsense Mediated Decay (NMD) enhanced by the Exon Junction Complex (EJC),91,True,True
RCTM,MAP-112310,2,55,10029,"['I79_001258', 'Gad2']","['I79_001258', 'Gad2']",0.0003,0.0305,Neurotransmitter release cycle,91,True,True
COMPARTMENTS,GOCC:0005576,7,1287,10029,"['Pros1', 'Ctsb', 'Sparc', 'Qsox1', 'Pltp', 'Spp1', 'Serpinf1']","['Pros1', 'Ctsb', 'Sparc', 'Qsox1', 'Pltp', 'Spp1', 'Serpinf1']",5.9e-06,0.0116,Extracellular region,92,True,True
COMPARTMENTS,GOCC:0005615,5,518,10029,"['Ctsb', 'Qsox1', 'Pltp', 'Spp1', 'Serpinf1']","['Ctsb', 'Qsox1', 'Pltp', 'Spp1', 'Serpinf1']",1.24e-05,0.0121,Extracellular space,92,True,True
Component,GO:0005576,13,1907,10029,"['Pros1', 'Ctsb', 'B2m', 'Sparc', 'Qsox1', 'Pltp', 'Aebp1', 'Sbsn', 'Itm2b', 'Rnaset2', 'I79_022264', 'Spp1', 'Serpinf1']","['Pros1', 'Ctsb', 'B2m', 'Sparc', 'Qsox1', 'Pltp', 'Aebp1', 'Sbsn', 'Itm2b', 'Rnaset2', 'I79_022264', 'Spp1', 'Serpinf1']",5.06e-13,8.67e-10,Extracellular region,92,True,True
Component,GO:0005615,10,1322,10029,"['Pros1', 'Ctsb', 'Sparc', 'Qsox1', 'Pltp', 'Itm2b', 'Rnaset2', 'I79_022264', 'Spp1', 'Serpinf1']","['Pros1', 'Ctsb', 'Sparc', 'Qsox1', 'Pltp', 'Itm2b', 'Rnaset2', 'I79_022264', 'Spp1', 'Serpinf1']",6.53e-10,5.59e-07,Extracellular space,92,True,True
Function,GO:0005518,3,72,10029,"['Ctsb', 'Sparc', 'Aebp1']","['Ctsb', 'Sparc', 'Aebp1']",1.32e-05,0.0434,Collagen binding,92,True,True
Function,GO:0044877,7,1625,10029,"['Pros1', 'Ctsb', 'Sparc', 'Pltp', 'Aebp1', 'Gpnmb', 'Spp1']","['Pros1', 'Ctsb', 'Sparc', 'Pltp', 'Aebp1', 'Gpnmb', 'Spp1']",2.71e-05,0.0446,Protein-containing complex binding,92,True,True
Keyword,KW-0732,7,1761,10029,"['Ctsb', 'Sparc', 'Pltp', 'Ctsa', 'Aebp1', 'Sbsn', 'Gpnmb']","['Ctsb', 'Sparc', 'Pltp', 'Ctsa', 'Aebp1', 'Sbsn', 'Gpnmb']",4.55e-05,0.0156,Signal,92,True,True
PMID,PMID:33613562,3,17,10029,"['Ctsb', 'B2m', 'I79_022264']","['Ctsb', 'B2m', 'I79_022264']",2.27e-07,0.0062,(2020) Immune Evasion Strategies of Schistosomes.,92,True,False
PMID,PMID:36850289,2,2,10029,"['B2m', 'Spp1']","['B2m', 'Spp1']",2.21e-06,0.0304,(2023) Bone Sialoprotein Immobilized in Collagen Type I Enhances Angiogenesis In Vitro and In Ovo.,92,True,False
COMPARTMENTS,GOCC:0005794,5,654,10029,"['B4galt5', 'LDLR', 'GNAI3', 'Furin', 'Gja1']","['B4galt5', 'LDLR', 'GNAI3', 'fur', 'Gja1']",8.24e-07,0.0016,Golgi apparatus,93,True,True
COMPARTMENTS,GOCC:0045121,3,213,10029,"['GNAI3', 'Furin', 'Gja1']","['GNAI3', 'fur', 'Gja1']",3.95e-05,0.0387,Membrane raft,93,True,True
Component,GO:0005794,5,1374,10029,"['B4galt5', 'LDLR', 'GNAI3', 'Furin', 'Gja1']","['B4galt5', 'LDLR', 'GNAI3', 'fur', 'Gja1']",3.08e-05,0.0345,Golgi apparatus,93,True,True
Component,GO:0012505,7,3866,10029,"['Ccnd1', 'B4galt5', 'ELOVL5', 'LDLR', 'GNAI3', 'Furin', 'Gja1']","['Ccnd1', 'B4galt5', 'ELOVL5', 'LDLR', 'GNAI3', 'fur', 'Gja1']",2.02e-05,0.0345,Endomembrane system,93,True,True
Component,GO:0031090,6,2843,10029,"['Ccnd1', 'B4galt5', 'ELOVL5', 'GNAI3', 'Furin', 'Gja1']","['Ccnd1', 'B4galt5', 'ELOVL5', 'GNAI3', 'fur', 'Gja1']",6.48e-05,0.037,Organelle membrane,93,True,True
KEGG,cge04934,3,115,10029,"['Ccnd1', 'LDLR', 'GNAI3']","['Ccnd1', 'LDLR', 'GNAI3']",6.47e-06,0.0021,Cushing syndrome,93,True,True
KEGG,cge04540,2,63,10029,"['GNAI3', 'Gja1']","['GNAI3', 'Gja1']",0.0002,0.0335,Gap junction,93,True,True
KEGG,cge04371,2,96,10029,"['Ccnd1', 'GNAI3']","['Ccnd1', 'GNAI3']",0.00046,0.0392,Apelin signaling pathway,93,True,True
KEGG,cge04921,2,98,10029,"['Ccnd1', 'GNAI3']","['Ccnd1', 'GNAI3']",0.00048,0.0392,Oxytocin signaling pathway,93,True,True
KEGG,cge05145,2,84,10029,"['LDLR', 'GNAI3']","['LDLR', 'GNAI3']",0.00035,0.0392,Toxoplasmosis,93,True,True
PMID,PMID:25073928,2,4,10029,"['LDLR', 'Furin']","['LDLR', 'fur']",1.47e-06,0.0405,(2014) Intact protein folding in the glutathione-depleted endoplasmic reticulum implicates alternative protein thiol reductants.,93,True,False
PMID,PMID:36851576,2,7,10029,"['LDLR', 'Furin']","['LDLR', 'fur']",3.53e-06,0.0486,"(2023) SKI-1S1P Facilitates SARS-CoV-2 Spike Induced Cell-to-Cell Fusion via Activation of SREBP-2 and Metalloproteases, Whereas PCSK9 Enhances the Degradation of ACE2.",93,True,False
COMPARTMENTS,GOCC:0005576,5,1287,10029,"['Thbs1', 'I79_014076', 'Areg', 'Postn', 'Spp1']","['Thbs1', 'I79_014076', 'Areg', 'Postn', 'Spp1']",2.64e-06,0.0052,Extracellular region,95,True,True
COMPARTMENTS,GOCC:0062023,3,211,10029,"['Thbs1', 'I79_014076', 'Postn']","['Thbs1', 'I79_014076', 'Postn']",1.39e-05,0.0136,Collagen-containing extracellular matrix,95,True,True
COMPARTMENTS,GOCC:0030312,3,274,10029,"['Thbs1', 'I79_014076', 'Postn']","['Thbs1', 'I79_014076', 'Postn']",3.01e-05,0.0197,External encapsulating structure,95,True,True
Process,GO:1901654,4,239,10029,"['Thbs1', 'Fibin', 'Postn', 'Spp1']","['Thbs1', 'Fibin', 'Postn', 'Spp1']",1.54e-07,0.002,Response to ketone,95,True,True
Component,GO:0005576,6,1907,10029,"['Thbs1', 'Fibin', 'I79_014076', 'Areg', 'Postn', 'Spp1']","['Thbs1', 'Fibin', 'I79_014076', 'Areg', 'Postn', 'Spp1']",2.62e-07,0.00045,Extracellular region,95,True,True
Component,GO:0062023,3,281,10029,"['Thbs1', 'I79_014076', 'Postn']","['Thbs1', 'I79_014076', 'Postn']",3.24e-05,0.0278,Collagen-containing extracellular matrix,95,True,True
Function,GO:0050839,4,335,10029,"['Thbs1', 'I79_014076', 'Postn', 'Spp1']","['Thbs1', 'I79_014076', 'Postn', 'Spp1']",5.85e-07,0.0019,Cell adhesion molecule binding,95,True,True
Function,GO:0005178,3,145,10029,"['Thbs1', 'I79_014076', 'Spp1']","['Thbs1', 'I79_014076', 'Spp1']",4.6e-06,0.0076,Integrin binding,95,True,True
TISSUES,BTO:0001593,2,15,10029,"['Thbs1', 'Spp1']","['Thbs1', 'Spp1']",7.14e-06,0.0146,Osteoblast,95,True,True
TISSUES,BTO:0001958,2,20,10029,"['Thbs1', 'Spp1']","['Thbs1', 'Spp1']",1.21e-05,0.0146,Embryonic fibroblast cell line,95,True,True
KEGG,cge04151,3,261,10029,"['Thbs1', 'Areg', 'Spp1']","['Thbs1', 'Areg', 'Spp1']",2.61e-05,0.0087,PI3K-Akt signaling pathway,95,True,True
KEGG,cge04512,2,57,10029,"['Thbs1', 'Spp1']","['Thbs1', 'Spp1']",8.94e-05,0.0148,ECM-receptor interaction,95,True,True
PMID,PMID:30149103,3,59,10029,"['Thbs1', 'Postn', 'Spp1']","['Thbs1', 'Postn', 'Spp1']",3.31e-07,0.0091,(2019) Extracellular matrix roles in cardiorenal fibrosis: Potential therapeutic targets for CVD and CKD in the elderly.,95,True,False
PMID,PMID:35458085,2,11,10029,"['Postn', 'Spp1']","['Postn', 'Spp1']",4.1e-06,0.0398,(2022) Static and Dynamic Biomaterial Engineering for Cell Modulation.,95,True,False
PMID,PMID:33362796,2,13,10029,"['Thbs1', 'Postn']","['Thbs1', 'Postn']",5.52e-06,0.0398,(2020) Schistosomiasis Pulmonary Arterial Hypertension.,95,True,False
PMID,PMID:30001404,2,9,10029,"['Thbs1', 'Spp1']","['Thbs1', 'Spp1']",2.89e-06,0.0398,(2018) Absence of IL-10 production by human PBMCs co-cultivated with human cells expressing or secreting retroviral immunosuppressive domains.,95,True,False
PMID,PMID:28413032,2,13,10029,"['Postn', 'Spp1']","['Postn', 'Spp1']",5.52e-06,0.0398,(2017) Matrix Metalloproteinases in Myocardial Infarction and Heart Failure.,95,True,False
PMID,PMID:25482829,2,19,10029,"['Thbs1', 'Postn']","['Thbs1', 'Postn']",1.1e-05,0.0398,(2015) Tenascin-C: Form versus function.,95,True,False
PMID,PMID:25748048,2,9,10029,"['Thbs1', 'Spp1']","['Thbs1', 'Spp1']",2.89e-06,0.0398,(2015) Association of p75(NTR) and alpha9beta1 integrin modulates NGF-dependent cellular responses.,95,True,False
PMID,PMID:25389530,2,10,10029,"['Thbs1', 'Spp1']","['Thbs1', 'Spp1']",3.47e-06,0.0398,(2014) Blocking alphaVbeta3 integrin ligand occupancy inhibits the progression of albuminuria in diabetic rats.,95,True,False
PMID,PMID:20689700,2,9,10029,"['Thbs1', 'Spp1']","['Thbs1', 'Spp1']",2.89e-06,0.0398,(2010) Glucose regulation of thrombospondin and its role in the modulation of smooth muscle cell proliferation.,95,True,False
PMID,PMID:34511114,2,22,10029,"['Thbs1', 'Areg']","['Thbs1', 'Areg']",1.45e-05,0.0399,(2021) Tumor-associated exosomes promote lung cancer metastasis through multiple mechanisms.,95,True,False
PMID,PMID:35563679,2,27,10029,"['Postn', 'Spp1']","['Postn', 'Spp1']",2.13e-05,0.0496,(2022) Molecular Research on Oral Diseases and Related Biomaterials: A Journey from Oral Cell Models to Advanced Regenerative Perspectives.,95,True,False
PMID,PMID:27185161,2,26,10029,"['Thbs1', 'Spp1']","['Thbs1', 'Spp1']",1.98e-05,0.0496,(2017) The role of integrins in glaucoma.,95,True,False
RCTM,MAP-9006934,4,612,10029,"['Thbs1', 'I79_014076', 'Areg', 'Spp1']","['Thbs1', 'I79_014076', 'Areg', 'Spp1']",6.31e-06,0.0108,Signaling by Receptor Tyrosine Kinases,95,True,True
RCTM,MAP-1474244,3,336,10029,"['Thbs1', 'I79_014076', 'Spp1']","['Thbs1', 'I79_014076', 'Spp1']",5.49e-05,0.0469,Extracellular matrix organization,95,True,True
Process,GO:0045595,9,1635,10029,"['Bhlhe40', 'Olfm2', 'Skil', 'I79_011940', 'Plxna4', 'Prxl2a', 'Smad7', 'Fn1', 'Tnfaip6']","['Bhlhe40', 'Olfm2', 'Skil', 'I79_011940', 'Plxna4', 'Prxl2a', 'Smad7', 'Fn1', 'Tnfaip6']",1.16e-07,0.0015,Regulation of cell differentiation,97,True,True
Process,GO:0051239,10,2847,10029,"['Mmp12', 'I79_002904', 'Bhlhe40', 'Skil', 'I79_011940', 'Plxna4', 'Prxl2a', 'Smad7', 'Fn1', 'Tnfaip6']","['Mmp12', 'I79_002904', 'Bhlhe40', 'Skil', 'I79_011940', 'Plxna4', 'Prxl2a', 'Smad7', 'Fn1', 'Tnfaip6']",1e-06,0.0063,Regulation of multicellular organismal process,97,True,True
Process,GO:0002682,7,1278,10029,"['Mmp12', 'I79_002904', 'I79_011940', 'Prxl2a', 'Smad7', 'Fn1', 'Tnfaip6']","['Mmp12', 'I79_002904', 'I79_011940', 'Prxl2a', 'Smad7', 'Fn1', 'Tnfaip6']",5.63e-06,0.0215,Regulation of immune system process,97,True,True
Process,GO:0030514,3,52,10029,"['Skil', 'Smad7', 'Tnfaip6']","['Skil', 'Smad7', 'Tnfaip6']",5.15e-06,0.0215,Negative regulation of BMP signaling pathway,97,True,True
Process,GO:0045597,6,928,10029,"['Olfm2', 'Skil', 'I79_011940', 'Plxna4', 'Smad7', 'Fn1']","['Olfm2', 'Skil', 'I79_011940', 'Plxna4', 'Smad7', 'Fn1']",1.3e-05,0.0274,Positive regulation of cell differentiation,97,True,True
Process,GO:2000026,7,1465,10029,"['Bhlhe40', 'Skil', 'Plxna4', 'Prxl2a', 'Smad7', 'Fn1', 'Tnfaip6']","['Bhlhe40', 'Skil', 'Plxna4', 'Prxl2a', 'Smad7', 'Fn1', 'Tnfaip6']",1.38e-05,0.0274,Regulation of multicellular organismal development,97,True,True
Process,GO:0060284,5,597,10029,"['Bhlhe40', 'Skil', 'Plxna4', 'Smad7', 'Fn1']","['Bhlhe40', 'Skil', 'Plxna4', 'Smad7', 'Fn1']",2.43e-05,0.0385,Regulation of cell development,97,True,True
Process,GO:0002682,13,1278,10029,"['I79_001046', 'Cd9', 'Lmo2', 'Tmem176a', 'Tmem176b', 'Thbs1', 'I79_011789', 'Gpnmb', 'Sirpa', 'I79_017397', 'Ereg', 'Tnfaip6', 'I79_022665']","['I79_001046', 'Cd9', 'Lmo2', 'Tmem176a', 'Tmem176b', 'Thbs1', 'I79_011789', 'Gpnmb', 'Sirpa', 'I79_017397', 'Ereg', 'Tnfaip6', 'I79_022665']",2.49e-07,0.0011,Regulation of immune system process,98,True,True
Process,GO:0043408,10,688,10029,"['Lgals9', 'I79_001046', 'Lbh', 'I79_004757', 'Thbs1', 'Acta2', 'Gpnmb', 'Sirpa', 'I79_017397', 'Fgfr2']","['Lgals9', 'I79_001046', 'Lbh', 'I79_004757', 'Thbs1', 'Acta2', 'Gpnmb', 'Sirpa', 'I79_017397', 'Fgfr2']",3.37e-07,0.0011,Regulation of MAPK cascade,98,True,True
Process,GO:0045595,15,1635,10029,"['I79_001046', 'Lbh', 'Lmo2', 'Tmem176a', 'Tmem176b', 'I79_011789', 'Ptprq', 'I79_017397', 'Neu2', 'I79_020442', 'Ereg', 'Areg', 'Tnfaip6', 'Fgfr2', 'Serpinf1']","['I79_001046', 'Lbh', 'Lmo2', 'Tmem176a', 'Tmem176b', 'I79_011789', 'I79_016386', 'I79_017397', 'Neu2', 'I79_020442', 'Ereg', 'Areg', 'Tnfaip6', 'Fgfr2', 'Serpinf1']",8.57e-08,0.0011,Regulation of cell differentiation,98,True,True
Process,GO:0050673,6,166,10029,"['I79_001046', 'I79_011789', 'Ereg', 'Areg', 'Fgfr2', 'Serpinf1']","['I79_001046', 'I79_011789', 'Ereg', 'Areg', 'Fgfr2', 'Serpinf1']",6.2e-07,0.0011,Epithelial cell proliferation,98,True,True
Process,GO:0051093,12,953,10029,"['I79_001046', 'Lbh', 'Lmo2', 'Tmem176a', 'Tmem176b', 'Thbs1', 'Dcn', 'I79_011789', 'Ereg', 'Areg', 'Tnfaip6', 'Serpinf1']","['I79_001046', 'Lbh', 'Lmo2', 'Tmem176a', 'Tmem176b', 'Thbs1', 'Dcn', 'I79_011789', 'Ereg', 'Areg', 'Tnfaip6', 'Serpinf1']",8.39e-08,0.0011,Negative regulation of developmental process,98,True,True
Process,GO:0051239,19,2847,10029,"['I79_001046', 'Cd9', 'Lbh', 'Lmo2', 'I79_004757', 'Tmem176a', 'Tmem176b', 'Thbs1', 'Dcn', 'I79_011789', 'Gpnmb', 'Sirpa', 'I79_017397', 'I79_020442', 'Ereg', 'Tnfaip6', 'Dtx4', 'Fgfr2', 'Serpinf1']","['I79_001046', 'Cd9', 'Lbh', 'Lmo2', 'I79_004757', 'Tmem176a', 'Tmem176b', 'Thbs1', 'Dcn', 'I79_011789', 'Gpnmb', 'Sirpa', 'I79_017397', 'I79_020442', 'Ereg', 'Tnfaip6', 'Dtx4', 'Fgfr2', 'Serpinf1']",1.34e-07,0.0011,Regulation of multicellular organismal process,98,True,True
Process,GO:0051241,12,989,10029,"['I79_001046', 'Cd9', 'I79_004757', 'Tmem176a', 'Tmem176b', 'Thbs1', 'Dcn', 'I79_011789', 'Gpnmb', 'Sirpa', 'Tnfaip6', 'Serpinf1']","['I79_001046', 'Cd9', 'I79_004757', 'Tmem176a', 'Tmem176b', 'Thbs1', 'Dcn', 'I79_011789', 'Gpnmb', 'Sirpa', 'Tnfaip6', 'Serpinf1']",1.25e-07,0.0011,Negative regulation of multicellular organismal process,98,True,True
Process,GO:0050793,17,2555,10029,"['I79_001046', 'Lbh', 'Lmo2', 'Tmem176a', 'Tmem176b', 'Thbs1', 'Dcn', 'I79_011789', 'Ptprq', 'I79_017397', 'Neu2', 'I79_020442', 'Ereg', 'Areg', 'Tnfaip6', 'Fgfr2', 'Serpinf1']","['I79_001046', 'Lbh', 'Lmo2', 'Tmem176a', 'Tmem176b', 'Thbs1', 'Dcn', 'I79_011789', 'I79_016386', 'I79_017397', 'Neu2', 'I79_020442', 'Ereg', 'Areg', 'Tnfaip6', 'Fgfr2', 'Serpinf1']",8.79e-07,0.0014,Regulation of developmental process,98,True,True
Process,GO:0050865,9,599,10029,"['Cd9', 'I79_004757', 'Thbs1', 'I79_011789', 'Acta2', 'Gpnmb', 'Sirpa', 'I79_017397', 'I79_022665']","['Cd9', 'I79_004757', 'Thbs1', 'I79_011789', 'Acta2', 'Gpnmb', 'Sirpa', 'I79_017397', 'I79_022665']",1.09e-06,0.0015,Regulation of cell activation,98,True,True
Process,GO:1902106,5,103,10029,"['I79_001046', 'Tmem176a', 'Tmem176b', 'I79_011789', 'Tnfaip6']","['I79_001046', 'Tmem176a', 'Tmem176b', 'I79_011789', 'Tnfaip6']",1.44e-06,0.0018,Negative regulation of leukocyte differentiation,98,True,True
Process,GO:0030154,19,3418,10029,"['I79_001046', 'Cd9', 'Lbh', 'Tmem176b', 'Gap43', 'I79_011789', 'Acta2', 'Gpnmb', 'Ptprq', 'Sirpa', 'I79_017397', 'Unc5c', 'I79_019429', 'I79_020442', 'Ereg', 'Areg', 'Tnfaip6', 'I79_023469', 'Fgfr2']","['I79_001046', 'Cd9', 'Lbh', 'Tmem176b', 'Gap43', 'I79_011789', 'Acta2', 'Gpnmb', 'I79_016386', 'Sirpa', 'I79_017397', 'Unc5c', 'I79_019429', 'I79_020442', 'Ereg', 'Areg', 'Tnfaip6', 'I79_023469', 'Fgfr2']",2.3e-06,0.0023,Cell differentiation,98,True,True
Process,GO:0048661,5,113,10029,"['I79_001046', 'Thbs1', 'I79_011789', 'Ereg', 'Fgfr2']","['I79_001046', 'Thbs1', 'I79_011789', 'Ereg', 'Fgfr2']",2.22e-06,0.0023,Positive regulation of smooth muscle cell proliferation,98,True,True
Process,GO:0061041,5,114,10029,"['Cd9', 'I79_004757', 'Thbs1', 'Acta2', 'I79_020442']","['Cd9', 'I79_004757', 'Thbs1', 'Acta2', 'I79_020442']",2.32e-06,0.0023,Regulation of wound healing,98,True,True
Process,GO:0048589,8,507,10029,"['Cd9', 'Thbs1', 'Gap43', 'I79_017397', 'Ereg', 'Areg', 'Tnfaip6', 'Fgfr2']","['Cd9', 'Thbs1', 'Gap43', 'I79_017397', 'Ereg', 'Areg', 'Tnfaip6', 'Fgfr2']",3.27e-06,0.0026,Developmental growth,98,True,True
Process,GO:0002683,7,370,10029,"['I79_001046', 'Tmem176a', 'Tmem176b', 'Thbs1', 'I79_011789', 'Gpnmb', 'Tnfaip6']","['I79_001046', 'Tmem176a', 'Tmem176b', 'Thbs1', 'I79_011789', 'Gpnmb', 'Tnfaip6']",4.52e-06,0.0029,Negative regulation of immune system process,98,True,True
Process,GO:0030193,4,57,10029,"['Cd9', 'I79_004757', 'Thbs1', 'I79_020442']","['Cd9', 'I79_004757', 'Thbs1', 'I79_020442']",4.39e-06,0.0029,Regulation of blood coagulation,98,True,True
Process,GO:1903706,7,361,10029,"['I79_001046', 'Lmo2', 'Tmem176a', 'Tmem176b', 'I79_011789', 'I79_017397', 'Tnfaip6']","['I79_001046', 'Lmo2', 'Tmem176a', 'Tmem176b', 'I79_011789', 'I79_017397', 'Tnfaip6']",3.86e-06,0.0029,Regulation of hemopoiesis,98,True,True
Process,GO:0009966,17,2903,10029,"['Lgals9', 'I79_001046', 'Lbh', 'I79_004757', 'Thbs1', 'Dcn', 'Acta2', 'Tmem170b', 'Gpnmb', 'Sirpa', 'I79_017397', 'I79_020442', 'Ereg', 'Areg', 'Tnfaip6', 'I79_022665', 'Fgfr2']","['Lgals9', 'I79_001046', 'Lbh', 'I79_004757', 'Thbs1', 'Dcn', 'Acta2', 'Tmem170b', 'Gpnmb', 'Sirpa', 'I79_017397', 'I79_020442', 'Ereg', 'Areg', 'Tnfaip6', 'I79_022665', 'Fgfr2']",5.15e-06,0.003,Regulation of signal transduction,98,True,True
Process,GO:0042127,13,1686,10029,"['Lgals9', 'I79_001046', 'Cd9', 'Lbh', 'Thbs1', 'I79_011789', 'Gpnmb', 'I79_017397', 'I79_020442', 'Ereg', 'Areg', 'Fgfr2', 'Serpinf1']","['Lgals9', 'I79_001046', 'Cd9', 'Lbh', 'Thbs1', 'I79_011789', 'Gpnmb', 'I79_017397', 'I79_020442', 'Ereg', 'Areg', 'Fgfr2', 'Serpinf1']",5.45e-06,0.003,Regulation of cell population proliferation,98,True,True
Process,GO:0045596,9,723,10029,"['I79_001046', 'Lbh', 'Lmo2', 'Tmem176a', 'Tmem176b', 'I79_011789', 'Ereg', 'Areg', 'Tnfaip6']","['I79_001046', 'Lbh', 'Lmo2', 'Tmem176a', 'Tmem176b', 'I79_011789', 'Ereg', 'Areg', 'Tnfaip6']",4.98e-06,0.003,Negative regulation of cell differentiation,98,True,True
Process,GO:0048523,22,4752,10029,"['I79_001046', 'Cd9', 'Lbh', 'Lmo2', 'I79_004757', 'Tmem176a', 'Tmem176b', 'Thbs1', 'Dcn', 'I79_011789', 'Tmem170b', 'Gpnmb', 'Ptprq', 'Sirpa', 'I79_017397', 'I79_019130', 'Ereg', 'Areg', 'Tnfaip6', 'I79_022665', 'Fgfr2', 'Serpinf1']","['I79_001046', 'Cd9', 'Lbh', 'Lmo2', 'I79_004757', 'Tmem176a', 'Tmem176b', 'Thbs1', 'Dcn', 'I79_011789', 'Tmem170b', 'Gpnmb', 'I79_016386', 'Sirpa', 'I79_017397', 'I79_019130', 'Ereg', 'Areg', 'Tnfaip6', 'I79_022665', 'Fgfr2', 'Serpinf1']",4.95e-06,0.003,Negative regulation of cellular process,98,True,True
Process,GO:0030334,10,961,10029,"['I79_001046', 'Cd9', 'Thbs1', 'Dcn', 'Acta2', 'Gpnmb', 'Unc5c', 'I79_020442', 'Tnfaip6', 'Serpinf1']","['I79_001046', 'Cd9', 'Thbs1', 'Dcn', 'Acta2', 'Gpnmb', 'Unc5c', 'I79_020442', 'Tnfaip6', 'Serpinf1']",6.57e-06,0.0031,Regulation of cell migration,98,True,True
Process,GO:2000026,12,1465,10029,"['I79_001046', 'Lmo2', 'Tmem176a', 'Tmem176b', 'Thbs1', 'Dcn', 'I79_011789', 'I79_017397', 'I79_020442', 'Tnfaip6', 'Fgfr2', 'Serpinf1']","['I79_001046', 'Lmo2', 'Tmem176a', 'Tmem176b', 'Thbs1', 'Dcn', 'I79_011789', 'I79_017397', 'I79_020442', 'Tnfaip6', 'Fgfr2', 'Serpinf1']",7.51e-06,0.0034,Regulation of multicellular organismal development,98,True,True
Process,GO:0030155,9,775,10029,"['I79_001046', 'Cd9', 'I79_004757', 'Thbs1', 'I79_012243', 'Gpnmb', 'Sirpa', 'I79_017397', 'I79_020442']","['I79_001046', 'Cd9', 'I79_004757', 'Thbs1', 'I79_012243', 'Gpnmb', 'Sirpa', 'I79_017397', 'I79_020442']",8.65e-06,0.0036,Regulation of cell adhesion,98,True,True
Process,GO:0048519,23,5319,10029,"['I79_001046', 'Cd9', 'Lbh', 'Lmo2', 'I79_004757', 'Tmem176a', 'Tmem176b', 'Thbs1', 'Mt1', 'Dcn', 'I79_011789', 'Tmem170b', 'Gpnmb', 'Ptprq', 'Sirpa', 'I79_017397', 'I79_019130', 'Ereg', 'Areg', 'Tnfaip6', 'I79_022665', 'Fgfr2', 'Serpinf1']","['I79_001046', 'Cd9', 'Lbh', 'Lmo2', 'I79_004757', 'Tmem176a', 'Tmem176b', 'Thbs1', 'Mt1', 'Dcn', 'I79_011789', 'Tmem170b', 'Gpnmb', 'I79_016386', 'Sirpa', 'I79_017397', 'I79_019130', 'Ereg', 'Areg', 'Tnfaip6', 'I79_022665', 'Fgfr2', 'Serpinf1']",8.32e-06,0.0036,Negative regulation of biological process,98,True,True
Process,GO:0042063,6,269,10029,"['I79_001046', 'Cd9', 'Gap43', 'I79_011789', 'I79_019429', 'Areg']","['I79_001046', 'Cd9', 'Gap43', 'I79_011789', 'I79_019429', 'Areg']",9.33e-06,0.0037,Gliogenesis,98,True,True
Process,GO:0042325,11,1251,10029,"['Lgals9', 'I79_001046', 'Thbs1', 'Gpnmb', 'Ptprq', 'Sirpa', 'I79_017397', 'I79_019429', 'Ereg', 'Areg', 'Fgfr2']","['Lgals9', 'I79_001046', 'Thbs1', 'Gpnmb', 'I79_016386', 'Sirpa', 'I79_017397', 'I79_019429', 'Ereg', 'Areg', 'Fgfr2']",1.02e-05,0.0039,Regulation of phosphorylation,98,True,True
Process,GO:0009967,12,1543,10029,"['Lgals9', 'I79_001046', 'I79_004757', 'Thbs1', 'Dcn', 'Acta2', 'Gpnmb', 'I79_017397', 'I79_020442', 'Ereg', 'Areg', 'Fgfr2']","['Lgals9', 'I79_001046', 'I79_004757', 'Thbs1', 'Dcn', 'Acta2', 'Gpnmb', 'I79_017397', 'I79_020442', 'Ereg', 'Areg', 'Fgfr2']",1.27e-05,0.0045,Positive regulation of signal transduction,98,True,True
Process,GO:0048468,13,1825,10029,"['I79_001046', 'Gap43', 'I79_011789', 'Acta2', 'Ptprq', 'I79_017397', 'Unc5c', 'I79_019429', 'I79_020442', 'Ereg', 'Areg', 'Tnfaip6', 'Fgfr2']","['I79_001046', 'Gap43', 'I79_011789', 'Acta2', 'I79_016386', 'I79_017397', 'Unc5c', 'I79_019429', 'I79_020442', 'Ereg', 'Areg', 'Tnfaip6', 'Fgfr2']",1.28e-05,0.0045,Cell development,98,True,True
Process,GO:0048583,19,3843,10029,"['Lgals9', 'I79_001046', 'Cd9', 'Lbh', 'I79_004757', 'Thbs1', 'Dcn', 'Acta2', 'Tmem170b', 'Gpnmb', 'Sirpa', 'I79_017397', 'I79_020442', 'Ereg', 'Areg', 'Tnfaip6', 'I79_022665', 'Fgfr2', 'Serpinf1']","['Lgals9', 'I79_001046', 'Cd9', 'Lbh', 'I79_004757', 'Thbs1', 'Dcn', 'Acta2', 'Tmem170b', 'Gpnmb', 'Sirpa', 'I79_017397', 'I79_020442', 'Ereg', 'Areg', 'Tnfaip6', 'I79_022665', 'Fgfr2', 'Serpinf1']",1.33e-05,0.0045,Regulation of response to stimulus,98,True,True
Process,GO:0061180,4,75,10029,"['Lbh', 'I79_011789', 'Areg', 'Fgfr2']","['Lbh', 'I79_011789', 'Areg', 'Fgfr2']",1.23e-05,0.0045,Mammary gland epithelium development,98,True,True
Process,GO:1902105,6,287,10029,"['I79_001046', 'Tmem176a', 'Tmem176b', 'I79_011789', 'I79_017397', 'Tnfaip6']","['I79_001046', 'Tmem176a', 'Tmem176b', 'I79_011789', 'I79_017397', 'Tnfaip6']",1.34e-05,0.0045,Regulation of leukocyte differentiation,98,True,True
Process,GO:0048585,12,1572,10029,"['I79_001046', 'Cd9', 'Lbh', 'I79_004757', 'Thbs1', 'Dcn', 'Tmem170b', 'Sirpa', 'I79_017397', 'Tnfaip6', 'I79_022665', 'Serpinf1']","['I79_001046', 'Cd9', 'Lbh', 'I79_004757', 'Thbs1', 'Dcn', 'Tmem170b', 'Sirpa', 'I79_017397', 'Tnfaip6', 'I79_022665', 'Serpinf1']",1.53e-05,0.0048,Negative regulation of response to stimulus,98,True,True
Process,GO:0016525,4,87,10029,"['I79_001046', 'Thbs1', 'Dcn', 'Serpinf1']","['I79_001046', 'Thbs1', 'Dcn', 'Serpinf1']",2.16e-05,0.0064,Negative regulation of angiogenesis,98,True,True
Process,GO:0001932,10,1109,10029,"['Lgals9', 'I79_001046', 'Thbs1', 'Gpnmb', 'Ptprq', 'Sirpa', 'I79_017397', 'I79_019429', 'Ereg', 'Areg']","['Lgals9', 'I79_001046', 'Thbs1', 'Gpnmb', 'I79_016386', 'Sirpa', 'I79_017397', 'I79_019429', 'Ereg', 'Areg']",2.26e-05,0.0065,Regulation of protein phosphorylation,98,True,True
Process,GO:0043410,7,490,10029,"['Lgals9', 'I79_004757', 'Thbs1', 'Acta2', 'Gpnmb', 'I79_017397', 'Fgfr2']","['Lgals9', 'I79_004757', 'Thbs1', 'Acta2', 'Gpnmb', 'I79_017397', 'Fgfr2']",2.7e-05,0.0073,Positive regulation of MAPK cascade,98,True,True
Process,GO:0061031,2,3,10029,"['I79_011789', 'Fgfr2']","['I79_011789', 'Fgfr2']",3.15e-05,0.0083,Endodermal digestive tract morphogenesis,98,True,True
Process,GO:1902531,12,1691,10029,"['Lgals9', 'I79_001046', 'Lbh', 'I79_004757', 'Thbs1', 'Dcn', 'Acta2', 'Gpnmb', 'Sirpa', 'I79_017397', 'I79_020442', 'Fgfr2']","['Lgals9', 'I79_001046', 'Lbh', 'I79_004757', 'Thbs1', 'Dcn', 'Acta2', 'Gpnmb', 'Sirpa', 'I79_017397', 'I79_020442', 'Fgfr2']",3.14e-05,0.0083,Regulation of intracellular signal transduction,98,True,True
Process,GO:2001199,2,3,10029,"['Tmem176a', 'Tmem176b']","['Tmem176a', 'Tmem176b']",3.15e-05,0.0083,Negative regulation of dendritic cell differentiation,98,True,True
Process,GO:0048513,17,3378,10029,"['I79_001046', 'Lbh', 'Lmo2', 'Thbs1', 'I79_011789', 'Acta2', 'Gpnmb', 'Ptprq', 'Sirpa', 'Unc5c', 'I79_019429', 'Ereg', 'Areg', 'Tnfaip6', 'I79_023469', 'Fgfr2', 'Serpinf1']","['I79_001046', 'Lbh', 'Lmo2', 'Thbs1', 'I79_011789', 'Acta2', 'Gpnmb', 'I79_016386', 'Sirpa', 'Unc5c', 'I79_019429', 'Ereg', 'Areg', 'Tnfaip6', 'I79_023469', 'Fgfr2', 'Serpinf1']",3.88e-05,0.0089,Animal organ development,98,True,True
Process,GO:0001550,2,4,10029,"['Ereg', 'Tnfaip6']","['Ereg', 'Tnfaip6']",4.71e-05,0.01,Ovarian cumulus expansion,98,True,True
Process,GO:0009653,14,2377,10029,"['I79_001046', 'Cd9', 'Thbs1', 'Gap43', 'I79_011789', 'Acta2', 'Ptprq', 'I79_017397', 'Unc5c', 'I79_019429', 'I79_020442', 'Ereg', 'Areg', 'Fgfr2']","['I79_001046', 'Cd9', 'Thbs1', 'Gap43', 'I79_011789', 'Acta2', 'I79_016386', 'I79_017397', 'Unc5c', 'I79_019429', 'I79_020442', 'Ereg', 'Areg', 'Fgfr2']",4.56e-05,0.01,Anatomical structure morphogenesis,98,True,True
Process,GO:0043549,8,735,10029,"['Lgals9', 'I79_001046', 'Thbs1', 'Ptprq', 'I79_017397', 'Ereg', 'Areg', 'Fgfr2']","['Lgals9', 'I79_001046', 'Thbs1', 'I79_016386', 'I79_017397', 'Ereg', 'Areg', 'Fgfr2']",4.62e-05,0.01,Regulation of kinase activity,98,True,True
Process,GO:0008284,9,1000,10029,"['I79_001046', 'Lbh', 'Thbs1', 'I79_011789', 'I79_017397', 'I79_020442', 'Ereg', 'Areg', 'Fgfr2']","['I79_001046', 'Lbh', 'Thbs1', 'I79_011789', 'I79_017397', 'I79_020442', 'Ereg', 'Areg', 'Fgfr2']",6.31e-05,0.0129,Positive regulation of cell population proliferation,98,True,True
Process,GO:0038134,2,5,10029,"['Ereg', 'Areg']","['Ereg', 'Areg']",6.59e-05,0.0132,ERBB2-EGFR signaling pathway,98,True,True
Process,GO:0009888,12,1835,10029,"['I79_001046', 'Lbh', 'Thbs1', 'I79_011789', 'Acta2', 'Gpnmb', 'Ptprq', 'Unc5c', 'I79_020442', 'Areg', 'I79_023469', 'Fgfr2']","['I79_001046', 'Lbh', 'Thbs1', 'I79_011789', 'Acta2', 'Gpnmb', 'I79_016386', 'Unc5c', 'I79_020442', 'Areg', 'I79_023469', 'Fgfr2']",6.95e-05,0.0137,Tissue development,98,True,True
Process,GO:0010810,5,237,10029,"['I79_001046', 'Thbs1', 'I79_012243', 'I79_017397', 'I79_020442']","['I79_001046', 'Thbs1', 'I79_012243', 'I79_017397', 'I79_020442']",7.16e-05,0.0137,Regulation of cell-substrate adhesion,98,True,True
Process,GO:0048731,18,3916,10029,"['I79_001046', 'Cd9', 'Lmo2', 'Thbs1', 'Gap43', 'I79_011789', 'Acta2', 'Ptprq', 'Sirpa', 'I79_017397', 'Unc5c', 'I79_019429', 'I79_020442', 'Ereg', 'Areg', 'Tnfaip6', 'Fgfr2', 'Serpinf1']","['I79_001046', 'Cd9', 'Lmo2', 'Thbs1', 'Gap43', 'I79_011789', 'Acta2', 'I79_016386', 'Sirpa', 'I79_017397', 'Unc5c', 'I79_019429', 'I79_020442', 'Ereg', 'Areg', 'Tnfaip6', 'Fgfr2', 'Serpinf1']",6.95e-05,0.0137,System development,98,True,True
Process,GO:0007173,3,43,10029,"['Ereg', 'Areg', 'I79_025588']","['Ereg', 'Areg', 'I79_025588']",7.79e-05,0.0138,Epidermal growth factor receptor signaling pathway,98,True,True
Process,GO:0010596,3,43,10029,"['Thbs1', 'Dcn', 'Serpinf1']","['Thbs1', 'Dcn', 'Serpinf1']",7.79e-05,0.0138,Negative regulation of endothelial cell migration,98,True,True
Process,GO:0032502,22,5590,10029,"['I79_001046', 'Cd9', 'Lbh', 'Lmo2', 'Tmem176b', 'Thbs1', 'Gap43', 'I79_011789', 'Acta2', 'Gpnmb', 'Ptprq', 'Sirpa', 'I79_017397', 'Unc5c', 'I79_019429', 'I79_020442', 'Ereg', 'Areg', 'Tnfaip6', 'I79_023469', 'Fgfr2', 'Serpinf1']","['I79_001046', 'Cd9', 'Lbh', 'Lmo2', 'Tmem176b', 'Thbs1', 'Gap43', 'I79_011789', 'Acta2', 'Gpnmb', 'I79_016386', 'Sirpa', 'I79_017397', 'Unc5c', 'I79_019429', 'I79_020442', 'Ereg', 'Areg', 'Tnfaip6', 'I79_023469', 'Fgfr2', 'Serpinf1']",7.29e-05,0.0138,Developmental process,98,True,True
Process,GO:0048856,21,5157,10029,"['I79_001046', 'Cd9', 'Lbh', 'Lmo2', 'Thbs1', 'Gap43', 'I79_011789', 'Acta2', 'Gpnmb', 'Ptprq', 'Sirpa', 'I79_017397', 'Unc5c', 'I79_019429', 'I79_020442', 'Ereg', 'Areg', 'Tnfaip6', 'I79_023469', 'Fgfr2', 'Serpinf1']","['I79_001046', 'Cd9', 'Lbh', 'Lmo2', 'Thbs1', 'Gap43', 'I79_011789', 'Acta2', 'Gpnmb', 'I79_016386', 'Sirpa', 'I79_017397', 'Unc5c', 'I79_019429', 'I79_020442', 'Ereg', 'Areg', 'Tnfaip6', 'I79_023469', 'Fgfr2', 'Serpinf1']",7.31e-05,0.0138,Anatomical structure development,98,True,True
Process,GO:0050789,34,11860,10029,"['Lgals9', 'Wsb1', 'I79_001046', 'Cd9', 'Lbh', 'Lmo2', 'I79_004757', 'Tmem176a', 'Tmem176b', 'Thbs1', 'Mt1', 'Dcn', 'Gap43', 'I79_011789', 'I79_012243', 'Acta2', 'Tmem170b', 'Gpnmb', 'Ptprq', 'Sirpa', 'I79_017397', 'Unc5c', 'I79_019130', 'I79_019429', 'Neu2', 'I79_020442', 'Ereg', 'Areg', 'Tnfaip6', 'I79_022665', 'Dtx4', 'Fgfr2', 'Serpinf1', 'I79_025588']","['Lgals9', 'Wsb1', 'I79_001046', 'Cd9', 'Lbh', 'Lmo2', 'I79_004757', 'Tmem176a', 'Tmem176b', 'Thbs1', 'Mt1', 'Dcn', 'Gap43', 'I79_011789', 'I79_012243', 'Acta2', 'Tmem170b', 'Gpnmb', 'I79_016386', 'Sirpa', 'I79_017397', 'Unc5c', 'I79_019130', 'I79_019429', 'Neu2', 'I79_020442', 'Ereg', 'Areg', 'Tnfaip6', 'I79_022665', 'Dtx4', 'Fgfr2', 'Serpinf1', 'I79_025588']",7.31e-05,0.0138,Regulation of biological process,98,True,True
Process,GO:0050794,33,11253,10029,"['Lgals9', 'Wsb1', 'I79_001046', 'Cd9', 'Lbh', 'Lmo2', 'I79_004757', 'Tmem176a', 'Tmem176b', 'Thbs1', 'Dcn', 'Gap43', 'I79_011789', 'I79_012243', 'Acta2', 'Tmem170b', 'Gpnmb', 'Ptprq', 'Sirpa', 'I79_017397', 'Unc5c', 'I79_019130', 'I79_019429', 'Neu2', 'I79_020442', 'Ereg', 'Areg', 'Tnfaip6', 'I79_022665', 'Dtx4', 'Fgfr2', 'Serpinf1', 'I79_025588']","['Lgals9', 'Wsb1', 'I79_001046', 'Cd9', 'Lbh', 'Lmo2', 'I79_004757', 'Tmem176a', 'Tmem176b', 'Thbs1', 'Dcn', 'Gap43', 'I79_011789', 'I79_012243', 'Acta2', 'Tmem170b', 'Gpnmb', 'I79_016386', 'Sirpa', 'I79_017397', 'Unc5c', 'I79_019130', 'I79_019429', 'Neu2', 'I79_020442', 'Ereg', 'Areg', 'Tnfaip6', 'I79_022665', 'Dtx4', 'Fgfr2', 'Serpinf1', 'I79_025588']",7.36e-05,0.0138,Regulation of cellular process,98,True,True
Process,GO:1902533,9,1019,10029,"['Lgals9', 'I79_004757', 'Thbs1', 'Dcn', 'Acta2', 'Gpnmb', 'I79_017397', 'I79_020442', 'Fgfr2']","['Lgals9', 'I79_004757', 'Thbs1', 'Dcn', 'Acta2', 'Gpnmb', 'I79_017397', 'I79_020442', 'Fgfr2']",7.29e-05,0.0138,Positive regulation of intracellular signal transduction,98,True,True
Process,GO:0045668,3,48,10029,"['I79_011789', 'Areg', 'Tnfaip6']","['I79_011789', 'Areg', 'Tnfaip6']",0.00011,0.0179,Negative regulation of osteoblast differentiation,98,True,True
Process,GO:0001952,4,136,10029,"['I79_001046', 'Thbs1', 'I79_017397', 'I79_020442']","['I79_001046', 'Thbs1', 'I79_017397', 'I79_020442']",0.00012,0.0189,Regulation of cell-matrix adhesion,98,True,True
Process,GO:0048522,22,5758,10029,"['Lgals9', 'I79_001046', 'Lbh', 'Lmo2', 'I79_004757', 'Thbs1', 'Dcn', 'I79_011789', 'I79_012243', 'Acta2', 'Gpnmb', 'Sirpa', 'I79_017397', 'Unc5c', 'I79_019429', 'Neu2', 'I79_020442', 'Ereg', 'Areg', 'Tnfaip6', 'Fgfr2', 'Serpinf1']","['Lgals9', 'I79_001046', 'Lbh', 'Lmo2', 'I79_004757', 'Thbs1', 'Dcn', 'I79_011789', 'I79_012243', 'Acta2', 'Gpnmb', 'Sirpa', 'I79_017397', 'Unc5c', 'I79_019429', 'Neu2', 'I79_020442', 'Ereg', 'Areg', 'Tnfaip6', 'Fgfr2', 'Serpinf1']",0.00012,0.0189,Positive regulation of cellular process,98,True,True
Process,GO:0030855,7,626,10029,"['Lbh', 'I79_011789', 'Acta2', 'Ptprq', 'I79_020442', 'I79_023469', 'Fgfr2']","['Lbh', 'I79_011789', 'Acta2', 'I79_016386', 'I79_020442', 'I79_023469', 'Fgfr2']",0.00012,0.0196,Epithelial cell differentiation,98,True,True
Process,GO:0045859,7,626,10029,"['Lgals9', 'I79_001046', 'Thbs1', 'Ptprq', 'I79_017397', 'Ereg', 'Areg']","['Lgals9', 'I79_001046', 'Thbs1', 'I79_016386', 'I79_017397', 'Ereg', 'Areg']",0.00012,0.0196,Regulation of protein kinase activity,98,True,True
Process,GO:0045765,5,271,10029,"['I79_001046', 'Thbs1', 'Dcn', 'I79_020442', 'Serpinf1']","['I79_001046', 'Thbs1', 'Dcn', 'I79_020442', 'Serpinf1']",0.00013,0.0205,Regulation of angiogenesis,98,True,True
Process,GO:0030336,5,281,10029,"['I79_001046', 'Thbs1', 'Dcn', 'Tnfaip6', 'Serpinf1']","['I79_001046', 'Thbs1', 'Dcn', 'Tnfaip6', 'Serpinf1']",0.00016,0.023,Negative regulation of cell migration,98,True,True
Process,GO:0022008,10,1408,10029,"['I79_001046', 'Cd9', 'Gap43', 'I79_011789', 'Ptprq', 'I79_017397', 'Unc5c', 'I79_019429', 'Areg', 'Fgfr2']","['I79_001046', 'Cd9', 'Gap43', 'I79_011789', 'I79_016386', 'I79_017397', 'Unc5c', 'I79_019429', 'Areg', 'Fgfr2']",0.00016,0.024,Neurogenesis,98,True,True
Process,GO:0001525,5,298,10029,"['I79_001046', 'Thbs1', 'I79_020442', 'Ereg', 'Fgfr2']","['I79_001046', 'Thbs1', 'I79_020442', 'Ereg', 'Fgfr2']",0.0002,0.0285,Angiogenesis,98,True,True
Process,GO:0003149,2,10,10029,"['I79_011789', 'Fgfr2']","['I79_011789', 'Fgfr2']",0.00021,0.0285,Membranous septum morphogenesis,98,True,True
Process,GO:0007162,5,301,10029,"['I79_001046', 'Cd9', 'I79_004757', 'Thbs1', 'Gpnmb']","['I79_001046', 'Cd9', 'I79_004757', 'Thbs1', 'Gpnmb']",0.00021,0.0292,Negative regulation of cell adhesion,98,True,True
Process,GO:0060429,9,1180,10029,"['I79_001046', 'Lbh', 'I79_011789', 'Acta2', 'Ptprq', 'I79_020442', 'Areg', 'I79_023469', 'Fgfr2']","['I79_001046', 'Lbh', 'I79_011789', 'Acta2', 'I79_016386', 'I79_020442', 'Areg', 'I79_023469', 'Fgfr2']",0.00022,0.0293,Epithelium development,98,True,True
Process,GO:0070372,5,302,10029,"['Acta2', 'Gpnmb', 'Sirpa', 'I79_017397', 'Fgfr2']","['Acta2', 'Gpnmb', 'Sirpa', 'I79_017397', 'Fgfr2']",0.00022,0.0293,Regulation of ERK1 and ERK2 cascade,98,True,True
Process,GO:0008285,7,693,10029,"['I79_001046', 'Cd9', 'Thbs1', 'Gpnmb', 'Ereg', 'Fgfr2', 'Serpinf1']","['I79_001046', 'Cd9', 'Thbs1', 'Gpnmb', 'Ereg', 'Fgfr2', 'Serpinf1']",0.00023,0.0295,Negative regulation of cell population proliferation,98,True,True
Process,GO:0010594,4,162,10029,"['I79_001046', 'Thbs1', 'Dcn', 'Serpinf1']","['I79_001046', 'Thbs1', 'Dcn', 'Serpinf1']",0.00022,0.0295,Regulation of endothelial cell migration,98,True,True
Process,GO:0050680,4,162,10029,"['I79_001046', 'Thbs1', 'Fgfr2', 'Serpinf1']","['I79_001046', 'Thbs1', 'Fgfr2', 'Serpinf1']",0.00022,0.0295,Negative regulation of epithelial cell proliferation,98,True,True
Process,GO:0051147,4,163,10029,"['I79_011789', 'Neu2', 'Ereg', 'Fgfr2']","['I79_011789', 'Neu2', 'Ereg', 'Fgfr2']",0.00023,0.0295,Regulation of muscle cell differentiation,98,True,True
Process,GO:0048666,8,932,10029,"['Gap43', 'I79_011789', 'Ptprq', 'I79_017397', 'Unc5c', 'I79_019429', 'Areg', 'Fgfr2']","['Gap43', 'I79_011789', 'I79_016386', 'I79_017397', 'Unc5c', 'I79_019429', 'Areg', 'Fgfr2']",0.00024,0.0298,Neuron development,98,True,True
Process,GO:0045741,2,11,10029,"['Ereg', 'Areg']","['Ereg', 'Areg']",0.00024,0.0305,Positive regulation of epidermal growth factor-activated receptor activity,98,True,True
Process,GO:0008283,7,708,10029,"['I79_001046', 'I79_011789', 'Ereg', 'Areg', 'Fgfr2', 'Serpinf1', 'I79_025588']","['I79_001046', 'I79_011789', 'Ereg', 'Areg', 'Fgfr2', 'Serpinf1', 'I79_025588']",0.00026,0.0324,Cell population proliferation,98,True,True
Process,GO:0048732,6,496,10029,"['I79_001046', 'Lbh', 'I79_011789', 'Areg', 'Fgfr2', 'Serpinf1']","['I79_001046', 'Lbh', 'I79_011789', 'Areg', 'Fgfr2', 'Serpinf1']",0.00026,0.0324,Gland development,98,True,True
Process,GO:0048667,6,499,10029,"['Gap43', 'I79_011789', 'Ptprq', 'Unc5c', 'I79_019429', 'Fgfr2']","['Gap43', 'I79_011789', 'I79_016386', 'Unc5c', 'I79_019429', 'Fgfr2']",0.00027,0.0329,Cell morphogenesis involved in neuron differentiation,98,True,True
Process,GO:0048699,9,1217,10029,"['I79_001046', 'Gap43', 'I79_011789', 'Ptprq', 'I79_017397', 'Unc5c', 'I79_019429', 'Areg', 'Fgfr2']","['I79_001046', 'Gap43', 'I79_011789', 'I79_016386', 'I79_017397', 'Unc5c', 'I79_019429', 'Areg', 'Fgfr2']",0.00028,0.0332,Generation of neurons,98,True,True
Process,GO:0001817,7,717,10029,"['Thbs1', 'Gpnmb', 'Sirpa', 'I79_017397', 'I79_020442', 'Ereg', 'Dtx4']","['Thbs1', 'Gpnmb', 'Sirpa', 'I79_017397', 'I79_020442', 'Ereg', 'Dtx4']",0.00028,0.0333,Regulation of cytokine production,98,True,True
Process,GO:0009968,9,1222,10029,"['I79_001046', 'Lbh', 'Thbs1', 'Dcn', 'Tmem170b', 'Sirpa', 'I79_017397', 'Tnfaip6', 'I79_022665']","['I79_001046', 'Lbh', 'Thbs1', 'Dcn', 'Tmem170b', 'Sirpa', 'I79_017397', 'Tnfaip6', 'I79_022665']",0.00028,0.0333,Negative regulation of signal transduction,98,True,True
Process,GO:0010628,9,1226,10029,"['I79_004757', 'Thbs1', 'I79_011789', 'Acta2', 'I79_017397', 'I79_019429', 'I79_020442', 'Ereg', 'Fgfr2']","['I79_004757', 'Thbs1', 'I79_011789', 'Acta2', 'I79_017397', 'I79_019429', 'I79_020442', 'Ereg', 'Fgfr2']",0.00029,0.0333,Positive regulation of gene expression,98,True,True
Process,GO:0090331,2,12,10029,"['Cd9', 'I79_004757']","['Cd9', 'I79_004757']",0.00028,0.0333,Negative regulation of platelet aggregation,98,True,True
Process,GO:0050896,26,8055,10029,"['Pfkp', 'Lgals9', 'Wsb1', 'I79_001046', 'Cd9', 'Lmo2', 'Col6a2', 'Thbs1', 'Mt1', 'Gap43', 'I79_011789', 'Acta2', 'Gpnmb', 'Ptprq', 'Sirpa', 'I79_017397', 'Unc5c', 'I79_019429', 'I79_020442', 'Ereg', 'Areg', 'I79_022665', 'Dtx4', 'Fgfr2', 'Serpinf1', 'I79_025588']","['Pfkp', 'Lgals9', 'Wsb1', 'I79_001046', 'Cd9', 'Lmo2', 'Col6a2', 'Thbs1', 'Mt1', 'Gap43', 'I79_011789', 'Acta2', 'Gpnmb', 'I79_016386', 'Sirpa', 'I79_017397', 'Unc5c', 'I79_019429', 'I79_020442', 'Ereg', 'Areg', 'I79_022665', 'Dtx4', 'Fgfr2', 'Serpinf1', 'I79_025588']",0.0003,0.0344,Response to stimulus,98,True,True
Process,GO:1903510,3,70,10029,"['Dcn', 'I79_020442', 'Tnfaip6']","['Dcn', 'I79_020442', 'Tnfaip6']",0.00031,0.0345,Mucopolysaccharide metabolic process,98,True,True
Process,GO:0001568,6,515,10029,"['I79_001046', 'Thbs1', 'Acta2', 'I79_020442', 'Ereg', 'Fgfr2']","['I79_001046', 'Thbs1', 'Acta2', 'I79_020442', 'Ereg', 'Fgfr2']",0.00032,0.0354,Blood vessel development,98,True,True
Process,GO:0042698,3,71,10029,"['Ereg', 'Tnfaip6', 'Serpinf1']","['Ereg', 'Tnfaip6', 'Serpinf1']",0.00032,0.0354,Ovulation cycle,98,True,True
Process,GO:0035239,7,736,10029,"['I79_001046', 'Thbs1', 'I79_011789', 'I79_020442', 'Ereg', 'Areg', 'Fgfr2']","['I79_001046', 'Thbs1', 'I79_011789', 'I79_020442', 'Ereg', 'Areg', 'Fgfr2']",0.00033,0.0356,Tube morphogenesis,98,True,True
Process,GO:0048715,2,13,10029,"['I79_001046', 'I79_011789']","['I79_001046', 'I79_011789']",0.00033,0.0356,Negative regulation of oligodendrocyte differentiation,98,True,True
Process,GO:0080134,9,1261,10029,"['Cd9', 'I79_004757', 'Thbs1', 'Acta2', 'Sirpa', 'I79_020442', 'Ereg', 'Tnfaip6', 'Serpinf1']","['Cd9', 'I79_004757', 'Thbs1', 'Acta2', 'Sirpa', 'I79_020442', 'Ereg', 'Tnfaip6', 'Serpinf1']",0.00036,0.0374,Regulation of response to stress,98,True,True
Process,GO:0051781,3,75,10029,"['Lbh', 'Ereg', 'Fgfr2']","['Lbh', 'Ereg', 'Fgfr2']",0.00037,0.0387,Positive regulation of cell division,98,True,True
Process,GO:0060644,2,14,10029,"['Lbh', 'I79_011789']","['Lbh', 'I79_011789']",0.00037,0.0387,Mammary gland epithelial cell differentiation,98,True,True
Process,GO:0032102,5,343,10029,"['Cd9', 'I79_004757', 'Thbs1', 'Tnfaip6', 'Serpinf1']","['Cd9', 'I79_004757', 'Thbs1', 'Tnfaip6', 'Serpinf1']",0.00039,0.0395,Negative regulation of response to external stimulus,98,True,True
Process,GO:0050866,4,189,10029,"['Cd9', 'I79_004757', 'I79_011789', 'Gpnmb']","['Cd9', 'I79_004757', 'I79_011789', 'Gpnmb']",0.0004,0.0401,Negative regulation of cell activation,98,True,True
Process,GO:0048709,3,80,10029,"['I79_001046', 'I79_011789', 'I79_019429']","['I79_001046', 'I79_011789', 'I79_019429']",0.00045,0.0445,Oligodendrocyte differentiation,98,True,True
Process,GO:0001822,5,362,10029,"['I79_001046', 'I79_011789', 'Acta2', 'Fgfr2', 'Serpinf1']","['I79_001046', 'I79_011789', 'Acta2', 'Fgfr2', 'Serpinf1']",0.00049,0.0462,Kidney development,98,True,True
Process,GO:0002685,4,199,10029,"['I79_001046', 'Cd9', 'Thbs1', 'Tnfaip6']","['I79_001046', 'Cd9', 'Thbs1', 'Tnfaip6']",0.00048,0.0462,Regulation of leukocyte migration,98,True,True
Process,GO:0002694,6,557,10029,"['Thbs1', 'I79_011789', 'Gpnmb', 'Sirpa', 'I79_017397', 'I79_022665']","['Thbs1', 'I79_011789', 'Gpnmb', 'Sirpa', 'I79_017397', 'I79_022665']",0.00048,0.0462,Regulation of leukocyte activation,98,True,True
Process,GO:0007171,2,16,10029,"['Ereg', 'Areg']","['Ereg', 'Areg']",0.00047,0.0462,Activation of transmembrane receptor protein tyrosine kinase activity,98,True,True
Process,GO:0010001,4,198,10029,"['I79_001046', 'Gap43', 'I79_011789', 'I79_019429']","['I79_001046', 'Gap43', 'I79_011789', 'I79_019429']",0.00047,0.0462,Glial cell differentiation,98,True,True
Process,GO:0033598,2,16,10029,"['I79_011789', 'Areg']","['I79_011789', 'Areg']",0.00047,0.0462,Mammary gland epithelial cell proliferation,98,True,True
Process,GO:0007155,7,789,10029,"['Cd9', 'Thbs1', 'Gpnmb', 'Sirpa', 'I79_019429', 'I79_020442', 'Tnfaip6']","['Cd9', 'Thbs1', 'Gpnmb', 'Sirpa', 'I79_019429', 'I79_020442', 'Tnfaip6']",0.0005,0.0464,Cell adhesion,98,True,True
Process,GO:0060602,2,17,10029,"['Areg', 'Fgfr2']","['Areg', 'Fgfr2']",0.00053,0.0489,Branch elongation of an epithelium,98,True,True
Process,GO:0045637,4,205,10029,"['I79_001046', 'Lmo2', 'I79_011789', 'Tnfaip6']","['I79_001046', 'Lmo2', 'I79_011789', 'Tnfaip6']",0.00054,0.0491,Regulation of myeloid cell differentiation,98,True,True
Function,GO:0045545,3,8,10029,"['I79_001046', 'Gpnmb', 'I79_020442']","['I79_001046', 'Gpnmb', 'I79_020442']",8.84e-07,0.0029,Syndecan binding,98,True,True
Function,GO:0005518,4,72,10029,"['I79_004757', 'Col6a2', 'Thbs1', 'Dcn']","['I79_004757', 'Col6a2', 'Thbs1', 'Dcn']",1.06e-05,0.0174,Collagen binding,98,True,True
Function,GO:0005515,27,7697,10029,"['Pfkp', 'Lgals9', 'I79_001046', 'Cd9', 'Lmo2', 'I79_004757', 'Tmem38a', 'Thbs1', 'Dcn', 'Gap43', 'I79_011789', 'I79_012243', 'Acta2', 'Oat', 'Gpnmb', 'Sirpa', 'I79_017397', 'Unc5c', 'Sdsl', 'I79_019429', 'I79_020442', 'Ereg', 'Areg', 'Tnfaip6', 'I79_022665', 'Fgfr2', 'I79_025588']","['Pfkp', 'Lgals9', 'I79_001046', 'Cd9', 'Lmo2', 'I79_004757', 'Tmem38a', 'Thbs1', 'Dcn', 'Gap43', 'I79_011789', 'I79_012243', 'Acta2', 'Oat', 'Gpnmb', 'Sirpa', 'I79_017397', 'Unc5c', 'Sdsl', 'I79_019429', 'I79_020442', 'Ereg', 'Areg', 'Tnfaip6', 'I79_022665', 'Fgfr2', 'I79_025588']",3.86e-05,0.0424,Protein binding,98,True,True
KEGG,cge04151,5,261,10029,"['Col6a2', 'Thbs1', 'Ereg', 'Areg', 'Fgfr2']","['Col6a2', 'Thbs1', 'Ereg', 'Areg', 'Fgfr2']",0.00011,0.0371,PI3K-Akt signaling pathway,98,True,True
PMID,PMID:33113510,3,10,10029,"['Ereg', 'Areg', 'Tnfaip6']","['Ereg', 'Areg', 'Tnfaip6']",1.53e-06,0.0421,(2020) Synergistic effect between LH and estrogen in the acceleration of cumulus expansion via GPR30 and EGFR pathways.,98,True,False
NetworkNeighborAL,CL:4816,3,6,10029,"['Tmem176a', 'Tmem176b', 'Gpnmb']","['Tmem176a', 'Tmem176b', 'Gpnmb']",4.51e-07,0.0019,"Mixed, incl. Transmembrane protein 176A/B, and PKAT, KLD domain",98,True,True
Process,GO:0045638,4,88,10029,"['Lmo2', 'Hoxa7', 'Hoxa9', 'I79_011711']","['Lmo2', 'Hoxa7', 'Hoxa9', 'I79_011711']",3.62e-07,0.0046,Negative regulation of myeloid cell differentiation,99,True,True
Process,GO:0048706,4,138,10029,"['Hoxa6', 'Hoxa7', 'Hoxa9', 'Col1a1']","['Hoxa6', 'Hoxa7', 'Hoxa9', 'Col1a1']",2.06e-06,0.013,Embryonic skeletal system development,99,True,True
Process,GO:0009952,4,207,10029,"['Hoxa6', 'Hoxa7', 'Hoxa9', 'I79_008458']","['Hoxa6', 'Hoxa7', 'Hoxa9', 'I79_008458']",9.9e-06,0.0402,Anterior/posterior pattern specification,99,True,True
Process,GO:0001501,5,514,10029,"['Hoxa6', 'Hoxa7', 'Hoxa9', 'I79_008458', 'Col1a1']","['Hoxa6', 'Hoxa7', 'Hoxa9', 'I79_008458', 'Col1a1']",1.7e-05,0.043,Skeletal system development,99,True,True
Keyword,KW-0371,5,197,10029,"['I79_008450', 'Hoxa6', 'Hoxa7', 'Hoxa9', 'I79_008458']","['I79_008450', 'Hoxa6', 'Hoxa7', 'Hoxa9', 'I79_008458']",1.67e-07,5.71e-05,Homeobox,99,True,True
Keyword,KW-0217,3,83,10029,"['I79_008450', 'Hoxa6', 'Hoxa9']","['I79_008450', 'Hoxa6', 'Hoxa9']",2.44e-05,0.0042,Developmental protein,99,True,True
Keyword,KW-0238,5,613,10029,"['I79_008450', 'Hoxa6', 'Hoxa7', 'Hoxa9', 'I79_008458']","['I79_008450', 'Hoxa6', 'Hoxa7', 'Hoxa9', 'I79_008458']",3.93e-05,0.0045,DNA-binding,99,True,True
Keyword,KW-0539,5,879,10029,"['I79_008450', 'Hoxa6', 'Hoxa7', 'Hoxa9', 'I79_008458']","['I79_008450', 'Hoxa6', 'Hoxa7', 'Hoxa9', 'I79_008458']",0.00021,0.0183,Nucleus,99,True,True
KEGG,cge05202,3,122,10029,"['Lmo2', 'Hoxa9', 'I79_008458']","['Lmo2', 'Hoxa9', 'I79_008458']",7.45e-05,0.0247,Transcriptional misregulation in cancer,99,True,True
SMART,SM00389,5,163,10029,"['I79_008450', 'Hoxa6', 'Hoxa7', 'Hoxa9', 'I79_008458']","['I79_008450', 'Hoxa6', 'Hoxa7', 'Hoxa9', 'I79_008458']",6.65e-08,4.95e-05,Homeodomain,99,True,True
InterPro,IPR020479,5,55,10029,"['I79_008450', 'Hoxa6', 'Hoxa7', 'Hoxa9', 'I79_008458']","['I79_008450', 'Hoxa6', 'Hoxa7', 'Hoxa9', 'I79_008458']",3.6e-10,2.34e-06,"Homeobox domain, metazoa",99,True,True
InterPro,IPR017970,5,104,10029,"['I79_008450', 'Hoxa6', 'Hoxa7', 'Hoxa9', 'I79_008458']","['I79_008450', 'Hoxa6', 'Hoxa7', 'Hoxa9', 'I79_008458']",7.56e-09,2.46e-05,"Homeobox, conserved site",99,True,True
InterPro,IPR001356,5,175,10029,"['I79_008450', 'Hoxa6', 'Hoxa7', 'Hoxa9', 'I79_008458']","['I79_008450', 'Hoxa6', 'Hoxa7', 'Hoxa9', 'I79_008458']",9.38e-08,0.0002,Homeobox domain,99,True,True
InterPro,IPR009057,5,227,10029,"['I79_008450', 'Hoxa6', 'Hoxa7', 'Hoxa9', 'I79_008458']","['I79_008450', 'Hoxa6', 'Hoxa7', 'Hoxa9', 'I79_008458']",3.31e-07,0.00054,Homeobox-like domain superfamily,99,True,True
InterPro,IPR017995,2,8,10029,"['I79_008450', 'Hoxa6']","['I79_008450', 'Hoxa6']",1.89e-05,0.0245,"Homeobox protein, antennapedia type",99,True,True
InterPro,IPR001827,2,10,10029,"['I79_008450', 'Hoxa6']","['I79_008450', 'Hoxa6']",2.76e-05,0.0299,"Homeobox protein, antennapedia type, conserved site",99,True,True
NetworkNeighborAL,CL:15420,5,28,10029,"['I79_008450', 'Hoxa6', 'Hoxa7', 'Hoxa9', 'I79_008458']","['I79_008450', 'Hoxa6', 'Hoxa7', 'Hoxa9', 'I79_008458']",1.58e-11,6.71e-08,"Homeobox domain, metazoa, and PBX, PBC domain",99,True,True
NetworkNeighborAL,CL:15422,4,22,10029,"['Hoxa6', 'Hoxa7', 'Hoxa9', 'I79_008458']","['Hoxa6', 'Hoxa7', 'Hoxa9', 'I79_008458']",1.99e-09,1.21e-06,"Mixed, incl. Homeobox protein, antennapedia type, conserved site, and Rhombomere 4 development",99,True,True
Process,GO:0048518,16,6368,10029,"['H671_4g12045', 'I79_004399', 'Mmp9', 'Evl', 'Cavin4', 'Igf2bp2', 'I79_011789', 'I79_012243', 'Sphk1', 'Ccbe1', 'Hoxc10', 'Gpd1', 'Fabp4', 'Ehd3', 'Il33', 'Spp1']","['H671_4g12045', 'I79_004399', 'Mmp9', 'Evl', 'Cavin4', 'Igf2bp2', 'I79_011789', 'I79_012243', 'Sphk1', 'Ccbe1', 'Hoxc10', 'Gpd1', 'Fabp4', 'Ehd3', 'Il33', 'Spp1']",3.2e-06,0.0405,Positive regulation of biological process,100,True,True
Process,GO:0051239,11,2847,10029,"['I79_004399', 'Mmp9', 'Evl', 'I79_011789', 'Sphk1', 'Ccbe1', 'Hoxc10', 'Fabp4', 'Ehd3', 'Il33', 'Spp1']","['I79_004399', 'Mmp9', 'Evl', 'I79_011789', 'Sphk1', 'Ccbe1', 'Hoxc10', 'Fabp4', 'Ehd3', 'Il33', 'Spp1']",7.85e-06,0.0497,Regulation of multicellular organismal process,100,True,True
PMID,PMID:28413032,3,13,10029,"['I79_004399', 'Mmp9', 'Spp1']","['I79_004399', 'Mmp9', 'Spp1']",3.25e-07,0.0089,(2017) Matrix Metalloproteinases in Myocardial Infarction and Heart Failure.,100,True,False
PMID,PMID:26999172,3,13,10029,"['Mmp9', 'Il33', 'Spp1']","['Mmp9', 'Il33', 'Spp1']",3.25e-07,0.0089,(2016) A Review on the Respiratory System Toxicity of Carbon Nanoparticles.,100,True,False
PMID,PMID:28839448,3,24,10029,"['Mmp9', 'Il33', 'Spp1']","['Mmp9', 'Il33', 'Spp1']",1.69e-06,0.0155,(2017) The Disease-Modifying Effects of Hyaluronan in the Osteoarthritic Disease State.,100,True,False
PMID,PMID:35543703,3,39,10029,"['Mmp9', 'Fabp4', 'Spp1']","['Mmp9', 'Fabp4', 'Spp1']",6.57e-06,0.0452,(2022) Role of adipose tissue macrophages in obesity-related disorders.,100,True,False
COMPARTMENTS,GOCC:0005576,10,1287,10029,"['I79_001272', 'Pros1', 'Il19', 'I79_009992', 'Optc', 'Cdsn', 'Ccbe1', 'I79_014973', 'Ccn2', 'Nppa']","['I79_001272', 'Pros1', 'Il19', 'I79_009992', 'Optc', 'Cdsn', 'Ccbe1', 'I79_014973', 'Ccn2', 'Nppa']",8.45e-06,0.0165,Extracellular region,101,True,True
COMPARTMENTS,GOCC:0030057,3,25,10029,"['Dsp', 'Jup', 'Cdsn']","['Dsp', 'Jup', 'Cdsn']",8.4e-06,0.0165,Desmosome,101,True,True
Process,GO:0051239,17,2847,10029,"['Pros1', 'Lmo2', 'Il19', 'Nod2', 'Sulf2', 'Dsp', 'Fgfr1', 'I79_009992', 'Jup', 'Optc', 'Ccbe1', 'Hoxc10', 'Sirpa', 'Adam8', 'Ccn2', 'Rxra', 'Nppa']","['Pros1', 'Lmo2', 'Il19', 'Nod2', 'Sulf2', 'Dsp', 'Fgf1', 'I79_009992', 'Jup', 'Optc', 'Ccbe1', 'Hoxc10', 'Sirpa', 'Adam8', 'Ccn2', 'Rxra', 'Nppa']",6.37e-08,0.00081,Regulation of multicellular organismal process,101,True,True
Process,GO:0048519,22,5319,10029,"['I79_001272', 'Pros1', 'Trabd2b', 'Lmo2', 'Il19', 'SIRT5', 'H671_4g12045', 'Nod2', 'Sulf2', 'Jup', 'Id3', 'I79_012275', 'Optc', 'Cdsn', 'Hoxc8', 'Hoxc10', 'Sirpa', 'Mmp28', 'Adam8', 'Ccn2', 'Rxra', 'Nppa']","['I79_001272', 'Pros1', 'Trabd2b', 'Lmo2', 'Il19', 'SIRT5', 'H671_4g12045', 'Nod2', 'Sulf2', 'Jup', 'Id3', 'I79_012275', 'Optc', 'Cdsn', 'Hoxc8', 'Hoxc10', 'Sirpa', 'Mmp28', 'Adam8', 'Ccn2', 'Rxra', 'Nppa']",1.44e-07,0.00091,Negative regulation of biological process,101,True,True
Process,GO:0009653,15,2377,10029,"['I79_001272', 'H671_4g12045', 'Dsp', 'Fgfr1', 'I79_009992', 'Id3', 'Cdsn', 'I79_014012', 'Ccbe1', 'Hoxc8', 'Hoxc10', 'Adam8', 'Ccn2', 'Rxra', 'I79_023973']","['I79_001272', 'H671_4g12045', 'Dsp', 'Fgf1', 'I79_009992', 'Id3', 'Cdsn', 'I79_014012', 'Ccbe1', 'Hoxc8', 'Hoxc10', 'Adam8', 'Ccn2', 'Rxra', 'I79_023973']",2.82e-07,0.0012,Anatomical structure morphogenesis,101,True,True
Process,GO:0034113,4,36,10029,"['Dsp', 'Jup', 'Sirpa', 'I79_025172']","['Dsp', 'Jup', 'Sirpa', 'I79_025172']",3e-07,0.0012,Heterotypic cell-cell adhesion,101,True,True
Process,GO:0007155,9,789,10029,"['I79_001272', 'Dsp', 'Jup', 'Cdsn', 'Sirpa', 'Adam8', 'Ccn2', 'I79_023973', 'I79_025172']","['I79_001272', 'Dsp', 'Jup', 'Cdsn', 'Sirpa', 'Adam8', 'Ccn2', 'I79_023973', 'I79_025172']",1.22e-06,0.0026,Cell adhesion,101,True,True
Process,GO:2000145,10,1017,10029,"['I79_001272', 'H671_4g12045', 'Nod2', 'Fgfr1', 'I79_009992', 'Jup', 'I79_012275', 'Ccbe1', 'Mmp28', 'Adam8']","['I79_001272', 'H671_4g12045', 'Nod2', 'Fgf1', 'I79_009992', 'Jup', 'I79_012275', 'Ccbe1', 'Mmp28', 'Adam8']",1.05e-06,0.0026,Regulation of cell motility,101,True,True
Process,GO:0048856,20,5157,10029,"['I79_001272', 'Lmo2', 'H671_4g12045', 'Sulf2', 'Dsp', 'Fgfr1', 'I79_009992', 'Jup', 'Id3', 'Cdsn', 'I79_014012', 'Ccbe1', 'Hoxc8', 'Hoxc10', 'I79_014973', 'Sirpa', 'Adam8', 'Ccn2', 'Rxra', 'I79_023973']","['I79_001272', 'Lmo2', 'H671_4g12045', 'Sulf2', 'Dsp', 'Fgf1', 'I79_009992', 'Jup', 'Id3', 'Cdsn', 'I79_014012', 'Ccbe1', 'Hoxc8', 'Hoxc10', 'I79_014973', 'Sirpa', 'Adam8', 'Ccn2', 'Rxra', 'I79_023973']",2.81e-06,0.0042,Anatomical structure development,101,True,True
Process,GO:0050789,30,11860,10029,"['Tspan7', 'I79_001272', 'I79_001734', 'Pros1', 'Trabd2b', 'Lmo2', 'Il19', 'SIRT5', 'H671_4g12045', 'Nod2', 'Sulf2', 'Dsp', 'Fgfr1', 'I79_009992', 'Jup', 'Id3', 'I79_012275', 'Optc', 'Cdsn', 'Ccbe1', 'Hoxc8', 'Hoxc10', 'I79_014973', 'Sirpa', 'Mmp28', 'Adam8', 'Ccn2', 'Rxra', 'Nppa', 'I79_025172']","['Tspan7', 'I79_001272', 'I79_001734', 'Pros1', 'Trabd2b', 'Lmo2', 'Il19', 'SIRT5', 'H671_4g12045', 'Nod2', 'Sulf2', 'Dsp', 'Fgf1', 'I79_009992', 'Jup', 'Id3', 'I79_012275', 'Optc', 'Cdsn', 'Ccbe1', 'Hoxc8', 'Hoxc10', 'I79_014973', 'Sirpa', 'Mmp28', 'Adam8', 'Ccn2', 'Rxra', 'Nppa', 'I79_025172']",2.64e-06,0.0042,Regulation of biological process,101,True,True
Process,GO:0098609,7,454,10029,"['I79_001272', 'Dsp', 'Jup', 'Cdsn', 'Sirpa', 'Adam8', 'I79_025172']","['I79_001272', 'Dsp', 'Jup', 'Cdsn', 'Sirpa', 'Adam8', 'I79_025172']",3.25e-06,0.0042,Cell-cell adhesion,101,True,True
Process,GO:0048523,19,4752,10029,"['I79_001272', 'Trabd2b', 'Lmo2', 'Il19', 'SIRT5', 'H671_4g12045', 'Nod2', 'Sulf2', 'Jup', 'Id3', 'I79_012275', 'Cdsn', 'Hoxc8', 'Sirpa', 'Mmp28', 'Adam8', 'Ccn2', 'Rxra', 'Nppa']","['I79_001272', 'Trabd2b', 'Lmo2', 'Il19', 'SIRT5', 'H671_4g12045', 'Nod2', 'Sulf2', 'Jup', 'Id3', 'I79_012275', 'Cdsn', 'Hoxc8', 'Sirpa', 'Mmp28', 'Adam8', 'Ccn2', 'Rxra', 'Nppa']",3.97e-06,0.0046,Negative regulation of cellular process,101,True,True
Process,GO:0048583,17,3843,10029,"['I79_001272', 'I79_001734', 'Pros1', 'Trabd2b', 'Il19', 'Nod2', 'Sulf2', 'Fgfr1', 'I79_009992', 'I79_012275', 'Ccbe1', 'Sirpa', 'Mmp28', 'Adam8', 'Ccn2', 'Rxra', 'Nppa']","['I79_001272', 'I79_001734', 'Pros1', 'Trabd2b', 'Il19', 'Nod2', 'Sulf2', 'Fgf1', 'I79_009992', 'I79_012275', 'Ccbe1', 'Sirpa', 'Mmp28', 'Adam8', 'Ccn2', 'Rxra', 'Nppa']",4.8e-06,0.0048,Regulation of response to stimulus,101,True,True
Process,GO:0050794,29,11253,10029,"['Tspan7', 'I79_001272', 'I79_001734', 'Pros1', 'Trabd2b', 'Lmo2', 'Il19', 'SIRT5', 'H671_4g12045', 'Nod2', 'Sulf2', 'Dsp', 'Fgfr1', 'I79_009992', 'Jup', 'Id3', 'I79_012275', 'Cdsn', 'Ccbe1', 'Hoxc8', 'Hoxc10', 'I79_014973', 'Sirpa', 'Mmp28', 'Adam8', 'Ccn2', 'Rxra', 'Nppa', 'I79_025172']","['Tspan7', 'I79_001272', 'I79_001734', 'Pros1', 'Trabd2b', 'Lmo2', 'Il19', 'SIRT5', 'H671_4g12045', 'Nod2', 'Sulf2', 'Dsp', 'Fgf1', 'I79_009992', 'Jup', 'Id3', 'I79_012275', 'Cdsn', 'Ccbe1', 'Hoxc8', 'Hoxc10', 'I79_014973', 'Sirpa', 'Mmp28', 'Adam8', 'Ccn2', 'Rxra', 'Nppa', 'I79_025172']",4.58e-06,0.0048,Regulation of cellular process,101,True,True
Process,GO:0030334,9,961,10029,"['I79_001272', 'H671_4g12045', 'Nod2', 'Fgfr1', 'I79_009992', 'Jup', 'Ccbe1', 'Mmp28', 'Adam8']","['I79_001272', 'H671_4g12045', 'Nod2', 'Fgf1', 'I79_009992', 'Jup', 'Ccbe1', 'Mmp28', 'Adam8']",6.02e-06,0.0054,Regulation of cell migration,101,True,True
Process,GO:0055117,4,81,10029,"['Dsp', 'Jup', 'Ccn2', 'Nppa']","['Dsp', 'Jup', 'Ccn2', 'Nppa']",6.36e-06,0.0054,Regulation of cardiac muscle contraction,101,True,True
Process,GO:0031589,5,187,10029,"['I79_001272', 'Sirpa', 'Ccn2', 'I79_023973', 'I79_025172']","['I79_001272', 'Sirpa', 'Ccn2', 'I79_023973', 'I79_025172']",7.3e-06,0.0058,Cell-substrate adhesion,101,True,True
Process,GO:0010604,16,3592,10029,"['I79_001272', 'Trabd2b', 'Lmo2', 'Nod2', 'Sulf2', 'Fgfr1', 'I79_009992', 'Jup', 'Id3', 'I79_012275', 'Ccbe1', 'Hoxc10', 'I79_014973', 'Adam8', 'Ccn2', 'Rxra']","['I79_001272', 'Trabd2b', 'Lmo2', 'Nod2', 'Sulf2', 'Fgf1', 'I79_009992', 'Jup', 'Id3', 'I79_012275', 'Ccbe1', 'Hoxc10', 'I79_014973', 'Adam8', 'Ccn2', 'Rxra']",1.01e-05,0.0074,Positive regulation of macromolecule metabolic process,101,True,True
Process,GO:0048522,20,5758,10029,"['I79_001272', 'Trabd2b', 'Lmo2', 'Il19', 'H671_4g12045', 'Nod2', 'Sulf2', 'Fgfr1', 'I79_009992', 'Jup', 'Id3', 'I79_012275', 'Ccbe1', 'Hoxc10', 'I79_014973', 'Sirpa', 'Adam8', 'Ccn2', 'Rxra', 'Nppa']","['I79_001272', 'Trabd2b', 'Lmo2', 'Il19', 'H671_4g12045', 'Nod2', 'Sulf2', 'Fgf1', 'I79_009992', 'Jup', 'Id3', 'I79_012275', 'Ccbe1', 'Hoxc10', 'I79_014973', 'Sirpa', 'Adam8', 'Ccn2', 'Rxra', 'Nppa']",1.66e-05,0.01,Positive regulation of cellular process,101,True,True
Process,GO:0009611,6,390,10029,"['Pros1', 'H671_4g12045', 'Sulf2', 'Dsp', 'Fgfr1', 'Id3']","['Pros1', 'H671_4g12045', 'Sulf2', 'Dsp', 'Fgf1', 'Id3']",1.81e-05,0.0104,Response to wounding,101,True,True
Process,GO:0048518,21,6368,10029,"['I79_001272', 'Pros1', 'Trabd2b', 'Lmo2', 'Il19', 'H671_4g12045', 'Nod2', 'Sulf2', 'Fgfr1', 'I79_009992', 'Jup', 'Id3', 'I79_012275', 'Ccbe1', 'Hoxc10', 'I79_014973', 'Sirpa', 'Adam8', 'Ccn2', 'Rxra', 'Nppa']","['I79_001272', 'Pros1', 'Trabd2b', 'Lmo2', 'Il19', 'H671_4g12045', 'Nod2', 'Sulf2', 'Fgf1', 'I79_009992', 'Jup', 'Id3', 'I79_012275', 'Ccbe1', 'Hoxc10', 'I79_014973', 'Sirpa', 'Adam8', 'Ccn2', 'Rxra', 'Nppa']",1.87e-05,0.0104,Positive regulation of biological process,101,True,True
Process,GO:0009966,14,2903,10029,"['I79_001272', 'I79_001734', 'Trabd2b', 'Il19', 'Nod2', 'Sulf2', 'Fgfr1', 'I79_009992', 'Ccbe1', 'Sirpa', 'Adam8', 'Ccn2', 'Rxra', 'Nppa']","['I79_001272', 'I79_001734', 'Trabd2b', 'Il19', 'Nod2', 'Sulf2', 'Fgf1', 'I79_009992', 'Ccbe1', 'Sirpa', 'Adam8', 'Ccn2', 'Rxra', 'Nppa']",2e-05,0.0106,Regulation of signal transduction,101,True,True
Process,GO:0048513,15,3378,10029,"['I79_001272', 'Lmo2', 'Sulf2', 'Dsp', 'Fgfr1', 'Jup', 'Id3', 'Cdsn', 'Ccbe1', 'Hoxc8', 'Hoxc10', 'I79_014973', 'Sirpa', 'Ccn2', 'Rxra']","['I79_001272', 'Lmo2', 'Sulf2', 'Dsp', 'Fgf1', 'Jup', 'Id3', 'Cdsn', 'Ccbe1', 'Hoxc8', 'Hoxc10', 'I79_014973', 'Sirpa', 'Ccn2', 'Rxra']",2.35e-05,0.0119,Animal organ development,101,True,True
Process,GO:0007160,4,121,10029,"['I79_001272', 'Sirpa', 'Ccn2', 'I79_025172']","['I79_001272', 'Sirpa', 'Ccn2', 'I79_025172']",2.92e-05,0.0132,Cell-matrix adhesion,101,True,True
Process,GO:0030154,15,3418,10029,"['I79_001272', 'H671_4g12045', 'Sulf2', 'Dsp', 'Fgfr1', 'I79_009992', 'Id3', 'Cdsn', 'I79_014012', 'Hoxc8', 'Hoxc10', 'Sirpa', 'Ccn2', 'Rxra', 'I79_023973']","['I79_001272', 'H671_4g12045', 'Sulf2', 'Dsp', 'Fgf1', 'I79_009992', 'Id3', 'Cdsn', 'I79_014012', 'Hoxc8', 'Hoxc10', 'Sirpa', 'Ccn2', 'Rxra', 'I79_023973']",2.71e-05,0.0132,Cell differentiation,101,True,True
Process,GO:0032101,8,884,10029,"['Pros1', 'Nod2', 'Fgfr1', 'I79_009992', 'Mmp28', 'Adam8', 'Rxra', 'Nppa']","['Pros1', 'Nod2', 'Fgf1', 'I79_009992', 'Mmp28', 'Adam8', 'Rxra', 'Nppa']",2.79e-05,0.0132,Regulation of response to external stimulus,101,True,True
Process,GO:0045765,5,271,10029,"['Fgfr1', 'I79_009992', 'Jup', 'Optc', 'Ccbe1']","['Fgf1', 'I79_009992', 'Jup', 'Optc', 'Ccbe1']",4.18e-05,0.0171,Regulation of angiogenesis,101,True,True
Process,GO:0046328,4,133,10029,"['Nod2', 'Sirpa', 'Ccn2', 'Nppa']","['Nod2', 'Sirpa', 'Ccn2', 'Nppa']",4.19e-05,0.0171,Regulation of JNK cascade,101,True,True
Process,GO:0043408,7,688,10029,"['I79_001734', 'Nod2', 'Fgfr1', 'Sirpa', 'Adam8', 'Ccn2', 'Nppa']","['I79_001734', 'Nod2', 'Fgf1', 'Sirpa', 'Adam8', 'Ccn2', 'Nppa']",4.62e-05,0.0175,Regulation of MAPK cascade,101,True,True
Process,GO:0072359,8,973,10029,"['Dsp', 'Fgfr1', 'I79_009992', 'Id3', 'Ccbe1', 'Adam8', 'Ccn2', 'Rxra']","['Dsp', 'Fgf1', 'I79_009992', 'Id3', 'Ccbe1', 'Adam8', 'Ccn2', 'Rxra']",5.47e-05,0.0198,Circulatory system development,101,True,True
Process,GO:0006950,14,3187,10029,"['Pros1', 'SIRT5', 'H671_4g12045', 'Ca3', 'Nod2', 'Sulf2', 'Dsp', 'Fgfr1', 'I79_009992', 'Id3', 'I79_012275', 'Sirpa', 'Adam8', 'Nppa']","['Pros1', 'SIRT5', 'H671_4g12045', 'Ca3', 'Nod2', 'Sulf2', 'Dsp', 'Fgf1', 'I79_009992', 'Id3', 'I79_012275', 'Sirpa', 'Adam8', 'Nppa']",5.76e-05,0.02,Response to stress,101,True,True
Process,GO:0050896,23,8055,10029,"['I79_001272', 'I79_001734', 'Pros1', 'Lmo2', 'Il19', 'SIRT5', 'H671_4g12045', 'Ca3', 'Nod2', 'Sulf2', 'Dsp', 'Fgfr1', 'I79_009992', 'Jup', 'Id3', 'I79_012275', 'I79_014973', 'Sirpa', 'Adam8', 'Ccn2', 'Rxra', 'Nppa', 'I79_025172']","['I79_001272', 'I79_001734', 'Pros1', 'Lmo2', 'Il19', 'SIRT5', 'H671_4g12045', 'Ca3', 'Nod2', 'Sulf2', 'Dsp', 'Fgf1', 'I79_009992', 'Jup', 'Id3', 'I79_012275', 'I79_014973', 'Sirpa', 'Adam8', 'Ccn2', 'Rxra', 'Nppa', 'I79_025172']",5.68e-05,0.02,Response to stimulus,101,True,True
Process,GO:0051241,8,989,10029,"['Pros1', 'Il19', 'Nod2', 'Jup', 'Optc', 'Hoxc10', 'Sirpa', 'Nppa']","['Pros1', 'Il19', 'Nod2', 'Jup', 'Optc', 'Hoxc10', 'Sirpa', 'Nppa']",6.14e-05,0.0204,Negative regulation of multicellular organismal process,101,True,True
Process,GO:0001525,5,298,10029,"['Fgfr1', 'I79_009992', 'Ccbe1', 'Adam8', 'Ccn2']","['Fgf1', 'I79_009992', 'Ccbe1', 'Adam8', 'Ccn2']",6.51e-05,0.0211,Angiogenesis,101,True,True
Process,GO:0009887,8,1081,10029,"['I79_001272', 'Dsp', 'Fgfr1', 'Id3', 'Cdsn', 'Hoxc8', 'Ccn2', 'Rxra']","['I79_001272', 'Dsp', 'Fgf1', 'Id3', 'Cdsn', 'Hoxc8', 'Ccn2', 'Rxra']",0.00011,0.0319,Animal organ morphogenesis,101,True,True
Process,GO:0045766,4,171,10029,"['Fgfr1', 'I79_009992', 'Jup', 'Ccbe1']","['Fgf1', 'I79_009992', 'Jup', 'Ccbe1']",0.00011,0.0319,Positive regulation of angiogenesis,101,True,True
Process,GO:0048584,11,2127,10029,"['Il19', 'Nod2', 'Sulf2', 'Fgfr1', 'I79_009992', 'I79_012275', 'Ccbe1', 'Adam8', 'Ccn2', 'Rxra', 'Nppa']","['Il19', 'Nod2', 'Sulf2', 'Fgf1', 'I79_009992', 'I79_012275', 'Ccbe1', 'Adam8', 'Ccn2', 'Rxra', 'Nppa']",0.00012,0.0319,Positive regulation of response to stimulus,101,True,True
Process,GO:0002934,2,10,10029,"['Dsp', 'Jup']","['Dsp', 'Jup']",0.00013,0.0332,Desmosome organization,101,True,True
Process,GO:0086073,2,10,10029,"['Dsp', 'Jup']","['Dsp', 'Jup']",0.00013,0.0332,Bundle of His cell-Purkinje myocyte adhesion involved in cell communication,101,True,True
Process,GO:0019222,20,6627,10029,"['I79_001272', 'Trabd2b', 'Lmo2', 'SIRT5', 'Nod2', 'Sulf2', 'Fgfr1', 'I79_009992', 'Jup', 'Id3', 'I79_012275', 'Ccbe1', 'Hoxc8', 'Hoxc10', 'I79_014973', 'Sirpa', 'Adam8', 'Ccn2', 'Rxra', 'Nppa']","['I79_001272', 'Trabd2b', 'Lmo2', 'SIRT5', 'Nod2', 'Sulf2', 'Fgf1', 'I79_009992', 'Jup', 'Id3', 'I79_012275', 'Ccbe1', 'Hoxc8', 'Hoxc10', 'I79_014973', 'Sirpa', 'Adam8', 'Ccn2', 'Rxra', 'Nppa']",0.00015,0.0361,Regulation of metabolic process,101,True,True
Process,GO:0030335,6,573,10029,"['I79_001272', 'H671_4g12045', 'Fgfr1', 'I79_009992', 'Ccbe1', 'Adam8']","['I79_001272', 'H671_4g12045', 'Fgf1', 'I79_009992', 'Ccbe1', 'Adam8']",0.00015,0.0361,Positive regulation of cell migration,101,True,True
Process,GO:0043405,4,189,10029,"['Nod2', 'Fgfr1', 'Adam8', 'Nppa']","['Nod2', 'Fgf1', 'Adam8', 'Nppa']",0.00016,0.0362,Regulation of MAP kinase activity,101,True,True
Process,GO:0050867,5,363,10029,"['Nod2', 'Sirpa', 'Adam8', 'Ccn2', 'Nppa']","['Nod2', 'Sirpa', 'Adam8', 'Ccn2', 'Nppa']",0.00016,0.0362,Positive regulation of cell activation,101,True,True
Process,GO:0060255,19,6089,10029,"['I79_001272', 'Trabd2b', 'Lmo2', 'Nod2', 'Sulf2', 'Fgfr1', 'I79_009992', 'Jup', 'Id3', 'I79_012275', 'Ccbe1', 'Hoxc8', 'Hoxc10', 'I79_014973', 'Sirpa', 'Adam8', 'Ccn2', 'Rxra', 'Nppa']","['I79_001272', 'Trabd2b', 'Lmo2', 'Nod2', 'Sulf2', 'Fgf1', 'I79_009992', 'Jup', 'Id3', 'I79_012275', 'Ccbe1', 'Hoxc8', 'Hoxc10', 'I79_014973', 'Sirpa', 'Adam8', 'Ccn2', 'Rxra', 'Nppa']",0.00016,0.0362,Regulation of macromolecule metabolic process,101,True,True
Process,GO:0060452,2,11,10029,"['Ccn2', 'Nppa']","['Ccn2', 'Nppa']",0.00015,0.0362,Positive regulation of cardiac muscle contraction,101,True,True
Process,GO:2000026,9,1465,10029,"['Lmo2', 'Fgfr1', 'I79_009992', 'Jup', 'Optc', 'Ccbe1', 'Adam8', 'Ccn2', 'Rxra']","['Lmo2', 'Fgf1', 'I79_009992', 'Jup', 'Optc', 'Ccbe1', 'Adam8', 'Ccn2', 'Rxra']",0.00016,0.0362,Regulation of multicellular organismal development,101,True,True
Process,GO:0032501,20,6725,10029,"['I79_001272', 'I79_001734', 'Pros1', 'Lmo2', 'Nod2', 'Sulf2', 'Dsp', 'Fgfr1', 'I79_009992', 'Jup', 'Id3', 'Ccbe1', 'Hoxc8', 'Hoxc10', 'I79_014973', 'Sirpa', 'Adam8', 'Ccn2', 'Rxra', 'Nppa']","['I79_001272', 'I79_001734', 'Pros1', 'Lmo2', 'Nod2', 'Sulf2', 'Dsp', 'Fgf1', 'I79_009992', 'Jup', 'Id3', 'Ccbe1', 'Hoxc8', 'Hoxc10', 'I79_014973', 'Sirpa', 'Adam8', 'Ccn2', 'Rxra', 'Nppa']",0.00018,0.0383,Multicellular organismal process,101,True,True
Process,GO:0002685,4,199,10029,"['Nod2', 'I79_009992', 'Mmp28', 'Adam8']","['Nod2', 'I79_009992', 'Mmp28', 'Adam8']",0.00019,0.0391,Regulation of leukocyte migration,101,True,True
Process,GO:0043589,2,13,10029,"['I79_001272', 'Cdsn']","['I79_001272', 'Cdsn']",0.0002,0.0409,Skin morphogenesis,101,True,True
Process,GO:0050766,3,78,10029,"['Pros1', 'Nod2', 'Sirpa']","['Pros1', 'Nod2', 'Sirpa']",0.00021,0.0411,Positive regulation of phagocytosis,101,True,True
Process,GO:0007167,6,624,10029,"['Sulf2', 'Fgfr1', 'I79_009992', 'I79_014973', 'Ccn2', 'Nppa']","['Sulf2', 'Fgf1', 'I79_009992', 'I79_014973', 'Ccn2', 'Nppa']",0.00023,0.0449,Enzyme-linked receptor protein signaling pathway,101,True,True
Process,GO:0009967,9,1543,10029,"['Il19', 'Nod2', 'Sulf2', 'Fgfr1', 'Ccbe1', 'Adam8', 'Ccn2', 'Rxra', 'Nppa']","['Il19', 'Nod2', 'Sulf2', 'Fgf1', 'Ccbe1', 'Adam8', 'Ccn2', 'Rxra', 'Nppa']",0.00024,0.0449,Positive regulation of signal transduction,101,True,True
Process,GO:0010628,8,1226,10029,"['Nod2', 'Sulf2', 'I79_009992', 'Id3', 'Ccbe1', 'Adam8', 'Ccn2', 'Rxra']","['Nod2', 'Sulf2', 'I79_009992', 'Id3', 'Ccbe1', 'Adam8', 'Ccn2', 'Rxra']",0.00027,0.0478,Positive regulation of gene expression,101,True,True
Process,GO:0016477,7,909,10029,"['I79_001272', 'H671_4g12045', 'Jup', 'Ccbe1', 'Sirpa', 'Adam8', 'Ccn2']","['I79_001272', 'H671_4g12045', 'Jup', 'Ccbe1', 'Sirpa', 'Adam8', 'Ccn2']",0.00026,0.0478,Cell migration,101,True,True
Process,GO:0051173,13,3188,10029,"['I79_001272', 'Trabd2b', 'Lmo2', 'Nod2', 'Fgfr1', 'Jup', 'I79_012275', 'Ccbe1', 'Hoxc10', 'I79_014973', 'Adam8', 'Ccn2', 'Rxra']","['I79_001272', 'Trabd2b', 'Lmo2', 'Nod2', 'Fgf1', 'Jup', 'I79_012275', 'Ccbe1', 'Hoxc10', 'I79_014973', 'Adam8', 'Ccn2', 'Rxra']",0.00026,0.0478,Positive regulation of nitrogen compound metabolic process,101,True,True
Process,GO:0048585,9,1572,10029,"['I79_001272', 'Pros1', 'Trabd2b', 'Il19', 'Nod2', 'Sulf2', 'Sirpa', 'Mmp28', 'Nppa']","['I79_001272', 'Pros1', 'Trabd2b', 'Il19', 'Nod2', 'Sulf2', 'Sirpa', 'Mmp28', 'Nppa']",0.00027,0.048,Negative regulation of response to stimulus,101,True,True
Component,GO:0005615,10,1322,10029,"['Pros1', 'Il19', 'Sulf2', 'Fgfr1', 'I79_009992', 'Ccbe1', 'I79_014973', 'Mmp28', 'Ccn2', 'Nppa']","['Pros1', 'Il19', 'Sulf2', 'Fgf1', 'I79_009992', 'Ccbe1', 'I79_014973', 'Mmp28', 'Ccn2', 'Nppa']",1.07e-05,0.0114,Extracellular space,101,True,True
Component,GO:0030057,3,23,10029,"['Dsp', 'Jup', 'Cdsn']","['Dsp', 'Jup', 'Cdsn']",6.68e-06,0.0114,Desmosome,101,True,True
Component,GO:0071944,20,5764,10029,"['Tspan7', 'I79_001272', 'I79_001734', 'Trabd2b', 'H671_4g12045', 'Nod2', 'Sulf2', 'Dsp', 'Fgfr1', 'Jup', 'I79_012275', 'Optc', 'Ccbe1', 'I79_014973', 'Sirpa', 'Mmp28', 'Adam8', 'Ccn2', 'I79_023973', 'I79_025172']","['Tspan7', 'I79_001272', 'I79_001734', 'Trabd2b', 'H671_4g12045', 'Nod2', 'Sulf2', 'Dsp', 'Fgf1', 'Jup', 'I79_012275', 'Optc', 'Ccbe1', 'I79_014973', 'Sirpa', 'Mmp28', 'Adam8', 'Ccn2', 'I79_023973', 'I79_025172']",1.69e-05,0.0114,Cell periphery,101,True,True
Component,GO:0005576,11,1907,10029,"['Pros1', 'Il19', 'Sulf2', 'Fgfr1', 'I79_009992', 'Cdsn', 'Ccbe1', 'I79_014973', 'Mmp28', 'Ccn2', 'Nppa']","['Pros1', 'Il19', 'Sulf2', 'Fgf1', 'I79_009992', 'Cdsn', 'Ccbe1', 'I79_014973', 'Mmp28', 'Ccn2', 'Nppa']",4.35e-05,0.0133,Extracellular region,101,True,True
Component,GO:0031012,6,430,10029,"['I79_001272', 'Fgfr1', 'Optc', 'Ccbe1', 'Mmp28', 'Ccn2']","['I79_001272', 'Fgf1', 'Optc', 'Ccbe1', 'Mmp28', 'Ccn2']",3.1e-05,0.0133,Extracellular matrix,101,True,True
Function,GO:0050839,8,335,10029,"['I79_001272', 'Dsp', 'Fgfr1', 'Jup', 'Sirpa', 'Adam8', 'Ccn2', 'I79_025172']","['I79_001272', 'Dsp', 'Fgf1', 'Jup', 'Sirpa', 'Adam8', 'Ccn2', 'I79_025172']",2.17e-08,7.15e-05,Cell adhesion molecule binding,101,True,True
Function,GO:0005488,31,13754,10029,"['Tspan7', 'I79_001272', 'I79_001734', 'Pros1', 'Trabd2b', 'Lmo2', 'Il19', 'SIRT5', 'Ca3', 'Nod2', 'Sulf2', 'Dsp', 'Fgfr1', 'I79_009992', 'Jup', 'Id3', 'I79_012275', 'Cdsn', 'I79_014012', 'Ccbe1', 'Hoxc8', 'Hoxc10', 'I79_014973', 'Sirpa', 'Mmp28', 'Adam8', 'Ccn2', 'Rxra', 'Nppa', 'I79_023973', 'I79_025172']","['Tspan7', 'I79_001272', 'I79_001734', 'Pros1', 'Trabd2b', 'Lmo2', 'Il19', 'SIRT5', 'Ca3', 'Nod2', 'Sulf2', 'Dsp', 'Fgf1', 'I79_009992', 'Jup', 'Id3', 'I79_012275', 'Cdsn', 'I79_014012', 'Ccbe1', 'Hoxc8', 'Hoxc10', 'I79_014973', 'Sirpa', 'Mmp28', 'Adam8', 'Ccn2', 'Rxra', 'Nppa', 'I79_023973', 'I79_025172']",1.98e-05,0.0209,Binding,101,True,True
Function,GO:0005515,23,7697,10029,"['I79_001272', 'I79_001734', 'Trabd2b', 'Lmo2', 'Il19', 'Nod2', 'Dsp', 'Fgfr1', 'I79_009992', 'Jup', 'Id3', 'I79_012275', 'Cdsn', 'I79_014012', 'Ccbe1', 'I79_014973', 'Sirpa', 'Adam8', 'Ccn2', 'Rxra', 'Nppa', 'I79_023973', 'I79_025172']","['I79_001272', 'I79_001734', 'Trabd2b', 'Lmo2', 'Il19', 'Nod2', 'Dsp', 'Fgf1', 'I79_009992', 'Jup', 'Id3', 'I79_012275', 'Cdsn', 'I79_014012', 'Ccbe1', 'I79_014973', 'Sirpa', 'Adam8', 'Ccn2', 'Rxra', 'Nppa', 'I79_023973', 'I79_025172']",2.51e-05,0.0209,Protein binding,101,True,True
Function,GO:0008083,4,110,10029,"['Fgfr1', 'I79_009992', 'I79_014973', 'Ccn2']","['Fgf1', 'I79_009992', 'I79_014973', 'Ccn2']",2.04e-05,0.0209,Growth factor activity,101,True,True
Function,GO:0048018,6,366,10029,"['Il19', 'Fgfr1', 'I79_009992', 'I79_014973', 'Ccn2', 'Nppa']","['Il19', 'Fgf1', 'I79_009992', 'I79_014973', 'Ccn2', 'Nppa']",1.27e-05,0.0209,Receptor ligand activity,101,True,True
Function,GO:0070851,4,130,10029,"['I79_001734', 'Fgfr1', 'I79_009992', 'I79_014973']","['I79_001734', 'Fgf1', 'I79_009992', 'I79_014973']",3.84e-05,0.0209,Growth factor receptor binding,101,True,True
Function,GO:0005178,4,145,10029,"['I79_001272', 'Fgfr1', 'Ccn2', 'I79_025172']","['I79_001272', 'Fgf1', 'Ccn2', 'I79_025172']",5.81e-05,0.0213,Integrin binding,101,True,True
Function,GO:0005102,9,1451,10029,"['I79_001272', 'I79_001734', 'Il19', 'Fgfr1', 'I79_009992', 'I79_014973', 'Ccn2', 'Nppa', 'I79_025172']","['I79_001272', 'I79_001734', 'Il19', 'Fgf1', 'I79_009992', 'I79_014973', 'Ccn2', 'Nppa', 'I79_025172']",0.00015,0.0494,Signaling receptor binding,101,True,True
Function,GO:0005539,4,188,10029,"['Nod2', 'Sulf2', 'Fgfr1', 'Ccn2']","['Nod2', 'Sulf2', 'Fgf1', 'Ccn2']",0.00015,0.0494,Glycosaminoglycan binding,101,True,True
Keyword,KW-0401,3,79,10029,"['I79_001272', 'Adam8', 'I79_025172']","['I79_001272', 'Adam8', 'I79_025172']",0.00022,0.0447,Integrin,101,True,True
Keyword,KW-1015,7,813,10029,"['Pros1', 'Il19', 'I79_009992', 'Ccbe1', 'I79_014973', 'Adam8', 'Ccn2']","['Pros1', 'Il19', 'I79_009992', 'Ccbe1', 'I79_014973', 'Adam8', 'Ccn2']",0.00013,0.0447,Disulfide bond,101,True,True
KEGG,cge05202,4,122,10029,"['Tspan7', 'Lmo2', 'Jup', 'Rxra']","['Tspan7', 'Lmo2', 'Jup', 'Rxra']",3.02e-05,0.01,Transcriptional misregulation in cancer,101,True,True
Keyword,KW-0648,2,176,10029,"['I79_009808', 'I79_025066']","['I79_009808', 'I79_025066']",5.53e-05,0.019,Protein biosynthesis,104,True,True
