,PRJEB33024,PRJEB33024,PRJEB33024,PRJEB33024,PRJEB33024,PRJEB33024,PRJEB33024,PRJEB33024,PRJEB33024,PRJEB33024,PRJEB37009,PRJEB37009,PRJEB37009,PRJEB37009,PRJEB37009,PRJEB37009,PRJEB37009,PRJEB37009,PRJEB37009,PRJEB37009,PRJEB37009,PRJEB37009,PRJEB38542,PRJEB38542,PRJEB38542,PRJEB38542,PRJEB38542,PRJEB38542,PRJEB38542,PRJEB38542,PRJEB38542,PRJEB38542,PRJEB38542,PRJEB38542,PRJEB38542,PRJEB38542,PRJEB55916,PRJEB55916,PRJEB55916,PRJEB55916,PRJEB55916,PRJEB55916,PRJEB55916,PRJEB55916,PRJEB55916,PRJEB55916,PRJEB55916,PRJEB55916,PRJEB55916,PRJEB55916,PRJEB55916,PRJEB55916,PRJEB55916,PRJEB55916,PRJEB55916,PRJEB55916,PRJEB55916,PRJEB55916,PRJEB55916,PRJEB55916,PRJEB55916,PRJEB55916,PRJEB55916,PRJEB55916,PRJEB55916,PRJEB55916,PRJEB55916,PRJEB55916,PRJEB55916,PRJEB55916,PRJEB55916,PRJEB55916,PRJEB55916,PRJEB55916,PRJEB55916,PRJEB55916,PRJEB55916,PRJEB55916,PRJEB55916,PRJEB55916,PRJEB55916,PRJEB55916,PRJEB55916,PRJNA1130622,PRJNA1130622,PRJNA1130622,PRJNA1130622,PRJNA1130622,PRJNA1130622,PRJNA1130622,PRJNA1130622,PRJNA1130622,PRJNA1130622,PRJNA1130622,PRJNA1130622,PRJNA1130622,PRJNA1130622,PRJNA1130622,PRJNA1130622,PRJNA1130622,PRJNA1130622,PRJNA1130622,PRJNA1130622,PRJNA1130622,PRJNA1130622,PRJNA1130622,PRJNA1130622,PRJNA1130622,PRJNA1130622,PRJNA1130622,PRJNA1130622,PRJNA214684,PRJNA214684,PRJNA214684,PRJNA316065,PRJNA316065,PRJNA316065,PRJNA316065,PRJNA316065,PRJNA316065,PRJNA316065,PRJNA316065,PRJNA316065,PRJNA316065,PRJNA316065,PRJNA316065,PRJNA393479,PRJNA393479,PRJNA393479,PRJNA393479,PRJNA393479,PRJNA393479,PRJNA393479,PRJNA393479,PRJNA393479,PRJNA393479,PRJNA393479,PRJNA393479,PRJNA590485,PRJNA590485,PRJNA590485,PRJNA590485,PRJNA590485,PRJNA590485,PRJNA590485,PRJNA590485,PRJNA590485,PRJNA590485,PRJNA590485,PRJNA590485,PRJNA590485,PRJNA590485,PRJNA590485,PRJNA590485,PRJNA590485,PRJNA590485,PRJNA590485,PRJNA590485,PRJNA590485,PRJNA590485,PRJNA599947,PRJNA599947,PRJNA599947,PRJNA599947,PRJNA599947,PRJNA599947,PRJNA599947,PRJNA599947,PRJNA599947,PRJNA599947,PRJNA599947,PRJNA599947,PRJNA599947,PRJNA599947,PRJNA739051,PRJNA739051,PRJNA739051,PRJNA739051,PRJNA739051,PRJNA739051,PRJNA739051,PRJNA739051,PRJNA739051,PRJNA739051,PRJNA739051,PRJNA739051,PRJNA739051,PRJNA739051,PRJNA739051,PRJNA739051,PRJNA739051,PRJNA739051,PRJNA778050,PRJNA778050,PRJNA778050,PRJNA778050,PRJNA778050,PRJNA778050,PRJNA778050,PRJNA778050,PRJNA810994,PRJNA810994,PRJNA810994,PRJNA810994,PRJNA810994,PRJNA810994,PRJNA810994,PRJNA810994,PRJNA810994,PRJNA810994,PRJNA810994,PRJNA810994,PRJNA810994,PRJNA810994,PRJNA810994,PRJNA839086,PRJNA839086,PRJNA839086,PRJNA839086,PRJNA839086,PRJNA839086,PRJNA899862,PRJNA899862,PRJNA899862,PRJNA899862,PRJNA899862,PRJNA899862,PRJNA899862,PRJNA899862,PRJNA899862,PRJNA899862,PRJNA899862,PRJNA899862,PRJNA899862,PRJNA899862,PRJNA899862,PRJNA899862,PRJNA899862,PRJNA899862,PRJNA899862,PRJNA899862,PRJNA899862,PRJNA899862,PRJNA899862,PRJNA899862,PRJNA899862,PRJNA899862,PRJNA899862,PRJNA899862,PRJNA899862,PRJNA899862,PRJNA899862,PRJNA899862,PRJNA899862,PRJNA899862
,ERR3374020,ERR3374021,ERR3374022,ERR3374023,ERR3374024,ERR3374025,ERR3374026,ERR3374027,ERR3374028,ERR3374029,ERR3972086,ERR3972087,ERR3972088,ERR3972089,ERR3972090,ERR3972091,ERR3972092,ERR3972093,ERR3972094,ERR3972095,ERR3972096,ERR3972097,ERR4184070,ERR4184071,ERR4184072,ERR4184073,ERR4184074,ERR4184075,ERR4184076,ERR4184077,ERR4184078,ERR4184079,ERR4184080,ERR4184081,ERR4184082,ERR4184083,ERR10745711,ERR10745712,ERR10745713,ERR10745714,ERR10745715,ERR10745716,ERR10745717,ERR10745718,ERR10745719,ERR10745720,ERR10745721,ERR10745722,ERR10745723,ERR10745724,ERR10745725,ERR10745726,ERR10745727,ERR10745728,ERR10745729,ERR10745730,ERR10745731,ERR10745732,ERR10745733,ERR10745734,ERR10745735,ERR10745736,ERR10745737,ERR10745738,ERR10745739,ERR10745740,ERR10745741,ERR10745742,ERR10745743,ERR10745744,ERR10745745,ERR10745746,ERR10745747,ERR10745748,ERR10745749,ERR10745750,ERR10745751,ERR10745752,ERR10745753,ERR10745754,ERR10745755,ERR10745756,ERR10745757,SRR29672912,SRR29672913,SRR29672914,SRR29672915,SRR29672916,SRR29672917,SRR29672918,SRR29672919,SRR29672920,SRR29672921,SRR29672922,SRR29672923,SRR29672924,SRR29672925,SRR29672926,SRR29672927,SRR29672928,SRR29672929,SRR29672930,SRR29672931,SRR29672932,SRR29672933,SRR29672934,SRR29672935,SRR29672936,SRR29672937,SRR29672938,SRR29672939,SRR950107,SRR950108,SRR950109,SRR3284443,SRR3284444,SRR3284445,SRR3284446,SRR3284447,SRR3284448,SRR3284455,SRR3284456,SRR3284457,SRR3284458,SRR3284459,SRR3284460,SRR5812570,SRR5812571,SRR5812572,SRR5812573,SRR5812574,SRR5812575,SRR5812576,SRR5812577,SRR5812578,SRR5812579,SRR5812580,SRR5812581,SRR10493847,SRR10493848,SRR10493849,SRR10493850,SRR10493851,SRR10493855,SRR10493856,SRR10493858,SRR10493859,SRR10493860,SRR10493864,SRR10493865,SRR10493866,SRR10493867,SRR10493868,SRR10493869,SRR10493873,SRR10493874,SRR10493875,SRR10493876,SRR10493877,SRR10493878,SRR11184908,SRR11184909,SRR11184910,SRR11184911,SRR11184912,SRR11184913,SRR11184914,SRR11184915,SRR11184916,SRR11184917,SRR11184918,SRR11184919,SRR11184920,SRR11184921,SRR14860925,SRR14860926,SRR14860927,SRR14860928,SRR14860929,SRR14860930,SRR14860931,SRR14860932,SRR14860933,SRR14860934,SRR14860935,SRR14860936,SRR14860937,SRR14860938,SRR14860939,SRR14860940,SRR14860941,SRR14860942,SRR16796943,SRR16796944,SRR16796945,SRR16796946,SRR16796949,SRR16796960,SRR16796971,SRR16796972,SRR18163655,SRR18163656,SRR18163657,SRR18163658,SRR18163659,SRR18163660,SRR18163661,SRR18163662,SRR18163663,SRR18163664,SRR18163665,SRR18163666,SRR18163667,SRR18163668,SRR18163669,SRR19256295,SRR19256296,SRR19256297,SRR19256304,SRR19256305,SRR19256306,SRR22246869,SRR22246870,SRR22246871,SRR22246872,SRR22246874,SRR22246875,SRR22246876,SRR22246877,SRR22246878,SRR22246879,SRR22246880,SRR22246881,SRR22246882,SRR22246883,SRR22246884,SRR22246885,SRR22246886,SRR22246887,SRR22246888,SRR22246889,SRR22246890,SRR22246891,SRR22246892,SRR22246893,SRR22246894,SRR22246895,SRR22246896,SRR22246897,SRR22246898,SRR22246899,SRR22246900,SRR22246902,SRR22246903,SRR22246904
iModulon,,,,,,,,,,,,,,,,,,,,,,,,,,,,,,,,,,,,,,,,,,,,,,,,,,,,,,,,,,,,,,,,,,,,,,,,,,,,,,,,,,,,,,,,,,,,,,,,,,,,,,,,,,,,,,,,,,,,,,,,,,,,,,,,,,,,,,,,,,,,,,,,,,,,,,,,,,,,,,,,,,,,,,,,,,,,,,,,,,,,,,,,,,,,,,,,,,,,,,,,,,,,,,,,,,,,,,,,,,,,,,,,,,,,,,,,,,,,,,,,,,,,,,,,,,,,,,,
0.0,-0.3049919024788694,-0.46018814592979496,0.2902143824896368,0.3920622614287301,0.11150376288466671,0.19908005623800032,0.5879396796221885,0.4489720317788503,0.03603353684299233,-0.058658593398563816,-1.184212272397377,-1.125229300561206,-0.3342884494988702,-0.21455974642130102,-0.9193912975440294,-0.8525854957935203,-1.9489634194063805,-1.8469201976269087,-2.2354553613473316,-2.0028370264461293,-3.7183134219496217,-3.6617651080210774,-2.5855548564328883,-2.6181925992003663,-2.5579703207190274,-2.6285792842518263,-1.5393849820414718,-1.421685847068085,-1.507051595788755,-1.4623992424674443,-1.889939461018997,-1.9294547697981896,-1.2245252669545073,-1.274789861560782,-3.447143685414445,-3.200909514197651,-1.8413955589574773,-1.88837154524262,-1.7927586596073124,-1.8494972989681062,-1.0415506747488337,-1.1129474441670995,-1.0710115343756792,-1.021343043398444,-1.4675703742703792,-1.3620718899876283,-1.3870643266705887,-1.4740514710635189,-1.5863314257685415,-1.4879695107174749,-1.5947291245472843,-0.9695917183813069,-1.0265619163715898,-0.9404229000353183,-1.1195453936609034,-1.6594399662932633,-1.6773436498659438,-1.6486605167686923,-1.655296930320727,-1.8070804642703342,-1.72535972058124,-1.790755822863339,-1.8265222248104014,-2.0567220742883268,-2.1938950118360743,-2.155647442581958,-2.231314864395611,-1.0103716330592023,-0.9428162013018714,-1.105866346674567,-0.999497308065001,-0.5530820507417255,-0.5776239370658063,-0.7442922201335727,-0.7641641424869736,-2.5157879064960516,-2.4143446220878646,-2.494624078158545,-2.3409202888527916,-2.1443099909357035,-2.320181627791029,-2.2103375978632327,-2.081396404536578,-4.417410083112966,-4.386858278016109,-4.677497877163723,-4.523680703558567,-2.470727366362745,-2.507861240356142,-4.357653186909451,0.6744370557219903,0.47134847683505293,-1.2919540962637885,-1.2802504581485805,-5.267921268385789,-1.7479739519236892,-4.425646203443046,-1.8126686406029988,-1.816900635873832,-1.4497631308864272,-4.80118699403051,-3.7263605500209414,-3.750052925025642,-0.7402188946322278,-0.8069578087838406,-0.6875169453060739,-0.757822179847171,-3.571872362745281,-3.6727001347023345,-3.7319136418028735,-3.6730135082374775,-1.0867455042888323,-1.2748237129858235,-1.0869157760521146,-3.038308366326905,-3.0375455858309546,-3.0493577169996304,-2.999002428052077,-3.125525296217205,-2.894484707593164,-3.354656149267973,-3.2782760449281207,-3.3881384819443348,-3.5046020263452267,-2.6347781939339034,-2.5300552046789653,0.6535564484800852,0.6881757991086588,0.7588671900779556,0.5759579232726506,0.5104743178554013,0.6559248132811547,0.5161383388196416,0.49753889432901244,0.2833530271037782,0.34183945463048854,0.13592119486534396,0.1541141418227774,-1.2406356286124973,-0.9453276342832043,-0.5756800807428355,-0.4120565858745103,-0.381492812164339,0.5316912852987092,0.4961248970889091,1.2524502597536882,0.8660824066223628,0.8162753406485813,0.08040693909125855,0.22754562494673275,-0.14524567382934578,0.007460128965777677,0.42803347522248336,0.4264612025071702,0.06252819559230746,-0.18903122419043625,0.3203683130166294,1.350395757794346,1.2479574585869904,1.414970485362778,0.20379110407793788,0.12551319865600655,-0.4762001769716158,-0.4746018860109917,-0.3195871843689197,-0.11937388463713257,-0.8200329162383553,1.0886633257364893,0.3713917736769501,-0.8591235846658016,-0.2449067256556669,-0.7121784267604551,-0.7315727566423068,-0.799433608561042,1.4416902298642789,2.9602032555909625,3.104239882686066,2.935738609652078,3.051514779742854,3.042085857374703,3.057203027157847,2.117005417420889,1.3487993777096168,1.288629167000937,1.205287449118511,1.6480388013825564,0.9500940339305601,1.506986846131992,1.4457230018124172,1.4497251756721055,2.2534737228156665,2.1813469931220184,-0.857195787896346,-1.0432159697797534,-1.1784445185996661,-1.0303640160975682,-1.8796760666289796,-1.9565047318381128,-1.927878142065367,-2.05167687136727,3.4534157125266187,4.630204172374898,4.707921657973438,4.266335534805976,2.1325580152049657,-0.05875151981518767,-0.031138888341445178,-0.34432690696298246,-1.0381937693417822,-2.484002636834449,0.967216972239561,1.3920488851607815,1.183334712974667,0.47956669318789497,-2.1304479794394404,-0.489416656400947,-0.6700671620400165,-0.4056649779931022,-0.4756505366962747,-0.6142302749290274,-0.6186586070398755,-2.1120309733770783,-2.228392472846426,-2.447374144592733,-5.865703313750059,-5.822159091836749,2.094377283885416,1.9281324017272128,1.8399547174397097,-3.4140240197347214,-3.316745100481381,-3.1791694676520144,-6.917996060936896,-6.8024054419617865,-6.9454202469839466,1.471965462820555,1.3225134894890194,1.445769162295355,-4.5229591059795125,-4.4837689417639615,-4.465722496725276,-6.615866408028369,-6.5899433357263,-6.486337599124194,2.402562214372605,2.226211551344038,2.463722542091085,2.3137239626545267,2.231660906005913,2.0957019226702385,-3.379101744879399,-3.4536759276055307,-5.7359443810960835,-5.6025789874831515,-5.636893396279426
1.0,34.744684887689395,34.97827776384519,35.24988596353378,34.91242166652272,35.76635185174461,35.16822601328688,34.85931377943178,35.40962420067844,35.24520166430901,34.6322543788917,32.1036318200376,32.64321927369044,31.677890375028262,31.913848795095618,32.550230136415905,32.65671379557347,34.218495237653244,33.422292939889395,32.77631915334919,32.78320466584469,33.09882570591822,32.772718330824894,31.91331731990324,31.99865686806244,31.620101386891488,31.383126714317417,31.752061211621523,31.33529872073754,31.386877153822198,31.75867297986275,31.86055579534672,30.89119318106814,31.82357020279723,31.85662426840896,32.338288379171225,32.718523339982156,34.072756900376504,33.922426514895875,33.66292999375901,33.79629416888553,33.29565229579918,33.12162496921711,32.87888017449643,33.01745216653572,36.171504647876,35.95346485363744,35.85879326247635,35.99995326692348,34.76393901035495,34.61718909452652,34.54545965444936,28.674496154832262,28.472681500408658,28.43245610053471,28.441227914028108,34.344529478202624,34.09537345933606,33.91638849503325,34.0946415688203,34.52524202630897,34.19182775014261,34.06171081217258,34.20418140094796,32.0593120253488,31.813302652803817,31.70403103989411,31.738660193418845,30.793482302691437,30.648908267424563,30.574654731505,30.589870172137893,30.151534685157717,29.98803025830616,29.875207018563263,29.843924584414218,32.04517386995976,31.89532339366632,31.619098823002417,31.624611419268035,31.653362461968264,31.218982009222664,30.94965239086411,31.12731692797199,37.1079877987188,37.27912549531437,34.515241694270394,36.70310231380647,35.94796779116731,34.525247662043796,36.46235900378416,39.09104613184674,39.96992318215806,39.89580294393417,39.75302886554073,39.47171825388085,39.94496058895476,35.000986346762154,38.793547781580706,40.12671926450211,39.55662839917649,38.61120912092188,35.05325676979434,37.35202702887476,31.944672852959016,36.76470826508633,36.89284380311763,38.347217962979585,36.30538329047435,37.37322068320024,37.41648240330904,36.607063582433504,33.80242557262229,33.9103984054779,33.353080105473296,32.87331957730727,32.85595110124699,31.968779767129956,31.983844408536314,31.40043773596727,31.269635331129574,29.95995537324202,29.970954845417022,29.883022093190537,29.765096232811644,30.50125403950977,30.565997123919686,36.02827070666283,35.98749980139253,36.698096779213955,36.62706857296562,35.671975760206315,35.80686460327289,36.346795853616165,36.52705960774916,37.12094062529379,37.22167717242813,36.224693287261026,36.37283035376577,33.873165817522334,35.42550488312075,29.834707130636982,26.842454009200686,30.23893758122211,29.589198989141977,33.84875286664357,27.294432298620247,27.104714556472633,28.90670341772547,33.9770103482381,31.16041322793996,32.40679628290915,29.755782943145668,30.868828200329407,30.37932557324801,32.87557393513802,32.965418009497554,27.505530991339608,30.131260302936017,27.205436566099674,26.064061687473355,38.05119095270189,37.1207447476968,37.82715177822703,37.42360135553724,37.6760391365839,38.142094225774514,38.24884422016385,37.60948293829278,38.01179452602726,38.72213716307143,37.72046032834529,38.81502158178337,37.63230751869268,38.220881537328566,37.70265993289855,37.94373803759613,37.46036853375409,37.68720060234409,40.44054030139187,38.74176911926383,38.20153757757807,38.352774937929006,38.38291925648313,38.29156832186544,38.24345768105184,38.15307173525225,39.999699975321036,37.78337426332788,36.8660387841802,37.57914913538454,38.3356693418318,38.614980122442596,27.313810307823843,28.185843572612143,27.40139117487985,27.81848633760622,27.712560517531568,28.743443756773896,27.84965336372998,27.416083438149172,34.25638691784101,33.51388224759598,33.21730029126722,34.08345525399156,34.148367368737276,32.001887303296805,32.829000962663756,32.682869451455645,32.98219074350715,32.14515258646702,30.43261247293576,31.167186055624374,32.85032916280109,32.72382309033457,31.048277890414823,38.05174699410849,37.605709281102556,36.44303928819976,47.70987589411202,50.10837228085103,44.841457231560995,41.40901435535,44.05466911032105,44.364185081582605,42.78019102701726,42.66837421909276,42.503376528793304,42.91150780925398,43.190070495123955,43.3513268626949,42.602042255696475,43.15172399983207,41.33671069849317,41.97266990957901,43.26094085644839,43.3265343601395,45.06629582671541,44.23446987288793,41.88064839761912,43.15352152577194,42.335567584844185,44.389907983621214,44.56002482634941,43.87556190433234,42.786310911135494,43.00824425743445,42.37868808010606,43.8405172943777,43.59423873295458,44.689866397188744,44.89691875192878,44.66271435423896,43.58215190849574,43.69562673089556,42.02068405573306
2.0,2.1688317685018443,2.3550573468667944,3.328940776086669,3.264756334313814,2.448005482495688,2.570377477908888,3.6721720253213297,3.739821302528208,5.606049219144997,5.676714909217625,3.41314738781129,3.4874588339086916,2.3711588533242205,2.4179351340316018,2.7168064701020773,2.901295475674666,2.8849484369860514,2.8178636849315373,2.662703864716571,2.6230878037168095,2.264278717444734,2.1253992632426204,4.836209205075717,4.9414782865578655,6.894862091563129,6.639721204373267,6.459360668811283,6.468695725797836,5.497613712603787,5.6678392847940815,5.865366901506048,5.661914888192204,5.730143005784106,5.799414905211165,5.946620618869734,5.789839071132405,4.577261474139668,4.549004501883009,4.587313586092247,4.591210932029107,3.975153675892704,3.990403797131088,4.074056205784556,3.842270549243189,5.436028004231085,5.411458337662297,5.358659370793902,5.442612439238882,5.519237764641171,5.716399551627965,5.547299570690989,3.1890526700760464,3.1219400235667605,3.094366171410732,3.133971913785361,3.200758916777244,3.1251736981953524,3.225186534542212,3.108231108336886,4.431683949827081,4.341706876355721,4.452375996357417,4.231647572543316,5.03908935276483,4.973035554134583,5.016700555894246,4.951577674440667,1.8462504649767464,1.7267890739442322,1.7226925239134214,1.7644221566024996,1.574503446616072,1.5810008468076333,1.5662568779232098,1.448518385459435,3.032107930351697,3.193436027044556,3.1800137521801615,3.0536720228280245,3.5676798734223745,3.2563352959709784,3.5458672175225443,3.413797973919361,3.7351347946639306,3.689251490583575,3.7360666942513543,3.9851758579357837,1.695551991143514,1.6530685542582537,2.1834530757106965,5.1150857624121535,4.9264281959135285,1.926706396549724,1.7669889256092386,2.772429699212111,1.9634494010728822,2.220451713003971,1.5100330363989958,1.3463108295880204,1.9230132996253957,2.122540266674388,3.7635909055160424,4.02063745343341,3.3298362830360038,3.8422161075389525,3.637684640992396,3.7249170184296583,3.9808428248140064,3.65718466906172,2.0755731790766863,2.165872409454103,5.735627878315989,5.885634236995622,5.605072654838509,2.6693372513520277,2.690734209920283,2.6737616235759454,2.8108941324726633,1.8512309794984532,2.0230523482762077,10.266691063293822,10.249393613738128,10.282588850260208,10.174801456086694,8.135926364161474,8.15863186176426,1.591981268729624,1.5360134901357654,1.7723361565069915,1.977907195101654,1.7327010525177196,1.830378346608195,1.740427146635433,1.7920928755194483,2.1089667414881976,2.100545362059118,1.6555895381215429,1.7103819044477486,5.029669116709479,5.890801614874787,5.307144370276893,5.312449856796805,5.859089252856853,3.1196287256990374,2.8230088672647646,2.6746673818253264,2.668294931560548,2.787412750649528,3.696933441795661,3.6240679955928776,3.4196712364799122,4.2038429345258,4.502814790159287,4.392639317863799,5.051504976287475,4.8600481231204675,4.682525762765394,5.170837261830084,4.966903381044364,4.9458448545277385,5.587169855176125,5.248345901830675,4.546620042359611,4.903647299213215,5.615844689666754,5.856469785722674,4.283828699960103,6.013733804612019,7.180728639371434,3.912494218448833,8.080692665546145,8.946839116294603,4.970386943845736,5.317189722138183,5.969814825913965,5.54921936859298,5.516880761492628,5.817185274919514,5.046982955046738,5.243906384035579,5.212106199256989,5.261883589191122,6.620830654646861,6.477321308650645,6.504703192460211,6.6983974814816944,7.055010149784483,6.772466625345976,5.840275739523284,6.079512135899586,5.104099583231032,5.133445172393247,2.962382773639507,2.9102334765274525,2.976954671995499,2.96051565095647,1.9468350017460319,2.015526378863987,2.1555582995187805,1.9608017678145782,8.777761655463532,7.031736628507314,5.701180651808952,4.916880447515452,3.137911522732508,6.494970179071829,5.260023483716577,4.890438508212141,4.692691990640734,3.5642721987648844,6.0981804087358125,4.799682304149146,3.5717039839544054,2.346311114707129,1.7383672444683835,5.21170299412978,4.921523684519276,5.031465124957613,4.998386548059118,5.212582609467816,4.925278755488206,2.4882706179923906,2.397828324202859,2.483318435744785,3.5521108573919005,3.46561701371031,1.1139398666493303,1.2192848749371628,1.218260713517516,2.291924353229815,2.4995103049150753,2.221026788793699,2.5942856347217322,2.586157003337438,2.517645630659808,2.9440220517969413,3.034908425326865,3.0872224805019384,3.390461983100095,3.471113197806633,3.4825314469412394,3.245630308428119,3.17891870250219,3.174727590579594,2.761836911693438,2.789023660031696,2.9603823743295896,1.160120997727935,1.345020816487141,1.3840775696544387,3.0139646349828784,2.807267503728508,3.1852819591286172,3.3233961992934358,3.24963670461831
3.0,9.186898293666871,9.334180632127065,8.664832062017638,9.415017538233629,7.157680520450422,8.175848366236604,8.579752671936337,7.680883560938554,8.005153533419442,8.2527105646853,14.926972506969397,14.626669495377683,14.697711474043246,14.637391905569384,14.764024405407113,14.655971120219268,13.576219414093075,14.21687402663791,14.216549706527088,14.067413919301238,13.48651374596816,13.563428545818422,14.828781013361457,14.683167516981626,14.488598713910278,14.79457112607809,14.458115450451047,15.116957886003867,15.285453772124859,15.063125523431879,15.147333718797583,15.560560726166617,14.630786316019364,14.598906031034648,14.523072257168076,14.533392068480584,13.803575901500551,13.827594814885352,13.749737025539625,13.668758795352257,14.071539132074594,13.94976528373058,13.993164584915247,13.824598946456126,13.020818930394608,12.91708486079773,12.990841545586463,12.884828330564606,13.070484543321996,13.249724113785831,13.152583653478313,15.618446960521052,15.553040274964307,15.815215732185221,15.787187507568579,13.811806754461427,13.966009189549737,13.886270077840209,13.850859237880659,13.359633105251135,13.590938094425493,13.259431867197591,13.237302278864846,14.707463065514371,14.75719597541891,14.6396406593161,14.710243797543622,15.085941818360983,15.297369377973045,15.540695224393694,15.288604295948081,15.83955231479979,16.14407966858293,16.250197723135972,16.214944564551516,15.922438727357221,15.922038451565676,15.934442958323636,15.778435831396937,15.6533921819047,15.877766125423705,15.603739690051675,15.88547639237748,8.372916719058288,8.101063224789286,9.087998967546646,8.316781964910884,9.454328791442357,10.030123475495577,8.719453800828031,7.540864704888618,7.900005582781149,7.629480288038625,7.529416228508327,7.4971177975961,7.510159153812549,8.727113084494999,8.170476071555232,8.118866131061798,8.017500445194106,8.09184856840096,9.510604928916418,8.974548004198194,10.377380518275906,8.491925222481267,8.475288427431895,8.198323814582967,9.196595079184181,8.91900654839943,8.651344088262917,9.25427309610691,11.445446934498598,11.114156371500904,11.25693808981299,11.17539297859291,11.123910180093663,11.894448913948978,12.035306928242282,11.725731442894777,11.617523949233071,13.195283321289688,13.101011613864298,12.869266608317385,12.726194354524141,13.040443757847854,13.150773021763563,9.565681015996908,9.657609386706145,9.473562212133555,9.545143267139185,9.661910953756486,9.79235513273677,10.01720487138521,10.13094818306926,9.369992343794994,9.363866813498973,9.61701706758923,9.65143937822597,13.737620377741475,11.985464376957673,9.55059452270035,12.582712383664854,8.89018614301752,14.86685802366404,13.44721138428002,12.294191578127474,12.371753416162175,12.193504054836577,10.286407152431739,13.144282897957758,9.843355133897997,10.237875747148534,8.1911795159716,8.598608125989976,8.508005116099607,8.23265215794368,11.883710274340126,8.410972324399538,12.094780564321722,12.555321088759355,9.790306532829803,10.598671665755495,9.924226238861646,10.136471125375158,10.329803308473632,10.077649188487033,9.724669872359227,9.8761326996701,9.599332350203879,9.749942788090607,9.92279496022953,10.47305346492429,10.53136675434425,9.805953634342838,7.725724232714988,7.252576330964647,7.640436253498485,7.496723088369036,6.460336338184283,7.480541541328536,7.606518210347712,7.528088088649555,7.3822310288857595,7.112038850150044,7.245028679850761,7.482313712549546,7.522175378858851,8.370253558785258,7.717369505026038,7.801249084989401,7.727195586247816,7.81526678021368,11.523096963852886,10.937990860834379,10.812466446528049,10.880109512764115,10.75836155282273,10.544750106871717,10.906678730897205,10.7211399907845,11.969853255856858,11.086394996183664,10.787358367911576,10.683579066674225,10.852548849549125,10.732166255604895,10.045692595491724,10.525922115687028,11.09016488231536,11.98460924716951,12.77066840694686,12.007622386533818,11.466839382336229,11.60783679392755,12.647837018175288,5.783432819393057,6.590565671089636,7.240778233041209,-4.701849971276545,-5.652856551721482,-0.16352100857944674,9.220042135102489,7.184481869891798,6.546421099630851,7.394750060850549,7.365718018671637,7.886880583849208,7.4857644869582955,6.928301037732081,7.564619910996551,8.111719788927001,8.252086972204822,8.370836003300505,8.042113870070608,6.71348059744456,6.2629799589620445,4.470340685973483,5.249938824174047,8.09696476364351,7.596490402454647,7.310401724840976,5.084724259384048,4.4124416948213305,3.9489516202591943,6.5396604777631735,6.078694021787669,6.717735153202607,6.223627929560064,7.429254920995566,5.800067451352388,6.282789100530478,6.784615635415427,6.552296246239635,6.073325255849046,8.207874086412609
4.0,12.074161410302,11.930028765547444,13.148973534443098,13.51836723493322,12.263579743710565,12.753395735752196,13.21106154237497,12.926677707182513,13.758774107748923,14.069972363291601,11.497957686807467,11.366980147738087,11.34440745130317,11.286581183196148,11.702283236596493,11.76718975448869,11.314462216138761,11.41254253726137,10.045678078153362,9.887710723901035,10.035796660605595,10.262519681588511,13.41454028581644,13.429793583666811,15.214923390677384,15.255269841798308,14.520982486297248,14.478448735023845,14.355214814636671,14.30402440548711,14.04326132403412,14.160125057433982,14.407424872019924,14.368000744619437,12.907010995692056,12.957915963495996,11.896915455649776,11.929922658932924,12.02739394584399,12.117873705930768,11.65421761127818,11.694072656324915,11.627697529348664,11.59957826595681,12.019771312798653,12.20216426427934,12.20415206524252,12.08417276559713,12.16385262664007,12.307791819850902,12.361337258073162,12.245830689763244,12.119003041804097,12.245740768923515,12.181346202345047,11.640229435889472,11.710778124680756,11.74581703367239,11.70776445521558,12.239015774803061,12.26869325312587,12.283590092682601,12.660648998874912,12.08321873429092,12.146477388883245,12.193723239521619,12.191772823716557,12.53390526585799,12.595097267370184,12.487277174089161,12.458134033323635,12.5223440689916,12.71287943506629,12.444323317020782,12.331671752916238,11.914380780483558,11.926417280926142,11.841054796796964,12.223326749894571,12.073290434812701,12.287819454095658,12.272940562573073,12.520340648440634,12.74371996832337,12.73020782875292,12.782114200844195,12.717660085142242,12.564796653920922,13.114389205046857,11.525110282430118,15.731188080673641,15.558053333695547,14.471138612880717,14.636840854912077,12.082456859761743,13.036311044379097,11.866308012125884,13.624299585896427,13.410406695935302,12.80414969179528,12.171064487558876,13.2721371164662,13.855917687078605,15.21551493300658,15.166729445362433,15.185289342912458,14.57777021051195,14.123937058445344,13.284644127193213,11.894410763168208,11.782713202154193,19.504004015066556,20.073807443080913,20.182770305607086,12.159592667600236,12.376838772571489,12.314030378694198,12.21461746553912,12.338220280394069,12.143270103425419,18.44249716299451,18.184020713107877,17.82521125747625,17.907127914117478,16.424054445067537,16.46960601692519,13.481751129397619,13.489785432487386,13.644792540640026,13.690915076103195,13.608214450054653,13.494295941804006,13.669967290039216,13.417242808256983,13.371433384506146,13.254665711347398,13.375865752014539,13.351044007689481,14.821785180206252,14.516799910653795,14.958820810223077,16.160282608537603,15.248498085465929,15.919254996531752,16.124925928866933,16.993918559814336,16.883699974836414,16.81761551630548,14.454374009999977,15.066059566736993,14.905450757712003,15.211706604797591,14.727056107487815,15.018582090070797,14.667709225630436,14.3124749708889,15.221090548357946,14.13558039413953,14.878609563205817,14.784653227049077,13.123639998967674,13.09486550204968,12.553502147803675,12.739427684421534,12.944708637689205,12.998591596938235,12.328873911260423,14.616568743905592,14.304394619158465,12.437537621655306,13.772483743973407,13.518168089693493,12.761637767805734,12.48478377183157,16.475393455718574,15.77651171965838,16.053987794321326,15.758731844142357,15.503421500464817,15.983109278018407,15.9933771139366,14.710749230663914,16.980660013345734,16.679753172554044,16.598700420875094,16.601023682004666,17.118332035599323,17.1565354316967,16.798414675873353,16.781320880257535,14.833258879018882,14.383343513691575,16.99268924950821,17.17282399944785,17.032740214918697,17.224415024444802,16.00923355202846,16.022274641288853,16.202327942901576,15.9880001216202,19.733445163929826,17.951588065942673,17.13605118264111,15.926464844961746,13.936912513151583,17.903078117150038,16.9947138051983,16.48934471702876,15.421119692806261,13.785161539654254,18.655028832897038,17.829081755394434,17.196241357986285,15.560137641932439,14.249991792691496,12.91548628635324,13.227346024099461,13.461276009601058,8.59795872759564,8.326628420795052,8.756368656570572,13.432320080191278,12.949599937174312,13.1383119351443,13.172392726903528,13.064144199841799,12.63120150897429,12.48052671767668,12.25633652758777,13.924211172817648,14.308208574232186,14.016661593825933,12.712771383542261,12.705622236486866,12.530636566604029,11.407647650032457,11.16605595763153,11.30925501520461,13.008544159746785,12.873274733271552,12.765334481867406,11.599712776152222,11.328565206630522,11.439793248232967,14.575410590397528,14.574701203042116,14.655228195157305,12.348822871261486,11.994724606739691,12.22868901027044,13.139551682975645,13.109029938236041,12.059024704086003,12.206724278717067,12.312462750275321
5.0,19.856304889794753,20.469117822227,16.54527321454664,20.70481474862048,14.156037007996748,16.29243947793178,17.83701956638008,15.417237320135367,15.031769550860515,16.601401372126084,34.058377107430864,33.33593297455807,33.382579009149104,33.05718214722033,32.23636546618515,32.10362565882816,31.242994679528792,31.662786444153024,31.947688402457366,31.35539308827132,31.749766932980688,31.802013904607193,30.269114074146632,30.35654402858443,31.482489575902996,31.716242250181494,30.389637233754243,30.636585581647196,32.258067757327,32.19314688720335,32.352943937782285,32.283694503435804,30.919038040004033,31.31105371191378,31.08076215059211,29.67698753899475,31.534750152276104,31.500768560871467,31.65064764926998,31.68320499628067,32.098473036198854,31.957051983548492,32.05914120230942,32.11794664638579,33.1558622355801,33.31647599325551,33.336992346791476,33.23194298546088,31.884537659755384,31.94657497035289,31.961117328155147,31.590149839703713,31.645497034254227,31.658457757417633,31.642969016676066,31.474737214751848,31.55486750157027,31.385775981150747,31.53064610541139,33.06042062185633,33.09579985717966,33.19907375854595,33.14775792024638,31.668137614511913,31.623171431368764,31.699748603893042,31.652257815625173,32.02688076014723,32.10624678197392,31.892580387532476,32.04848973999533,32.32024477198668,32.33588041917305,32.1695715166001,32.23180487324028,34.06641908594701,34.062410248512194,34.04287067017937,34.34190301900396,33.617991406948995,33.4440551711546,33.46639970618127,33.51494888813108,21.842816259581404,21.78536319521454,22.00454309884028,21.891347052394437,22.27329755077265,22.754377559360666,21.501439245786766,17.271390017952378,18.64492321768599,19.438013216301197,18.980187343330797,19.332787714133737,18.550834875347793,19.19348229262104,20.351785664492727,21.398848052078343,20.447979574897595,21.060839935900624,20.011370797834033,21.1779366614336,22.217226994105875,22.136962655800016,21.31956279886009,22.00545742163491,21.249900301740382,21.628005603588623,21.254064140990597,23.392582365331926,27.157932306336765,27.74497627877029,27.539137759165133,16.426156673888013,16.305153671548577,17.644003790864538,17.639468579837462,15.079717544198886,15.1315423380303,17.918879887687577,17.86992958347323,17.025283121537903,16.994292361483623,17.112046934385415,16.978842334859536,25.188307621976204,25.088614225743594,25.380840322422383,25.469464950479562,25.928406059359837,25.79710347762658,25.771085685658605,25.69765245555775,24.786126414567306,24.645635284486392,24.688635875427416,24.63055288445709,30.683236638441727,29.059322703695695,18.384775404548137,25.974348154223875,18.54619011683751,25.568200101047506,26.58233745020886,22.988884006076123,22.99180664274133,22.492204863739158,31.34859400878924,29.18109103349398,22.99665219203782,20.852242120748834,16.121104657677854,18.285805143406485,18.2360639432706,15.101963461608067,23.504077921636352,16.001929376627334,23.498839654802502,22.66316681954434,22.25692800520372,22.457404767748102,21.294699214194733,21.430811563964475,21.78422758129026,21.252239546088685,20.68920493795943,23.461306034712834,23.503803672222137,21.181624094565183,22.728661986384243,23.575126836725175,22.41103264029772,21.10733558962169,23.956993469373216,23.482151452858826,24.275360770397327,23.79590193000765,22.628983610550392,24.404424008616964,24.62208187119389,22.44847691419155,24.374131182815457,23.940155556601166,23.214884624913566,21.43151981583792,25.41521854287371,25.058190275897452,24.342312663102714,24.774666232679277,23.49426979256446,23.25420143139022,13.082103060696515,11.064636330813652,9.471385798554673,10.4150170630782,10.339375722687205,11.330327486253061,11.268496416246224,10.448819288419568,28.008739692949074,26.59446942776712,24.700285040309872,24.86772195057031,24.312953623741993,27.89412579817205,26.06214118765229,26.456643530398456,26.837290174304822,29.154193998478906,28.556863282358975,25.90219263545666,25.842920039020832,25.078953809106757,27.1409013440772,23.416275523084874,24.068158624117697,24.32628593476168,14.884631865745353,14.246848477785573,19.07397552029846,29.832910932615356,30.419562710142543,27.295610904712028,28.27750233566219,28.219454981545823,27.709415212687365,26.431140867098023,24.98624549359093,24.773565088897286,25.766055383025222,25.737153180631317,28.43210502385371,31.542053446179878,27.961669647258724,24.31325396037537,23.019127611496906,24.10774967568764,22.679397081681056,23.04507239133907,21.848742535887915,21.37730093759272,20.00142136031096,16.61707483531684,25.395818419938443,25.124451598315694,26.18952184962529,27.35183709626222,31.533999684470487,27.571154146142963,25.226251595590522,24.847529268287307,27.645789009809807,26.16622481218527,29.626828912536002
6.0,5.812120630959509,5.9903776905756425,5.524283227907004,5.737290557724217,5.2001088173878065,5.240804743819882,5.372312670650119,5.3418019391179445,4.826645253441496,5.100075777618237,5.603932259010358,5.371232309334378,5.622657475229358,5.56496936140144,6.005272660088595,5.90790572335969,5.793754301093486,5.914944949613977,6.320314317574285,6.455754184310427,5.9318164969472225,6.259541259167558,4.644123275082534,4.617637845607832,4.264064196734303,4.349939789073041,4.119059844527042,4.133448033503096,4.879946595530288,4.998654348514094,5.101617977802302,4.984463054262902,4.6492688527104855,4.59486487285917,4.150550542108941,3.8342644651957043,3.994947932797741,4.146160367645393,4.157931538771573,4.106971533061434,4.112869587318665,3.9945023730394595,4.245390186086566,4.097435244490486,4.130845640217661,3.9441771356177027,3.8514997070715626,3.6206432842817,4.248602238589685,4.261398256454051,3.991331796708649,5.105844872084344,5.076492942172637,5.21195087072671,5.174967598870419,4.282799372363623,4.446571170258139,4.304219963116827,4.183189699355355,3.3916895043313806,3.45430968707477,3.305577380172461,3.4190166065728382,3.2634251378660704,3.277192801137426,3.2804626199648776,3.532666021606871,4.936840060327036,4.729845457183439,5.01414564153624,4.853886976466686,5.093953436956076,4.707763331086374,5.338155919753106,5.086343869912666,4.304714257522491,4.179422762654227,3.9350372973341443,4.230336122216695,4.443841089456791,4.3971186036814025,4.421962876953183,4.580714006966716,4.216496898045082,4.386933598190766,4.411253724813358,4.327928330492988,6.601427525195052,6.450295732765114,4.913188302091897,3.531421912231786,3.3954972366009164,4.568045620930958,4.397180957004028,4.825263486437041,4.513854194788964,5.00845487268764,4.391302575714763,4.292659756446719,4.952810959418338,5.197559748060533,5.107694390603902,4.867429370446386,5.700948331285867,5.357392019280352,5.322359655413377,5.513514931840656,5.063456565556644,4.949916244608212,5.208474938245746,4.92061997201403,5.109911373344999,5.196257486045353,5.296427058230309,1.3985248432655122,1.245569662303227,1.6259921146481258,1.3588795998708596,1.3759235308777233,1.261411277595534,2.3627131598958093,2.447876578579507,2.4235882281495496,2.4335784783256607,3.0970353803020294,2.6065932972283297,4.512450087440834,4.367681603629046,4.074185119635192,3.9253771726114026,4.2666495789733485,4.458663295553228,4.453792315678479,4.329093982552673,4.242303492495908,4.071457194527955,4.2299321057807715,4.325869611154293,1.691721201285949,1.7573491992370212,0.611322565711685,1.0880623110832452,0.5640377244610413,0.9642521370682076,1.5759109504789617,0.7642143384397606,1.1951847112151794,0.5732667058497825,1.7570912293587675,1.5231072290403143,1.7280825845817578,0.9673257989058239,1.188121176704307,0.6162237899406744,2.7349196026448546,2.2435924611859077,2.4931540918478934,1.7844365469737298,1.8894435969086674,1.9600579966895086,3.811002999358042,3.846200936913177,3.7829258575222777,4.100570545300341,5.430941265482423,5.291069222043271,5.045288505331486,2.8643854548566186,3.1028374159575423,5.099069564992829,3.274289077824263,3.270428930651403,4.385918743330925,4.611052550055918,5.347454433896516,5.553177467990217,6.002724027233135,5.762919846457246,6.02694095961369,5.746895354583737,5.74597580573891,4.87487835026943,4.860150542168833,5.106820801885629,5.136747625882639,5.838876174607967,5.731795677309925,6.00510674897983,5.433463764559906,5.2153530407023405,5.223272778363581,5.071928207770931,6.333542118284507,6.4172243822066495,6.421432829337716,6.323711504407074,6.4347664117292105,6.251077360979062,6.410546528298154,6.263038497970838,5.140246491880021,4.8671839031663895,4.860972978512515,5.418508592697434,6.023038479659653,4.343021554924623,4.219645654718496,4.166334917943607,4.135513541201162,5.28266717042209,6.200021209295206,6.06911541341921,5.836133370101378,6.145029012534924,6.640135629687605,1.2511578217567898,0.9641062973381356,1.3292048877175855,0.830893249766635,0.47290167201861166,1.5904096270602088,4.833407339591725,4.534219781306604,4.518130110477965,4.3405385021172975,4.385732518852523,4.8724849031966215,4.922446065347639,4.876065196125888,3.964770580876042,3.771470106793606,4.194332650539865,4.199973895783464,4.282715037182007,4.425159821953187,4.3731466309858895,4.203410057381869,4.405490605771428,3.7086153547323866,3.562920326956296,3.493970534762412,4.015962064295739,3.758392782596443,3.866561915796812,4.755944319692889,4.5415519271528915,5.093016195725312,5.42498068889189,5.539785819192172,5.039965133445255,4.088088460150116,4.298060084786314,5.226653779342822,5.198076460532438,4.85736279477179
7.0,-2.84713640892495,-2.871870078291014,-2.4907236893429996,-2.519571134553132,-2.45633190163613,-2.2713292306916344,-1.9690709471713923,-2.2225495616225217,-1.6145803556842324,-1.8143388439868673,1.905077161324737,1.7726925520221464,1.395319130062397,1.242613402167276,0.6830385386977618,0.7324617168305494,1.1804617480364925,1.170384297353806,1.5840978258970573,1.156425046090778,1.2398927485750342,1.7138288943435818,-2.994756333463796,-2.931469244415176,-2.391182056174671,-2.502563576517783,-2.066926889850656,-2.2738874470402415,-2.3812605072397623,-2.670599879431519,-2.794097388108593,-2.5100661783924867,-2.5546849805207703,-2.633951362010542,-3.1745052661289854,-3.318445016167418,-0.20678051269299402,-0.46393563088586376,-0.192947188143183,-0.45174857345064723,-0.7140780036548939,-0.7447132243010373,-0.6872858057353675,-0.6917439657605016,-0.3121134053607051,-0.44844158511052257,-0.3862799374622483,-0.4210578278165755,-0.3890494479415203,-0.603875067648147,-0.5452452901936162,0.054880102351337,0.025287084520616787,-0.11274640506180944,-0.0248281686413101,0.4221857421270201,0.3144174016189929,0.3994488365291353,0.5090525499514911,0.16200611855127534,0.15443324076141707,-0.11100848580547762,-0.1745126893439597,0.564240508890407,0.4704499946651026,0.45251785145013557,0.4186407019393421,-0.5649907947676205,-0.672550714048942,-0.7726439168276116,-0.9919028076997627,-1.2334459989172082,-1.138971422935274,-0.7163506359891976,-0.888313946998732,-0.08734692730771343,-0.12837816459388307,0.18341552278085516,0.012559720753937853,0.014560244056298188,-0.049464501903806024,-0.2671189390921569,-0.19099523351751557,-0.6065789725981041,-0.867137682061422,-0.9863932703823686,-0.6424417804155524,-0.8289783851349739,-0.74911335287225,-1.0522157935734775,0.9204888643571572,0.4366681751302366,0.2638915618224793,-0.04826472759809164,-0.26625813842732526,0.9436959037519443,-1.1223518951274727,0.701138380189331,0.4684942838996484,0.949653222263386,-0.6158222705924068,-1.5092888068271826,-0.39339428724565906,-1.4032848043223787,-1.3218440274982122,-0.8415981953382392,-0.8553621792823023,-1.4475828970992701,-0.7700038914716245,-1.2236890882249014,-2.204028858684069,1.3114729985883713,0.4216183376189555,0.183115328093848,-1.247685493114762,-1.2587603017600344,-1.4304932615986985,-1.5207034653193645,-0.6945235600776343,-0.7983757794531741,1.6388024905920275,1.6469327635147941,1.5588210604320487,1.7259636381519563,0.8485491541984231,0.7425039832068911,-1.8917860848840036,-1.879833988261062,-1.198898986321531,-1.1639921723965578,-2.989445770907704,-3.142261681528254,-1.1889602645470738,-1.2179903524497249,-1.7425433979765508,-1.7056672195227698,-1.8336084350439599,-1.6578441920730391,3.479577543698703,4.092695086233967,-1.345759685785307,-1.7728651534884214,-1.1373826022978264,5.134722807009661,3.2581049048810957,-1.0472343435385572,-0.726958085107718,0.06349090944470603,1.3353716168577385,4.032130072117667,-0.6975187702797108,0.4175843804280781,-0.7620872267696797,-1.369318092375119,-0.2331042834132404,0.40102727762970325,-1.1865018485307228,-0.8889877666907076,-0.17131827757180673,1.2075442976388793,-0.1079020446369654,0.10217141510822714,-0.26114073090846546,0.031801607092440065,-0.7409611077917084,-0.2937263621528139,-0.26365957463216816,0.3439787658415021,0.03922888802410185,-0.7386424883103082,-0.010398715679880155,0.002958313990170325,-1.0374316121191605,-0.42149531736558643,0.11087759371989137,0.03768126057063981,0.34939400247460384,0.020792699921848623,0.03157604159082794,-0.09604668855732612,0.2063829281982983,-0.2719927841094538,-0.10122040870150073,0.025327681759900855,-0.1738645111340773,0.5311043623991125,0.32399892794483875,0.00472796741009418,0.07650995816904071,-0.06041665307425248,-0.2053556505701586,-0.2002648783346821,0.28704451528172825,-0.3343030598347454,-0.2656364401941822,-0.0402618469744489,-0.33432425520094355,-0.34094679139832706,-0.577776796026388,-0.7182955879734827,-1.5522259999502133,-3.096963442622691,-3.3454689331091565,-3.3006887443796877,-3.618244803312205,-3.2133263866736854,-2.102848969215767,-3.3282167642089995,-2.2654166543631256,-3.6570978056137484,-3.6010567456717553,-3.2855320056345434,-3.0759049558835656,-3.129958502422671,-3.0338807051186905,-1.6057426030915742,-1.8383063319639703,-2.012691521612844,-0.8899750340753236,-0.9214489323101205,-1.195203579384831,-1.3657431547814944,-2.2950731876459223,-1.3028271524541744,1.0713156961511352,0.8913012698702794,0.12304986062855505,0.005314915206170667,-0.19378522051254166,-0.275425183965492,0.22461547661120207,0.09060297943551276,0.5471635277249511,1.1333252020627889,0.635309535415125,0.33940702824010316,0.5543301815760451,1.058623077950891,-0.06047914512475927,0.35342397495425715,0.839140130512753,0.16926149866986862,0.33379089759030833,0.06916934332762636,-0.2241070466223185,-0.2286839582202198,0.015892481254081048,0.31493873468991396,1.802797141360152,0.41233859850015975,0.4679318554181293,0.5949202571000143,0.3223332268873236,0.31543910368978345,1.0749857591026029
8.0,0.49302986696167395,0.4785240835792095,0.9984669747924819,1.058312515152414,1.1056997499606567,1.1006823833200041,0.9463457393090202,0.832951979757107,1.253481789927008,1.4223952157634265,0.03008020183413329,0.25330726224178335,-0.1948384046493956,-0.23377578844176128,-0.015457727319180492,0.08544795318186615,0.2213896065111438,0.1771712983151481,0.33458404487817006,0.35383751945502695,0.5952429516327573,0.6673826164283216,-1.6487111329234665,-1.6176168736006495,-4.346511381254052,-4.269457403302654,-2.2438072268266733,-2.1530820152389385,-2.272900797949605,-2.2047902228498497,-2.1946409414232555,-2.3641110362411997,-2.26881866358036,-2.0741387907771163,-1.7458011731767584,-1.7592304278448427,0.3923709860269611,0.4734055419924861,0.34546373887991777,0.5062056087614248,0.13705474087799097,0.1374985748345381,0.1335081743714852,-0.025058884003636095,0.48079897321643195,0.5038387231862842,0.327733402874534,0.24177665564479867,0.11849656905571848,0.14513298352174964,0.21943876610908575,-0.734487979288291,-0.6502732598341439,-0.670939108489458,-0.7466569630270463,-0.4781338268797857,-0.4667088337178491,-0.33021435183457015,-0.6046919753398505,-0.04209330066386485,-0.17457090071686032,-0.015177570532602047,-0.004177895302072798,0.15902712770682825,0.14293340841344815,0.03613415298396028,0.19544015898756584,-0.9091059434081892,-0.6735183595720429,-0.9514363305711839,-0.8622795816875843,-1.3943525999242983,-1.332437478439985,-1.4525019384547413,-1.6268360575078784,-0.49850958583469485,-0.4323131914061502,-0.46882727575648,-0.5126886218859337,-0.7046303002718162,-0.7102615046384955,-0.533733743586513,-0.8268145064029646,0.1726392226179243,0.2647366560738611,0.15734884680106553,0.24871773496701088,1.1425003078408853,0.9609869664472814,-0.07854436385059316,-0.7110208398466682,-0.7625901806068054,-1.029779772561625,-0.9002700516566087,0.19779943923765586,-0.1795007169947027,0.02086978265287165,-1.6255709069859705,-1.6304522889845572,-0.14947161310788104,-0.1316827408493939,-0.10599239836141372,-0.09275677109335234,1.086658235979998,1.5621678542148665,1.5833026513025015,1.7677799310580085,0.15442107088238366,0.16116454780741307,0.03674195161969074,-0.10800448352125258,1.2471034310297213,1.3473159597561004,1.1268361605653467,-2.126596829355332,-2.094630610482044,-2.163670245423793,-2.038635624881934,-2.0000076934710407,-2.107530295283084,-0.7062779299495645,-0.6545624385763453,-0.812082541358949,-0.7824537448080537,-1.135038318009416,-1.12705449239699,0.36151872673610086,0.20796453489942657,0.3882000328207855,0.20506175093190393,0.17672083739483035,0.19807412445851647,0.6912477046320031,0.6718931724254045,1.227834966915724,1.0562370182243885,0.8042042367862869,0.8739256620627547,0.08361294050283163,0.02857096664704173,0.016268322732024387,-0.053807395102008826,0.24060828991271066,-0.6889909766704818,-0.3657458363103885,-0.6614355825639926,-0.46188394357416307,-0.4865585731069615,-1.5221674387849955,-1.702002031311709,-1.2680138831693224,-1.3265523704365219,-0.6044736415118592,-0.8686551816207828,-1.9229076116879344,-2.0987835109494952,-1.9950112568435987,-1.9950823936096125,-2.1010066493784407,-2.253034101874416,-0.5599452764200024,-0.7641304284904269,-0.8627938562893984,-0.7469474387118673,-0.35810041677250304,-0.5105870130596788,-0.6574820979935492,-1.2189868770788692,-0.6651976865849267,-0.9699986658704152,-0.6605737972692278,-0.3167520477471033,-0.4020691659733515,-0.34697959581718507,-0.00038066326307273357,0.2285920302735409,0.3192157223959349,0.1769288506180935,1.0777676868102528,0.9453515354161368,0.9558367043632536,1.127917702871848,0.45805383982979286,0.40167742075661295,0.42724529195181304,1.0667095118045449,1.7744031985420827,1.2503673025597877,-0.08741103509462356,0.04417387296876818,1.172442451493838,1.0029433406736796,-1.9464699370324494,-1.9330095453865477,-1.832352617140347,-2.0267354697038753,-1.4861624942152005,-1.5492845739334502,-1.4691641152558574,-1.6679425834187889,2.6972996425141407,2.090898769920691,1.7078394840882254,1.8866000811604184,2.2053849779313435,1.3505122653423225,1.3577232523802554,0.9502375229031319,0.7322041987332568,0.9786497589111498,0.7138129221944283,0.26520166198278794,0.36818527829667147,0.7084095470280012,0.8823586098176488,0.24811834530010834,0.18563920059981598,0.03606853261740284,1.3733933523807131,1.3643624891084354,1.534529296402356,0.6376416058995424,0.9254292807631668,1.109833172201121,1.2077883102746796,1.0919127242853612,0.7714538796003314,0.8664389340489027,0.7023468695762514,1.2892462621604572,1.3229272901608748,1.2196848504604887,1.5006271181934583,1.5819783832301546,1.6971831499420613,1.2090804851217225,1.2052486394710602,1.2964768075497641,1.456530743900041,1.7005832937346081,1.5562718989629083,1.7068621768428507,1.81778432834877,1.7898922866307174,0.5852140384080258,0.5988269954146652,0.651651885852921,0.31815847087675664,0.18434513846328038,0.44902630159831247,1.4110022799651798,1.2485130928311907,1.3483046491718138,1.2327689950672926,1.187368256927007
9.0,58.997667213587114,58.4909992617006,61.00866160899567,58.79425238709037,62.13696267913646,60.833993528408826,60.23334398376824,61.28020636985012,62.274646137476665,61.25946471346214,49.14382566396699,49.48030689506809,49.68697975073024,49.99181884164926,50.931926191051616,51.003354112885766,51.75314338594621,51.397214812850926,51.84691556381367,52.255381387149164,51.60569413026842,51.47808439373007,50.83792320413698,50.84987380325876,48.70875327819262,48.40977232787054,50.454045392301666,49.790372301762936,48.36928834691947,48.85936845743975,48.865809187619455,49.43950736245825,49.637900065730804,48.77525220244233,49.217481386396415,51.458335817483366,47.856103015232016,47.92236592903109,47.88365941250107,47.78618797148236,47.424207946310744,47.4312020784374,47.4620871573955,47.41366974880409,48.301894213538425,48.271239250443756,48.28963261980732,48.174502021056306,48.326499241064575,48.28129773683028,48.21549809884415,49.34739274166237,49.34208177728698,49.43598332072748,49.35540946015108,47.715261258474804,47.83035864496493,47.698910125430444,47.663708798513696,46.33741013266216,46.44528886293468,46.45958177268568,46.25673734783066,48.14186308391175,48.22027376512815,48.090594839495935,48.097491115751765,48.16907259866924,48.233667661964,48.188709313415615,48.14770067329646,47.45473342994973,47.51493553210772,47.22784730015502,47.2665761218848,46.048678405362686,46.11451983726426,46.02305128401151,45.93443230570111,47.016714872536085,46.989280711606845,47.02761117658991,46.77585290553265,57.40479270768348,57.70725269856626,58.28150231894833,57.540236669951014,56.16386584876366,56.59191845152817,58.517572326690775,59.96105734503116,59.23253832059047,58.990009510608864,59.1542642204969,60.25473196606476,60.406926029989634,59.2545311614994,59.18263604286559,57.25595079200298,59.12036246980033,60.088233533635695,59.14372567593141,58.10935114095745,56.98553408909487,56.2234876212197,56.4098056442431,56.24819829574688,58.88227845540473,57.86575198751391,57.85423385497932,57.84678683522957,52.29426126465566,51.660272992414775,51.68080739851249,62.26798873609398,62.23883273458691,61.571644369825016,61.61170112804068,62.479846004371595,62.57902869707983,59.23324414361853,59.20634065105757,59.15610890487477,59.112692547877046,60.22384997361234,60.20093219859729,54.128261214572746,54.13221685782722,53.578420143792854,53.54457189360518,53.81057154613583,53.668796503877786,53.411747611805964,53.502300561790285,54.15835168818487,54.08965266361552,54.693025712475375,54.621894819188306,49.54436760938442,54.64589941157358,60.05554832279926,55.5754572528229,59.59674744865647,56.94448609836244,54.37914652456523,57.21235351190609,57.065659320717955,57.49670788970465,49.464071146104686,52.15886041162878,57.10381799033217,58.35234554412415,61.088369219682136,59.71019951463846,60.806170337683,62.12224517918802,57.86175356607168,61.482028193627,57.17231609063374,57.66301726938285,59.42610028651799,59.76748839269076,60.987792843793976,60.980122985580955,59.86796608410464,60.233900208696696,60.710983537439425,58.08598678872482,58.423191297819564,60.04978262270165,60.009860573286886,58.77157621289457,59.82931212811921,60.60974199168709,53.72885102352049,53.4767096043064,53.33364366442704,54.04660572666058,54.4378804692498,53.34449574720858,52.611118306787255,54.313060163608704,53.14797344012873,54.51647568223202,54.71228535314852,54.81818696255198,51.64289658423694,52.71038718552336,53.52548299816878,53.12349058890028,53.523495173701704,54.45505711269112,64.13981343948808,64.49875731046482,65.98830136020146,64.9648154202661,63.89630827106181,63.07111189338488,63.26925018022786,63.386677304142246,49.349976152061075,52.140032941281845,53.970449764568954,54.27294269316042,55.29854693404374,50.39475865304863,51.842826672988515,52.16763639950779,52.3874233946769,51.623264163864086,51.06574954984476,53.259978131330136,52.86401271899403,53.50280412827936,53.057355973728576,54.79571405178379,55.28374280226338,54.81280229007551,59.224623714218545,58.725759421706535,58.242588352211726,48.36261750738146,47.125411395178475,49.99296841704025,50.9321288650568,51.260951690137965,51.50358001589022,51.93836039500405,53.444341987911145,54.45619921489383,53.41444049201533,53.748073227461425,51.62127083581576,48.512089535795475,51.515368329963806,54.855724406859245,55.28987631271164,54.52605135132202,56.79458122692791,56.656853437744964,57.26139844640363,56.742305762767266,57.243622378574884,59.397128921244175,52.38509447957342,52.57520953806945,52.186402702051176,53.087600612167215,48.779272152350714,52.28189653358617,54.54488867748673,55.51697347389582,52.600861784021035,53.9196420794327,51.16679927907425
10.0,3.8050900327028874,3.805362591746931,3.2081553175468027,2.9417476874608433,3.0825151119031204,3.182094885292873,2.4948053641367576,2.6478786113159725,2.2991418329004,2.593200758625299,2.8933545200891544,2.7897433049271836,3.4423237586768387,3.246643560132508,3.8079078583788863,3.825771779972719,4.1417352707960955,4.435376075343738,3.3157932973970734,3.1035111376512354,3.1205189456349327,3.365947867647213,2.6850945714062373,2.526053321476132,2.6872868389535682,2.6807016726564843,2.4490627109613925,2.469425008500364,2.254529767675125,2.203720097096669,2.5517679043323263,2.5444074434416173,2.3083389432960377,2.2365418933928325,2.3650203428508725,2.360661012678708,1.5378719464457582,1.6531439888865833,1.4673631741728563,1.5269365903105516,1.8066553807320282,1.8667887414902076,2.007864841887116,1.5955845409762937,0.8044478905125025,1.038757009312576,0.9523599254089881,0.9802359477594962,0.9891187957335532,0.9840302028918515,1.2243635542402913,2.4991815885389634,2.4794931644083498,2.5125511093173145,2.538842387718553,2.290789260390703,2.267886674675907,2.55314299949168,2.3570029323890793,1.1880673170326297,1.3299581793238389,1.2533362403651083,1.3834452598171652,1.3660445453883572,1.4030398956737073,1.4395082647704633,1.3971703222364606,2.515161767975906,2.6139597044777467,2.575630777437217,2.585690620490002,2.6632302513423713,2.535178537005237,2.60830478896694,2.6211456318842856,1.6940865198272341,1.5308006791043596,1.7005988579512223,1.5823407082315857,1.4160335151749592,1.3200299455098516,1.3413372703065036,1.2806849196005512,2.881100265218816,2.838948268533237,3.2068234114139713,3.1120683171682515,3.126224148581141,3.168200122464995,4.650576109004874,3.15756740536194,3.2426597335960246,2.189946769774659,2.3407956376438968,3.061251947308378,2.74330380135633,4.6906354325724315,2.846022218931596,2.822137386733381,2.715520848457139,3.202942419665977,2.880398443449767,3.3155512011110524,0.9699330185527195,0.8730516949653975,0.7641564927330329,0.7282455155173722,3.3888336721523906,2.666600522896495,4.80675736839688,4.623507293997346,-1.1529702892700406,-0.8385989746816698,-0.8036274635534575,2.8127736083817094,2.5803453546176804,2.9842717553995612,2.964273652153132,2.8470123238577116,2.885224272640489,1.8392950687982204,1.6756933122733937,1.3063924565495313,1.5392963388984153,1.8921021516467764,1.869554329903183,3.674687053893603,3.624470245300399,3.681755823387057,3.5878607536141427,3.7526011018037853,3.616194845000349,3.8644434399998193,3.679317431477987,3.5136962679802224,3.4583503927672776,3.885976548832616,3.9119728507936973,4.005097146209177,3.9026512835253975,5.439372200604996,5.4027040427216875,5.905599227486807,4.012951669260968,3.986536721957904,5.518405534734637,5.473228965728303,5.497827424424461,4.713985536027511,4.38415200305305,4.403866253719979,5.764514229786773,5.857378943512465,5.912886806099767,5.43735542461501,5.321829955225578,6.058169793114626,6.6602155926686635,6.604565063158212,7.0736598252969465,3.536184723203032,3.387311665932387,4.0695749802948775,4.043950014829562,3.8653437297622304,3.5143749352323788,3.7825044099796408,2.808020613233964,2.709209407010224,3.6494122651215335,2.9793508480826176,2.855875039905701,3.9512105958748087,3.7600096355701353,3.142439333546573,3.388684681972375,3.5138666892207198,3.4677176661417626,3.670606046376559,4.135743682995855,4.321109690292666,3.740658657736706,3.9896668003697755,4.0576823844429875,3.851347245731663,4.467081550888945,3.76465896672628,4.036488919451326,3.3741702902804,3.3514521160413153,3.8265055132214023,3.896025987715312,0.642943089033631,0.34910354663280607,0.5852672234779739,0.39493748023936703,0.7438080766097546,0.7751074071856454,0.8518846112131211,0.8972658817892842,3.582008284259146,4.344603224733664,4.466972227948553,4.672637349019688,4.682824672561626,4.2492355541748275,4.412010120158133,4.288673741706891,4.210658620357201,3.793651257445955,4.576833925536164,4.544770069661155,4.896685354195142,5.2999617041089095,5.290794214073479,1.9063926284181854,1.7888030403005182,2.0808408848968085,-0.16300095759949507,-0.560680136611424,0.3269240951578567,3.0703568654503712,2.878452363305975,2.8616290209133517,3.528450847389145,3.687396686868489,4.412906873390789,4.371446612974694,4.37493240630279,3.855840680388784,4.224360301728598,3.7712167530847225,3.890388693271719,3.7328621821946406,3.404518448875354,4.392926797088972,4.385034631427576,4.576175904658577,4.0137548452308565,3.8962100501364674,4.085727838030685,3.812784903361287,3.75571977896632,3.9291586605179027,3.7186178303833977,3.65070988810432,3.421830633114485,3.8876000039279965,4.012482137621351,3.9486296622902053,3.545906673887721,3.328003180941174,3.527406376420906,3.51950320417518,4.121528155699064
11.0,3.9493796404630963,4.035015677745546,4.575159975655778,4.847958310651714,4.624104608622639,4.6034245234670355,4.776723955778166,4.86842671247347,5.072277952615538,5.060618023256287,2.6570612605141335,2.8499185168967287,2.7191524384862973,2.741556887403247,3.53108294274403,3.5437912929558077,3.421762274851158,3.470181489981286,4.571811461853528,4.61499057991338,5.09826268176765,5.012903228265559,6.792554549460325,6.69686557584148,6.772496832735074,6.687714407220689,6.363027158487101,6.340249686255143,6.960671840545308,6.969538890242674,6.421470186252922,6.5305134321787985,6.254288438408279,6.322131102252335,5.816880671078499,5.799875747765512,4.245500292297383,4.2290233932942005,4.162246988959234,4.195000593428691,4.3549408551303,4.375648749835639,4.309376111451057,4.30085251501322,4.153403827222704,4.0052302361369545,4.144139378695931,4.006284693001648,4.349745868726096,4.084928807642328,4.092113526338684,4.007158400702094,3.991492659035737,4.007501285703043,4.013990371017098,4.417332109850236,4.376088767712199,4.361839046270095,4.363469687302253,4.324886445091815,4.284233773769509,4.467282495723756,4.420625531872105,3.670061461982982,3.7241419061059506,3.7268912403730994,3.752468266545785,4.6871611350474165,4.682865577539495,4.715593584037791,4.529217898432572,4.697331736223999,4.561991215857704,4.528612079145256,4.548108975611521,4.144840591348975,4.200092251501458,4.177632601804749,4.1335097282965485,4.136863192630866,4.473461234851889,4.4620680046621395,4.213068932499075,5.638957600938982,5.528225811393597,5.141764383850152,5.312120505259285,4.519849973233557,4.5773688229023755,5.593104783301486,5.441839387251719,5.354619769200642,4.235386953292542,4.123472766690597,4.241032903694826,4.6200120454819285,5.389238778062486,4.046776228342557,4.087491307242653,4.5597350029545165,4.7369827229196435,5.375808997321178,5.809741600549627,4.947754370111024,5.343026447216555,5.455862907434062,4.957670879253394,5.796370116565624,5.460374865298338,5.827959580456561,5.889193673728309,5.093016159980683,5.146899639196535,5.093667938117807,3.0650213899011653,3.1224626941453657,2.9784823492471695,3.076796722903916,3.1373352480824614,3.1082088702933994,2.3087817296802733,2.385278727052679,2.3256130238179047,2.2322785300981476,2.144073017100661,2.1513040551173344,5.106942383958177,5.2960728336511345,5.142484194617982,5.155723923047489,5.001855546936909,5.1750492612587085,5.4040846244690695,5.5234942049055356,5.370328504532832,5.265754229234309,4.9786851475156,5.0684961099255155,4.8127279825304985,4.778761738051049,4.306868096234325,3.8220390279316216,3.999809682313167,4.499576335749195,4.972200246152665,3.9715884438487024,4.037870951181397,3.8513592592249744,5.48802241300781,5.222772058088745,5.1064657057078495,4.251065285720609,4.303555382062724,4.292620768372988,5.074190114737167,5.28054359759215,4.796702656685856,4.429387567835173,4.458617053140282,4.371615787041897,5.709817840453594,5.880467071044112,5.557189020959898,5.716335239946067,5.98943814948529,6.059668883194508,6.08924037947506,5.362840004554581,5.336519964269607,5.936090094762811,5.039293209859096,5.026100288598387,6.185989984759928,6.076200874601625,4.050387497806007,4.205304138625699,4.20705569155291,4.1375517450153065,3.8145082137397814,3.9677042002720064,3.9519957791538793,5.202137671179418,4.594006105054374,4.436020312169079,4.62986384200479,4.773133617971112,4.638223627621905,4.668938690724152,3.9199155662625564,3.983629332290551,5.222266358166834,5.167928650605171,4.627158654132414,4.545544876530506,4.464929631796005,4.525578064887807,4.258485625777308,4.3521698223781655,4.3703003930390985,4.38365046843591,4.6577360406907715,4.47840460923975,4.425772683512125,4.367827749098231,4.479048442665732,4.821214233117514,4.664008173402669,4.834944461039335,4.877768180140048,5.39741933407911,4.705102811732647,4.555497795055688,4.448376118556977,4.77965621216609,5.257549356215607,5.4658331404337925,5.806860235207694,5.744530042599038,5.175893306862382,5.018832005755011,5.702139640821735,4.903163834196727,4.943734485505081,4.845503926780127,5.269835101189125,5.105949558321056,6.016330029177313,5.906345369453348,5.953844800961749,5.361246079009225,5.326328705080558,5.47765148970646,5.0348062062368175,5.143207297031736,5.169492903759066,4.978799031513262,4.92002268423529,4.8114438509088036,4.815040605454691,4.867778546017297,4.780022408874469,4.614891043022283,4.450196407394619,4.46759481548718,5.47319591696143,5.658833965602581,5.59337776558751,5.832414352329588,5.947797083123541,5.871929801136966,5.403070509777859,5.183083957574734,5.20772454287774,4.857885230202594,5.159247824315415
12.0,8.97941231570597,8.999038722992239,8.09773599927079,7.888958790465219,9.044044207218809,9.135127797135711,8.92580536377921,9.23207777645356,8.852921046673895,8.753389295678144,10.419386149467902,10.760124088668224,11.123114773431706,11.206228574899189,10.340297232837912,10.275946842746105,9.997024766538344,10.029271985528585,10.476020166543872,10.388665488841177,10.656722149120794,10.634103117097162,9.766905740853904,9.79063406173636,10.017707524628205,9.962815208069937,9.932919004757544,10.141139645205595,9.524098709919611,9.579174077040395,9.66243177481505,9.624524720675915,9.766504684935638,9.894926585707955,9.59914047012048,9.48767231973366,9.525641898974163,9.428221388338756,9.354157827435575,9.269142580941303,9.40007555728322,9.18425134691088,9.170473949390363,9.223679303676105,9.172584787005098,8.74609374233115,8.816588509474222,9.079318745714438,8.891386833409491,8.983627780580656,8.942015434463435,8.088547327167143,8.018502558208638,8.114679487390465,8.030447321667689,9.073468678089313,8.905534449831016,8.834557334144069,8.77407143494424,8.794353026422952,8.891083575248633,8.749378225968728,8.701108425871706,8.661304671425125,8.443071912355299,8.62009941613035,8.507407902500926,9.748764679405287,9.922238346104347,9.749150907677091,9.722657702609013,9.720696513310978,9.705480961383731,9.66904567331626,9.666138880613536,8.622080572243865,8.611573666550917,8.446378051303366,8.521413791265173,9.569089632992574,9.255266673293654,9.271451420084079,9.55360551344535,8.678638441851149,8.679445408308585,8.44735392914943,8.88883685187158,7.784454127809837,7.911389492718403,8.287913417805857,7.853116388576854,7.757904081697165,7.41989669266949,7.92088887676782,7.862780490783519,8.339816763144167,8.556762287467086,8.55675228688245,8.703406681696077,8.58847973542501,7.999945797180417,8.516142742653393,8.849257556781822,8.83629095473675,9.375151180407475,9.266563717048985,8.982283163363846,8.301553019734559,8.836561131314685,8.377377404505394,7.984881592577618,8.14534264123054,8.017971750581351,7.8881654586281185,8.108278790068898,7.96324046477524,7.855081931878369,8.055616371054827,8.148493545908703,8.26118273508601,7.464949849308492,7.1023024951658265,7.2610651696708945,7.210410526401255,7.0318832351047105,6.918208283768232,7.864262175179419,8.007875876226759,8.024803670587422,7.927091233134567,7.675060919315475,7.6599670536339595,8.107633047471264,7.910626183269222,8.154414042756642,8.10618668172054,7.621709187577907,7.844507725901508,9.413095262624434,8.557622859314478,8.439241199813651,8.317639012758097,8.397016300010264,8.347169793201013,8.93497144974957,8.501344185876547,8.160030309344668,8.605271333596923,9.461496662146804,7.786223127568472,9.249694675032025,9.417556482612564,9.259445005857245,8.708817408641298,9.51699258470117,8.993063939405703,8.002291143139423,8.334956420611542,8.764827309940067,8.60696942966924,7.338252558185543,7.362226254021305,7.231828780334441,7.144078527249821,6.084816333704042,5.9486121493771655,5.700192774458774,8.564188245804257,8.872288753629093,5.733382457824706,8.396189553772253,9.305255706781825,5.331100411367652,5.43160548925834,9.7512428232974,9.468582352848331,9.29530943304841,9.48532967310047,9.764293897126198,9.449514198495446,9.24675798315521,9.096900438485488,8.899992447863674,9.223386810395942,8.999987984415208,9.255772268005478,9.555724159999878,9.19395626302884,9.535698944827278,9.568547834902136,9.107972052735501,9.056965001810946,9.6933894360924,9.267729142093069,9.420496377851025,9.463341785410787,10.076603927545635,10.109677934235172,9.976436406339758,9.924171758100883,10.926206326676738,11.521895034138037,11.176421070590157,11.292839479882156,10.239401271933058,11.526562446393058,12.153038139744684,12.167842851444046,12.04308918992382,9.956965097894557,10.685713236615317,10.851182642859944,10.864185385980967,10.38150103017175,9.437675544922634,9.314134378959126,8.907327002908993,9.306190252890584,12.002762062698197,12.15225113194064,11.853407521324206,8.271488343114436,8.27726735415062,8.555992048459252,7.581660020013256,7.507337656019764,6.934803085803942,7.063796547758664,7.078238400425218,7.268715507728321,7.564113634514784,6.928302446121168,7.325328235218711,7.1378419034679474,7.20600665259604,7.202684125783614,7.643621733414132,7.206022619379482,7.039152687598081,6.551182875831486,6.926687318164059,7.1917373062367105,7.552913641699243,7.4903509291931165,7.356578596415465,7.419013256783062,7.060976190625341,6.333423268065188,6.597635711578068,6.630377068497887,6.857079887684156,6.656210262531191,6.862657140235752,6.701751973396996,6.980048428205253
13.0,39.55942679612188,39.54747056588984,37.49157853811897,38.773093079815226,36.695375870964895,37.767938917993185,37.70356696876868,36.49514809273253,35.946067017440896,36.5445584333724,41.257271184115545,40.99066654108648,42.00303799894935,42.02781520532828,41.3590065165846,41.60049376048306,38.91498867802514,40.51310325103147,40.52018551003323,40.50772020225243,40.10294762280099,40.32407218527573,41.2911234686068,41.23319826483836,41.03012454310057,41.24423607872583,40.60277976324163,41.10255180024855,40.66804667357942,40.18350038443013,40.34436615125616,41.3316910301595,40.774669473974924,40.69688660467115,40.670599186788195,39.96759466926056,39.81224338049735,40.143374998729236,40.113398209495955,39.93182188624067,41.310960729766585,41.33320765250103,41.39494800017923,41.34315666029029,38.94628542356327,38.9741958882537,38.81250235402596,39.13720306134651,40.55224654094664,40.4240058472587,40.34321861327943,43.88494316836176,44.04365615081345,43.90189708260644,43.99533478806294,41.65574161918441,41.8320260384698,41.83903396957331,41.88850218968301,41.8184066699706,41.77245721930012,42.05814357435236,41.810510404683,42.23635960782575,42.1575948421861,42.29742600992664,42.36104681287112,43.06876900894926,43.05754465370562,42.86461163653329,43.248914122681896,43.674523978898925,43.54596119729975,43.73900619660152,43.69164531862835,42.94665935883347,43.11160789737419,43.278213213068035,43.11610940172296,43.168373057132165,43.4976841243246,43.36195589458117,43.49819817879178,39.26648985612306,39.00877690341119,41.12416455817841,39.42675600828782,40.996307846698365,42.1601158365969,39.50715629465046,34.03516798466711,33.818796206475874,35.2015787631845,35.17750540755961,34.993242831891116,34.98041097374238,40.251734958262965,36.41750295912348,35.213036051856285,35.505957503408744,35.54606684565353,39.970206179789145,38.55484116271074,44.521734300937055,40.315421547930264,40.298687242125716,39.38480590495574,39.10206582686083,38.5195591261522,38.31997830620068,38.96980698907887,42.68500678143325,42.63624796600883,43.12713355564149,38.61659782123603,38.30707225598024,39.43312388859562,39.33014828225184,38.52970361031486,38.48222846879662,39.23594397554665,39.123417775799545,38.03017868570049,37.873777633910684,38.47319152950148,38.32041999661125,38.88887532067267,38.9615944555321,38.77387206318775,38.71982794056928,38.97526352099132,38.936705868403244,38.4029120157148,38.441952287142364,37.81631731419308,37.866920944193495,38.217015969206244,38.29398120463206,37.68194067533491,37.03948888013847,37.87993373220817,41.93877705856211,37.04753465392987,40.574240217108134,38.018183555316,41.99390271541327,41.89441955563545,40.209758053648066,38.06420189281326,41.182538715012484,41.13614163502453,39.32721727196497,37.118748909553574,37.54167545487327,38.405674744907955,38.86622224201949,40.85665714656592,36.900807804973724,40.9337998467291,41.72247094700705,37.28740634367459,38.11471730223997,37.2610915662963,37.65173027885131,37.8433666087223,37.271722323228715,37.13429845636881,37.544793452867594,37.46606512847667,36.987296198218246,37.708556509965035,36.97982256776713,37.460319969631115,37.52734428338403,39.93588754946464,39.582041444674445,40.35388133080308,39.62963516227183,37.02040305000223,38.92454863754487,39.70428376628404,38.03053916694331,39.16738005295792,38.9689708411338,38.95454012364592,39.17734534494378,38.30929159757619,40.186157375230934,40.523510968668226,40.175998315504614,38.354337895724676,37.55178327832866,43.9688274015707,42.87715216901411,42.448905697873286,42.62789275760626,42.10479241880131,41.42894860214886,42.88630710009045,41.86360070543765,42.25949701857383,42.384134648605176,42.28006607366986,41.889611967156355,41.56521762541912,42.10270602578798,41.3003666352151,41.35750947089798,41.186943725426424,42.18952586550222,43.07067032524195,42.534741057357984,40.95637850158185,41.34142782785274,42.56813161192932,34.8338104040058,35.113606059323686,36.76929025748643,19.223605857415127,16.274347504359977,24.93185332721416,35.526189269956404,30.698115665466492,31.01404359178838,35.829859041219514,36.225389868342674,34.82046400898887,34.46400137187589,34.54814620080021,33.06916860916008,34.92143450628908,33.76572998609562,36.99734888254473,35.444670800497306,34.04304737465702,34.373292507623894,31.669346063793643,32.81541906477798,36.32687621805356,34.31035488318322,35.22399254754595,33.63086337805033,33.34972355984266,33.96129196854605,34.15752171212764,33.676873915965345,33.97332051342319,31.564603704269864,31.722471968133526,30.546765241348844,30.441104247991458,30.623881679484096,34.025009270915874,33.94016541311812,36.40397897769861
14.0,-1.3049471951645302,-1.433012363652523,-1.152582986317908,-1.3540296391141062,-1.3656065357403477,-1.2750158933672626,-1.4918718902139574,-1.6194842082001895,-1.5532569757003412,-1.4766292100769824,-2.0177204474705146,-2.0281861292540695,-2.3748597528941167,-2.5025853651155465,-1.5739547660783035,-1.5740104100374914,-1.840143137810939,-1.7572700817436449,-3.2966312366196036,-3.3138695677771786,-4.116793683528644,-4.228076673697747,-1.4899823769974878,-1.3946884700511317,-1.430418771559978,-1.3881408230125114,-2.089975398315284,-2.113100893693547,-1.8544689833851171,-1.9460701181913196,-1.463288531598896,-1.4854525450285987,-2.013649203765211,-1.9297601156867978,-1.6581034436981588,-1.6600688207425014,-0.7315918108720574,-0.6101890993143311,-0.5541658253027997,-0.5623815279681956,-1.0180954135712543,-1.1262765024068067,-1.2248705494311238,-1.0987054918289747,-1.1165741624849783,-0.9563958897793778,-1.0548615216625041,-1.0492852648048707,-1.4163899331475047,-1.3289563257324328,-1.3033492741829757,-1.1817369525656627,-1.326022847886433,-1.2767953466588313,-1.2052845091769964,-0.7814022506222909,-0.907786919034967,-0.8386196080943193,-0.8871380567299401,-0.9360683162926371,-0.980575821088177,-0.9059188305050903,-0.9853084239648133,-0.7589533581506345,-0.7650193820629667,-0.8741902219350663,-0.8215077890408544,-1.4226487671315056,-1.250878508111989,-1.5120568297197856,-1.5594299662862516,-1.7169554055609693,-1.562170931064033,-1.708569134319056,-1.7419512890645654,-1.3086065793424915,-1.4693015048505398,-1.4407013549451753,-1.4349112182256434,-1.548342001617045,-1.5739240975150457,-1.4367905947540276,-1.51191060947676,-3.670403831511104,-3.5720630596310876,-3.4145918551228718,-3.371708069477176,-1.4603332784769076,-1.338323523156225,-3.1182052958036426,-1.3716038205360377,-1.2418082217849875,-1.9684724667983176,-1.9243544912987343,-3.3684644615502,-2.581351914617148,-2.915897207551975,-3.2131341134353715,-3.2763382160957946,-2.5777971905008457,-3.1500358353408675,-2.751476662272392,-2.356991523254587,-0.9850133848121931,-1.1790252344439338,-1.020313784630499,-1.0899158064928987,-2.3131955857341477,-2.64121654983294,-2.800138085648827,-2.8904013395162558,-1.9192355252592002,-1.8872569597640183,-2.032724016712339,-1.0344787174368486,-1.0815633913806737,-1.0384419147625783,-1.2502334043392258,-1.1445093493580236,-1.0330482632308815,-1.079021713946549,-1.0328398079575134,-1.1298692217024922,-1.1857490807362847,-1.2279072306826997,-1.366435015276645,-1.9019264709942165,-2.0841529584564826,-1.7465995698157792,-1.9075228981293506,-1.7926314186767964,-1.9290294046573413,-1.9902094989596018,-1.9099570540283235,-1.9746535868394268,-1.8047615746757044,-1.802399353930829,-1.9280318944555184,-0.008923791799267278,0.9309103511711179,0.6594078770564415,0.7701832944035232,0.5923674436867739,0.6170909347146569,-0.006438207381602723,0.5964629279739704,0.4155326135463948,0.44298471021964936,0.03088350649005278,0.9315179333394017,-0.02620430079541336,0.5771196436922832,0.6115819792505892,0.5481144085373515,0.12103233480798536,0.3033336412677343,-0.08087875381052534,0.2849758146744037,0.6362126659139928,0.7989586654840064,-0.37074508118949545,-0.2441460068739314,-0.33521663019554815,-0.42915347185185126,-0.833722237036989,-1.0596617844178162,-0.9820006362183218,-0.3099435844038698,-0.04713154338768888,-0.8860372056869092,0.1949785276686864,0.162204125398409,-0.3674703380638764,-0.5079609247149897,-1.9692537846637368,-1.2592221663149799,-1.15643175155643,-1.10195708700655,-0.6733902475360516,-0.6559443860555998,-0.7699191966121921,-1.6203057234766582,-1.727669839771199,-1.786985972435227,-1.7201660127890523,-1.988318979937814,-2.036816558881341,-2.1800712209772772,-1.775443929283691,-1.7319259017728577,-1.465466012312623,-1.567948726386696,-2.6420390789386925,-2.649010800902576,-2.6962172126532167,-2.8095806760090927,-2.5761981923080857,-2.6865319124038693,-2.940940828428526,-2.7800395841105656,-0.2625707756391007,-0.146143914118257,-0.2282171967045219,-0.45273351355429536,-1.6583436791458857,-1.0732865199250128,-1.2443026647124134,-1.4733820794859893,-1.8937316110862605,-2.255689286202882,-0.39596531958541537,-0.68222059040232,-0.9553563243671626,-1.4572734025150949,-2.2303194869693312,0.7222121128237546,0.6241281276800859,0.6439021533539684,-0.5916032128269357,-0.3616543785736397,-0.4249791035248389,-3.06892567183554,-3.1318883987847705,-3.0714943472660714,-3.587911556267475,-3.6103953565135676,-3.2966710272774744,-3.0983124704931573,-3.2712612573100337,-2.6317134541949248,-2.345073005961627,-2.559827357308956,-3.9108362543445416,-4.1922213324606545,-4.056965774113303,-3.202399658339827,-3.0758040910746676,-3.142775431344729,-2.7595308065467545,-2.871160257782009,-2.688846094785548,-3.910555259580601,-3.640422827569095,-3.7254746845382165,-2.749404418593736,-2.859249602325093,-2.8900336063451206,-3.331990128102994,-3.3000661974587064,-3.3021940066167286,-2.573754206356684,-2.520514879761988,-4.072146497949346,-3.7542128937189343,-3.542060442788584
15.0,-1.4151605901194948,-1.4961756846245482,-0.988190046887345,-0.7522926035970041,-0.5124862889323474,-0.5858556392025704,-0.11230943918442549,-0.12971621081917561,0.42986458014455486,0.39965271220642506,2.315471954643968,2.35722299118253,0.8078593984835933,0.9858899649136141,0.551067797897506,0.20350651164948097,0.1154306608947433,0.3111601238425479,-1.8318852669120265,-1.78152860464286,0.9916004368616953,0.7214132935250728,-3.6954195987784075,-3.920959661681753,-0.06699966778145594,0.04139877317304297,-1.3504254501759991,-1.3392556617091564,-1.8397477208447786,-1.6076253291187097,-1.5513170715308995,-1.7512780835165902,-2.108588040336171,-1.9592598964526253,-2.0643240433156613,-2.0372369889674076,-1.1374224172099368,-1.0407842306538058,-1.1444363049428006,-1.0721003106918268,0.15044988685366611,0.18517425691526235,0.30871971339012916,0.18221392888061239,0.6513268111270083,0.5012068435992489,0.5361718073226918,0.5663264610916805,0.32842518394678066,0.3190795983145964,0.06820781968118439,-0.7108447442746666,-0.7426751733672816,-0.7114546499589505,-0.6506354472879927,-0.7997058566423814,-0.9699623274607703,-0.7976622204044581,-0.8144965764782395,1.1157722328453445,1.0829237289658842,1.1870983122998204,1.1359681907617567,1.0535929279927352,1.0512273144888002,0.9761005199291581,0.9198945449541576,-0.21118831870107613,-0.28588933630786784,-0.25560298716901286,-0.15951832729802895,-0.9713292717880986,-0.7255824952638807,-0.9552091802103302,-0.942532355429849,1.3262260853579502,1.3195362178206214,1.3670702443438874,1.1952858755091516,1.3424213295646314,1.0965085823708076,1.3788417358376268,1.0794603027703218,1.7679993926167352,1.5642109441569154,1.61596553110388,1.7557634828830775,-5.0427496537888175,-4.934184211609409,0.6237018729705799,-3.90600787146578,-3.7797381319366004,-4.8444248807719745,-4.745548561981224,1.660882630637282,-3.0274090458106357,0.37805688816095007,-2.6717884430044734,-2.662198144984787,-2.807068350707473,0.32672958684048403,-1.4178424341862907,-0.9828776026063188,-4.15605847487088,-3.425223898176178,-3.165512230440484,-3.803474255361353,-1.288211747372749,-1.1306728947594653,0.0623085291638219,-0.16999570091925165,-2.9801752877282954,-2.6444715731716553,-2.8039691781113127,2.2652252836724838,2.339717223571842,2.137154061885081,2.0971116548970397,1.9430623525164759,2.232110383663267,0.3674681749029567,0.5458216761492007,0.629398672703994,0.5760021659294896,0.4444737906818368,0.5284430836545937,-3.416061262086904,-3.3633397135227376,-3.052465609850996,-3.105334521109171,-3.061002218979926,-3.137145931962916,-3.493177683398372,-3.7006591535869813,-3.378341560680804,-3.4732301937808803,-3.068676571774846,-3.1749678960540137,0.4803714723633359,1.4933731832460442,1.7557499595217418,1.807188847768142,2.288573401898182,-0.46829442132374766,-0.7723403304293637,0.08502184387764089,0.09653299378760671,0.18053979509728357,0.5652394546478643,0.49630427144279565,0.1568012069058664,1.9852322805585647,1.7295395498121664,1.8337350664484386,-0.2181700179197641,-0.47344974649085714,-0.6200118750267389,0.8112428537713239,0.569444255272872,1.0370138585668869,-0.5306446986977171,-0.2434918222017881,-0.2106412521479708,0.040445972187715284,-2.3511442199177797,-2.257022511272046,-2.317009813085022,0.20275465775632995,0.5572006486360159,-2.1403469926509135,1.1738444424317898,0.8518802509526484,-1.536437871901617,-1.6194394899323967,-2.97132118025257,-3.0161562140891593,-3.341470036790719,-2.9129636448608363,-3.186736487284497,-3.2537683156308734,-3.3698292391526294,-1.644975038142917,-2.022411782923637,-2.067710819249216,-2.275034406504693,-4.187776642399708,-4.101450929254293,-4.198457029315637,-2.893111656223649,-3.1685658217137593,-1.77507139575504,-1.6115796743599002,-1.9180715309301988,-2.200429965383611,-1.8566597370136275,-2.1142837753556254,-2.0429375645404626,-1.821233172667478,-2.1616598064640975,-2.1102169827423403,-0.04007902562599064,0.2680613826909486,-0.44979437561624636,-1.4655498056106975,-2.5579781714247876,3.3873364952504588,3.753111978477115,3.9498975913135013,3.788521533032707,2.183677581495008,1.0804868334521114,1.1879357298779514,0.2386809954688065,-0.808064032705996,-2.1620197117552493,0.989244723902619,1.0894416053130698,1.064973472279977,2.33570564469127,2.296851422165643,2.103619934063021,-1.379805275997608,-1.181975972620826,-1.0502426400142344,1.0720128962619082,0.8389966719673954,-3.7748441034185536,-3.9301560142013052,-3.877122919529743,-2.3313179821855012,-2.149604187193706,-2.368269924431532,-0.09142538084978113,-0.3541107867438811,-0.004388727531875247,-3.6642281338221867,-3.432533648501675,-3.5257089412587916,-2.723287141749969,-2.586129238981691,-2.7117585771893467,-0.38380520293717524,-0.3866648364948748,-0.3895522544707415,-2.3420634731661245,-2.3549242950710862,-1.9226171387266948,-2.88227765367337,-2.752041387251319,-3.0282875739014656,-1.0936462691996738,-1.2057010117442903,0.3941027991934618,0.4169997126839178,0.1434145943371874
16.0,22.283621911055405,22.290469232763364,21.643698326387767,21.610678665953095,20.768292249195063,21.020836246545514,19.41808809333095,19.32513421596208,17.873757436902384,17.922673043300385,21.315766969250088,21.356437353957688,21.51687399105691,21.544316204322374,22.25101617681201,22.153109132850247,21.853031533950013,22.11084547451726,21.85784631448747,21.909416626967985,22.505427447336785,22.800078002031448,22.680054967242302,22.62477270199989,17.938609806778707,17.956557754318993,18.564706990075926,18.74359049593785,20.53059267990578,20.469163700950226,20.185219051293885,20.27232877070955,20.287610195285414,20.224962259456753,20.70834423713064,20.621239523182144,18.704725691741515,18.677908903732483,18.781735820790377,18.790841812064848,19.299560879381637,19.278760014165577,19.435152886144046,19.414167444951737,17.784527180431397,17.86619584824496,17.883515203485686,17.849612493701443,18.29143888731544,18.105440105448487,18.219980210991416,21.824516892206546,21.944362389215563,21.881904404050367,21.955427699401923,21.514858893406725,21.50734332417195,21.47292494287358,21.50688195573018,19.002998188368025,18.957492719019676,18.903864060947576,18.996751652308873,19.09375923379201,19.110515660104873,19.14862901109187,19.044738021521113,22.37418046807801,22.374292674937784,22.38782082888307,22.332995874176145,22.50233932228732,22.397668468957505,22.505591265627558,22.4098823739305,20.76784150070712,20.923283452847638,20.82490499751223,20.8941632405778,21.12861723617889,21.07312932677487,21.240550716249203,21.16553638790014,18.414957613173854,18.497003227545378,18.647043660850223,18.014611598711443,21.69002858688045,21.903752564807263,22.392250972873867,20.428038012716616,20.433598432713815,22.928372720470836,23.058318948188344,21.092392666158393,21.693084975780796,22.58886722788066,21.948242166634905,21.556431438386056,21.71570608340891,21.942269722022303,21.711577175341368,20.913822064919692,16.331680526853308,14.270708108782896,14.244752252103408,15.410238413394913,20.88358118883743,21.18861661181509,22.427232736933977,22.359184427818693,16.10960747225078,15.801692223561336,16.027054209121264,18.404498335166707,18.33808284185682,18.672966496432284,18.623480948538283,18.104831066788996,18.047483767197964,7.923325446018831,7.934665127545706,6.1446766556129075,6.120593914067435,9.385041404116784,9.50363811263179,22.26081432547787,22.322754282462757,21.859832109899628,21.858102536125006,21.825148314472038,21.80130354295327,21.786927421092784,21.8825731421889,21.261132199263542,21.307993053354537,21.731875799465584,21.659061931224265,15.788171227259433,14.107328801453056,13.750256503581543,13.8861053566107,12.909094288778785,16.150012826929427,15.605163289973184,17.38520713915147,17.53435048877401,17.119548861626303,16.720187667565128,16.297947818402058,17.12230256695569,13.950644390071963,14.334340718762723,13.753064099245254,13.772642501484711,13.696489868626767,14.973453607992834,14.892780225773187,15.320041099796754,15.842442956410364,18.49332750762622,18.5017693033913,19.005610872754865,18.706749836940176,20.598204688898715,20.399372559620716,21.178762565954138,15.07414046526176,13.303794788590864,21.3918566220837,11.977270815850952,12.30267069822312,20.410301249699764,20.100804792935214,9.451597555799225,10.397037798182955,10.789374442514323,9.858438656310117,10.125149346799189,10.49128612401899,10.831410080417303,12.450277540195621,10.037546563048357,10.897316959553608,10.259109108744823,7.861617495918958,6.399757235671103,7.744521930421445,10.127778551135009,9.914155998935037,13.264101814122602,13.448405432818364,14.128989872436458,14.052584567207745,13.656720975950854,13.815490453605635,19.99681552472947,20.091717684647826,20.48699011821327,20.131960273758374,1.6473257249121325,7.22549649372141,10.783256263666035,14.606075905610636,20.619237977651395,2.225515245214501,5.121027783490403,8.561574455871902,12.167589101458724,21.478855856349817,7.245101225205159,13.498211271426952,17.103134053277323,19.469254236978667,21.781743984785745,17.33903260101299,17.322168052319572,17.66214497874792,17.409726156572773,16.834106018159563,18.58928261929605,15.560958995815614,15.000791781883448,15.742794617934003,18.710289433948113,18.918494644318052,21.379007345228203,21.616954610392845,21.655638000500655,20.40335369466305,20.689346819355663,20.221992414778434,19.94114900227121,19.50545096706204,19.422080832775777,20.135545308941715,19.878810247305797,19.939472289581545,19.8960228855803,19.655571602631703,19.66929087324816,19.7482215185349,19.694926823538943,19.831069882426796,18.76060768474577,18.576626698353447,18.635124548749086,20.44729963447512,20.274884215508877,20.238421576485052,19.045709011523115,19.158154883551035,19.356670824802265,19.476769632392966,19.749106065518134
17.0,4.011752142129839,3.6571194998229197,4.258992778986374,3.9058498121213274,4.254740837282185,4.070211090683503,3.64121038952356,4.057393358668876,4.0797400983794025,3.8618271433140245,1.9002293064042863,2.13168271933945,2.2483247806167412,1.971713841886384,2.2059503201122936,2.253207189877772,2.2616834646377306,2.2069164327292885,2.1423929305759017,2.149021623361743,2.4817914059973205,2.5618186476673515,1.2519272886156205,1.2094410813766903,-0.7074823042606742,-0.765375433672185,0.15576274531246082,0.03473287290275806,-0.2962254385461769,0.03354834573137566,-0.2295563432115033,0.19315926109482184,0.029372176961377505,-0.2975815410182925,0.5801517807024936,1.3868843379860065,-4.90184230774139,-4.957516746117143,-4.944957210758103,-4.9282733531739265,-5.994022189366294,-6.074531120701927,-6.171408971813181,-6.173947199126443,-6.0886862814654314,-6.215431507458,-6.019471281564174,-6.18002939574715,-6.8374539246300845,-6.667584132082775,-7.111554246146143,-3.487136231226618,-3.5369195180963064,-3.634369149008837,-3.647243314493661,-5.91134635329921,-5.902209357332437,-6.104028923373555,-6.124878052495507,-5.954928851082858,-5.737282326474357,-5.921578728216048,-5.905534751401586,-4.646809498764224,-4.526568996839373,-4.461793500012552,-4.591759940767497,-5.433586525024088,-5.174003301338267,-5.421997962694022,-5.643033444113389,-6.089998754578126,-6.128393358614467,-5.8943937040469265,-5.983424040893,-4.704456278092032,-4.736947615560382,-4.81048175316338,-5.050023613204145,-4.799009378727396,-4.639640828075617,-4.798697936661643,-4.859881991865338,-0.6205791203530815,-0.48789534622380515,0.1629895309328777,-0.2688767971718473,-0.38410312160902826,0.29330151399457804,-0.4852095708720192,-1.280146466877996,-1.5773987227687822,-0.6196116218026617,-0.5937149005678535,-0.7346089814161836,-1.1284342439776953,0.17185288427917733,-0.939412364569348,-1.3343367162066055,-1.0800437737347526,-0.5040657417834797,0.1940998599930399,-0.7975398089071408,0.11051620013434871,-1.063310062462767,-0.7384523885695735,-1.0403699568902738,-0.9822964746903793,-0.6131967001073573,-0.6459853869765304,-0.6918183718450841,3.7642160130927573,3.5189029354678825,3.8371967925055745,4.667806070799346,4.687017027681103,4.870870845105183,4.785674709679553,5.13160521397538,5.17400838160717,3.642539798109973,3.6223661178336064,3.474867500500527,3.4898940348570893,3.9981926617614816,3.6125612812505574,1.1560005825840882,1.0985070828866217,0.8348083313658314,1.0812152497239325,1.0237914525016487,1.240979944857262,0.9623213863478632,0.9170145837861536,1.1139101754238183,0.9430038416791096,1.1182911390058834,1.1732542649568423,-2.1091563856702145,-1.3817558143846842,2.443093497714604,1.0888640381199588,2.1782024168994836,-0.9873841011300275,-1.1269496591578747,1.9097988147020288,1.7106781897856012,1.0469755970754955,-2.1299499102489605,-1.765880098469916,0.502021506750876,1.8033120633645163,2.7957166256573185,2.0902586912234105,1.2737165346306982,0.7978188910321551,1.9549769421883552,2.648341569921442,1.6480992970054409,2.047250847382621,-4.947866416901592,-4.905398052112723,-4.576038433619379,-4.472375799193953,-4.500272823550814,-4.760730940720121,-4.470798611182296,-5.876440062750726,-5.84791000630373,-4.710880845654209,-5.358905104867439,-5.3459218483829165,-4.6804600114955495,-4.628393790796288,-4.50790623183226,-5.162754751199943,-4.77585842970954,-4.901892536882503,-3.6536441656155887,-4.4826109561085765,-5.560406777719825,-4.570022362136221,-5.09334359796051,-3.8581983264805615,-4.2706310978030615,-5.403404187980652,-5.3147184157099225,-5.01523231574571,-4.277377929859341,-4.7529389124686965,-5.169994324292208,-4.318754280642933,5.020914097986013,4.82477806786912,5.1455788757335625,4.848662063103209,5.555262782059833,5.208269102347411,5.406364724172908,5.745126845961554,-1.5148230379606282,-0.06542292782808268,0.9479874189587694,1.5324841128298283,2.397937926323789,-1.3752551683476835,-0.6248686743107026,-0.04052738203018258,0.6971708322927537,1.4812175120313302,-0.5953264995275998,0.4131016659299309,0.5903137119962469,1.4667422052650316,2.0429377197583456,-5.776740062972133,-5.348894834096866,-4.751441973447735,-4.860487245191383,-5.080957395624434,-4.439199464950594,-4.858653045883994,-6.287589428853636,-5.447685921835484,-5.206869135173298,-4.972555726972281,-5.14574113186381,-4.857580356947647,-4.3465297976238375,-3.348959936748244,-4.622760482073748,-3.8643188743983536,-3.2777392220476447,-5.084225651048229,-3.5149112680667987,-3.435153871792215,-4.1789366747961765,-4.1755170061212805,-4.0496303268084795,-3.804145143142648,-4.1393416682290365,-2.559960733624111,-3.085281553005659,-2.4614908102568887,-5.0461285340439215,-5.364162168394339,-3.8012533688250496,-3.6214719730194407,-5.722240134736721,-4.910624572356273,-4.569209125675767,-3.904493328219127,-4.577927344665833,-4.074256943131591,-5.209496401759358
18.0,-3.4095615705740805,-3.384713251721122,-3.256151014177483,-3.4620269503320262,-2.3460353187237697,-2.5960084849994516,-2.4248249920825007,-2.3713342415386958,-2.0380651072867053,-2.1936018131576898,-4.876973849150213,-4.635313819169607,-4.372464830975563,-4.388597304277917,-4.493278696706536,-4.389385668481808,-4.077050128003323,-4.082467895590991,-4.796100115118939,-4.598666877003087,-4.010424713916358,-3.9068618899784227,-4.036665468505785,-4.078848445254485,-3.20905353480941,-3.2316069075498,-3.1510048236936967,-3.2231519227734893,-3.326427577590005,-3.3687636907858263,-3.52574623739679,-3.5923866175050208,-3.353044355537298,-3.4485228589290156,-3.5670800194040844,-3.4715330447594432,-3.9676267872582454,-4.070633046279832,-4.01761407146515,-4.107975378183619,-3.80872578874809,-3.8754710774363534,-3.690062398344784,-3.93585517175479,-4.59636823289012,-4.590880080483231,-4.4720805584637375,-4.839697731116171,-4.668893864812475,-4.722370464489426,-4.6840018303882385,-3.8582264122112147,-3.8923424116080323,-3.902880104404879,-4.114360588414007,-4.550032746363829,-4.552163448439,-4.666348920112599,-4.501334485979678,-4.6021545117898,-4.79710459527071,-4.455806511937979,-4.591983134264607,-5.1944569028208445,-5.2532062931283345,-5.139485377929947,-5.1447955310454905,-4.8171327060616616,-4.789799738789517,-4.5974144434380975,-4.707366926354728,-4.277902462344807,-4.610220044633175,-4.398569253518639,-4.417452464426605,-5.546107648712711,-5.681740721423781,-5.477108466806582,-5.345151875483818,-5.2166067397346865,-5.344828862054937,-5.620503916718802,-5.541298064202552,-3.208429963181006,-3.4125540021389504,-3.4938082173779463,-3.4243677151160536,-3.713459838031625,-3.707573333664154,-2.914257939060402,-2.779763193578722,-2.820110443949913,-3.447221700215616,-3.43820806219882,-3.362777826665143,-2.943369313604416,-3.176046832351904,-3.289431544557294,-3.5276137671407106,-3.32520338348157,-3.0762691202628165,-2.3948107523097537,-2.849398678586171,-4.701418515333328,-4.61645298177419,-4.686403727038204,-4.628678783113472,-3.0476552626285045,-2.258553117519453,-3.130103194481592,-3.1815814441975157,-5.447882623231738,-5.513712889978608,-5.481537361882403,-2.979285490469792,-2.8026736222331543,-3.055442845208759,-2.9958927066304124,-2.137670401135914,-2.4498582031077945,-3.1610024198830136,-3.186029741785193,-3.3885379919908747,-3.520506386400271,-3.2980608780295917,-3.460835517410846,-5.4175852411273,-5.371833149996069,-5.124068575633034,-5.258877619517921,-5.321490605698061,-5.188461744879866,-5.143330532306386,-4.970093979245661,-5.228551447972384,-5.039174189393364,-5.25748409042928,-5.150838557010864,-3.9549364804339078,-4.18851241650931,-1.917793973931369,-2.4111096534703,-2.2032614298183137,-3.125635999156076,-3.6126515923756806,-2.144750423115255,-1.6313783442303436,-1.8833676562511794,-3.740155414605402,-4.174678523855567,-3.426755633535665,-1.4972437377111198,-1.5463735454623428,-1.5145897307480212,-3.1308218069985188,-2.723879887489977,-3.7481585732371485,-1.61159543841576,-2.2550255623250344,-1.877553426085754,-3.1379078352559624,-3.4772780566220707,-4.460369991397004,-4.215630924013386,-3.063108731541732,-3.1876404405120287,-3.1351705174493887,-4.0461296094794506,-4.526885307751385,-3.195404651909472,-5.503962472478129,-5.768735759506351,-3.4070601122856807,-3.4492148424399804,-4.075677189707957,-3.279706010347123,-3.2460456235664665,-3.3499991208074054,-3.507173890194208,-3.6306174104186137,-3.474010975948378,-1.6976780741978281,-3.6640735145435563,-3.311630647637788,-3.168470027986338,-1.9463971575992538,-2.6086059944889772,-2.4175086585957413,-4.415879127851637,-4.346282457663543,-1.7906255156659494,-1.7325601120608791,-4.480758859316092,-4.085233871656261,-4.460965211504012,-4.279365353254738,-4.181896480986609,-4.103469259953799,-4.098577932747409,-3.8258317754682203,-1.674309978768406,-2.134128969082985,-3.1594081483058023,-3.9094200260623317,-5.180736840388333,-2.349057963575847,-2.6628304408578725,-3.0114726173627258,-3.3895517760579406,-4.4764979519303765,-1.873247157226622,-2.160620391985269,-2.995747722701495,-4.007252816409485,-5.261764435727294,-3.3357638106468546,-3.0616502713055382,-3.1736415641489906,-2.3111256343033997,-2.5444186216430147,-2.380232468378111,-6.407165535907582,-6.316713940792061,-5.9891955594877615,-4.985104720479772,-4.914375840253975,-4.335644338026576,-4.2093001935525525,-4.168615525427057,-4.315879145329832,-4.3420551807065095,-4.318031708194704,-4.546710515901358,-4.497567872295056,-4.4153724911613335,-3.9077503363978554,-4.044399921637259,-4.11576003110493,-3.9894905222808994,-3.9895865784540856,-4.069857458795466,-3.423427380217589,-3.361903325524585,-2.9356613157498384,-5.278009747039114,-5.2127363054183,-5.1898025736634015,-5.423076059091354,-5.463122453469321,-5.511602940572336,-5.932119264005577,-5.876091987346404,-5.354103546316228,-5.51195701752051,-5.512235650756448
19.0,6.246275153527337,6.340221088524378,6.513539282514647,6.693037235009514,5.496847695071299,5.727271355253242,5.4150886949920665,5.438849890198274,5.424707312935569,5.326147444733902,6.791913118610141,6.845403221242979,5.83759704337196,5.925291637011802,7.095705004012164,6.979915220767151,6.855480164630963,6.866334670490948,7.249903843557824,7.258363327062016,7.1915111095394355,7.0770925957009725,9.044800108730655,9.305451078561802,8.182659912781283,8.221937464710113,7.903652536651935,7.769915372645922,8.210794154176149,8.37094738134404,8.092667195051177,8.112498106325347,7.923044861954893,7.705051370518018,8.450613713031522,8.555997692313978,6.294529915468121,6.235860101732149,6.2188711982619,6.3070860364553045,6.591560034835482,6.446864145633537,6.3121164595228745,6.3334508195413735,7.325075487139981,7.077577269486875,7.056518455070261,7.102095604696928,6.814781901902914,6.759052862473484,6.518934084321545,5.861549158965203,5.740018165893419,5.8858271928944665,5.833669490998062,5.986954057031865,5.967439703022472,5.998174064976595,5.981727852411915,7.4316773077413725,7.548936984103565,7.450738265835256,7.480102060504733,7.00207428907618,7.071759562446125,7.117159205267619,7.108298276905647,7.020840967394315,6.807660442121865,6.8598997024587725,7.016926749006816,6.819107658784119,6.9102318871366615,6.960608194424305,6.907105353835475,7.8802301589812185,7.682702196338404,7.843265512620332,7.756790310632133,7.671094487115346,7.57759183708122,7.718115463858482,7.605455381726699,4.443221005701444,4.642281584624847,4.34111636916617,4.458010277047045,7.497752692863091,7.2992968412868,5.198574385867835,7.064661586637212,7.151954600307084,6.593184618506647,6.418647621033853,5.892844318736839,6.477109722083534,5.121036337673023,5.937183140628455,6.39449901500153,6.226265676646767,5.992136496553086,6.055792763329008,6.623776689886407,5.769224462967264,6.260742152497944,6.193710691560745,6.058676119618282,6.582904575051497,5.998419378998074,5.491469680629548,5.3218569371357916,8.649182729755053,9.028762203483284,9.009898355817668,3.5494752374796557,3.7631790297593546,3.5858667357103817,3.718087215847756,4.209117079470252,4.078045168976107,6.711614228134501,6.906298900619807,6.592287105374999,6.659868792220549,5.724703743282084,6.003347394535658,6.624592671581985,6.382583013567617,6.553183655183325,6.760928053445443,6.363537138888336,6.434380749794679,6.760434841488008,6.813191782838686,6.6488162287833585,6.656478282319144,6.81743698069412,6.650231158742255,9.43654968336251,9.643748832432586,6.919225402841667,7.322914034198408,7.364231394893911,10.223007371032473,10.24882534359857,8.02487186346486,7.385910568151477,7.744916803451816,6.733105304402734,6.74453116945607,6.4789210654088185,4.0493578727943,3.845056104689517,4.210897999445741,8.256616817531306,8.393374536315966,8.305473064206458,6.022628796853706,6.681119641143352,6.011314804806801,5.909637014226039,5.949441046274942,6.0426555665357515,6.055142048680137,6.36105338467437,6.247671029587121,5.986567797014032,6.381193860975808,6.674587242485433,5.952696645313563,6.98641861094843,7.143831981065613,6.773675835674572,6.494027598435392,6.4323556230350105,6.390353825502045,6.177730825289993,6.365735515872483,6.695722521656065,6.506619532005114,6.589432719445108,7.316798665012367,6.234376337206387,6.294015303861865,6.299346020050973,7.687153019280371,8.355105262076187,8.015577691671558,6.455944875123754,6.653603838174297,7.358556269390764,7.1970016243003405,6.67234182594055,6.588921894442715,6.552929853069603,6.690077540211824,7.567704222715127,7.502551336275771,7.361288154729803,7.432365506835213,8.187076577229488,6.417395157425711,6.707145573982109,7.432011072890006,7.717394271756893,6.586042980963509,6.935435474999665,7.3010305432211515,7.8581331195074835,7.896907897969051,8.117151292432933,7.955793172991417,8.511264153236176,9.036761657511095,9.137956511867351,5.445891861313178,5.42064617285585,5.270807995021834,4.485652646842444,4.461744552133198,4.772381056333837,10.39282303945141,10.165074920503189,9.926045388141478,7.4698971446791145,7.4579987650214035,7.25287743225672,7.358489209101493,7.230225096188325,8.713015112254382,8.76910418138823,8.839017875568105,7.062237856007228,7.2253645102429385,6.9545009528994415,6.435767510508338,6.148059343769446,6.374688494054679,8.472081593903994,8.400228278100418,8.31515010375805,6.248523021117533,6.215919109983547,6.150668179212906,7.995526599801503,7.950583149584222,7.981053478713123,7.3347920962095134,7.413058404115381,7.259574849478456,9.276946418553733,9.225207839491862,6.8670487938892695,6.719657730440732,6.94472075573292
20.0,-1.3153230375209017,-1.3623007205722568,-1.870468449115474,-1.8905450962752943,-1.9857387592416162,-2.037603171876542,-1.8252433420028802,-1.9741488587501728,-2.511773888043256,-2.5850883479601277,-0.17255312149133406,-0.05232872682102707,1.5917040425674966,1.439753699459711,-1.0093950174646513,-1.0361888670730948,-2.2204220810856037,-2.109223863568313,-7.426957746989821,-7.294464088777524,-8.369259944585291,-8.394063005872148,-4.812560707015058,-4.799464554617275,-5.680192668854239,-5.756344263951842,-5.278238340514667,-5.361363822358163,-5.042346577665112,-4.984865226405615,-5.303434711473928,-5.142473532377607,-5.080081166129099,-5.032627553962294,-5.526667106992413,-5.221293544683789,-3.126695824692697,-3.0598713651107428,-3.110388312713014,-3.122019443633697,-3.0385431512728056,-3.0322143178244017,-3.007513881117022,-3.0424212210884627,-2.589856825064445,-2.764098609243432,-2.737339217738484,-2.8164510743570172,-2.809287121001979,-2.8552507934317237,-2.915720904735875,-1.8181538058770936,-1.8139091431960028,-1.7286057367913266,-1.8436439307805934,-2.950478498188863,-2.936715268229439,-2.8555628031170515,-2.7553291566597733,-3.955591519105611,-4.029693565568193,-3.949824955903988,-3.981168624899866,-3.3587910502908125,-3.4245000568356634,-3.355273503182875,-3.388032313593792,-1.993324527733691,-2.001513237279,-1.7480329177893048,-1.8668247604669568,-1.7899902403777546,-1.7733226990440571,-2.0140008763700887,-1.9064102580821116,-3.09514849220769,-3.0918015617492522,-3.0196478886393323,-3.1707945778390823,-3.1601701960554163,-3.02486550283277,-2.8541431706223546,-3.2017971125046367,-6.5523157740820555,-6.631833877613364,-6.553652891832392,-6.673672651119693,-3.323641735397553,-3.1553773070723548,-6.461656519397209,-0.23821629213465645,-0.006224030061583896,3.4274492459156916,3.317899833032312,-6.089173847608452,-2.3305546303330713,-6.368586770870061,2.778693373431011,2.9606623406590877,-2.003035568139048,-6.065287765520013,-5.151021861692354,-5.363451276788802,-1.8037571747914916,-1.5897218448134498,-1.7561299463237594,-1.8882800688050714,-5.293353575407345,-4.999984700961237,-6.2097903741343945,-6.227396601467124,4.458000452463382,4.536025957503366,4.575442455918383,-4.773151652952205,-4.746263820567261,-4.527791890977908,-4.583209544788081,-4.522576466570711,-4.543887035795604,-4.057280911952314,-3.919576723257795,-3.930446127180616,-3.782423354993401,-3.8318208989768285,-4.000514528911297,-11.493481608526395,-11.550442051106405,-11.553591893535508,-11.708770469210336,-11.65607600100973,-11.623348878404393,-11.760130227291162,-11.800155407329992,-11.631486890181787,-11.758914177271098,-11.594176491153867,-11.55665565544701,-4.2729893944948465,-4.458964493749637,-3.9246136287719935,-3.8347789985226477,-4.310507703012593,-3.920582173641636,-4.020574605559785,-3.441220075919053,-3.739857273292169,-3.6420927895438755,-3.479752826131211,-3.6776746217028737,-3.9272814831069933,-3.6053514250394554,-3.708127992757595,-3.337181716157828,-5.187859736570996,-5.053168906591943,-4.598409608758183,-4.39523991181498,-4.185410499349147,-4.43821465084512,-6.153120117423478,-6.16230032287823,-6.280601252031419,-6.295688658435565,-5.979199505587541,-6.0616394548645465,-5.993137375902884,-5.805624580156234,-6.3651510512003755,-5.973850111120392,-6.528640377876823,-6.414646716543039,-6.5818208541746355,-6.692736688622649,-4.893989987751469,-4.696910864002904,-4.573202629303237,-4.5340181889870355,-2.99714330189373,-3.0279648864585513,-3.0945223387474767,-5.304520734284843,-5.482870686851802,-5.299940044320085,-5.385591757931868,-4.594020957030711,-4.5541495380852695,-4.38523948170261,-4.96659088570901,-4.8256142037429175,-5.20520058964718,-5.163562781089723,-2.4927150653345564,-2.7642916093668695,-2.501361233237079,-2.5367188809697554,-3.5146227209995744,-3.5201201437109084,-3.5972213770203423,-3.642865270753822,-3.0505566095750245,-3.4463148847430247,-2.9803772810386473,-2.483913997115858,-3.344176463269723,-5.289628675980293,-5.336064810358985,-5.493772519022589,-5.7797686013301295,-5.753997364712605,-5.127083178939813,-5.363064096361814,-4.775909141265464,-4.4399252855355105,-4.875732787329349,-3.858441243460977,-3.7868296409034343,-3.970223727854655,-3.8176274165742825,-3.7386125534320884,-3.6627944915885475,-9.391687337867292,-9.422415309364006,-9.782565940921366,-10.416665000513321,-10.219587063374771,-9.734094312980584,-9.787854907938788,-9.863203276635032,-10.48026667697615,-10.821694633565325,-10.510817054191651,-10.126126124667183,-10.473609240040867,-10.276010424154041,-9.912236882684851,-10.027221120218323,-9.918452933222543,-11.096241470689158,-11.120386457054266,-11.088583586184996,-10.705907739922052,-10.805632565180908,-10.77231890238369,-9.51248972460602,-9.625056029513274,-9.099549595114711,-9.18693143850906,-9.076043040351557,-9.146328398446279,-10.095967219650056,-10.061035088446886,-9.80350791335141,-9.847316289668889,-9.726149325036658
21.0,-0.37964537716846913,-0.45816745353666233,-0.5143791385902371,-0.7007910028700824,-0.44858454074905496,-0.4276149695067283,-0.3554042321367674,-0.20686250561456487,-0.25927040037994176,-0.03690486486039157,0.3278507493171169,0.2817974117076721,0.03725879358351175,0.060078003757452314,-0.8075528304696352,-0.8105467652378832,-1.5019774778524062,-1.5263080104621973,-0.048705359473823484,0.06589197093468802,-0.4060693056016067,-0.379340117202831,0.0417907463659235,-0.036289891862241186,-0.026992518277770272,0.19262690513042474,0.6540162238023708,0.5584963804216291,0.3720655206870465,0.4356844948398371,0.14000232749711228,0.20011478330230692,0.5775788468840759,0.6227917069252387,0.9709856972840207,0.7068343292650315,-1.003742879424783,-0.8673176933948619,-0.9158854277906308,-1.0208394744149238,-1.1861733854077863,-1.0197235262990816,-1.0841249768887726,-1.0100830874448168,-1.0346051079537306,-1.1668260118809044,-1.0404151915574313,-1.0051008380682822,-0.9823879531840181,-0.9085418146028253,-1.078357108223812,-1.3085126607007214,-1.4275023164772667,-1.3671484612044609,-1.297836883068046,-0.9502780213397883,-1.0686204617503794,-1.099700118122062,-1.0320244224202995,-1.614667634600954,-1.2559516665353756,-1.6659800380383776,-1.6027570107293903,-1.161221774183606,-1.3958924088179376,-1.2800895394832592,-1.3015116493676038,-1.2557453909127227,-1.0462395116529546,-1.2545939334083838,-1.176240760595959,-1.3891044891832172,-1.069464494120726,-1.0751126530136337,-1.0552552273124474,-1.1409115430818793,-1.008763640747911,-1.0466120605318847,-1.096282192154988,-0.6591584388311709,-0.21932279891065742,-0.6372627547625307,-0.8455750388182686,0.2469295883362968,0.3175595543325396,0.5903110673423679,0.5515974500808696,-1.0281098474872978,-0.8315834552516908,0.021904905277464026,0.40662659041535143,0.11693994423659304,0.3003361779869045,0.21638477937086753,-0.08126624075460454,0.49947944452451853,0.26520287145990884,0.31024751300756037,0.14746261569848462,0.48783678057587165,-0.27850922806665634,-0.5426131163415511,-1.1682195930596546,0.6047133615333986,0.3140084451371157,0.21800629814871897,0.3065268227188669,-1.0624431734423914,-0.5933785457237806,-0.17632163473726292,-0.16534054582236202,-0.6793698151188432,-0.6800473860684519,-0.47229233716867736,-2.2047753269841808,-2.162722010793106,-2.1560057510908823,-2.018142762957363,-2.30014045761557,-2.4411884523486997,-2.429477139784714,-2.55990495249293,-2.3459278798935665,-2.4401556600172625,-2.2770150199976245,-2.260042319027879,3.3093246726184535,3.4983506718692765,3.3747885562041002,3.5013405868899525,3.7194993556298477,3.6170268574979345,2.7640448409860943,2.6644631835095716,3.0923552033896473,3.063759870443576,2.772301676351007,2.6835482257902403,-2.189497375374091,-2.1821650936689307,-1.8009072018539802,-2.0293297821886105,-1.6998259944356615,-0.9053867582552031,-0.39624815459676554,0.2516031746255587,-0.20480448085683012,0.1303858444061019,-0.6905671517990633,-1.2135332531461036,-0.4125716083095283,-0.272745827113444,0.05006134594720901,-0.08730958665763655,-0.9035993641094757,-1.1564352083968932,-1.2201376870820217,-0.34613882915335914,-0.8381396638922647,-0.5266650482227186,-3.7411519508231743,-3.8675719307472773,-4.125281999531904,-4.015720334702527,-3.7130918351787505,-4.034448064758679,-3.9210423662527667,-3.438157235959742,-3.61439860998141,-4.233495934511806,-4.353130237954799,-3.90988636021926,-3.6815104959976988,-3.5890798306995224,-0.31775032059793723,-0.27288413396825506,-0.5262947771852027,-0.47566174900481784,-1.4998986219402966,-1.4493606236761314,-1.3898851964289176,-1.0750581196624744,-0.9201028758055959,-0.9306451117452089,-0.7639343419653045,-2.1198035395610813,-2.5435605139054474,-2.448373758679582,-0.22637537220461906,-0.5051021699454885,-1.0585377067696622,-1.0856712016136905,-2.33564895884059,-2.3934711366858465,-2.22197535623537,-2.3605759911543216,-2.7153798218303518,-2.8058748598710626,-2.707362057873194,-2.8221638562907745,-0.5279963483433407,0.48750445227778005,0.9858063384673794,1.261938054090125,1.0276581415263288,-1.1851910964163748,-1.0901015120280064,-1.2749879125265338,-1.7043189717760456,-2.044745340010114,-2.1423515691235853,-2.18227830179642,-1.9508626869801127,-1.9141107424858674,-2.222407483164434,-0.9633401632641783,-0.953335763453321,-0.7380450499007241,3.328366185859964,3.372332494782027,3.2250802701383434,-1.9624846555488737,-1.8794263992468836,-1.6318108705639789,-0.5387631359189532,-0.6274644515646802,-0.9576495401269995,-0.771931780356303,-0.6961478835151067,-1.11580157125653,-1.1421336031707447,-1.1494033211229375,0.537634360024384,0.1491096729552508,0.41820869463017396,0.0016179329016057231,-0.09923407024310249,-0.11387598281271005,-0.36746390590328737,-0.5100215979035787,-0.4860790031119673,0.7382342257145094,0.9628650078688779,1.1023056908275137,-1.2657081078674066,-1.3572175921900986,-1.5497715601539706,-1.3395487872000316,-1.6332907064333684,-1.2535679843022014,-2.115386207093291,-2.021354785619356,-0.6833777001762154,-0.6165753986655831,-0.9231764563003225
22.0,-4.281749585675575,-4.53067829390406,-4.738749612097212,-4.6334401556449265,-4.530571568315349,-4.439053512613331,-4.761350791713463,-4.987790275755652,-4.803952700374722,-4.698212092358558,-4.753235814456275,-4.936884783622208,-4.606736665582805,-4.242256976015598,-4.4539737214945045,-4.515205083143327,-4.020869527826283,-4.273212323704437,-4.242623424826256,-4.473518941743992,-4.379162826255033,-4.537889071079393,-6.188867580633037,-5.93233270124723,-5.715456323452152,-5.930788250920049,-5.8333636329382,-6.059052145417683,-6.0678692636307385,-5.873116869026145,-5.698374523482579,-5.788390605480769,-5.921215773642743,-5.882998409806987,-6.2026168590162225,-5.980786959748981,-6.019768740048706,-5.760474481012597,-5.80511102725475,-5.960309196081454,-6.064096988780095,-5.957060452337668,-6.010730539839171,-5.44784281494195,-6.315801657412923,-6.174695992579393,-6.494559953041712,-6.160782897196228,-5.895704414138034,-5.792292471393086,-6.02355672419109,-6.465728849781662,-6.438820006872655,-6.436262212299219,-6.39515992484257,-6.215997031685408,-6.411918425556804,-6.324410597635808,-6.324486750648562,-6.369678580765166,-6.652672307975591,-6.79578520521088,-6.622736807483207,-6.150915764404374,-6.225168166201314,-6.188923909872605,-6.241139505314795,-5.869503647295426,-5.7182772829551265,-5.623076696731115,-5.728408720469918,-5.755242154502833,-5.362820068183474,-5.54303248545504,-5.345558611408057,-6.6642120437137375,-6.679617324445948,-6.59644205607705,-6.320701297884103,-5.681626495382666,-5.844838017414338,-5.591045657071733,-5.734992622447717,-3.190404415052198,-3.1921672203799645,-2.887044695446084,-3.050289400049696,-3.3768215746078276,-3.275940761453615,-3.216743909106494,-5.55628538488339,-5.548872318618594,-5.2267549064138255,-4.884773311698105,-5.1783134088120075,-4.774406769311382,-3.047692517410134,-5.150974618260896,-4.974712538322297,-5.2742664569428115,-5.000610843870536,-2.9410957712858607,-3.358108334191952,-3.323403346502211,-3.597979684050987,-3.6176596219539725,-3.6205491914640433,-3.6313504053138512,-2.8950425151623485,-3.2117930320745423,-3.2846902938012974,-3.9625566706013053,-3.731397015669007,-3.920545208326754,-2.9658160568297127,-2.7441447852346066,-2.7594343210607484,-2.592896704905577,-2.479004787734649,-2.7544465780579657,-2.739032422841838,-2.5758218796905865,-2.6510173330593076,-2.5265285512851996,-2.371624607913162,-2.4631082275763703,-6.169105831281756,-6.045205962973215,-5.956141041894702,-6.371765371633428,-6.472327233968251,-6.521849095488246,-6.155061668927324,-6.092115564766168,-6.536990667070061,-6.255900315990054,-6.178787803628163,-6.053427530747502,-3.9400816239432395,-3.9731693534700447,-3.724112889237791,-4.195350349773019,-4.076674043890442,-2.3794849408106735,-3.313677435618807,-3.828474537299506,-3.733363693237532,-3.770074532050142,-4.611617697997962,-3.3621399890496146,-3.4149128026239097,-3.872249111336007,-3.821889896811996,-3.7792227805553367,-3.5845526462554034,-3.9287350951647664,-4.142202766875602,-3.8798651313521475,-4.006887290605487,-3.891451734142855,-4.7932229699225015,-4.585821742651397,-4.7080530399301015,-4.551120464546797,-4.457123156195067,-4.426658402585495,-4.38110370897178,-4.958775036993744,-4.860959292694458,-4.374370792709364,-5.063479847012907,-4.789727785776311,-4.486695305013555,-4.133211587282716,-4.47335668504493,-4.817164388250802,-4.221464027260968,-4.595152103170257,-4.5744230855421115,-4.761377034747717,-4.853847704789846,-4.7764964728482155,-4.6960295742504705,-4.39767183082823,-4.6526736359971075,-4.654355309378637,-4.518746641154507,-4.344000047331676,-4.51929617014299,-4.351690275709707,-4.782103941832318,-4.953193378866533,-1.9328453404684645,-1.8747927827496387,-2.4883464415480514,-2.22430176300513,-2.39512458641196,-2.721767738798146,-2.224834310229129,-2.1106309615898216,-5.297177359582587,-5.3207887504725235,-5.335637309254402,-5.30512818017605,-5.400481796895768,-5.704770555312436,-5.67843200060106,-5.446614320686882,-5.48082254665545,-5.550029019128337,-5.264268330421569,-5.475273818667429,-6.025501110923029,-5.858443969390487,-5.088354557440738,-5.264427779143363,-4.664884154299452,-4.89234410779733,-5.478962283898326,-5.8709510220762,-5.466104266764429,-5.766219602755987,-6.290955755698878,-5.833610857720288,-5.158280150819289,-4.949204737641283,-5.180187479186834,-5.282212050474275,-5.152804022462439,-4.895960068586685,-5.10215750175265,-5.136914779211054,-4.802994282787553,-5.188826803378539,-4.882957918945838,-4.458187984555257,-4.619389706186146,-4.643174971779491,-4.661878651125255,-4.775487933959955,-4.610695471484725,-4.292133228018411,-4.389001908123106,-4.117090419958636,-5.307376709511736,-5.488194730111882,-5.384909146708935,-4.7076383784699445,-5.041730293165974,-5.076557383690181,-4.974735518165126,-4.9652777571403774,-4.9037277236172745,-4.642923830477683,-4.9835435077213255
23.0,0.24424401335213552,0.1775977642977118,0.2124223993340646,0.30117297040290225,0.22529054446882135,0.2837004802895766,0.3175162981462307,0.17816983382414087,0.3213750617178661,0.5790438244146792,0.6137965219144981,0.7688617142580583,0.7698797863200806,0.7093884958753929,0.32386112859945726,0.4475743827724692,0.5501240884190945,0.5781472436712356,0.4870622912653957,0.6577580049252809,0.7188548836818658,0.8535744269996268,0.7512218845687038,0.7295417292310873,0.5900762285387042,0.8507574760666596,0.6713764225171079,0.6314835979714015,0.629266420214309,0.2573014093414816,0.5014257774143953,0.3773397694905025,0.6525325885149513,0.5709353066394538,0.3345513140534422,0.45423648443663467,-0.16348294475213265,-0.3402391619490448,-0.31105803581595204,-0.23317833334408533,0.33700114440576634,0.19264900914338945,0.13135659902158636,0.5917879178865508,0.9840367586892462,1.1040817445742679,0.8495554790355992,0.4139436027079846,0.5711343357848921,0.1659536317973611,0.04199983198553703,0.3862101534500244,0.44371526183524246,0.3390722544884053,0.21482628010907234,0.2502897702104434,0.33009527552763096,0.3338248669420558,0.03851117389700853,0.3406047276651414,0.30420454875136294,0.23153435991473614,0.784040242567329,0.7951932398958199,0.7413753543664718,0.8349028859995649,0.8435229430715392,0.728123405936449,0.5497960636785457,0.7072801874836632,0.520368635969831,0.172318154466927,-0.2290444641359226,-0.022633611113892727,0.31738316954205814,0.8922814356808626,0.9751799331460003,0.9317838318423082,1.049750819427267,0.19976492348999741,0.27957252143619193,0.1680333865660817,0.37257826857058873,0.19165324637237457,0.28955955898640084,0.5481318546301299,0.3767545532373715,0.00817307635212039,-0.20031569175003305,0.6065546535193658,0.37559074090393807,0.06484211309511778,-0.20779662601955984,0.25635854355526533,0.5745958059617831,0.28847215432340967,0.36012085659172755,0.5878261190478131,0.7140071580339065,0.6229545194922661,0.7075015963317934,0.7268589123913003,0.42693610764260015,-0.34797533828841676,-0.6148998470628149,-0.07094786311728729,-0.25047505387810975,0.001946629414323553,0.49073422712398873,0.2177190443252517,-0.014364302142503504,0.601597530273505,0.49694420731555056,0.4699677687111645,0.79242343230786,0.9162138806461364,0.9700115788885917,1.0510755150602478,0.9831483521865785,1.1798097008731698,1.0386465097327466,1.060783123541425,0.7403704377900571,0.817175396805629,0.8599454688870143,1.1822828716592007,0.4229395264818159,0.21249079930660209,0.05237369811069925,0.08707815602431879,0.2631040240721241,0.42899927421014716,0.1560312682136029,0.22817756990693105,0.13528772186255722,0.09480224689049699,0.42781231401659703,0.22689641763377644,1.4902746173867119,0.9016599911024255,0.8382271430440849,0.5515769340193248,0.7394275319239609,0.7685094744929071,0.35927990500599627,0.8184531394266186,0.5904307018502255,0.8401163014245654,0.4229246002545022,0.7741994841999862,0.8420778346212874,1.1832727901867814,0.7657321029275774,0.9809400979603575,0.8822591213517041,0.8752054782548715,0.8722584312862001,0.9412187424514862,0.5226919535151886,1.047122384898282,0.3035213224321023,0.3994783106730768,0.6152534498871454,0.7228068962779126,0.30450906710750836,0.35361526243698727,0.6825347731304632,-0.0087947811694562,0.46443899923532417,0.23968129666318028,0.6157943242420449,0.5453596733872805,0.19529819446231578,0.39357061644152225,0.3736103795011605,0.1783430476360195,0.003055699162011649,0.18885178712316097,0.2565508341466227,0.0356599958140329,-0.021217213548024638,0.18902866062162893,0.1216754657635466,0.3194296336577942,0.28982623591255496,-0.10815025191832728,0.2853223112065306,0.28066132530074483,0.24257803024668512,0.2829815871907364,-0.1327295726021056,0.34520973100818964,-0.22079989347873763,-0.2679029488648439,-0.21989556702204993,-0.5196446749601034,-0.029380261420433484,-0.19862855493566833,-0.335132076257878,-0.2568026891920443,0.4984229060252581,0.2642354337889117,-0.1538263994641067,0.07187672704444559,0.2285029093343276,0.43886487665800544,0.5438596435541196,0.7655800577235503,0.6233908646836568,0.8823358248114737,0.45389337965935095,0.8254806291098218,0.6407598985727638,0.5878035112447701,0.4515514580550857,0.042268805540109256,0.23212252238841202,0.1198433522512321,0.5602934604797518,0.6101870748575724,0.7534073718302725,0.9884630965227963,0.5899277630008104,0.7844999056495823,0.6151281919038762,0.8205692986565456,0.44684397872184967,0.37494402604595223,0.2663042140883629,0.6308606660365363,0.7975720896930039,0.8270642216367339,0.6325595681140204,0.4122674091341274,0.8467752163835698,0.5417517533470253,0.6771096779085966,0.48030991780277255,0.5086631777392316,0.5589700884621287,0.719449029570363,0.8375925927613075,0.751370965098582,0.8032198627685645,0.3711885634832335,0.2912995577678217,0.41334933739445034,0.24395143825573307,0.5427211202395767,0.2788951747521917,0.6157861026411311,0.9222782597338437,0.7245682249204606,0.6102221513075818,0.3912775331359484
24.0,3.4660657788961204,3.465405025018665,4.321863293031953,4.168878381070662,4.897341218354974,4.9534614700455855,5.298227115327717,5.553740087514738,5.9494222918486415,5.767607789060324,1.6443198651991953,1.8067131176985587,1.4366264202284675,1.1096811709289458,2.7088092754358932,2.778635714650865,2.2703788867870998,2.382883801054258,3.028558835735261,2.9522912466761486,2.077036906654282,1.8893329893117468,3.245080171796454,3.4419292348725765,4.24948036403066,4.325993727433666,4.692615265040434,4.649567631889026,4.046611299806164,4.184844384623728,4.659603982789603,4.847721422710148,4.689591204408394,4.643781287989951,3.2279731411864923,3.1835771874666694,3.8391545297914984,3.8779423619945366,4.006822542067686,3.9411943816506394,3.4703029052668963,3.5780295438483325,3.6165917063164414,3.6072917033957346,3.299097832847954,3.3945169555527848,3.503672998730625,3.405295188034744,3.2770416661832655,3.2244968231573132,3.14015820292688,3.8475633167173555,3.9799955975614116,3.8808749823329016,3.937951098546227,3.943318401677173,4.0927709870006925,4.13999000440171,4.253049767564606,3.9959495720820435,3.894096742510838,4.0023281700779645,3.959979100962956,4.312842278837293,4.212457271385176,4.21109921897728,4.16354170989862,3.5983086791612617,3.8509184552722218,3.6223049508609364,3.6769488157785375,2.8584635841690993,3.025214909690643,3.0219611462409866,3.1803275691381376,3.624360263418094,3.6655959246956193,3.661609990206081,3.4787830328182103,3.521724681739256,3.3805980841100762,3.205449524875652,3.254615672649175,4.4879572968046535,4.3928093474262795,4.353144141558065,4.516306443954891,3.159985638557637,3.0946034502501494,3.1271438249117605,1.9629224163293575,1.7262240336631542,0.9920207318512411,1.0390146999782104,2.7146733705838875,1.6127665973278766,2.886453718419384,0.6709572718038856,0.6726165341924926,1.7589087147552736,2.707727251182961,1.795347001597782,2.736519024467457,4.324899288658168,4.333078147474473,4.615789355428054,4.519968369533011,2.8499416846462013,2.167374632511586,3.102463623607565,3.204665196194359,1.3234078875321575,1.5555708943629867,1.424910882606973,2.980360623001891,2.9689538513828824,3.1617279260927607,2.78815116358827,2.5287422667831168,2.658529758002625,0.08163592593329128,0.2056346479583251,0.05795181352408463,0.032538095251670285,0.41535751304201884,0.18327547173594816,6.00500331874407,6.090625451840756,6.205005632072327,6.158996620408194,6.337014854393905,6.377418613576436,6.077718294666438,6.253161210377549,6.425061384533674,6.648996739265614,6.403856824796664,6.521675681891217,0.9147927559254008,1.6153888356260815,3.2326614916636194,2.545859630456408,3.8756913089446563,0.49578940456610887,1.3641187610421888,3.501090529031014,3.2591688141871655,3.522283746867508,1.9166015915264971,2.377158427954651,1.8467927632443395,4.285301561568456,4.107886053305524,4.4240417450999345,1.1371305568879562,0.9663080623588547,0.8227328446909645,3.5498976125268475,3.1807949920354996,3.691257476742277,4.238949551144106,4.226349670909746,4.813694487755202,4.898308381142835,2.853455415893138,3.017547009620512,3.41699900743894,4.860950883011759,4.374981083897909,3.4512021364302052,5.279152367509562,5.354923508998484,3.490912836780767,3.641823785907813,7.068032855743024,7.066396270963114,6.929126860774703,7.124595717742496,6.865974317919312,6.871230399073696,6.909015916084398,6.862512682511548,7.274594322967028,7.060196815058548,7.234658039443483,6.640778054702414,6.159734171779525,6.143997217636441,6.978191316590694,6.786314083033673,6.754933786350689,6.5387887195964804,2.449606268798034,2.452142548987161,2.231096106450053,2.5764574824902122,2.2372448201232285,2.3515724065234425,2.3187778984146856,2.0973116096937625,5.551370134561049,7.171546888800028,6.524909302446033,5.646836728596681,3.7744305470573085,5.999795288611871,6.417148037804624,6.144709208072699,5.623556369854468,3.9422139165331203,5.941461116402522,5.96034231006936,4.837494708156523,3.6715283778585155,1.8700358166361344,3.026443331788327,2.5309227996683585,2.5920308568129204,5.009195664828251,5.208735659384816,4.70293630792178,3.980973220794027,4.300462804049923,4.169539249854941,4.112123048961312,4.247831863269269,3.299494172357468,3.3541637781359306,3.225499522524636,4.307434304164815,4.239120505013428,4.448459219090484,4.308772543479616,4.402142255920268,4.293144097225177,3.4809098473539137,3.54616001749946,3.635694808698956,3.618121769944226,3.5695709055104707,3.644425793332088,3.6824039180628176,3.682055128051882,3.5707907716997767,2.86399060807595,2.9626787520884577,3.2403465806105967,3.2477222734620295,3.5013763607604087,3.1483071271851983,3.8968777676764397,4.162561497593208,3.4961049040933947,3.2606159210805643,3.390446038611268
25.0,-13.389843377651808,-13.604931120322124,-13.745905619996424,-13.593354272993967,-13.354550866929287,-13.18587108577962,-13.506321973009651,-13.582504459539791,-13.384501212133742,-13.629490138340607,6.0386850079217105,5.91102299928362,5.9070293983928615,6.134618211369798,6.237372714734548,5.903340704933397,7.416409443622197,7.211364162643257,8.675775397997938,8.92487704510015,8.576552684118633,8.59799927907925,4.0761818008780395,4.062637462569899,1.5876932853898182,1.167843342969551,2.599533723554533,2.3243953461571785,2.126943011123892,2.0800154748480963,1.9735884421027698,2.1325970133996996,2.6428635043693802,2.067370037160618,3.689602540536537,4.506252272695189,-1.5343715250948087,-1.50963076492895,-1.571685679003604,-1.7474153198438813,-1.4049264722035026,-1.2753001124779253,-1.5794802300054975,-1.2731378723899773,-0.9635192046493053,-1.0100822526644464,-0.9982641505225835,-1.140849241125558,-1.2756215868519476,-1.644657034762261,-1.7231658421154066,-0.9685615054948293,-1.1456746603953647,-1.1027748566362554,-1.2177618959804803,-1.6605136523878627,-1.7471297281676392,-1.5525763442887452,-1.6050531385776097,-1.248187054578242,-1.1055553533910292,-1.3734289830409203,-1.5207311422651841,-0.9408064075700118,-0.9389912414358577,-1.0176372387967376,-1.1476352588012801,-0.5045483649029023,-0.19524317474151687,-0.41815123868130755,-0.26660559368287906,-1.087074128064824,-0.7192988693073197,-1.177813579549671,-0.6923975713891188,0.005154289386538835,0.2101537114830343,0.040598155463154484,0.10842323875137083,0.6761117644427408,0.4993097658908887,0.6949995754188016,0.6225927566714873,-12.414718759807318,-12.491546872502528,-12.48662903556556,-12.73439920907537,-12.02740461013953,-12.091198792320824,-12.735170878263997,-12.071694964275821,-11.973535980923224,-12.444489747113511,-12.751759916379307,-12.065506077190896,-12.060758311203383,-12.492484835312265,-11.970545022605513,-12.602333015213585,-11.956389734930845,-12.508094684648011,-13.292161990374986,-13.140479459840787,-11.592984720259338,-11.61489735927124,-11.114457237064912,-11.297565851076278,-13.227431240809526,-13.336703230190125,-13.222205413439692,-13.130968415932323,-13.155315179905497,-14.208663991060654,-14.275529738637928,16.609847682101513,16.633779828191198,14.551612368380184,14.760405578283239,18.08458163261351,18.118052004622815,15.742171804216905,15.615417851017241,17.10553429387859,16.986560009062266,16.46976084611454,16.510403269861307,-13.480141267351616,-13.4723849680535,-13.335907911154706,-13.35625477379114,-13.43132497521352,-13.566042957840136,-13.569842171363781,-13.372426182671994,-13.210245393760918,-13.178375072507794,-13.266332642529758,-13.377005321989841,-9.512440119975516,-10.196799701423483,-13.264250376368818,-13.150552686039255,-13.505248494545437,-7.196064195112918,-11.375439319630662,-13.282452086543437,-12.908465555866218,-12.128825860576306,-13.797276094512117,-12.53106172891868,-12.517429094846634,-12.865137751294188,-13.610331743270834,-14.015532062938316,-12.296086411552213,-11.916869699351121,-13.246766134906387,-13.830754491602754,-13.419345179725806,-12.761942709796362,-12.281053971829031,-11.370438340653028,-11.822065023949246,-11.452720417033532,-11.536816145377834,-11.176349884313492,-11.378129219481544,-11.945927631512951,-11.924968178894165,-11.5360205128014,-11.484734345633047,-11.498377817066345,-12.461107189991267,-11.894015365432157,-12.385074075517842,-12.695247242009557,-12.507007717750167,-12.70982619712904,-12.094126633953024,-12.458009065116983,-12.752697910431408,-12.242914333747319,-12.138677768348398,-12.062263215941229,-12.18365867212313,-12.123150702793374,-11.780249490116141,-11.629893499691132,-12.336088662467102,-12.497040411117247,-12.19609087456795,-12.182568197126063,18.683811685691605,20.219146781984183,21.33084889455123,20.67608566307354,25.174928114609983,24.466605934360437,23.92285951745213,25.177723355189936,-13.2003406691476,-13.705546827639953,-13.917711567822664,-13.992408428611459,-13.153210864746413,-12.76260056027899,-13.221162687693656,-13.2112425789744,-12.88561926674457,-13.08451951445701,-13.398463202229372,-13.039098439286139,-13.634238446155916,-13.279336870138152,-12.492100650540252,-12.606232760977516,-11.983110619891175,-12.428025377678114,-11.167020727510419,-11.288044651165261,-11.12020117603921,-13.648435873677393,-13.45061752037688,-13.608386067810809,-11.44638396017097,-11.840746089485496,-11.469788031400732,-12.102797631347094,-12.036578476865017,-12.741840143139544,-12.500142978643296,-12.378885907919123,-11.761414096798074,-11.338153633995635,-11.168912626008272,-10.983577284634578,-11.166974553580193,-11.157407620548987,-11.645716766917594,-11.402646218962108,-11.147352492395214,-11.467402926337641,-11.34780888704783,-11.158380161684601,-12.997827863963405,-13.199787827763725,-13.142153082672504,-10.973203286168282,-8.53751332565599,-10.912066447759841,-11.777439926625153,-11.24592067569866,-11.736314857617387,-11.371885947445392,-11.335756691974726
26.0,17.172497348573625,17.230440396538075,16.332450012808252,16.068748536338354,16.167407000872686,16.15437809746613,15.340560546266154,15.745583376751439,14.918425303417784,15.06652361037615,16.10173129177882,16.208684722612745,16.343814550000076,16.328836618046722,17.219209773935212,17.21455323306149,17.921131141672554,17.726796456949426,17.1065762389404,17.104831442272133,17.572846187951914,17.545371073024718,15.846709608632926,15.792844871037646,14.832723077588412,14.84407053251936,14.855871319101208,14.737259590132968,15.072507003111864,15.222420536546597,15.128448526584275,14.73102860686934,15.089751157619688,15.309216752036171,16.0178245124097,16.14143921407813,15.59166316654361,15.622831698607593,15.8147171175102,15.794188501352396,15.039686878139337,15.073278581778418,14.909165813489821,15.046133202898712,16.053607503123576,15.748949651259382,16.020948081557982,15.9563242873632,15.546012501928473,15.652904544603196,15.677599143838126,14.158286095642689,14.143928873797284,14.110445860606491,14.078370424238798,15.830121626803697,15.9260222326001,15.867219115982657,15.660493327636694,15.511846184219221,15.512991300172578,15.390204397984144,15.417053753964673,14.23074873552099,14.169953643065336,14.256146546703576,14.170189307996193,14.822752980029506,14.5328094031393,14.700391355813457,14.663701142104815,14.37049670101609,14.51579198675544,14.51485582261558,14.112100182110149,14.023917453591743,13.963232698077382,14.138069485361108,13.97939828670809,13.999054383921015,13.927506832903932,14.256473544139359,14.144011845579262,16.859744989665163,16.8529289666259,16.461234866508132,16.865916205859165,18.408667605122673,18.351278335980062,17.687351278528865,18.424660867930644,18.42888502511562,18.850461796173377,18.813001148979744,18.102620225770096,18.636860648770288,17.547336523834726,18.48959222314665,18.66609535454486,18.657552552555607,18.053055254932474,17.330009169737014,17.435017062823086,16.37869930181762,17.011021122619447,17.125498939578513,17.452826439133535,17.379608934164782,17.647833259445356,17.951099721990232,17.597139886555926,16.55485871341836,16.442230849358403,16.554641166312404,14.821078911838988,14.697618919918611,14.432095405109441,14.466401972197387,14.210328392375214,14.126551619287744,14.93265006904138,14.943264344919758,14.63390338571022,14.687615302358244,15.057119192413733,15.017283199803419,16.536079792531655,16.463176453840013,16.45122754882055,16.599262629414234,16.46020510779369,16.36379434336993,16.79092830852508,16.73771590904656,16.82168786599793,16.95617498803307,16.681953809313313,16.83762065983432,15.865835880904188,16.534170196513042,15.97999228992812,15.56177867727892,16.33403219003549,16.669897151715126,17.266093290683852,15.728673566331661,15.927400743928558,16.230174791330533,17.73159287484155,15.854217173163432,16.50328095999904,16.018200833753625,16.060070566062294,16.254914919748824,15.983526927277937,15.398115548824151,16.816787826515586,16.87507518697974,15.838718984372708,15.739777930469991,17.791346676913967,17.245754400034123,17.436293477947203,17.323572873542552,18.883058429486987,18.744265148475968,18.682993232579964,16.90083818313926,16.803032720764673,18.995742819871108,16.602118857860653,16.992967591000294,18.430926818378186,18.487625375043407,16.81604286548678,16.43036529918063,16.351780378410567,16.345670391932636,17.11639728341969,16.873839825650883,16.702113483237934,16.83297629161746,17.170754947396638,17.177504778156717,17.036224278187397,17.421419127862418,17.72117840647462,17.38791537995433,16.720853873796806,16.993439172763626,17.051473727500422,17.03586387468575,12.50747661562614,12.275581306165257,12.238807639075551,12.252144563782423,12.481344220559023,12.635933052397021,12.646834435000368,12.40848947922321,16.58430241549908,15.410285615846362,16.04956354753295,16.796234442165424,17.91676118511354,14.96581128030568,15.314988699311959,15.361369624749347,15.883086080744613,15.857350929681958,15.965343963663212,16.021541445970644,16.86140404889041,17.514196528746282,17.747315648195652,18.19343583465359,17.857172957426446,17.760874706682202,20.909079981819936,21.08807545791563,20.047931857998353,17.929987145811225,18.544850300962487,18.569252479795278,17.442129116702954,17.304740788109598,18.766183806902138,18.70526554636735,18.701534510407605,17.73375528781662,17.816706255675452,17.62226753111165,17.004291861927545,17.38053136583827,17.55578060942343,19.329259126948983,20.104610735186736,19.920169776488834,17.775587638660014,18.257677345973345,18.144491971376844,18.723855445708654,18.72330625856108,18.57420394503616,18.350914261309526,18.47398252586593,18.190140365724858,18.799850331276264,18.77847099417439,19.06310024456411,18.367709698173606,17.75856991139347,17.956565734849242,18.174338390577716,17.778712873609102
27.0,0.8130947034737612,1.130587529285908,1.9729394269056668,2.272780950518373,2.2770255311612595,2.093203095294464,2.85132211771145,2.9088746913744323,2.9954078195364504,2.917917958026315,-0.354314865586401,-0.09856408043119624,-1.3630998613682008,-1.5190333719012101,-0.46238362035309954,-0.288366455494228,-0.952693264890397,-0.9178709003025387,-3.14332290220933,-3.0792999391487954,-4.239059295464565,-4.404686219969279,1.2679623091037178,1.3359079510661152,1.1149387021588573,1.2103618072332583,1.602663143185897,1.7364717207036064,1.4679781502191132,1.2396341939256146,1.6674378438788573,1.446407994760317,1.6611641833999358,1.577545095404823,1.41838490750328,1.5136626875175943,-0.42106307235762924,-0.46221102530869435,-0.36748798427435414,-0.34258817239344364,-0.6944907648543637,-0.5789836752694183,-0.5126251101962686,-0.40699792985550787,-0.2234128350079974,0.029764892737647763,-0.32041019765035306,-0.21049833955027658,-0.23934256602958004,-0.33143992680978085,-0.5344557894309319,-0.977477254024967,-0.8141472257799087,-1.0504722129979431,-0.9468746925057443,-0.6142573662059725,-0.7317100281661788,-0.4544978390930119,-0.6374620343035076,-0.3234194441016057,-0.3682752944003391,-0.14770995067165682,-0.2199832066902795,-0.5366533781334726,-0.5324901912727379,-0.3569374993918636,-0.4828603959425938,-0.49008635874293116,-0.42357049491262244,-0.4788693067416112,-0.6580534071361146,-0.3980130747107882,-0.6846058816815388,-0.9259594174407677,-0.40179540535212577,-0.13502065730154672,-0.1992299232419374,-0.2316301072568265,-0.10994191429410016,-0.04814627703287863,-0.24902558722561136,-0.2039280099219427,-0.3376601075621743,-2.0248603166488888,-1.7378049526575543,-1.729833918750785,-1.6995310377610506,-0.5341775125773789,-0.2547804572474348,-3.1465962515294446,3.061109711171131,2.824550642623687,-0.428623286483679,-0.3558136768059459,-2.5254386222585286,-2.828871002303214,-2.8610771229143026,-2.98093965224992,-3.1153833473919743,-2.8713920371267125,-2.4232992761722416,-2.7426234789133037,-1.9679897159800603,2.267597941586935,2.4623319475926735,2.356607840882124,2.378871095026301,-1.8902156487500428,-2.6334968863333357,-2.8563489339934813,-2.464354536290875,0.6195326681190263,0.8241326743934532,0.8748208235789381,1.9105088188940988,1.78477208284712,2.2307378577150225,2.1610086206384342,1.635148355292483,1.6163563220385022,0.5829075861488865,0.7015545658235603,-0.08899539403002588,0.3387660002788917,0.15077418944893728,-0.0021074883820170476,1.668942198053301,1.6638038110245623,2.03101739438393,1.9739014192445277,2.0210621862937828,2.082550651141359,1.8994225127821742,1.7331627703876396,2.00225383269892,1.9049535674798355,1.9155610898983382,2.0233806255050317,2.28670912242619,2.668813492134383,5.388016380934838,5.434925705322534,5.895141159788859,3.838953485120209,3.537091428013126,6.493883126126304,6.3703636455294514,6.759835754710979,3.4175809299028233,3.1491520883210518,3.672101555978511,6.093700030722234,6.513125112507103,6.7186881910533005,2.8535105092080966,3.1585678440195757,3.4463982737796597,4.849234786851233,4.919793192225587,4.763543673762173,-0.04129341200996972,-0.2714448294223546,-0.3689844062479444,-0.32358724646004644,-1.4623691640035057,-1.1443552025471697,-1.3042537908258702,1.8286951221530092,1.012185305767129,-1.3515701051506581,0.7793114481548731,0.11223592995326648,-1.2249333975162582,-0.978026536152246,2.285238319368702,2.8134608776744034,2.6685691137848453,2.635285555420924,3.1030364469142935,3.2840655115167876,3.1468090718832675,2.877893699626084,2.628426872769201,2.8025952766394093,2.7831595408605603,2.3733891414714163,1.6543644928492864,1.8357695164856427,2.6996410682235457,2.581999058744512,2.626356919837844,2.8280524711274575,-0.573192648081001,-0.31318098830872687,-0.5204047711978532,-0.4453783213762579,-0.9982621607870245,-0.8536211324061643,-1.0197677086727288,-0.9832813276007696,3.6845739703888234,4.942245293224115,4.376233923284993,3.68574392078933,1.7473025202022636,4.595704184095762,4.232191611121334,3.6329043880105845,1.9330209380904773,0.6771781599476796,4.29377971835245,4.58474814767837,3.5842103742179594,2.746747668661644,0.6698929447193005,2.0572015071216523,2.091705924208846,1.8409563985742992,-0.5065631011828221,-0.308024484710768,-0.7416696756478727,0.15879781654884773,0.43101687227165564,0.5499413950316834,-1.515160576942666,-1.9280646069286451,-1.9069601532703309,-1.772801385994031,-1.571263954483557,-0.09450973654637429,-0.11868659156237171,-0.39231012677254073,-1.67077073815429,-2.0113472646826738,-1.9799812332826128,-2.0444472251274277,-1.9712238928104875,-2.2099758656001303,-0.837044083258023,-0.6966266512312215,-0.8208454342502316,-1.939643714991616,-1.96108634117551,-1.9682731784882743,-0.7620233251202861,-1.0398854817421384,-0.7999953627685186,-2.1564270948234037,-2.5072135702271865,-2.0578487836588217,-0.37748677981962075,-0.11425600489308863,-2.195518409449413,-2.294475884597368,-2.5208636300682032
28.0,2.856499663124829,2.9501038073883743,4.816545173893504,4.8615628121046255,3.858187821325319,4.006793767895258,5.103701066141817,5.113229784399051,6.060893614816625,5.870126519116202,1.6411523131258638,1.4862678570674754,2.094527928560866,2.013897203048815,2.331191367077787,2.1187457633298,2.278772611589361,2.3824481199479433,2.8033532247381885,2.9129828667198123,2.5919350713742944,2.56520754393957,6.882788947926304,6.997270240543001,9.042828428807296,9.007901596385887,9.107899471567443,9.053900624742406,8.826348332308893,8.780239476188427,8.931577914634737,8.79332037851103,9.094780292607975,9.233828641775151,6.485818586944918,6.276521150230232,1.6446750226424225,1.6281394648303964,1.6046398300090883,1.660415612093745,2.0512493845236803,1.9956427413919307,2.072110018601017,2.0583006666913852,1.66546245108026,1.7506351043194255,1.7558070704273159,1.83432822743291,1.6675780033375238,1.516867781180263,1.6258751644370601,2.782587545883101,2.804248051895812,2.744165144568619,2.802533600894657,2.665525741711296,2.574241267523898,2.755465841624278,2.740548719550679,1.6047577537281108,1.9361770380949013,1.6752023410367878,1.606254466585674,1.531622412443562,1.581440843557686,1.6706295811312506,1.4879890665417896,3.0003278695475433,3.0363234787451017,3.0760404886498076,2.9480068883687505,3.1403739667406803,3.2334588246201523,3.1783430571780746,3.1397008755642886,2.163020463265178,2.394926195240747,2.35469483556049,2.3380557608685963,1.855603468969456,2.052584888546178,2.024996187274381,2.1017406455582104,3.8218610381734797,3.7433654318630447,3.537664068186025,3.441616141160056,4.44261984456806,4.546952111813154,3.287247368419964,5.79236975492093,5.726085577052155,5.212425481275497,5.656357080573551,3.699566818967363,4.261010068952878,3.5021715985353143,5.6198241091513275,5.695579933070729,4.186484695934104,4.058964765423706,5.354890748139973,5.47495507331259,3.7419860717543036,4.181190763383726,4.089736518877976,3.948947197130212,5.640735728662861,5.3002748034729095,3.9024459482811933,4.027228502045355,6.066766417128618,6.069285559126023,6.001301703904763,2.65199401254152,2.6393355946039216,2.8594271368986117,2.867641624591246,3.134952933299367,3.0678838519931055,5.183592183240481,5.388112167077067,4.806201767368284,5.015447912328596,5.108139001605149,5.178791414516668,5.731961683559505,5.911759915462335,5.956693289302968,5.999496560530835,5.849633522931748,5.918189549798479,5.8165504043561,5.720040978538908,5.67760728342415,5.460946947182466,5.4640744021895244,5.403079145254853,6.780418007154685,6.125399521558195,7.05102922185764,6.872297464409463,6.831337774849221,7.09560540696938,6.839424825206817,7.589347414044576,7.3898991102310525,7.589347086259906,5.8323498977415325,5.8513807674165905,5.7296171346072535,6.782435733335867,6.434235389872214,6.69095366372788,6.491773661195011,6.762998096826483,6.5357974758658255,7.471297116758586,7.925049612579283,7.790555777359259,3.6987525852980587,3.5490683994070835,3.435271755236484,3.2944536995270575,3.9139470712224904,3.9218646450624,3.2153003463123238,4.856680036631216,5.298619454910867,3.2668917602391296,5.472833570058862,6.051692469543656,3.3736813218532333,3.273342190387332,6.999623619827972,7.107833187692011,7.414353078674748,7.111221639857766,7.353397783432713,7.3813360562934704,7.471603308748601,6.206888708646252,6.797990188895,6.644356418269654,6.629200496537694,8.489939364541927,9.54206923092028,9.135389083373205,6.831136979852256,6.890710563373422,6.589471917787177,6.371110560775565,4.82810268040101,4.620831235591805,4.352509610521904,4.604083223192236,3.7405282668731354,3.9762414612410115,4.145694584449808,3.979836423030801,10.639319693951276,7.549120924670953,7.260292926078958,7.156562397309097,5.363134825728701,6.079367819292364,5.37511638998688,5.063341573867458,4.7738760597063346,3.4680787389343877,7.808261901394925,6.1547970976891655,5.7623808622645765,5.58271335345067,4.307810543963374,4.187573753881375,4.209635899794827,4.139164074548292,2.765458498957069,2.748025761269846,3.183034334397495,6.8491764656043115,6.718529928787647,6.483601272164071,4.505483158833831,4.639675920424045,5.052248059253371,5.046722454866863,5.041528166007261,4.818705480185085,4.921556130561289,4.631165358135573,3.558025705822524,3.534846815206033,3.435108783427811,3.8878204840122166,3.8293978241418003,3.816338358358824,4.594083653214101,4.474085780968256,4.207462591495323,2.7769987322206617,2.7640934132709547,2.7465023433013327,6.005130564482844,6.037626900908705,5.407150710166244,4.446768368888225,4.464813963619694,4.621373993898999,4.505830055181489,4.5820974007297535,3.764201893570732,3.80410877061834,3.798733318976638
29.0,-2.355673122754702,-2.2997957379080063,-2.8227638399460027,-2.8124719909190183,-2.8544826535322265,-2.763962866523002,-2.6141808918053826,-2.643445948131852,-2.8987939698132266,-2.8491183408035567,-2.9922599343293044,-2.8173115648667633,-2.6365166277721634,-2.7998267494693714,-2.016864082392763,-1.9151865654035216,-2.924722912163382,-2.8645912247666327,-2.4787541803882753,-2.5122628459894276,-2.837622664291578,-2.7369198720658545,-3.467212732512367,-3.4007778405089226,-3.7689255613093486,-3.6765720284286783,-4.100261006425944,-4.116791690433049,-3.894966501458761,-3.982861716386928,-3.8580976099736883,-3.831452636024192,-4.178304961841574,-4.156805054990306,-3.526502002473828,-3.4210981962660902,-3.012893207812473,-3.0204504297295767,-3.139608032910221,-3.02624361577589,-2.830030994066373,-2.893127686675008,-2.953825535254907,-2.861228695399369,-3.579650035768889,-3.49015968652904,-3.6198032708052033,-3.5177764742382145,-3.2645014827465566,-3.5122846559702694,-3.396672695172244,-2.0761729248179854,-1.9517721322090154,-2.0478905134681593,-1.9830778881290012,-2.747402552987202,-2.7070788678731414,-2.694119783979078,-2.6393104384998303,-2.8467636540409096,-2.8036795485485175,-2.829796833138115,-2.742508389740566,-2.6756744176158502,-2.502974518175934,-2.6578832264522365,-2.576568848754203,-2.2051670056605754,-2.37453747964177,-2.343043441050863,-2.291710696826316,-2.2705186329687503,-2.1958079476579453,-2.2967640049938343,-2.175166971989116,-2.7497211165826823,-2.8338436546520995,-2.9094492794853704,-2.6479904359280795,-2.895847156750925,-3.1615777103532103,-2.780338425310621,-2.6613324647714283,-2.5538848279494886,-2.583743451363162,-2.3733118204744237,-2.415046216969028,-1.9560532715336016,-1.9469745439968023,-2.3523767248858167,-2.7569625783468794,-2.9124783825919955,-3.1028106246502,-3.1127416367918954,-2.736550018872041,-2.2145262341428733,-2.0696983131596394,-2.072111068143638,-2.0813602227911403,-2.141880773167454,-3.086090772245818,-2.0068517812912408,-2.020118832819099,-1.1033205907388286,-1.6485145589206098,-1.7674131690012977,-1.882713046907849,-2.039567387734227,-2.463186186244382,-2.463151685190244,-2.2971321329034478,-3.737636942206713,-3.677562145485089,-3.6519491771731705,-1.6134256151430435,-1.5410647445708818,-1.444434449697912,-1.4700173194262973,-1.5273541076335455,-1.3295774700219596,-3.332024624038036,-3.2351528962414395,-3.2255412264069854,-3.161011050207593,-3.193737166347148,-3.0633416418133645,-0.005882236033922794,-0.2606927363772975,-0.1662462509024234,-0.20747100487360015,0.020607110557655517,0.08049184818443322,0.32435621780274815,0.307121869677875,0.2050168525560423,0.18662088146764688,0.29965042087483695,0.29561462466097765,-1.5357526874318062,-1.6721279081329108,-0.28603011117684396,0.09247538266192379,-0.2500372461106508,-0.5966780420252569,-0.9457881163672823,0.563302508312713,0.6992708780245973,0.4025841758230353,-1.2784217574760515,-0.6218541328005465,-0.690965109089916,0.037747424344177105,-0.15302579088548107,0.10167937382932024,-2.358746362277568,-2.270255687656782,-1.4758129283125783,-1.311872889308992,-0.7089866005341356,-0.8189687638130998,-2.1333989951021834,-1.8294510676489644,-2.054735424195112,-2.031130721589939,-3.0456433439281696,-2.8965050839266837,-2.932480030645678,-0.9649242501700286,-1.3094462474180872,-2.8088687638761023,-1.700498755725583,-1.783675761896518,-2.8856230431729557,-3.0161432648494504,-1.9305955772675798,-1.998724189438514,-1.8909478062419005,-2.043423642787017,-1.0517602030888895,-0.8142710380548692,-0.8133267820002033,-1.8561851086151986,-2.227129856106629,-2.057459027906299,-2.2301303439689324,-1.665050855281292,-2.3216914292198716,-1.6627997127485639,-1.7540869743410479,-1.8691059655106201,-2.1426248515962207,-1.9926432325467722,-1.9206403511593884,-2.165608601526621,-1.9004323922961959,-2.047861462036707,-2.70756698105275,-2.926142598424807,-2.788431502685029,-2.8476905098829146,-0.8975370434240553,0.2729072804730528,0.2537164424449738,-0.06471555627294379,-0.8152061829420347,0.4401424100930047,0.80540227717802,0.6491892138806161,0.28060844045381117,-0.7160113145663729,0.13751238419182066,0.40542361151033823,0.14485246779726602,-0.21047499546307336,-0.5330536632044733,-4.411666150228378,-4.301809042123924,-4.42839431663716,-1.951463111488028,-2.3019852545801527,-1.4282926706549048,-3.1141245016332615,-3.7663613912363463,-3.787879116512256,-3.8749599490084385,-3.812371651442543,-3.7611336070598806,-3.749861145701008,-3.567859227010013,-2.967617625797015,-2.5788541068719653,-2.841368046381479,-3.1576468538152582,-3.5339185970606195,-3.600548743623218,-2.7695620608806237,-2.943008033261492,-2.8364581010465706,-2.344050226443912,-2.428218734984128,-2.145344603605839,-3.0104272737820565,-3.116396146253038,-2.8648644444822686,-4.333473292482752,-4.446917709219253,-4.127456523891011,-3.8152451479102663,-4.0926518344373175,-3.916190377797097,-3.204768885447475,-2.8944708300983457,-3.993711267324308,-4.017915498714089,-3.9988262260755043
30.0,1.0608517496939491,0.9343714247606805,1.531497702636674,1.5364075419886873,1.5276950727910261,1.3793590098338342,1.808216695021116,1.7536785792246903,2.11085592240207,1.9811610404915498,1.312942385694111,1.2651243462877844,0.7032400759391066,0.7598339214430645,1.76317520723574,1.5607991046808927,1.995190955862249,2.1084859860546494,2.1310541435934596,2.201884423050547,2.6003862814113745,2.6080138617487876,2.953226254957979,3.091998198639889,3.428688334674998,3.2711664602531947,3.059950248998394,3.2875757768096534,3.270847165508645,3.3666509897417,3.3966972421534827,3.4602279044870308,3.115226421301738,3.1171422749387006,2.5994237723150313,2.6998382425923246,2.2022636929396455,2.416356887007847,2.1935899608239993,2.367973795984504,3.039195418913735,2.6691319482267417,3.0904550521940237,2.7318914314703626,2.2856209415722724,2.1935342169838883,2.2208766164468194,2.3855597381767275,2.2088804208129176,2.239465337517892,2.3136637355106586,1.5118200724138404,1.509669395049432,1.4642258783007556,1.6092606089297874,1.7943988479468125,1.931762869627164,1.7833479412491506,1.9648362671026192,1.9548778759503662,2.01367708954443,1.9641116926539013,1.8059194086575587,1.9171486447135813,1.9032120307237221,1.790348448661252,1.849737693402215,2.082184243136499,1.874208741250527,2.0943619278858527,2.2480312930691255,2.0110547739973015,1.8252873844635396,1.7934443484328746,1.839896258589004,2.589805243338702,2.7004270533581014,2.588082170984464,2.5037906750342387,2.2354680087465866,2.449741116314197,2.5207719616911497,2.287258258965842,1.4999066950083844,1.2763255402892284,0.9969968215962837,0.9456571161800724,1.1859522370534918,1.2186601680793956,1.1728646384264394,2.5094997982407,2.6446154232442964,2.4461037474776894,2.34776606586124,1.4442750952350245,1.5850623868385867,1.1710733139595604,2.1490981769417985,2.45967243164883,1.6403641565960783,1.5726693230646163,-0.02169279701521276,0.3731920048277182,0.8947167959710143,1.1974014696535633,1.2902977802073394,1.3570508226843288,0.2923881598228135,0.10056579642239072,1.3054148014904747,1.3306346666359232,1.7017404518455663,1.565492809999622,1.555587878903836,3.289097847741111,3.3115284792860606,3.1101744858353797,3.2586130053542206,3.288781033700115,3.127483959824154,2.867103780715796,3.0609125948818487,2.8276160414425515,3.047591209782931,2.9383149934249957,2.657480625833154,0.5636649937841156,0.6303248399438104,0.9287971826063526,0.8948612543914614,0.8136091361748434,0.7994198768864464,0.8503010178172481,0.6867656337521986,1.0438483093147681,0.9555968973564006,1.1541595308662274,1.0033805330205539,2.5772502348101973,2.33683973816888,2.7223320978604484,2.567712419729041,2.8729775090591225,3.0570212741103227,2.3826452585448408,2.1864958560528542,2.326743237735265,2.4426671561238322,2.0811429185040886,1.6437092921121312,2.5520191165402224,2.5233673356269684,2.4202918728369625,2.43242103145743,2.754172836315366,2.54169732172441,2.221613377913627,2.8542119484631954,2.638969305685098,2.7841064254064314,3.1585790370236104,3.1221751132912203,3.026162441745605,3.1224597790229147,3.5722675975973317,3.682651963282485,3.7394827228401937,2.5597614084087326,2.482428739182609,3.5376538656586725,2.804507345403831,2.5968571188953042,3.45035977075759,3.5020898749208342,0.974341308297717,1.4314286679448642,1.3596761325621571,1.2270560147108078,1.125833547870645,1.1294976758492723,1.0043730385862872,1.5227069962998492,1.5791770263555769,1.4605392272860591,1.5897556073633012,1.5230721948048505,1.5853485021329412,1.412463170460395,0.9522328259619677,0.9980265936351707,1.6690667961351089,1.7676883342564587,0.9477248958565809,1.064248240753468,1.0298049897491914,1.2521629303292698,1.3029789520466046,1.3312599990332323,1.3937200280230542,1.1882022144531295,1.637402209733505,1.4634508053895665,1.209857194868654,1.0558649790032213,1.1834995960591392,2.0711616895677416,2.258222101449718,2.529896555553229,2.6246965474406103,2.8777623922415145,2.4020157518910352,2.5977991807352794,2.6689301490852806,2.9512251510434027,2.7495597321578344,3.529564663997782,3.536211921770711,3.428125704169183,3.895361531442802,3.8470661294700754,3.544976397900914,1.7152753968544587,2.071358330710968,1.9032510684304818,1.7351836055348286,1.5461058595927177,2.273832361892069,2.148511337398876,2.122722956672632,1.8747774046564771,1.674022101328159,1.745643585909491,1.4577784183064537,1.544665002694078,1.725760598332407,1.4517909880489057,1.6052220118643241,1.462117055460869,1.3087644137854149,1.2550919623141183,1.241652370688719,1.1412910943097465,1.349174142948499,1.2607350328319313,2.3480378586472384,2.429195655890066,2.1169432203607634,2.163862357165172,2.2448964503730338,2.0242426852923074,1.92267229438988,1.8387266535736764,1.5063750669779772,1.5036601817726378,1.408401271989085
31.0,14.993304273031027,15.239148415605564,15.375149493668301,16.159621013236492,14.50362857697269,14.674876776017086,15.837168139908636,15.384340391384802,16.55184776483839,17.199656071589253,20.820355545898536,20.170173989305844,18.675105348068293,18.794179844273657,18.17944869466975,17.55119541972457,17.304144732975757,17.454670696464845,17.736228658509766,17.680017794882293,16.99935752488255,16.92836877229771,19.487664326787794,19.396674035128424,21.036145138293534,21.129543097632848,19.61617933457946,19.9271165017009,21.073595896094734,20.966468296854046,21.327496950865832,21.141384864629273,20.078380200841195,20.310704515894173,20.91374665883405,20.58369716116146,13.316292940516902,13.226424531541422,13.138972438181426,13.073911007283808,15.703580989103738,15.771015222784468,15.827059244827174,15.755553656712525,17.197207230427125,16.96143893528678,16.807909302182313,17.11732077398608,16.83544808500445,16.824198956451646,16.88290579862442,9.048420656652263,8.965759090093247,8.921080044879494,8.913981349503578,9.00009352881532,9.035759132793435,8.914105032902137,8.9457639058059,15.7936583723106,15.621529683740945,16.013890778521905,15.846458459914198,10.465533550898396,10.425250457710908,10.351812449412831,10.400962970373405,16.110712176246285,16.26864207674648,16.09342910493271,16.349335976886252,16.918717297386415,17.0128007255795,16.952418521271504,17.00559642925353,18.471824043633774,18.41271486931397,18.44230143426416,18.154163451996077,18.375878950461484,18.62312448888929,18.799123204165866,18.47918525727814,16.29015493998412,16.28005285350482,15.183521673096902,15.856919014898692,14.189089131609848,13.883376295566986,12.892932806793274,9.76558437503025,9.702757146220693,8.240011076640103,8.580724156471492,9.440047471845242,8.6321648489674,13.724926498394192,8.24470509469929,9.80877678687164,8.992734170942255,10.667973557859936,13.408106075129501,13.888001208175695,15.35694067521673,16.203806744913564,16.766585804653175,14.673245725427444,12.364468074082463,13.688730024409836,15.652177242071389,13.906908321954454,14.12118106607635,16.37900186617066,16.339069070268685,5.914728309194723,6.013296456241827,6.297779888375922,6.151152929712504,5.351450700290721,5.532274388738154,7.574522643434453,7.4698450692294545,7.336145923345796,7.255127325786676,4.539549298555431,4.542399745205476,17.998458549224157,17.934680957859563,17.802486370761407,17.88363787545277,18.391806341988616,18.335756899743615,18.887327649970192,18.762269107732465,18.029370383718263,18.190415199934506,17.896955694918717,18.025765157561654,23.505976630635693,19.769987394018514,19.069781738627455,19.527502655825508,20.201651203123916,20.709767702889447,18.700705064700895,19.37674447021857,18.58157372081571,19.063066839052283,23.089111912932356,20.25213325682225,19.079342361901467,18.93344366913597,17.57952038606269,18.641129495534607,16.688241914470506,16.304343119283743,16.891801555651476,15.303917063628473,17.61284017852217,17.25752855045461,11.63258110560027,11.567711540370357,10.869109794555442,10.682132019873874,11.108673330969577,10.189451832468567,10.885294078451226,14.28765108060251,14.05329590147603,11.179655723793973,12.356630738307901,12.156776322353968,12.687320947150488,11.984177863243767,14.595104798078433,15.12070733671164,13.679147241529293,15.053601683822494,13.885429801916086,13.064355199406567,12.736664432233033,15.271845313727397,14.979486188904906,14.159871057856373,14.888682131884146,13.842913492474485,13.706312663786644,14.459802095288088,14.196985003117023,14.672255158853659,15.474226257240169,15.477592994099709,8.097905673736538,7.940902316812665,7.70694322066577,7.9788300316989105,8.448990562570621,8.727129898315482,8.773927012816056,8.34072568679666,18.862647647448096,19.111924235506944,20.025149294493396,20.57301394702475,19.999965260839645,19.15055704942145,20.949816913033956,20.7961389215436,21.38246164420061,21.871763407668816,20.347115624104212,19.96467516929961,21.75569743861213,21.318990594031803,19.672823315748232,18.628630010141116,18.84949327923368,18.804168232102533,7.4215057684789265,7.259925642139304,8.791967011917823,11.192838331086099,11.51826220978034,10.721004204215891,6.748199699259775,6.877004681531126,6.832051809641433,6.638620496131599,6.724751391851788,7.9867746809418865,7.3383575536438475,7.542607468450157,6.164079681424459,6.135584397942612,5.848082703516983,3.974524088355725,3.866331120910708,3.7469419530960444,5.67929988714714,5.491924427095565,4.876491390625645,4.08192588827648,4.020211441492618,3.6857465679617505,8.148163412875508,7.89218997346952,7.7011122913400545,5.900792046595328,6.941129994921004,5.949020700148143,7.054768675328365,6.795208770056533,5.920370243684079,5.298949981050708,5.9825879922384075
32.0,0.033260841722468903,0.06292339772949962,0.21145272767159895,0.09898760691805286,-0.2310511664189212,-0.11169835767923075,0.08245130698781633,0.15711529589461826,-0.3382491518979247,-0.10215887888496322,-0.6242678623465565,-0.7627960112969117,-0.6269495974033665,-0.5794388547086236,-0.42767195007615566,-0.35556899822748367,-0.583631846032687,-0.3751268728280097,-0.7976156404244152,-0.6727677160060805,-0.7240267208883404,-0.36659484174160095,-0.32490613463339946,-0.3046524344036814,-0.2600993331953103,-0.1345098860153544,-0.12189001365103591,-0.07454873932682471,-0.08448442792118405,-0.026022141724444392,0.1240084593173938,-0.09396718955966543,-0.01665920165487833,-0.0663173975369582,-0.2731789606562218,-0.35720903352993316,1.135279812553093,1.1529428916428976,1.0120351110685757,1.190430067110798,0.9760849817731136,0.8883524971175829,1.0334253851903359,0.8728365132292017,0.664435773830772,0.5132280097145365,0.4480476529124795,0.5187683445496587,0.6884334957857199,0.8867169205902137,0.8175684119453095,1.1853963518859425,1.2954140860684378,1.2165977227645977,1.2057869714096228,1.125679204845989,1.2563390656117175,1.2456233023345726,1.1030605881282884,1.340280039391871,1.436358567602662,1.3196278136456483,1.1836147798472698,1.9550349566998557,1.876392574836995,2.076853785424258,2.0141637638925474,0.1865367693436779,0.13243105038424208,-0.031784104997427676,0.24611175538333896,1.2837146148465912,1.1874077745670188,0.8175659244709395,0.7881564128371918,0.6738189575941798,0.8566635702767638,0.7687614830647762,0.7566585498895151,0.8769231670222002,0.7379378325185861,0.7309229554465482,1.0436629679650427,0.5270674946124139,0.7315922207999943,0.4842075209215908,0.4116290638052762,0.543592079262325,0.46144419972442563,0.2603277227238294,0.6364825458159729,0.6411069611747315,0.47462599123119986,0.47334451425304813,0.6616487915717411,0.4714213469833073,0.3012230343362452,0.2995039543596967,0.012961803990696907,0.2033836100017563,0.3054884305361778,0.4677749111139242,0.655950058596825,0.9688996218144199,0.9584210674649043,0.9668810556990257,0.8092640654032284,0.5507401039248325,0.6259676658825981,0.17649316868818676,0.7754054205556153,0.24107982484432,0.28768727963860474,0.02286767564461023,-1.2087670516886533,-1.437073975130943,-1.0894321220904182,-0.9475487610362947,-1.4303028605000492,-1.2448965307095765,-1.3300294891704523,-1.3008075992232584,-1.6600351564352867,-1.983680846268002,-0.9966399487052424,-0.9111884350819333,0.23190837672816222,0.11608923330514909,0.06484715360709625,0.28591888925861486,-0.01719669338144758,0.09786999075137981,-0.17815643013552407,-0.04569313077051973,0.08049182613133166,0.06273110673676907,-0.3448825593677256,-0.00688754388303181,0.08212595763015074,-0.25586522836413117,-0.1344642403137586,0.048935370588290006,-0.3481285324108523,-0.22121342025783353,-0.004868507824800972,-0.6279684086704487,-0.3205705065732385,-0.5688075214654518,-0.2381034566002258,0.3713504183438099,-0.23985317094020076,-0.5835641333891868,-0.6819725701698598,-0.3537804186260214,-0.06666963731300335,-0.3325705807231163,-0.3007504898707811,-0.608943375152986,-0.10925075114172245,-0.6585153287000081,1.3302149129039122,1.0984580129373853,1.1247608936051368,1.2562052720708028,1.135141143799828,1.0642050114119304,1.0337488400675037,1.2395513930337447,1.4077983349201233,1.1647200941149087,1.4500634460736057,1.2669949078580114,1.1825059918465142,1.2547160435094415,0.6585900437244918,0.5909969888717415,0.8445826950115851,0.8355209309069993,0.26135888759765447,0.6257207108908416,0.6716253736025593,0.8595866405073673,0.9012027065246233,0.721455445744259,0.6702032327669798,0.5064762110062508,0.3939766744925324,0.6178330557353746,0.673724838481073,0.736632446761246,0.9301893732705677,0.8054050841389513,-1.5917708215601882,-1.5610319306019926,-1.4499724043027484,-1.4848723931010115,-1.5506661532926174,-1.4439218507292324,-1.2498531905901062,-1.4781228787862863,-0.09090643777111507,0.2314888881677002,0.008193005778560858,0.07981642957119495,0.2807021937779699,0.24038763138426356,0.2660677413995367,0.2973332521012986,0.027586774583042484,0.44098893790264193,0.015483295003270198,0.17934716120456562,0.04607205532394709,0.0651381901731578,0.2237503315495708,0.7306259362058771,0.6224250906073845,0.9000365605455869,0.19372936316667477,0.2939675104081587,0.6335147283120577,1.4804702124045495,1.3929994379451447,1.152367869870746,1.0448405852663623,1.1899016629869728,1.603298161776289,1.1702984958952314,1.1731161615918388,0.9639125082620694,1.4133780783028893,1.1774907246600392,1.0519768499682183,0.9957512317799768,1.1866811286347456,0.7476709403425161,0.5613254480166407,0.6891639818111646,1.2922875269990417,1.0640992772091487,1.0354773757849358,0.8698239792433711,0.6493929395063827,0.702262397086459,1.2227589588868248,0.8702979778684359,1.1763483369910226,0.9501363542186176,1.1120664748529432,1.131585025443238,1.085214779213178,0.895700610741569,1.007997736113266,0.8926092870238307,1.150678205308573
33.0,1.4409351555630074,1.6334718488470124,1.2155615793175798,1.492971355841302,1.4621166337473248,1.5123827312543092,1.32539983902155,1.2174474814177145,0.8059026438063022,1.1392990614972582,1.5226847752687114,1.4432635018719182,1.6053932309429513,2.0040146604319915,1.0866216673734677,1.0616542950714098,1.2256224185069726,1.0948398601419775,0.33522169682969505,0.39224656295018434,-0.05629623222225533,0.08454583779845493,1.1949521062947142,1.1832936209972758,1.8523452621181953,1.837760450393958,1.900636669342184,1.798010808975583,1.6587822150301044,1.630390134174693,2.3173298858120965,2.0184301138362315,1.8323630964193,1.6153720837375758,1.1829190513822105,0.9475387578027359,1.1784068411380417,1.2646332029890104,1.2117869489949662,1.0444816341483119,0.8625460812278227,0.8683849267160397,0.8259495825958183,1.058579912511398,1.1940354738779924,0.9235711481522948,0.9933611922362502,0.9438667454983509,1.0680292083100014,1.133917468746123,0.7568348561543985,2.6703317620452864,2.7125235348548173,2.64347992594438,2.566731516022564,2.244146307944959,2.002814217569153,2.2964898391044457,2.1709857509214174,1.7576788215912948,1.8161488666393666,1.8243632181899372,1.8540101046754636,1.7825862965470876,1.6616585605519703,1.7823015145547103,1.8552847446288823,2.5978605254925107,2.548509796178916,2.455795810346661,2.2972506207856327,1.370087031028259,1.6483997797194654,1.6270317618906311,1.5857613207543189,1.4696447080329662,1.4239406712577782,1.2333802303987298,1.4891164235353678,1.8391572568164172,1.9165153339160668,2.077090073427261,1.936169510481296,0.9581025389615654,0.6616450744092148,0.5259706078489756,0.35640846779909907,0.7626831953759385,0.6818108167049743,0.42186539344299234,1.188368652517802,1.348127164381495,0.7751592171281736,0.8580656818282968,0.2278171077527169,-0.4777837498470632,0.5702771090772458,-0.7621024413749069,-1.0645515036515825,-0.16127781147216425,0.2101167903071186,2.174640920643469,1.2133880202418261,1.4691723925646123,1.273141954749402,1.019215404871023,0.7200787287713197,1.615648240056931,1.8650252868441726,0.8186703836630187,0.7679188414845299,2.989182919408531,2.791465094226826,3.0607402494878,-0.7398873204516967,-0.8230254294369104,-0.9024172389624532,-0.39512208115299785,-0.26591572746810854,-0.5993754207798752,1.2903003265814803,1.270940284680325,0.7826643083651348,0.8206706880298995,0.7430947139219732,1.107351893760768,1.7643684189259226,1.6922751719779967,1.3397285586194094,1.6011165264653506,1.5890727916209535,1.4542722222820927,1.6498050250049552,1.3490742750130948,1.2825859545057696,1.292329780540605,1.3712089205176987,1.0675724816585586,2.5346026781550677,3.010500210275783,3.3688937502578007,3.5668743436209844,2.6608544570821557,3.4124203338325323,2.9552667202393614,3.5308502249056133,3.427975002214229,3.065464286560079,3.201965373628717,2.3720868605539778,3.171170617139886,2.577974676636014,2.603335089962993,2.6826047301696043,3.803172819420965,3.522064324316606,4.998528824940593,3.2019344876205835,3.5755062273195612,3.575540185344259,1.0958533203356282,1.0054690014409609,0.3807843062672305,0.7190100448561232,1.9869563408577484,1.6655730741629284,1.1568427311467566,0.6779954198633114,0.4639126322455702,1.2061283452453466,0.37596482848769597,0.4828560891224889,1.9514060913501403,1.8184895025694665,1.050996008436524,1.6586085004262543,1.5047215565616092,1.4621711778497541,1.530560485260473,1.4735713592169795,1.4555457604738713,0.8092644076545632,0.9384888549169297,0.9535370481835059,0.7405673509652395,1.811015152569265,1.9240759246183963,2.2366529787020966,1.536705567887008,1.5013049170924617,0.8813759654136781,0.5604314879558139,1.9434967462194628,1.9994725713871198,1.6733607911804036,1.8905718854315055,1.3810450799941414,1.8416787100575718,1.693611042537043,1.5058131740809948,3.1244411165455013,2.7318410206759545,3.36611275722343,3.4069822809075916,3.346140988714179,2.836847310330697,2.3583364574969465,2.073059232121601,1.9023883574281513,2.129657646921686,2.7015707824614346,2.248473243831601,2.7903514044305133,3.0398000858204206,3.1447050136611523,-0.06273276456064991,0.026800204961155316,0.47349426615360457,-1.712175770552296,-1.8257159466788302,-0.9337755116606594,1.2102497068491864,1.1740791532244295,1.1824818314651324,1.3854323351635998,1.7830592253073476,-0.12876480451710748,0.058884805230352555,0.0946443541167028,0.919759875244921,0.971785056315273,0.8262439330695734,0.8139048274605862,0.8677695041466436,0.6713335167886818,-0.6553715550933354,-0.9938196266298114,-1.0124768812665934,0.7019252657717061,0.6523947022427663,0.8671450318012646,0.5991263488685483,0.27991598174453713,0.338754604360215,1.4323869452340965,1.1724657676772807,0.9802871396139956,0.19800141687920814,0.23197950678182622,0.2555378278346119,0.9332059059436588,0.8908142474979073,1.3177816342382762,1.2494828886688225,1.8075714060962618
34.0,-7.076679955706467,-7.02515327007165,-6.970983118545635,-7.012101649102497,-7.091032122855954,-7.13769371169408,-7.198431163569316,-6.8494907321778,-7.151780991502807,-6.876847733003556,-5.860166377376546,-5.862884354904224,-6.062887409412489,-5.893382156135123,-5.508880671466618,-5.727585737421653,-5.68318449072188,-5.651859715765363,-5.669351188324048,-5.533169589657353,-5.6817802205597125,-5.741461877724076,-5.565689028016729,-5.6680315666617735,-5.73824072109689,-5.877515328750173,-5.7254900752011455,-5.714279246132078,-5.874598333234149,-5.945898527319748,-5.660456755477776,-5.5862587248624616,-5.763867116466135,-5.695331848924999,-5.960897015270745,-5.7043030922348255,-6.267635531182707,-6.212985280548583,-6.300266218035787,-6.1540527767639395,-7.18908282258807,-7.3778480469630665,-7.219620989580139,-7.148319573096336,-6.408319778181557,-6.732976453075569,-6.9405696137596555,-6.648147173996609,-6.3903402272802445,-6.675041321915287,-6.4664673262329275,-6.546526087410372,-6.680528045771379,-6.689886710959448,-6.693794650172838,-7.3435046017184975,-7.571790188529974,-7.269057354263497,-7.363953199954351,-6.74678411146553,-6.895106012154115,-6.668965757038075,-6.641142001353114,-7.084858223971039,-7.354878326735449,-7.126960034171689,-7.248361354215799,-6.633201674729676,-6.953909523695568,-6.838245292076637,-6.657671644793584,-6.816136165399573,-6.7290745171403605,-6.980935822731225,-7.026146088558756,-6.352114841737209,-6.295154057223978,-6.309727957761152,-6.387248884729745,-6.667071630442536,-6.695779762431805,-7.060512628914025,-6.754379677975509,-6.944462225128419,-7.093902376729693,-6.879950899588794,-6.9822666357416905,-7.4100355921719006,-7.104979051189469,-6.96336445976759,-6.853818162053562,-6.5808197520700595,-6.687797798200843,-6.691419381179326,-7.396595555921735,-7.054053296110554,-6.853770569450415,-6.703868759917071,-6.6560449018457355,-6.706052710109992,-7.194010706015664,-6.672887933803182,-6.645238455026456,-7.458390463436626,-7.531396516159553,-7.574636396236707,-7.409221406391622,-6.880372634905894,-6.3580582614051675,-6.471441252782663,-6.923235726188137,-6.9896665935717275,-6.932837223573222,-6.792650986656478,-5.393061067009434,-5.151921424402218,-5.5200134692354865,-5.523209654942043,-4.773710561556318,-4.864963819448132,-4.98546699463412,-4.860350360465986,-4.500613558397167,-4.668059535566179,-5.09550409905383,-4.971150392744418,-5.935285589559366,-5.99830175691338,-6.396169354360798,-6.177555051342792,-5.97623201695599,-6.3230730095324885,-6.083994232593779,-6.070746400552298,-6.0821948114899085,-6.155253911280228,-6.327761102491414,-6.260318334477974,-6.7732554390691,-6.9136645340963705,-7.231627697459497,-7.431287033940984,-7.517173097413056,-6.753090635146448,-6.975534941764238,-6.89387953471896,-6.985901434947078,-6.831771345509058,-6.844116583700713,-7.361197696164224,-6.91627346114343,-6.87210642107417,-6.8949516765843395,-7.170027290453589,-6.880526019894642,-7.090523889850052,-6.446191059260799,-6.691714250784698,-6.700872513412582,-6.4733309030969775,-6.711696924822558,-6.709299388610608,-6.736398060344445,-7.224272037444148,-6.835660470813065,-6.9052516288431915,-6.684651007451952,-6.8412969816517775,-6.628795592005362,-6.657979628726697,-6.951452064595198,-6.7905487176942225,-6.784342584572396,-6.725867985847306,-7.3312742481575555,-7.152102971846418,-7.064300360328492,-7.307174556127558,-7.350629863712568,-7.232743077013086,-7.025342901063823,-7.069689169385887,-7.026025425584579,-7.080819470537529,-7.364347266460342,-6.717011693273809,-7.2542534858472605,-6.890261886457539,-7.024006340292324,-7.476237179186773,-7.1436953506261025,-7.213736174243471,-4.505098002666455,-4.235603726988309,-3.8607217410231116,-4.245515662094553,-3.990487998402383,-4.460459386027585,-4.67339668729803,-4.019807229365897,-7.352622111577864,-7.090576297703917,-6.879410116204653,-6.503789158463917,-6.411801505092078,-6.987381246674458,-6.946162534262728,-6.971476436354568,-6.71108585939265,-6.4473905399008515,-6.805143741824912,-6.608716586346757,-6.375636626804983,-6.138550004194165,-6.085271856928223,-6.748413254072609,-7.383965529948564,-6.947570346757627,-6.455548516342617,-6.200282800753657,-6.526769033618212,-6.6205751780507605,-6.851167090696863,-6.834112759707218,-6.928410822430737,-6.875820055885143,-6.681164848222815,-6.773177735814306,-6.611376107132289,-6.708363624014755,-6.823056981427733,-6.707862057027411,-6.6142903730038265,-7.09200424305361,-6.846666626194947,-6.3957026628831395,-6.722114679070693,-6.5227322584443455,-6.78438707802043,-6.923661123181886,-6.509833039630096,-6.5326096603975135,-6.747202471051279,-6.5056263396302425,-6.744408188885388,-6.775090738762627,-6.895425827638949,-6.632100140748471,-6.364998557865366,-6.637459151911733,-6.7989526675379235,-6.949325486479924,-6.49958256116615,-7.010510420764491,-7.068652669407829
35.0,10.504504563706902,10.514233552696355,12.101075031328627,12.208923015674635,11.990272360336215,11.916083762390066,12.725180761276272,12.712053020949307,13.49717584052871,13.528424750484827,11.355948910415247,11.302462647735855,10.643978610418282,10.702813630304405,9.470131887247977,9.321952830661989,8.913775396489777,8.991219441204803,9.398315254145176,9.459233099979677,9.59827261871629,9.805066910363816,8.035375400114999,7.880482243415379,12.098209755523504,12.026249544946863,11.986944380531874,11.89827214054807,10.717054717461156,10.674054581595414,11.18970478981984,11.233499666876305,10.796207871409987,10.705140013660426,8.757052509538683,8.904071358663213,9.151218753487093,8.949065901985856,8.979014863212571,9.167830945080995,9.535285152157636,9.626742891900914,9.509225370738722,9.704123493171695,10.988051801602754,11.026286962454439,11.079534360937052,10.993744272596965,10.628882356634898,10.672063004670093,10.85415887240068,7.7361433166846645,7.8601348989842235,7.693183673531765,7.813750762041856,8.142458837833049,8.234306056174955,8.195245294556118,8.179887685213092,10.108476939758313,10.127498764739125,10.12599476853736,10.107434607842313,9.830099831246374,9.837213900373325,9.88649659445161,10.006614964002482,9.08449096791788,8.988029233515507,9.066297059010978,9.027674234057315,8.897451945244919,8.899781097995298,9.067211845569926,8.904475134771406,9.254796119495468,9.573433995217473,9.424239760064491,9.473253386580842,9.545127514776643,9.76786300703643,9.625415583585667,9.454045179962046,10.100881345182874,10.237702725880672,10.10242904574762,10.180691150359372,9.41272488024284,9.420149796363772,8.728708942798843,10.080095569832121,9.543599003914649,8.372271729156454,8.10843342493506,9.370484780771083,9.731702571942604,8.76116022026805,8.560745282851167,8.349253599770666,9.630222279781535,8.952916872968965,10.479033790538978,10.745198466512326,10.743445007303514,10.96260976363071,11.04948664579259,10.547399269841382,10.76034678193238,10.539852148705616,8.87611289744163,8.98834564500208,10.751789666057093,11.796055664001898,11.265368214834773,11.268561108483995,11.202142295699204,11.275210933326834,11.291442198922296,11.458340095329932,11.386637777831218,14.187797420218487,14.165625182523263,13.739606723159673,13.632151008336706,12.260087206545913,12.344462905603601,9.664808992191324,9.68141676696938,9.792199376760598,9.798262267832635,9.912687841605788,9.761201495005968,9.48701975477615,9.381637619506945,9.418634075970612,9.356830870152635,9.21856149354762,8.89777929953238,12.365020572413846,12.212666689505603,14.635717828114071,14.208802679363181,14.571350088822417,11.862416978528618,12.2177250592346,13.384084960259116,13.675145148630833,13.694094570169964,12.236325953416998,11.422819692758903,13.068038359327495,14.849683763938557,14.834667429868608,14.9962737833327,13.008472942785684,13.665049879531402,13.418012557412322,14.987727040464703,14.661507530178621,14.841180023840092,11.955103578802754,11.457498478772493,11.002621013552144,11.072495435846037,10.172869855781851,10.207666865240615,10.074385688803753,13.340397386030299,13.148291372066089,9.757338100039776,13.010797315885076,12.668564352690888,10.205506832015644,10.306676979072567,14.349696493004327,15.061774195883451,14.902107109524028,15.004200852684143,14.955029680821427,14.977735187613728,15.009761994821657,15.002976019325871,14.375367663770579,14.301639523673026,14.45955544224494,15.498073813230228,15.875202285880746,15.568847274186844,14.321307995649729,14.388081250679914,14.785338927336387,14.619426264636246,11.994244081676145,12.021877897068167,11.897015657484724,12.064755877259405,10.497602277170436,10.54369969691351,10.670624537001508,10.475152826424274,14.753971214137062,14.851642271873036,14.005486773016747,13.31984654479838,10.432067240323303,13.819965470107281,14.193638981799776,14.200281601968484,13.611460576109785,11.170724328378315,15.044411270451995,14.543066206964518,13.153350236961286,11.576072875919929,9.045925990046083,13.165503468895489,13.189009285252038,13.186080624190891,11.102007754714437,10.980120970774477,11.126294439297688,10.80116863618379,10.857383467430843,11.357590416503022,11.108294605842037,11.013616288606817,8.49572291287499,8.824382040057648,8.992222777459414,9.375175175030208,9.444794301221695,9.336298980928172,9.654495909928634,9.44657916856092,9.80468357564189,8.846540567385006,8.862155811928696,8.631127976181414,9.03814529924268,8.975989254388034,8.575823073353064,9.710121136663659,9.532784859363066,9.873279155639665,10.946842021350156,10.68758094893773,10.97210532926276,9.043813057797777,8.401112478806356,8.717687213437637,9.408687352660415,9.138769862588624,9.858777242038009,9.923504463237752,9.861421812250946
36.0,5.735574984948419,5.626948017159814,4.968432865704458,4.711721817792706,5.076081797376761,5.243994863246631,4.552190917638201,4.59993422881209,5.598139522148461,5.645964164827985,4.91246979332143,4.88588988189778,5.1108308553020905,5.150545484174501,6.049519260784059,6.190679399362344,6.191177816180158,6.140985031991571,6.943757516571995,6.961856608969466,7.6646285433666685,7.790490868617939,5.502613306112908,5.507425106461422,5.910234857741972,5.899071128950663,5.285157191532391,5.245724345759294,5.657597411585517,5.630968473112277,5.362116518307274,5.346061752533185,5.031643883116633,4.838589790998931,6.30712038974889,6.2791775514455175,6.027409923314858,5.869155473282008,5.796685117571183,5.817377755726504,5.958443618670831,6.008260813978064,6.128244147676459,6.151108589061139,5.395211663212205,5.326674037566266,5.444807747568584,5.409933732745135,5.662770540321327,5.6662319998621005,5.685013157840652,6.739238617947809,6.6295901827340415,6.546484959077203,6.576847544542714,6.39000593592807,6.362970003110052,6.320149857225939,6.355166434996065,6.12823465584941,5.983435577573489,5.866046622650164,6.056472498565163,6.6174757245936355,6.543243595953449,6.56786585820142,6.62167878181307,5.910061599237355,5.935529968306551,5.863704641365719,5.816269049649239,5.138806408515876,5.306703123246203,5.284079594179406,4.929517662148822,5.82738374508528,5.631851492084201,5.785492641519714,5.7923099794311,5.901583628852953,5.852367861969112,5.669443933389528,5.965512606941159,8.814306512464487,8.818665254842985,8.805413014605051,8.966028399919875,6.99677001618523,6.705300578215138,8.379153293135875,5.486088550816661,5.646766735503203,4.565178527090666,4.717115218688459,8.361357466072855,8.439009714698578,8.352875114649878,7.735681459283623,7.8048148835231,8.417143296839141,8.7444212105518,9.032997678620152,9.443984981112553,6.301108240176236,6.4425489398853895,6.788810426468676,6.542793276894566,9.196488492639144,9.18320948839682,8.392027539449028,8.440763860535432,6.435263028201659,6.511838419414725,6.421379741047115,3.793380264020696,3.878669952303242,3.923842113207739,3.8738256547570806,4.3154524671895516,4.237532978638658,5.764228680178279,5.938456594992183,5.913054200771859,5.852633859670375,5.5845972661034455,5.6250639234318545,6.484145624324,6.494073149464111,6.497795525164317,6.613751091702317,6.621749483144811,6.49857608312447,6.468926778016114,6.473619124550913,6.406600232729678,6.576588356531344,6.433276342740653,6.608698839849871,8.197156478854799,7.877387307914321,7.4395472793446995,7.1586841882332255,7.181252823013334,6.514022266175468,6.449053460130838,5.349341941115751,5.909512993376709,5.801224554435706,6.94724454907438,6.75111228938158,6.289664216701137,6.562481789137511,6.323479737584055,6.3789327712035035,6.545947909855849,6.494612636537228,6.287882192417159,5.639668666825983,5.592892028976033,5.564301747777279,4.636423262173942,4.297055187913216,3.177676282111179,3.1419510693639725,3.9535930995627266,3.8195225084595603,3.4696188512881285,3.542785719281198,4.975007541399998,3.3890920676021046,4.020335273378372,4.996518145105665,4.0295532769340605,3.962194530957039,4.352241757149532,3.9296751536758587,4.259432111764702,4.102461166099395,5.647868473251548,5.271435236705445,5.450473731230276,4.745358291888412,4.291997735271965,4.320068013597634,4.192126324825297,6.354537551293474,7.624591771306601,7.159460343592228,4.193187631621303,4.1272318276117925,4.852762945718199,4.857148434866733,2.6362129149981968,2.630517475302452,2.5678486981992448,2.582433448571048,3.126473047859381,3.16994443729031,2.961523635886013,2.997341003618021,7.491123359903173,5.034375165556216,3.997508961281333,4.7821579006861255,5.456817480420538,6.310332181940456,6.433641381880111,6.382061403563634,6.560960863804397,5.371074922625304,5.899246047259541,4.370297482945212,3.9545868341618116,4.559727876364436,5.3157988646732175,3.924224447177364,3.519715193445742,3.854865670076575,5.772423475421179,5.7875586200496,6.109150118695515,4.905858268352163,4.9818179152492235,4.732401394917311,6.361212033275745,6.3966117288492,5.560726164380918,5.578744558338688,5.219603614693308,5.787676793936626,5.834216415530896,5.755110474129039,7.185675262636436,7.28323709970111,7.156235696141874,5.583854486631763,5.611802371786597,5.670144963596123,5.946127807528932,5.979662461212459,6.123592691948491,7.063022682039447,6.91872265996575,6.980054905636683,4.172685703037718,4.171748527836189,4.181048760897315,5.192704831251604,5.66071476572779,5.276072785967745,5.19680162668106,5.413914609245045,6.240149636772186,6.091093989229973,6.42815392997876
37.0,64.53032570869684,64.36133573885927,63.01711771738216,62.141110643888595,63.870107254112,63.44164748797202,62.28591355348058,62.76468519945157,61.92463001097629,61.56795635520807,59.11082165538117,59.46336784712705,60.032389039585354,60.04850289056313,61.43622719514201,61.53742309913098,62.2953073274156,61.72828302113058,61.37197259764509,61.65261142280558,60.975566813775416,60.990491415847494,59.11314457553167,59.07419877750037,56.031297298428555,56.02788206185092,56.755395217754824,56.63886897063659,56.36223275401109,56.456379970568726,56.636245826772296,56.75771528887846,57.124177393956174,56.86649877672163,58.923736040885586,59.45516591827729,61.06953785912552,61.080735715859,61.05516568611329,61.00149464652721,60.76077892499754,60.89696918792612,60.76468259559955,60.84747388205034,60.31230539803745,60.2287006554601,60.25880283305935,60.30121459056933,60.51475985265175,60.54249568611647,60.473638016895634,61.85169248886615,61.850152440456746,61.76149478330883,61.73799830131997,61.9521616939084,61.87728314339011,61.93033933452149,61.90346990257208,59.386559561460174,59.47053376063928,59.49446789648694,59.358437478600365,60.413756511693215,60.465866632024074,60.47525117389058,60.37712468602298,60.77252754909277,60.734855107332315,60.790812009381376,60.80646224301164,60.458801780832076,60.41894712621078,60.29751426829489,60.407695693200246,58.290101095764236,58.33408996205341,58.36880725991661,58.27327860236974,59.20354137330695,59.09742713822329,59.20467819851738,59.06953406955757,62.986638282891654,63.084113950329815,63.46280193688426,63.3360255178992,64.85443967870023,64.75363131683049,64.42316942761074,64.16105143144506,64.23277386611738,64.61759815965168,64.5475688512331,65.20872471773004,65.38784908414456,64.71634632628486,64.98210053242968,64.82369956804979,65.26763280689082,65.18881439022326,64.31806288454142,63.97880320277104,63.61222879923573,63.09570983146267,63.23221146404097,63.4377623851948,63.89875434559816,64.00166868291495,64.2006841836794,64.24519205809426,61.11576968573769,60.657689383920044,60.83625964717294,59.88592555005663,60.02159378643002,60.085155193907646,60.12219727004523,59.15269118032354,59.154560100598495,57.87003447758409,57.95963985164981,57.38907995426701,57.322808150126406,58.946913548636445,58.96378747152505,62.67968193998694,62.771939478642246,62.45519107701058,62.45832022885445,62.54906928095005,62.51668308122244,62.741922119244094,62.77137231995275,62.89001034965133,62.91844036494666,63.25451127051488,63.18642732886239,59.76880019312671,59.09732235612999,61.665871142805685,60.15869849950079,61.58619866534379,59.958510565109414,61.221176633638066,60.74962543760418,61.00967642117389,61.214532647713945,60.4433842290751,58.350069697384875,62.15650616460077,61.08050470105707,61.95110652749494,61.49862660600903,63.26802742335779,62.84358789141377,61.74233702524651,62.210950520599404,60.47230472247349,60.62642398105997,63.6747107914652,63.72740156791683,63.854620221770446,63.8538597401018,64.95946151295544,64.97844750151198,64.97761444201257,61.958803905166704,62.08373778644395,64.83576433470348,62.538073036407084,62.89436785734038,64.73184825071944,64.77627041141892,60.59992843302277,60.22943561408103,60.35964644924725,60.41369857302716,60.57454182296875,60.54797176762753,60.532401596213994,60.78080251311064,60.40283584777758,60.80661871792806,60.82188421427813,61.101014943783724,59.95162848513236,60.244885813540336,60.65902016530738,60.37797285543938,60.57114531641038,60.82752306274931,59.21940993159999,59.01236235768101,59.072545756326406,58.89021109618224,58.22968207276082,58.44285632898553,58.305652805517425,57.891943249489,57.63782422396887,58.87005480931663,59.82207845468362,60.71006205665903,62.27199469530903,57.79610970251547,58.471522124719705,58.803396419343905,59.257337335765804,59.103589019576525,58.544662040049154,59.390965629855906,59.84324826814756,60.831475408230986,61.91663602001445,60.60788714466399,60.450966865006215,60.27106294934627,64.39995715057586,64.32061093435736,64.36454241515337,60.896853647935025,60.54975451807865,60.79177851765303,60.723132317821914,60.87968449736927,63.11527579410201,63.26755681432584,63.37163938097253,62.975502283756356,62.549843892591504,62.97236156075936,62.536982514676914,61.988971869710895,62.74103369153417,65.3893353669275,65.58760867786366,65.56244482908062,63.837181566311415,64.23226203041202,64.5029696626086,64.6704760351638,64.82980619994157,65.63372876618547,61.373517655666774,61.548233042780744,61.75760659236165,63.568019341660495,62.435843529548585,63.25889030062291,62.75488183895297,62.95258723317717,62.33563406946036,62.68221810846252,61.9900607943123
38.0,-5.792082141392163,-5.875942879109514,-5.713682006378975,-5.909935315726445,-5.306164610163507,-5.590539993250749,-5.359754382102442,-5.319115473037401,-5.405266440456632,-5.5445648985045235,-6.434680720210452,-6.490817414572699,-6.634095900884217,-6.665446008467126,-6.655133409873417,-6.683969410315722,-6.444642264112238,-6.547356724614241,-6.685737409141831,-6.653173023382896,-6.8759005077324025,-6.933999838552941,-6.408299589583043,-6.301283152358431,-6.128013081023967,-6.204784969156153,-5.832198188229141,-6.013370718486253,-5.917295868028148,-5.907869987395821,-5.801825555594052,-5.821263274319282,-6.029110679974038,-6.15344350791651,-6.063826683482113,-6.182703740801739,-6.7208154857131674,-6.781425957549132,-6.714372828246949,-6.686572995570521,-6.706860082106511,-6.439226212175685,-6.7488297185097155,-6.530831308584243,-6.753019731506413,-6.743215764956032,-6.825899708424077,-6.800679548305669,-6.449064077328627,-6.190806293879547,-6.173694413719401,-6.752363010734769,-6.924676668726128,-6.970924530406886,-6.936621732772254,-6.7349089929877675,-6.623135202923654,-6.724522341877637,-6.549803200066888,-6.4318176508824045,-6.546776269418869,-6.4698200367721395,-6.418463469303544,-5.991813090763391,-5.987456176677958,-5.735864263509727,-5.833773392795817,-6.545208312096536,-6.686120137217414,-6.550748936913013,-6.667510776029889,-6.67686907771291,-6.8494815481282965,-6.8890998224556395,-6.780573027874834,-6.13321695059841,-6.117789669871532,-5.75547697632841,-6.092931957815834,-6.529836026203666,-6.507835810479002,-6.43997280983742,-6.481157569544256,-6.022585074763172,-5.852653168792368,-6.0437086538572595,-6.025391331902392,-6.252491701137831,-6.187483440156253,-5.812664242415589,-5.616175294607086,-5.606734590854206,-5.785682406115244,-5.864198726970577,-7.094594636941233,-6.232799007673551,-5.883748817280186,-7.27714665675435,-7.164793087774319,-6.2743577461284765,-6.902750576502713,-6.7728619229437435,-6.9194703397235395,-6.285095791277636,-6.276387903698632,-6.131685095413858,-6.432764689983158,-6.572467444911311,-6.737610231779142,-5.855641385267541,-5.862728624507487,-6.2693335877754865,-6.188660623665793,-6.164051145322751,-5.41764887281743,-5.407147814327801,-5.842077001182834,-5.857088754147125,-5.231174611529038,-5.314351159241387,-5.0877111207792876,-5.004439531072428,-4.65186392143087,-4.699805132679346,-5.322219383013282,-5.35645322536152,-5.487213134605065,-5.509377095547435,-5.495347005474814,-5.509834901541492,-5.669801496120334,-5.731224040663617,-5.2542622342525425,-5.176155344292667,-5.3285992842795125,-5.205918736150807,-5.325922296344913,-5.3460034352294015,-7.011040814483964,-7.111058695529096,-6.131882585723947,-6.831797484326296,-6.4119127076850155,-6.655944721316491,-6.8155915069569755,-5.893236083999378,-6.476945104564447,-6.216584513763535,-6.43503942036637,-6.579692150978317,-6.335923183309758,-6.497356754341724,-6.074336756341817,-6.167683472534511,-6.754898574536387,-6.462510602106221,-6.732301025024142,-6.674331532289856,-7.066266256855176,-6.977319980653462,-6.3423557837181,-6.380248584740643,-6.174056619847377,-6.2176652302129005,-5.904085625254523,-5.889250765688409,-5.92922037748042,-6.999982154432587,-6.789154897109988,-5.747839961629352,-6.749073884504545,-6.73052543502019,-5.619900400368097,-5.616408167874888,-6.9321025776880605,-6.952382073102047,-7.1440001379503535,-6.923025117910843,-6.555583832340334,-6.6468221611571945,-6.618596565165474,-6.958567879706164,-7.064233757535692,-6.9708312386472215,-6.909235443884731,-6.687109812649149,-7.206936612477988,-7.088021173986279,-6.86841508575723,-6.964604561522955,-6.93544719575467,-6.935476496032896,-5.289741052745303,-5.255864848157623,-4.958531609578497,-5.448498916603673,-4.870480963477739,-5.380556698471115,-5.32346811893195,-4.991883418157862,-6.244661148922434,-6.1509094273381635,-6.015953492838037,-5.779466624191421,-5.689250042653727,-6.046076275610198,-5.86715357463931,-5.94161338703643,-5.8789525441648545,-5.9531247732549115,-6.139204603341952,-5.741415881731429,-5.704988133472213,-5.664692229438457,-5.56019474876216,-5.8055846404712455,-5.933957923528924,-6.044929560864421,-4.380263317394473,-4.329674902321136,-4.695659087978081,-6.772148459400089,-6.769916220581845,-6.79573187242505,-6.839563528429359,-6.5360501514658615,-7.374121343529735,-7.579646750821212,-7.180121482222576,-6.320124203509959,-6.183822612831867,-6.054573174277229,-6.733284360211689,-6.902539984363777,-6.849874309919516,-6.934079360340087,-6.886887669409974,-7.082973719587816,-5.987873581221496,-5.95455004911325,-5.92131034536652,-6.104550520968688,-6.008330855587058,-6.184296820108429,-7.379217853659695,-7.234481111347207,-7.701173562277468,-7.365018178912412,-7.578936344238894,-7.352580398764213,-6.101370637991599,-6.327223549238521,-6.666610128979693,-6.535773605138383,-6.943632792464937
39.0,-3.5377880677844713,-3.4371149856655174,-3.668952106230133,-3.9292892796876764,-0.037724132041848435,-0.11457631069719731,1.556349043277697,1.6562064976154112,-0.37527607644342886,-0.4068025736443399,-4.715521119403893,-4.323498638221245,-4.049293428191861,-4.107524626754413,-4.34659067758974,-4.150114214542148,-4.765754675771233,-4.657794644146841,-5.040951717645448,-5.048453708553918,-5.882141902884232,-5.660457438791591,-6.48380833342258,-6.522386278136601,-5.549307644217495,-5.598345068991244,-4.896995358903164,-5.152905409348637,-6.104895983562116,-6.06970820897961,-6.190541027723868,-6.214385751904995,-5.423924068006604,-5.251260318542233,-6.153742277737749,-5.994250774027625,-4.1393937500719895,-4.217276745396161,-4.077855649585047,-4.044167197393713,-3.886847746876433,-3.938828645313853,-3.8010816723442806,-3.9027924523594173,-4.148591612801607,-4.056634366876111,-4.091887054207101,-4.16675399666202,-3.9476144127218538,-3.910620872573695,-3.8549559038925834,-5.677862900789161,-5.762942458632017,-5.720701812055667,-5.668094208854357,-5.255444116737292,-5.189825742478201,-5.1993316855384055,-5.306442183240651,-6.550725362238365,-6.596978320654539,-6.71334304554301,-6.555283415226173,-5.975484536442831,-6.056210733448056,-5.976926138774688,-6.030309941069322,-5.779132638236746,-5.753362452543614,-5.799278301779513,-6.010998696083542,-5.658293269272645,-5.760262188116862,-5.651417434011171,-5.851296145329801,-7.1541489015915865,-7.036239506264352,-6.8432316017818735,-7.101971019780351,-6.543259134586875,-6.740044644348988,-6.418904586087272,-6.711589743341733,3.354583836941245,3.465556995415165,2.9569218208725587,3.3668627245585565,-2.1800104615533895,-1.6230360782229196,-2.1141144159458296,-1.0409752858407675,-1.8300844035174233,-0.28816089771350484,-0.46627473568330124,-2.926480110853314,-2.4501103624335956,-2.19867815310755,-0.36983949263686,-0.3993770336902145,-1.9161041524323572,-2.696561307488551,-3.291168302893581,-3.147361314393807,4.985271810295583,5.165659622066833,5.030312977192764,5.127102124299155,-2.6712930500603003,-2.897261553500634,-2.293470018807918,-2.1909007301619727,-3.8000711628191155,-3.979415178559951,-3.841591188627122,-3.2200049440601672,-3.4556694918057866,-3.627218865139745,-3.518767983103885,-3.438841415879164,-3.5202907961800225,-4.060736232986592,-3.8437699421878824,-3.68954082318366,-3.6129009408390225,-3.8977249720911393,-4.118561463632124,-4.029786223210902,-4.104255049272745,-3.960776683630715,-3.9677065615251355,-3.9615077927332507,-3.972480438403088,-3.261772306855242,-3.2382394942139445,-3.1501855488047665,-3.0894631605501246,-3.2345677002434563,-3.2022479460865565,-4.554364386116143,-5.283683889941247,-3.7086104427609357,-4.159027628505385,-4.244763467539308,-4.159981462822149,-4.164840077897603,-3.6691794767697496,-3.901805540982342,-4.063027349505271,-4.224725370405551,-5.02910558436174,-3.9024258468841753,-3.059618449220924,-3.251330769594725,-3.6927276562192315,-3.1694217777385694,-3.009329691252537,-3.0680055039536653,-3.2264776471177354,-3.581213661458915,-3.248884286757221,-4.179018263514264,-4.476590497921001,-4.297901092023457,-4.52258387854855,-3.6841704665047414,-3.774896999041501,-3.508768727135238,-5.075872941481164,-5.565797725535916,-3.623337634769846,-5.27893239929227,-5.689898228857773,-3.80968756292172,-3.717755705551352,-2.4313485678121225,-2.4892556864321236,-2.5057423693274563,-2.7063003275232678,-2.395025917013318,-2.485510196884923,-2.5165058794884017,-2.88745955682025,-2.8013024144506113,-3.0692940338959325,-2.4491168945743453,-2.499276986981939,-3.242041377692356,-2.90985832623372,-2.39263698138053,-2.7530900801983966,-2.9276609494800745,-2.952654571187768,11.000743467309665,10.913775913923047,10.954793770979828,10.901461655817446,-2.7817680168611214,-2.87758549952526,-3.0766082185369443,-3.0008013658334276,-4.315277843101701,-3.0212339478506465,-2.9718014036237568,-2.7990855312605767,-3.3043946564287454,-3.8034599003915437,-3.540287297361303,-3.4370796861834343,-3.437035597769966,-3.959098360947719,-4.205140804614626,-3.68198776114079,-3.897448208745529,-3.763086431620996,-4.343729011210558,-2.0526562890134024,-1.752574069312164,-1.833787068691196,-1.2005075915138423,-1.3837277521421356,-1.3683890958701124,-3.827412008588362,-3.994139033038042,-3.58925666592879,-4.776736097871817,-4.833152241620317,-3.873576920511794,-3.600522054747805,-3.598787129689253,-3.600177053620783,-3.999599119144828,-3.888447813481733,-3.919981748315962,-4.06773771983373,-4.171108763183369,-1.528563469341548,-1.36724678501486,-1.4899991584855439,-1.7565261862370232,-1.9505178309386864,-1.9502302561128104,-1.5761160923163207,-1.6907164545955728,-1.638023332876485,-4.022125817839505,-4.16114605935073,-3.9803522897977626,-3.831332203511594,-4.303744007125333,-3.871284565790692,-4.104435809611909,-4.074968001750083,-4.324400329657173,-4.320828540065376,-4.56546812323961
40.0,-7.207540951897196,-6.925494542728533,-7.144634649322244,-6.97462562504688,-7.73141777276493,-7.63736576069034,-7.9710688434885935,-7.876711923792717,-7.980150421239955,-8.027632402971522,-7.21741579852967,-7.1745331371082965,-6.396816645778351,-6.5170435789228325,-6.158347609284844,-6.04762301897704,-6.260996916162733,-6.1220502802694465,-6.008217540319293,-6.018732671440087,-5.865359216720908,-5.901728806981835,-7.411436053215226,-7.378633877264213,-7.804156820971789,-7.5925404347012755,-8.001119377649335,-7.961595654207931,-7.574327920496833,-7.760808989501047,-7.513472088724127,-7.538335883562432,-8.030763806687876,-8.193474175439835,-7.51799481550955,-7.413431584016824,-7.0573278197856535,-6.97800550611538,-7.035848963080042,-7.16953438639257,-7.409865597047858,-6.975588875706935,-7.124121727571282,-7.1907896434731935,-7.4345522636219545,-7.3488364249428155,-7.201023386057635,-7.320376551944921,-7.002165102342431,-7.386054902467134,-7.140716368108219,-6.595864092369688,-6.527701634402488,-6.445765495665782,-6.4915774684294245,-6.781623021912727,-6.847653763567877,-6.868657622833959,-6.574691560617419,-7.843093310291364,-7.7496194223135095,-7.730155116990064,-7.583772132101709,-8.038586260241042,-7.930955573002068,-7.974460419171498,-8.043489332348061,-6.3925149379603035,-6.368386749828355,-6.485024955810257,-6.548781141630984,-6.107083819422465,-6.047429281718234,-6.113880899920728,-5.686131354151394,-7.538891161271538,-7.593935909747801,-7.621139128630137,-7.562870861146722,-7.188008741982641,-7.302663868564597,-6.7921141532601315,-7.033706968793771,-6.519365732799338,-6.574653627531816,-6.0125865878002145,-6.465681217042217,-5.980113626786682,-5.7465847114547515,-5.300024537039363,-8.674959848870351,-8.39593897961476,-7.026205247563066,-7.1737925575576185,-4.817603733256012,-7.1574920687751025,-5.425774214863143,-6.4528263166028985,-6.306654483335619,-7.191004334511238,-4.99545016045597,-6.668973465347266,-6.620039402733887,-6.864944862599131,-7.46143268546118,-7.633474927042871,-7.460311610336598,-7.000848529804486,-6.9193018631064795,-6.094887574533882,-5.87174501151042,-6.808440211612972,-6.831516887404527,-6.780324701593839,-9.050622103280844,-8.854970506823763,-8.801120267672307,-8.74296592465594,-8.582307623861176,-8.736033451790219,-9.376621137015507,-9.507762154715397,-8.934773782808492,-9.197263679263488,-7.625291145254463,-7.351217132277236,-7.021211715102043,-6.82631393647214,-7.204361074461186,-6.997745748873415,-7.296025554716103,-7.225451798499346,-7.104398821067319,-6.946289340675984,-7.342323532005963,-7.3612744725425525,-7.302416396296374,-7.364361966334327,-6.167406803184031,-6.105886521201944,-6.505652310092199,-5.956360492747134,-6.649544730140047,-4.771680183391464,-5.979723658985909,-5.459162256854093,-5.7114306458868676,-5.48924218992094,-5.699224103583914,-4.525015673890538,-5.451487857950012,-5.336658056910579,-5.326412282418172,-5.449058502212523,-6.4277260406160615,-5.803560449550668,-5.2951743917298195,-5.742735875696024,-5.119999374949277,-5.279267977811479,-7.618264814920172,-7.520940718257899,-7.0511442279051195,-6.826194168032245,-7.164849897269745,-7.161936314079107,-7.317604394490004,-7.190476013033312,-7.095221253794962,-7.150455449573572,-6.999286498717218,-7.281029419522103,-7.618322292913287,-7.763647816295865,-6.427661727972181,-6.419884173122627,-6.258932592648868,-6.321826783466641,-6.715592542124211,-6.202126888060128,-6.158240473579211,-7.307604798234177,-6.422869753249657,-6.6175820285141675,-6.531014449712915,-6.14936871437342,-6.244503397521571,-5.995777495635764,-6.725418993835328,-6.788994657419961,-6.843814058734246,-6.877725470272042,-8.420772026711699,-8.583188856551256,-8.486398731182353,-8.530184113691648,-8.3522891520015,-8.837714207129025,-8.398126101996159,-8.379071284314898,-5.689018530320917,-6.1164632293565155,-5.881041894596599,-5.908293320850774,-6.2185038228218055,-5.490328469911052,-5.615024101783799,-5.781031340217641,-5.99588461751973,-7.250900247202335,-5.620836552632429,-6.55438421501421,-6.834070990446442,-6.422823003657973,-6.274196826021521,-5.493096864370456,-5.456047638775891,-5.493607921617711,-6.184113780063653,-6.386260017971107,-5.9918193362524566,-7.731260041626893,-8.34489637552809,-8.71916487085634,-7.6606283322151665,-7.608299883716484,-6.354864585963469,-6.46268585181387,-6.267733609686562,-8.287255056882397,-7.989289615914791,-8.229798846766517,-7.791215478958927,-7.720290996389627,-8.072835710830562,-6.9468197764299155,-6.99926008388991,-6.763927368021385,-8.03427668632617,-8.033612901263266,-8.019458062844762,-7.849071997680062,-7.761999041478935,-7.515714803331388,-6.681618403870994,-6.32266011320395,-6.598872985148708,-6.823365430496345,-6.688654911849715,-6.534798339830708,-7.956661351392624,-7.757848556203616,-6.74755824050707,-6.83799169841172,-6.703994963040243
41.0,1.8082418876626445,1.9867636096305263,3.5727188527104747,3.7663213567078557,3.7579111731720722,3.7274320206798723,4.400774511955079,4.62772700899616,5.2535775740644315,5.411976441361572,1.6703987137724483,1.8441628033204958,1.2593703523409991,1.3612052784840323,1.0935884094672401,1.1988210185599328,0.1324636836405766,0.13157720913358428,1.5019534896511004,1.4658266191923035,1.4814263468614852,1.5595121498401934,1.874639483406943,1.7830980744594696,4.493750042761126,4.562212253720607,5.132878035435391,4.954085757804888,4.728521599125559,4.813714993606847,4.138607761076491,4.176303138279366,4.208579409787999,4.190235770835484,2.648401274787483,2.7046502592528787,0.08379458318953859,0.08701220341556937,-0.03360531571350123,-0.04367376638140996,-0.11582317674288234,0.09854549212551156,0.10334825993338104,0.11931838915702642,0.13532860389182222,0.12797849280803675,0.11073565475268143,0.07082454803983662,-0.3342923885697502,-0.21939255966373405,-0.2138240625614074,-0.20081257079895565,-0.17264080033182516,-0.30024217311339463,-0.2963771303626279,0.3776863325373059,0.4370441709736692,0.40143841646052447,0.2958512517631604,-0.07252972997930573,-0.17652471601674957,-0.0723300067015824,-0.16460320342498047,-0.19609185217881464,-0.22745241272265915,-0.1773662385212207,-0.22572408677136835,1.087334890612408,1.0905366103427605,1.0030552925233467,1.024652546968892,1.1668145697132593,0.9443777364125037,0.8580907390095955,1.0507925963066027,0.6824745153784901,0.5329134335961898,0.581412410403666,0.5371146124840402,0.30694348112103675,0.37115953999319373,0.41697000005751406,0.3630801159560635,-2.2018575199507042,-1.951517911725552,-2.4422097745798172,-2.144562668958769,0.5225045735608402,0.472886044443352,-2.919723668826739,2.2670304717160255,1.8371418190972513,-0.13023976715797136,-0.41220852273746633,-2.250252426267795,0.2970391018568277,-2.861404599066959,-0.8872723717141979,-0.792489653454393,0.21163377132583072,-2.3238464437591464,-3.2952506223292364,-2.440034924537981,1.309447914901419,2.2561241834955705,2.4633375395545167,1.8401334783297632,-2.5905967969629593,-3.065405851020996,-2.3259862689723763,-2.815325197752389,0.7739966745888078,1.0793580833033043,0.9917649595989926,-2.8826761733107658,-2.71481108409216,-2.874989327518856,-2.724843518527627,-2.452407791397211,-2.45997354331685,-2.6141074499036723,-2.403175282809963,-2.5330065467254066,-2.6251153962542917,-2.2253949461675617,-2.30589214551617,1.64714833775668,1.5637229166864834,1.9828663677277465,1.988354105359205,1.630843705397159,1.676912836972205,1.58196631370068,1.7409974971889444,1.9209136229225825,1.9006390579868766,1.6014069547947338,1.589567394981798,-1.8671105389041198,-1.6260558924533388,-0.3249703952664893,-0.8061462611741588,-0.24436480948477346,-1.8965158891649105,-1.5731581154665406,-0.9671564242133979,-0.9398798169845568,-1.0955974438833698,-2.10277709689339,-1.4056138586063396,-1.8224845630512538,-0.4749838691784518,-0.36003285129479323,-0.7401126633017361,-1.2075460435769685,-0.7983343710532509,-0.9535530031653039,0.23700713498103632,-0.16012672672563255,-0.043071834882188575,-2.8043689838966017,-2.838993508745461,-2.994652117422902,-2.875389053065458,-3.5925603259335777,-3.2461550233476677,-3.4122348463103656,-2.7227986944932177,-2.8017487591481833,-3.1883249384188543,-2.986095901986027,-3.0119705243919075,-3.5833393772247435,-3.5770320815376024,4.498991220083037,4.214458985510266,4.298062078798725,4.272986805684168,3.9876956589527923,3.7791891841769507,3.7301090286088954,4.002902503676429,3.7377516812072216,3.8701570350550707,3.861773722802898,4.513463674879924,4.509219094489142,4.3592567620825875,4.397956995469653,4.406374712500384,4.283293782546041,4.162571823335948,2.6662935726586063,2.560853814311538,2.5344010934839885,2.3600415199678313,2.4328789863859566,2.587703707146513,2.523628335607775,2.4496166649666256,2.9864982002968024,2.246881878820008,2.0183312704088348,1.4717195770268985,0.6982738360029934,2.033258653914311,2.141162092517253,2.0889629438878607,1.6346647754431318,0.5582426491136809,1.6302946078679357,1.7687762486684546,1.4790924642062704,1.1854668979019376,-0.11960590461820608,-1.7245560613427946,-1.8352872568916583,-2.149697680679094,-1.7515748154883557,-1.2911487798671333,-1.7820059015118526,1.2663544144042618,1.6831154168403955,1.7876986024782129,3.1924269614878833,3.047003275274472,1.4432329568982984,1.408676047700455,1.4635245460566733,1.502297670797728,1.6153455467616444,1.4832059083475428,2.2754331247253763,2.318987579641214,2.3927851466114953,-0.5998289478810737,-0.5416004785526036,-0.6841699271231985,-0.24574122401441123,-0.24057916990393302,-0.2886339614667506,0.8539114081434453,1.0392738786376219,1.060659469055678,1.7027907412065604,1.995569470772228,1.8977262712482892,1.2284513817403413,1.1220774732624936,1.2094311948461156,1.3653254571391518,1.4457351138836838,1.676187127512316,1.835095340650052,1.770592706788796
42.0,-0.9780582219027032,-0.8946294019609464,-1.2504248857857059,-1.211952609190103,-1.3458797631418244,-1.481643126076118,-0.8295206633268393,-0.8203074858558121,-1.1814360603266967,-1.1342760615426055,-2.764652878598148,-2.7303541431858998,0.24502367515192158,0.21600425286632374,-1.5013955209768641,-1.5160491209859135,-2.0879559017980247,-1.9561298049969116,-1.9402787534291084,-1.8320777408582607,-2.796193205049636,-2.7567539152001173,-2.7040694122714797,-2.7104346535220416,-1.1248005982964882,-1.2148729909920737,-0.09848774306938579,-0.2100441690435746,-1.3144399380345753,-1.234290268078087,-0.9346951388443436,-1.1708232577646234,-0.5503635187813742,-0.26945125533160663,-3.0295930850956476,-3.034711624187582,-4.45460532268483,-4.407666892185997,-4.518550135850875,-4.3754458442383655,-4.25084465674083,-4.314982321906505,-4.175426429178756,-4.246763652744906,-4.375560427360678,-4.450013326059935,-4.588789699730288,-4.414300682830492,-4.446026630046564,-4.5371207245058685,-4.524530069138738,-3.8935146334628987,-3.8943171220391974,-3.8596998665873206,-3.865389351363056,-3.658055865453758,-3.6102159533864926,-3.633618126363733,-3.627960766801107,-6.23757587106402,-6.270651348991606,-6.249239840044213,-6.216248217490314,-6.352567771260525,-6.297552819116868,-6.3135263799343795,-6.357965853620959,-1.818203817899418,-1.8884474180319197,-1.9771706548148704,-1.9530870844870132,-1.4986858832315388,-1.6199608497913984,-1.5998669413425401,-1.4965332953209478,-4.943292508562207,-4.799554875819448,-4.844389026977212,-4.865845651234003,-4.857461343103725,-4.9220072184517605,-4.7687574213751525,-4.9868766456481435,-2.5875501527743876,-2.5886050943340306,-2.9321740766896616,-2.863292430896567,-1.9357184409852537,-2.165271984956459,-1.1562608296996766,-0.4839484582827591,-0.45686984235587413,3.161705619251233,3.1160186981941247,-4.025235175721243,-1.1451884561511605,-1.3679708056050188,5.632523211292591,5.930150261031735,-0.8059484277565603,-2.64516837182941,3.5789138812055694,2.2685539384143873,-3.6155349501636893,-3.70607015355308,-3.9041198175873335,-3.5779971730380877,2.2764154329585233,3.5800744910341518,-1.1832824372740323,-1.3403319848797088,0.24674901949411732,0.20585324021519802,0.368502248559343,-1.031286113473767,-0.9425685984301735,-0.8886114262016562,-0.8790668485972102,-0.8104756960464679,-0.69356219764627,-1.5324896567059092,-1.7033299263761092,-1.3505340763587315,-1.4448505432173944,0.45344429830826627,0.35427395463580424,-1.7590409707383716,-1.6426938745305883,-1.7576670888394155,-1.6387005083292978,-1.5803748759775655,-1.586431548093278,-2.4005695804304983,-2.395034537651809,-2.292015904091989,-2.3134105932774647,-2.5605275394437585,-2.5124930653380506,3.2944393776502774,2.6404539420471407,4.615281573020046,4.620108362011081,3.910347049882894,5.2558034267104645,5.060813013316584,6.50001211864967,6.401365428316554,6.500414682524505,6.009515497057517,5.439690195333701,5.408399492140975,6.932142619424835,7.024195679809226,6.830531153534594,5.07926961218446,5.326274541727075,5.395134206009995,6.581789278247283,6.5542968798074295,6.353335447680602,0.06408439389965004,0.23379866559331353,0.3146356968773736,0.33264321455551205,-1.0999957920869199,-1.1393609238242792,-1.2330450944322977,0.827761154207892,-0.08734150246241423,-1.2020779521304035,-0.7417286697740972,-0.9622220474586318,-2.349659978630898,-2.3585646578256525,-3.774380774088702,-2.251236129370913,-2.328363380956084,-2.410165619724383,-3.5321664700430855,-3.438719388068588,-3.4610231923841566,-3.5835151628361173,-4.874142623430551,-4.556645605699214,-4.675728273317794,-3.6392325193814186,-4.051317697355413,-3.7974534601732115,-3.6547880111998348,-3.8077580751871305,-3.2937798632620074,-3.3841715673108856,-1.74302980084543,-1.6364949553302939,-1.7724114979961367,-1.7703623709649907,-3.3550747671996994,-3.3070931924302567,-3.362711698545109,-3.412100134207515,-1.5046053507797241,0.4504916252457074,2.357935626286852,3.6593563189980776,2.088613058730639,-1.3847003761246883,-0.35351445595137054,0.32463738574113954,1.1196418748078782,-0.04777453033662432,-4.195736298224342,-3.424038309458952,-1.2446571578027994,0.021275685982919734,-2.0163113640372585,9.532371855799935,9.438246503296591,9.358578550556732,5.296267037659536,5.469401188066235,5.854846893948171,-1.3390782613826304,-1.3748920240754532,-1.7291601427296182,-3.018350233043094,-2.9694267858497705,-0.9809443750694977,-0.8693838199258934,-0.8984709246745455,-2.856873281759821,-2.62594336096396,-2.7938361078982625,-2.8978496220452064,-2.9549674064187315,-2.9525531174544772,-1.750583555971529,-1.7628005525077106,-1.744974227467757,-3.2528498621804425,-3.2780307169077796,-3.3085599535804957,-3.113502342786727,-3.3000860838341675,-3.322507685768647,-0.34292604636494683,-0.2911656458371201,-0.5878073596657623,-0.9442557412263752,-0.8861498574815373,-0.9540356755234187,-2.9967639951253053,-3.0070744217057968,-3.04731436389205,-3.1000709228703305,-3.0704788304056003
43.0,-6.092754386999701,-6.005284333820281,-5.724447649458387,-5.902630653361163,-6.17788680559967,-6.018947924541527,-6.034488799661075,-6.054497130322767,-5.991988960414584,-5.862960909290429,-6.364231320620754,-6.296369726624352,-6.362234569489864,-6.325960398219047,-5.6465418585628395,-5.479196428319796,-5.056900315087232,-5.105148572391837,-5.949141774661506,-5.8784062058217845,-5.76729705991281,-5.70935936442682,-5.219958153062349,-5.078148394184256,-6.2191160681208135,-6.076624183834124,-5.781022924043613,-5.813746211056712,-5.711806815311652,-5.678172623296513,-5.725889310811194,-5.692153406602213,-5.741667059763266,-5.854587631080433,-5.728346373664635,-5.5151530471978365,-6.350759715368348,-6.449135054532459,-6.187780433825873,-6.413810421490714,-5.810575191882671,-5.8727656996997295,-5.804199682329889,-5.872656063417903,-6.245321576438625,-6.174975575042275,-6.039438605576759,-6.189391826679027,-6.364063188806801,-6.518322689255635,-6.421761372368082,-6.485515624001069,-6.377900480075773,-6.357543474152612,-6.354833511239029,-5.9943584505536425,-6.065288991460436,-6.022816759135086,-6.007534017007348,-6.738331569080761,-6.563642425429455,-6.462733267922358,-6.546186295760073,-6.70606938493818,-6.730227288909152,-6.664916103051938,-6.864645403628176,-6.111377610294825,-6.319818012247129,-6.3112368589697105,-6.248189080118792,-6.703942007205562,-6.648365422069135,-6.463710210190293,-6.419748182603239,-6.077622210402417,-6.214313790849588,-6.2107032784097544,-6.145968192993617,-6.80109493293779,-6.731326181358566,-6.690499705889846,-6.669977132741519,-6.826345262530555,-7.080879551544076,-6.71319454129684,-6.777820123456248,-5.642169716480053,-5.614501314527644,-6.652531346973586,-5.235624379993682,-5.194411908130775,-4.997555621346363,-4.953899202734686,-5.595001979767021,-6.0328462111035215,-6.503932497544227,-5.454055004466399,-5.40847048761877,-5.9663088899829315,-5.757451013917375,-5.8647051113127056,-5.998767247014406,-6.218026325535462,-6.531347432424575,-6.357743926499553,-6.271565439169397,-6.14657184393746,-6.170706942590025,-6.437004772908139,-6.521298299122613,-6.194329663483167,-5.972726984439241,-5.996340838690021,-6.735378980940581,-6.860637823576663,-6.69789775174389,-6.7436265080475035,-6.627468129748445,-6.536225843539567,-5.958189788484059,-6.001886677846587,-5.784511138090938,-5.984939872407574,-5.691394795750396,-5.642312705102643,-5.375164536623945,-5.316206148856423,-5.334385279123385,-5.480779342922295,-5.311665553694951,-5.411709950786856,-5.3031704402374835,-5.345960698205319,-5.570049489006406,-5.430075960949171,-5.245259715219749,-5.050005594037607,-5.156559469985501,-4.854877879062347,-5.391966037975175,-5.44801887023848,-5.338428766318012,-4.515469877863003,-5.01069944635891,-4.791513896957968,-5.255018467946357,-5.188640407916145,-6.313224561694695,-6.135843239723993,-6.1313621586341736,-6.1525603093191386,-6.48926287447984,-6.6020098526276545,-5.844625352145799,-5.742224668026722,-5.676437880086372,-6.1583398506752545,-5.966219361913069,-6.214990739339157,-6.60673171035366,-6.847435614552669,-7.090144412494279,-7.076518447496648,-5.825942747592729,-6.076806595676741,-6.331016164971235,-6.440641615446035,-6.397640668505096,-6.335154206861995,-6.711798341618149,-6.752679560776409,-6.983787291936512,-6.917825227874756,-6.352699691097073,-5.96321547957975,-6.095244214291739,-5.817354849288797,-5.9190055087094535,-5.766321932154414,-6.038812730550314,-5.96895473790993,-6.140889851780418,-6.154792142344954,-5.89412854863538,-6.322832189103514,-6.136742673580505,-6.266911160710889,-6.289072690654057,-6.466618129754531,-6.138439394397436,-5.888311934159714,-5.0797923595187875,-5.188819101581267,-4.939427729972898,-5.0876169859761795,-5.195897544166925,-5.151464477028171,-5.289735524590142,-5.132790467978435,-6.143402484434134,-6.421555252808972,-6.100750372883965,-6.25417267115121,-5.948576040358443,-6.297566056291284,-6.335969298786999,-6.403283911485694,-6.296505086336365,-6.176588268970049,-5.79737592885874,-5.776877603610057,-5.630751901066901,-5.666864546099305,-5.398161372690014,-7.145785258720995,-7.189244702053466,-7.095189885461576,-5.986790987124429,-5.957570101835381,-6.215711445691825,-5.8287527962578185,-6.001065190461675,-6.279433124138596,-6.336840812943232,-6.613462573453758,-4.96118145675311,-5.4131686290136,-4.918846821572528,-5.8262054638009655,-5.931634480431079,-5.818112603953146,-6.05072851472943,-6.214706531769581,-6.0379678422669585,-5.424256508213736,-5.329565115552598,-5.39181154885352,-5.517829334075168,-5.708414677686433,-5.3428890044470485,-5.795199936088446,-5.974561983656116,-5.7262241748587535,-5.678375457658775,-5.763611806686761,-5.69095837022973,-5.098479399534733,-5.485225205485863,-5.333115070401991,-5.786609991987232,-5.633497292551403,-5.925856466944759,-5.754712115177778,-5.983369490833953
44.0,-20.997893690287242,-20.969329777578587,-21.048037622132835,-20.748450109611024,-22.19359104416917,-21.993526251121434,-21.947772438645774,-22.137276111106473,-20.2238676001151,-20.200440879534714,-20.123253407903317,-20.318446906092685,-19.10483362488816,-19.303324182402122,-19.53191062494759,-19.688068399851772,-20.27382228082428,-19.875184489316943,-18.836505830740087,-19.098458338092733,-19.357186523682884,-19.198277752582886,-19.619938125790593,-19.665289951344665,-18.098670680669578,-18.04858362357489,-19.42761669080492,-19.27507083131463,-18.892639194992487,-18.925676710251036,-18.350804454003402,-18.35873060722584,-19.60872725537368,-19.576360902313578,-20.35152455091467,-20.61647873743823,-21.954023128396134,-21.955798872687147,-21.952147632010444,-21.89738574377341,-21.74882718325766,-21.60378370594944,-21.735319076525496,-21.680251092043093,-21.994294820176894,-22.137208298922705,-21.980799768913975,-21.91805669088787,-21.742480726545093,-21.811671715191046,-21.86518013941238,-19.508876567256472,-19.528664950260264,-19.518157786800746,-19.554621688613945,-21.0317454356119,-21.00100682514611,-21.01803459399673,-20.906080477570303,-21.721641468018547,-21.746306536279203,-21.764978201176955,-21.733562107443557,-21.242633830725445,-21.22428951341564,-21.222190248763063,-21.15464274431865,-20.296357347419995,-20.196092656556235,-20.241791326068626,-20.18772944212756,-20.15838780247297,-20.086575522664404,-20.18092250707475,-19.953030836060492,-20.86763815249544,-20.846155950127244,-20.699669412092646,-20.9529666320728,-20.652902849682008,-20.76285323557073,-20.567080532446532,-20.55754643316673,-22.392503903035976,-22.254476491165732,-22.15291826681647,-22.53681147223056,-20.309614269525937,-20.334837861664514,-20.51471129827598,-22.16465395795182,-21.78550007989363,-21.594064340583287,-21.505933334088667,-21.55793095942446,-19.976512382232116,-20.600603548094547,-18.64600493184836,-18.672142993885117,-20.201889529317278,-21.043180958811583,-19.33291898487038,-18.767066934879438,-22.51612236223852,-23.052965412061972,-23.174467092212282,-23.1534188010082,-19.23307107792167,-19.697533346668006,-20.201640423922374,-20.144112597768206,-22.232050616859283,-22.146067180568426,-22.276676364040892,-21.917503372415148,-21.87537449945566,-21.568095994364157,-21.582897130304538,-21.17050536445462,-21.292998631424354,-19.026113596871134,-18.993261310139737,-18.717719951517715,-18.636884554880304,-20.590256220774908,-20.55255548866049,-21.140153949336064,-21.1121284069737,-21.23290860844049,-21.32505926380062,-21.235334331356107,-21.22569133443771,-20.90523323559099,-20.891207553425502,-21.262179717952787,-21.1322141982228,-21.12456830007742,-21.041420370860152,-18.478777008548207,-18.718639423654075,-17.907951885184808,-17.03054264637033,-17.966385385847225,-18.602475449870223,-18.627135248111227,-17.37704806496516,-17.907335478726456,-18.036225178202223,-19.076175435961012,-18.448221585128675,-19.72718575669538,-18.40429847508314,-18.87990426237574,-18.051747049907785,-20.599571909112505,-20.058700769650798,-18.49029628354233,-18.669244013163983,-17.269638966199523,-17.063885280916452,-18.700809064413736,-18.92902178311175,-19.590414321644012,-19.4703109665099,-18.065130411115096,-18.60208803940393,-19.5968198519766,-18.105192764706256,-17.600311248815643,-19.337445949080806,-18.112106013252067,-16.872816090906383,-19.07174769287279,-19.347822950394423,-19.111021880986637,-19.938786059803387,-19.62629004220079,-19.858482893369683,-17.899974001533472,-18.04868001072589,-17.827663327328526,-20.0126609532307,-20.03364864828988,-19.99891449432767,-20.260658915877737,-15.982942825540169,-12.147162006305471,-13.836218091351206,-19.368717776822628,-19.077302449470725,-19.442030795339978,-19.76794215028091,-21.04756782442771,-21.631968536974398,-21.184854182800198,-21.316558244419692,-22.004646929501398,-22.2198949218306,-22.275587688404695,-22.029873206481803,-12.382378940323353,-18.714433651407226,-19.488360537128372,-18.987153675899727,-19.146221690464202,-17.506937353261247,-18.595024597906665,-19.332927329668568,-19.549365774410518,-20.617078427389607,-16.59190225910734,-19.172794910230603,-19.61828340207216,-18.905755907563577,-18.15633185294121,-22.6582875798255,-22.47194044803293,-22.361861171989798,-24.67818270256211,-25.099668302382177,-23.484372465661977,-18.6578815875517,-18.789619719242122,-19.09162046159725,-20.39177970572596,-20.268700459167388,-19.68572607276833,-19.91592013875755,-19.74944494881987,-20.123200865774784,-20.15860083487315,-20.42869559535022,-21.308211552273917,-20.959176293342097,-21.638329215390655,-19.427478694121806,-19.891019284492874,-19.782000005614204,-20.193123995600292,-20.525004247449125,-20.579633135006752,-21.812154813021486,-21.99305222106473,-22.175320151162502,-19.191312998512007,-19.311650495746406,-19.438776475086435,-19.987468750520467,-19.28277016708624,-19.9380605306867,-20.2224012759346,-20.378836072657066,-20.970595394094453,-21.207734147951673,-20.394984753928718
45.0,-13.856620709117815,-14.1747538851527,-13.768584489015172,-13.032565590506952,-13.811456460729625,-13.665040886971754,-13.312247555390895,-13.393932059585527,-12.615373955937065,-12.151543933896892,-9.919547645391116,-11.24463341181951,-11.931356868147173,-12.009227368829048,-11.279098649247366,-11.825072897839444,-12.262343584887912,-11.405177976375434,-11.926805612669394,-11.719200606631269,-12.329699728397813,-12.04262465241153,-8.790461623798492,-9.074872764210431,-7.725130682740425,-7.494675429872668,-8.571614180486861,-8.315568035154373,-6.091070267853274,-6.2139502665430895,-5.806820632139649,-5.411888548413704,-8.228009440911002,-8.12557580384404,-8.129479035792448,-8.94939119522084,-13.179040892893878,-13.207184090629195,-13.261193564967801,-13.09686848625699,-12.161033485842694,-12.25516849171426,-12.208797960317762,-12.328158607496146,-12.165893188260473,-12.505937474520106,-12.273647099769635,-12.253342723177031,-12.288416101778502,-12.200718946491193,-12.449564995361639,-13.273634158668601,-13.304167545731723,-13.416404963250212,-13.333909193831833,-14.06401462427316,-14.129614145781387,-14.026329574217023,-14.036924494154537,-11.712414412008027,-11.787512541312786,-11.755617722664674,-11.635785161578417,-13.64382581048081,-13.584205052420913,-13.685346207282386,-13.800846970717508,-10.720017651660298,-10.859595706672653,-10.77976253903757,-10.629019952734744,-9.785720512676678,-10.199140883942487,-9.853498715624985,-9.785654201555468,-10.224315596116641,-9.949217534399486,-9.873489548025994,-9.899486831033832,-9.601741557451643,-9.283488711109644,-9.574850931037414,-9.684287537075138,-13.36308566981433,-13.53449269540189,-12.973634138805426,-13.620748149701877,-15.472105410981186,-15.03195657233175,-14.629247466862314,-13.645489797740353,-13.822675270144885,-15.457219241219509,-15.223513314033875,-15.906933548803469,-15.896653415002476,-14.971412686969648,-16.333585646633516,-16.29457683194192,-15.905430876300333,-14.973319427415543,-14.785475928407324,-14.621892596591662,-14.0851642453176,-14.428989939702449,-14.342017909420894,-15.080404842583558,-14.232511166110184,-14.623311470747591,-14.045789053042618,-13.064652972904838,-14.822542478229416,-13.420892791315389,-13.380727455613016,-13.678447992388183,-13.747652254882103,-13.471217318446326,-13.598884672974085,-13.25285643568294,-13.075980638649032,-12.103791288410903,-12.07397683966482,-12.163236879584264,-12.241318054867511,-13.234802037231738,-13.38656698252969,-13.964306296547106,-13.788592443384381,-14.184716010700178,-14.2813784965463,-13.786134906518221,-13.633387136565508,-13.692521595739002,-13.810677771271864,-14.238154903069006,-14.14979490225431,-13.808846246278062,-14.0180016279975,-5.456264812849268,-5.335066911767182,-8.345771102405859,-5.797491948237884,-8.25596939426394,-4.9540659029369465,-8.323997795672499,-7.654688608267431,-7.3861615897429616,-8.102268408013074,-7.286575783043652,-4.461404045119499,-9.086017634950847,-8.575321209442723,-9.809140491423719,-9.117893982807807,-9.429732688498808,-9.536908953896928,-7.572105488248228,-9.79210032232955,-6.978201108063473,-7.548240615724284,-11.813467999458066,-11.191921270628296,-11.306857579433743,-10.748999890786166,-12.036150047719584,-12.445258022621509,-12.014740093300698,-9.387609559934315,-9.55732529548442,-12.075833022761792,-10.190449239840575,-10.65279469798678,-10.020974970785396,-11.126192202695089,-13.744399407384956,-14.011535510755278,-14.097696977950699,-13.414862904001726,-14.799100263009024,-14.148722611858615,-13.853223074758034,-14.715534338920946,-13.992561284460587,-13.781692953889669,-13.564626467378895,-14.070889403517723,-15.280935824125628,-14.683469350210645,-14.216054982470913,-13.474957662663456,-14.38530107144705,-14.204434276257928,-15.676389193377839,-15.732103870383856,-15.78822258036757,-15.85300583472202,-15.470716139940329,-15.660197104607958,-15.463438441575265,-15.517853663636673,-9.629419125268768,-8.692732095941412,-8.734472852219408,-9.041794040435432,-9.559691381013701,-10.381383862726118,-10.086100699067234,-10.92114710308277,-10.986856896954107,-10.951491806210134,-9.070773852314044,-10.117058888662113,-10.203531565730717,-10.72565501520976,-11.025794553224289,-8.72655872498083,-8.611111049047206,-7.984416875580413,-18.206224698068645,-18.050554788198845,-17.58015121513033,-15.205262648528427,-16.00782002153462,-16.388081696050463,-16.591954497064854,-16.51877787257699,-16.079307899983796,-16.061992742208055,-15.984302828411451,-16.053091234343942,-15.972940864241346,-15.817609657164411,-16.650853518689082,-16.91794494893347,-17.085627058702467,-16.770192572968323,-16.86296468682673,-16.809607398346635,-16.152472428831384,-16.04902360582505,-16.34125141747424,-17.28437598086522,-17.281007488745338,-16.964016626732136,-15.436468217844881,-15.552647259485227,-15.738257782533834,-16.161968086703588,-16.35998232001363,-16.386432277698876,-15.861841591392874,-15.902425204746441,-16.568515851357425,-16.655831520994454,-16.384462610006942
46.0,-1.2212504642938553,-0.31356083569896676,-1.2191773355588564,-1.2644438187127562,-1.3770291303898858,-1.198236760563634,-0.12577278254500612,-1.3445391698252198,-0.9462764480511687,-1.2772727253049023,-1.3985826324786146,-0.4534050197322541,-1.366521628602591,-0.1635266754849951,-1.3760593336330915,-1.3102388250852792,-0.0018785112399433146,-1.4466176390114178,-1.233973638002512,-1.2933656456989375,-1.097213182646244,-1.2023128464055413,-0.9729159615847935,0.2989357031044557,0.6483099572061448,-0.7255693204270193,-0.7422984440855069,0.047095380702209866,0.008034031938670694,-0.8195213474549572,0.19500029271947295,-0.7767764975385241,-1.067400176338281,-0.9460030976286653,0.44201960186167,-0.3258529124433176,-1.7300887949041215,-1.6674493025431856,-1.736417958394238,-1.5945271267661223,0.40802633257954746,0.3652774649310526,0.12231367306589114,0.4152337359687701,0.7262403089059983,0.8646784889887797,1.0393674701200677,0.5547262080756052,0.45408689008183956,0.7684388821431902,0.03263145628438657,-1.5758870151587292,-1.6891112906521855,-1.6312926144012039,-1.5342310456918886,-1.3219738874026143,-1.387511154151726,-1.3567137161812814,-1.3649365967185254,-1.1619594173406362,-1.0488165704563643,-0.9958521089349919,-0.9767470504023974,-1.9527698781008365,-1.7816023533130263,-1.763196510335912,-1.8494860726225157,-1.0319348991822936,-0.8794921369677411,-0.9449988996874561,-0.9846807488431972,-0.9979453193373802,-0.9098544547815557,-1.0396164534570946,-1.2156179785118955,-0.9633661270780314,-0.9902301019654747,-0.9987663974583985,-1.0188283158233071,0.5731589901369736,0.7305810585276475,-1.2931076362727305,0.11023091413062769,0.41170269574186413,0.8036490969240617,0.6701619812379747,0.7583574115182916,-0.09230271507608379,-1.302925252573246,-0.685486565247567,-0.8235859159511847,-0.6776786784077125,-1.0748975305979078,-0.8435598747760693,-1.123324345183236,0.28761142265318185,0.4924240825397117,-1.0108678499305057,0.2560351243956731,0.10979734295030497,0.5227147705955257,-0.7635591803362214,-0.7601625315129272,-1.221058803308516,0.033434090097008706,-1.3130055264661635,-1.416278243202214,-0.4941032260356888,0.6059208767098259,0.40333730695157577,-0.8674562915017869,0.0995976505165288,-0.09110909573012016,-1.0608254257775451,1.094715130237116,1.2436779996524923,-0.3850326260501804,-0.2877035418446905,1.2650216898654634,1.201497742912113,0.011525747251839746,0.12928755647661383,1.564400508323958,0.23220681896209694,1.2532725267218776,1.5625280037370421,-0.15451046552052006,0.14523674953998267,-0.08304562004090421,-0.10417976543961238,0.3247831398304122,0.0698345780293721,-0.08670536383021066,0.4964207552404929,-1.2930788179769532,-0.18341680360870072,-1.213964504041658,-1.0041733386995926,-1.1512799579603712,-0.6407364214818667,-1.2269405731199603,1.093386885281257,-1.2600831532502195,-1.1784051569292098,-1.090708613710829,0.4801152530086874,-0.112039463810639,0.012480927459749935,0.19928845503251402,-1.0447870168141558,0.4614975508763486,-0.3326725267445063,-0.13612969399989794,-1.5100160529079396,-1.03701500437423,0.26455405192960235,-1.5064704858755764,-0.011567673607483897,0.0037838319242275986,-1.3804172891444715,-0.5548538844822506,0.6283595781598166,-0.5665715751511424,0.43186791517775447,1.0292782957708262,-0.4748246939829208,-0.44994754618304,-0.5477749822257145,-0.4729927019109237,0.6723522367038814,-0.5319977022942286,0.28426014962532165,1.0563413396532404,-0.29008238801927355,-1.1443705968290976,-1.1349533746528753,-1.1944858115815524,0.3958548080137305,-0.33750545294654977,-1.1969553094732417,0.04929708125324872,0.19348372290745885,-1.0010354393874445,0.23632222135885428,-1.0573586232970458,0.3433083942394841,-0.6477693149662942,0.6810157444982998,-0.29999371607597425,-1.1800288110734556,-0.037359649817965135,0.14670250949246544,-0.805717895603955,0.23118975832878785,0.19841775380102167,-0.672501559490307,0.3915132649924242,-0.5863203818510669,-0.6188438243094811,0.781494337470857,1.0453854756192644,0.5849355806499892,0.08385483142242656,0.27394678542081685,0.6351607293079642,0.9351355056032267,0.7641213890674976,1.0533571449470855,0.750438049141799,0.8261769896138693,0.0949057702702838,0.2832553044543502,-0.28222789636963874,0.4932588243727505,0.6014423125770314,1.0981769071771375,1.8080443905248256,-0.28508226507659806,-0.6069864810866488,-0.6249150636771397,0.40072714665751974,-0.6479808569011256,0.6729503368188858,-0.7042838239481028,-0.8448201504123052,-0.5289683469959421,-0.6105570780400038,0.2936265676061449,-0.7764866278505229,0.6262807003426616,-0.826937252481649,0.6878981469633771,-0.7281078988055967,-0.8610599780603874,-0.6186704974143034,-0.9045291360725107,-0.8161917046413203,-0.8153573681252722,-0.6034886414698484,-0.6667001377390935,-0.6204408038160967,-0.8109895098698736,-0.8212295570937949,-0.8743804820967682,-0.6846082509401565,0.4922511447961213,-0.5503818840731522,-0.7018772707045731,-0.8208538683600795,-0.5621664493275365,-0.5434284796563329,-0.6996432392213663,-0.5486430835090186,-0.7859130438877227,-0.7563791517170948
47.0,-32.05254648044048,-32.092849455670375,-29.037107432852025,-29.597709342301066,-29.375626699528226,-29.718699612293403,-28.78529564226318,-28.69382256964449,-27.405717852100256,-27.59849500576691,-33.21057168212298,-33.30981962799391,-33.74882344163237,-33.583842122983235,-34.75754476107,-34.7106824142563,-35.314191716066595,-34.84690472805734,-34.07749878743828,-33.9018771041967,-34.209325772545064,-34.32346056272014,-32.36537610297279,-32.384024973960116,-30.601523370124553,-30.671522213802433,-30.199019287671554,-30.328921194886327,-31.287668979697933,-31.20653599575013,-31.65147173916369,-31.28546295604625,-31.05148382482397,-31.33287139632387,-32.8828161630577,-32.291926355355,-34.886049837312754,-34.830361743229325,-34.89871785747361,-34.89708670372255,-34.75093392172111,-34.85510083020697,-34.74985643521921,-34.825791386166244,-34.29574545486707,-34.16816163413152,-34.22032335386748,-34.35140545418143,-34.168902680292504,-34.2462257888451,-34.12353003452674,-35.25097121861932,-35.27451408258049,-35.20158552958533,-35.16184886525907,-35.15218839347311,-35.124327903075375,-35.2209112296855,-35.15831034035633,-33.9750404912952,-33.99439262550202,-33.99426059551091,-34.08620973345798,-33.95474517803639,-33.99166918328832,-33.99899656907371,-33.94711237583212,-33.884516081705854,-33.74583592701541,-33.7194616631242,-33.77593910168567,-33.73406139229825,-33.725462453950804,-33.78609150017918,-33.80511553883222,-33.326194253579445,-33.38461087190484,-33.408934227548166,-33.464632306867585,-33.19513844640245,-33.27239438898833,-33.306685372999794,-33.299809557079634,-31.212021764300538,-31.169206796602293,-30.873502380692816,-31.373552789867833,-33.61597215284826,-33.12378824774389,-32.233048513461085,-30.05792663490486,-30.85040558508004,-32.03457706197631,-31.959685285711664,-32.18220000251528,-32.130424645412006,-31.554706569141484,-32.594877190264576,-34.08810731767112,-32.90246390266061,-32.38826596506253,-30.948474598786632,-31.53044555781677,-30.617931261281836,-31.035218652820824,-30.96575824063427,-31.425506515174465,-30.644040579830122,-31.68242939973696,-32.34683696577495,-32.33157057473171,-32.074360648986335,-32.11488179060826,-32.132622929829736,-24.49097308078492,-24.652982357968256,-25.32651914945709,-25.164642184946423,-23.390992978934808,-23.338674911900053,-24.725846497107504,-24.868884830571954,-24.569292065724444,-24.49620535811242,-24.81173665353532,-24.89245394635951,-31.916893758032295,-32.00890925376306,-31.853759612335217,-31.913655254776792,-31.934678093014067,-31.824145416584066,-32.54336749134424,-32.493491815912265,-32.0926899920565,-32.19957037331383,-32.12085760991288,-32.13545858725529,-31.982806597752713,-27.90999961289448,-27.226579234112442,-28.213567471029386,-27.463821310462812,-26.54402122235008,-30.163071442751043,-27.716358701516384,-27.617305207697548,-27.694724579430392,-32.384547826571655,-28.176052314210008,-28.4441677054082,-27.252652043802478,-26.461063085456555,-27.037052488708827,-27.744352403423683,-26.627927098078306,-28.67017810462748,-26.697094461355384,-27.47310917055396,-27.35193807773689,-31.89740076198839,-31.622174377859082,-30.959996054442136,-30.81540964659668,-33.31386608330639,-32.997892731184244,-32.67822786870871,-30.61780667519257,-30.62329263818383,-33.08064722756944,-30.223649161911425,-31.596785970487424,-33.420565223002754,-33.081495487032996,-30.46872538736708,-30.32479533797354,-30.529001290269953,-30.19778699616014,-30.20991512647712,-30.58026125686906,-30.945821088588055,-29.933451475459897,-30.738745761020688,-30.54030436341646,-30.324557736190428,-30.522446018247592,-31.870218017868098,-31.104683404806075,-30.58576037374874,-30.76586395000099,-30.31025351388177,-30.018547116675315,-21.825414432289136,-21.04131277269613,-20.33645252457736,-20.8302021414568,-20.60444403631965,-21.42408676077014,-20.899488789741408,-20.575993575372333,-30.14294832788765,-28.356163825803495,-28.229781741061103,-29.45915807027862,-31.144759191350087,-28.62768204238586,-28.359232592532088,-28.51957360572431,-29.08573772240465,-30.081320637279973,-29.65063610225267,-28.6288243257942,-29.5671363404202,-30.552598441267932,-32.50948371626838,-29.67035575677509,-29.2496257141068,-29.219428375314262,-31.803336890597667,-32.32157062464631,-32.37036778489574,-35.84109590510927,-36.69450798258845,-35.009996232254224,-33.512220149855246,-33.32260130392292,-36.21934225554568,-35.98187971403834,-35.2405965115933,-33.652132820794996,-33.81686394037814,-34.26674813680599,-34.76231773380715,-36.59754235344613,-35.31957860763881,-36.354327124618564,-36.30413843384436,-36.785501860575074,-33.048496176343505,-33.59514964568952,-33.26816827899971,-33.499898183215194,-33.37184448780459,-32.64948320289461,-33.552321333523494,-33.51043634440894,-34.05363935330464,-35.92397441520476,-38.073536702643565,-36.269400849719155,-34.0140024300924,-33.33862270608485,-34.417527625377794,-33.70675314459334,-34.823179810643566
48.0,-9.157802962820483,-9.234319955884015,-8.197937700654638,-8.103772372753811,-7.5810521821197385,-7.373459654714419,-6.100797949934169,-5.995351964717128,-4.874109498597029,-4.952320164145108,-10.261350730001213,-10.311709970917253,-11.164849548506744,-11.03157242628287,-9.682085094414036,-9.60043451759235,-9.403243737879844,-9.703669659586883,-10.538755147084903,-10.525239312232314,-10.139634575505763,-10.406270914097957,-10.691963001276925,-10.643863822553008,-9.602226243786331,-9.583830638448038,-9.619439827125646,-9.547695482172186,-9.49269443233917,-9.376508705467085,-9.495248389709687,-9.677954052173181,-9.252695449961752,-9.43454071989698,-10.545675200396712,-10.631952763072226,-8.5899582988193,-8.53281489647416,-8.509065186388767,-8.511453604613548,-8.721431978308944,-8.740535152226087,-8.722572860832894,-8.678171925101365,-8.041226671941896,-8.109398622796135,-8.02297654736253,-8.182156457145094,-8.462725373139582,-8.520824325882359,-8.608488431429961,-9.459188847479869,-9.334054510509612,-9.410103498379527,-9.31850175842626,-9.35761630968965,-9.306224897547564,-9.231423478431447,-9.274699901907761,-8.637723478502133,-8.796272691393062,-8.644665289866403,-8.71606213240898,-8.805012902776786,-8.850377393589715,-8.895373232513402,-8.969119698043322,-9.62139827074526,-9.798994343358826,-9.802762545083583,-9.688009468649623,-9.332198718670492,-9.408106465535585,-9.701545495366192,-9.535685393776102,-8.87238839882505,-8.953712901135393,-8.98397411474952,-8.991143407114306,-9.27764102393314,-8.97408393743191,-9.227374781316994,-9.094012814774967,-8.034480878278764,-7.898141572939077,-8.246568242333677,-7.941913999375183,-9.303753052323918,-9.281903974543994,-10.084584377404171,-8.732379741276764,-9.380074859402635,-11.378053456928818,-11.244479211917604,-9.849915478512727,-10.752708379376323,-10.320766107028826,-10.974597621423447,-11.059637503052317,-11.168966469464472,-10.119910949945577,-11.402797934396563,-10.475034994685581,-6.084227149411843,-5.226502328939719,-5.360103094577806,-5.509335951206301,-10.200049355943293,-11.096503558888422,-10.296518246716275,-10.271638302502737,-10.330788000902434,-9.985572099253021,-10.1436819760671,-10.297216986137686,-10.366263325246827,-10.650992911585226,-10.63307539370192,-10.46598343509039,-10.452407777906688,-11.265937371920568,-11.239564835486686,-11.239051698877438,-11.208138629745031,-11.039567922772632,-10.857233040715244,-9.775795420343131,-9.989845283908384,-9.617645758288482,-9.545614922709348,-9.881691506464463,-9.631159807646638,-9.398877561360122,-9.39502247671701,-9.287747544569756,-9.398957198227407,-9.470491544244826,-9.3536629923634,-12.171438736023365,-11.069674098210745,-9.548462204994614,-9.87415800606897,-10.08946554368585,-12.173659029073999,-12.169973283639901,-9.93237959079621,-9.798643788945046,-10.028989614274096,-11.187956475343524,-11.197590489839275,-11.087295138025759,-9.35137175597075,-9.018916948919145,-9.291709549866422,-12.145799699007526,-12.315441605019904,-11.906117821700663,-9.890495119959546,-10.4567999497272,-10.20177985086387,-9.295415262455963,-9.456573486465796,-9.908245353163172,-9.741841109118337,-10.562601101564315,-10.505382733807972,-10.375738291309158,-8.403198745058821,-9.349314283349795,-10.401339454603345,-9.453828221432328,-9.668817153421411,-10.335350602663942,-10.194748892322785,-3.7421223082833572,-3.0500511633299485,-3.2581589960150046,-3.1872077285343163,-1.8914119791719948,-1.6022617902739178,-1.2974440294504417,-1.0602756620781513,-3.1244088245137425,-3.4163183843195126,-3.1253601559228636,-2.7686613239087086,-3.662344928074618,-3.330134887642738,-3.759999259012651,-3.3168709317466583,-1.2717650641955256,-1.109637664251423,-9.338867650883193,-9.356195232978607,-9.315136217703147,-9.290466122947976,-10.101128246042187,-10.100395694918117,-10.220530761126618,-10.253310012028116,-4.296939260328783,-3.7627952921600514,-4.4620092771754525,-6.0979439606742885,-9.915972116946465,-2.2572632135241504,-2.9165863419234546,-3.980711281474237,-5.947097198792185,-8.62721546915572,-2.478748414692899,-1.6885837629860099,-2.675307166436564,-5.017717694821757,-9.224958514050444,-11.313065835740108,-11.147415422992994,-11.32620092257238,-9.517613422787079,-9.035777660183177,-10.49655560701423,-7.189642900731252,-6.919590512907308,-6.476501177617488,-8.56155309464339,-8.719906496070706,-9.521436933437764,-9.503766361146548,-9.629065195912556,-7.314911710437096,-7.10522381529645,-7.160124196317333,-10.161390464470248,-9.948739690131463,-9.825885874963788,-10.002317317812146,-9.483196175805478,-9.38809174178875,-8.36482796008278,-8.202211661713921,-8.000452510647847,-10.16864046177298,-9.921348279132024,-9.935889682844973,-7.636210217066691,-7.374476672323928,-7.812908715089159,-9.568181655338623,-9.705213984932767,-9.265862013666911,-7.185087061070467,-7.251249316496679,-9.948410798759436,-10.06847676309042,-10.199084074480961
49.0,-0.7127957227917285,-0.7226875184237365,-1.1458316554150123,-1.3072407096363818,-1.2550030064174607,-1.131963858379951,-1.4869767778065928,-1.6615508462700532,-1.7538415972647066,-1.6094637038050372,-1.3807960673230504,-1.3072117361997684,-1.1046687270754276,-1.070137477010455,-0.844661269445723,-0.794038960528848,-1.2771292432748744,-1.133270201944434,-1.182724199151572,-1.333761548086592,-1.5873724091089692,-1.787117179889897,-0.39571729377349385,-0.3209038645686526,-1.7956807723580823,-2.098020923708443,-1.8026045993283937,-1.6385049613056815,-1.557480834619689,-1.597734916044157,-1.5740150562720032,-1.698874419920493,-1.3018701141940703,-1.5682813125161594,-1.5148600140827604,-1.4390024857993033,-0.6231058007202339,-0.7985257009594307,-0.5688196507840448,-0.3548403642717357,-0.7569279672984557,-0.5530637767430093,-0.6192118154014956,-0.5866200473655283,0.4192340382779065,0.40447754141967707,0.47639312055803984,0.11883800623768437,0.2333017905469248,0.13990506608000786,0.2726371450040812,-0.4948118829485715,-0.3768450373301899,-0.5895428277632089,-0.3708921507237779,-0.8475228456372754,-0.5657431445376524,-0.6478270731773428,-0.5701186261909967,-1.0028584263964575,-0.9457310853022047,-0.8908913014577386,-0.9979952673244785,-0.3851267115458281,-0.5011902008228155,-0.6454981172136911,-0.4494114905796245,-0.6997035023495961,-0.8102262931445878,-0.4622247504341601,-0.5204003418934136,-0.5707486038763143,-0.4303189328044539,-0.529013289878641,-0.4147258551809365,-0.488580397139625,-0.5225125913661053,-0.4392507470746949,-0.3901527116082306,-0.46002845887831967,-0.8200052526833801,-0.5996915170719426,-0.5551505439309672,-0.9930163430877741,-0.7972282825837667,-0.8325312731088061,-0.8700190081474233,0.2182114265692121,0.4337905133380424,-0.3418627930199456,-0.3596426055949138,-0.29121140600498663,0.5418349065344579,0.37510416401995883,-0.9669478485831178,-1.1544321502667145,-0.5244449277539545,0.04523219013523416,0.14230168796843756,-1.2844550873053961,-0.3752019545693379,0.8204433989529676,0.6217504835986709,0.4224761500678049,0.11196317109040521,0.35020648805999954,0.3586860122412716,0.8873640818042716,0.5796886813812065,-0.24135345408097209,-0.21062759199334735,0.22257407629498616,0.1736895370363527,0.12617672582915063,-1.33687478533904,-1.2503663117658785,-1.5036376516332304,-1.6454207718924785,-0.6827616655178197,-1.0081083805419553,-0.6091991074756713,-0.4080966975964948,-0.5206708942394211,-0.516851568729539,-0.15168618934237976,-0.1670226908459167,-1.3791770118941962,-1.633207403703988,-1.7254989979624789,-1.697000082858267,-1.6677564224560477,-1.7273765070926146,-1.7008916905704226,-1.5423789569265516,-1.9077078496683555,-2.037970407017884,-1.6010392698296592,-1.862281086793665,-1.5565336785864439,-1.3323386457070718,-2.4921977899007715,-2.3952095056562293,-2.602593316780119,0.22033268009196405,-0.8599598226602225,-1.4765098292990473,-1.7349592152837232,-1.8281049663400069,-1.1443085543638674,-0.14067868178679177,-1.2343438474473025,-2.1365248269125274,-2.4893183992879138,-2.5300786470097982,-1.3203050842640174,-0.9273497578937189,-1.15581234636441,-3.0644417524421357,-2.779512040972058,-2.866692373797587,-0.2275748442029446,-0.40779845831998607,-0.10746356895554676,-0.20172323170282525,0.7775981324985004,0.5814775424445067,0.268767367568568,-0.7108139137998268,-0.6995703979008585,0.4483388999862967,-0.510975405954067,-0.7043213677878679,0.5439608424097813,0.8927821346029994,-2.150028447513419,-1.0876544151099754,-1.116242519033893,-1.2503354467657353,-1.2681755980209477,-1.0272942602779178,-1.2577792483215404,-2.210345519257075,-2.5527947272713174,-2.4425829051157724,-2.2368199395664874,-1.320075973675653,-1.6116215787515706,-1.328520634919835,-1.961988024497325,-1.9577204959803396,-2.181933485082146,-2.322010153279116,0.6656715761237724,0.4532654951530546,0.7451542535852695,0.3601917305702109,0.36930566219960603,0.11372119858434893,0.05361566065997714,0.3086660075449341,-1.521678897458612,-1.0407337200171227,-0.7153306008131217,0.10169697639332398,0.7143379596738662,-3.163076828824419,-2.9865676133345858,-2.3776827688282047,-2.1592931495291054,-1.1022225482518735,-1.8577162669098541,-2.4566122020937726,-1.8294514019323707,-0.9166722225194199,-0.38664610751951756,-2.203758796620999,-1.6058275408859721,-2.0791181533173066,-2.343082556194261,-2.436852352665344,-2.2192778385924967,-0.7316783045005693,-1.0084875306313599,-1.2080628912683764,-1.3582774327868634,-1.2458896708078289,-0.2713134422073473,-0.32590302953212813,-0.3572726568045219,-0.7884684977357708,-0.5184488039021069,-0.6615704118729866,-1.3676522056796223,-1.3507492725598098,-1.3050087109328974,-0.35756641642405285,-0.5807225390480966,-0.4547802859236114,0.26361351792152377,0.03533108887882719,0.1753974414113202,-0.9903972998938357,-1.1033040375176633,-1.1286006529066448,-0.5425074063091664,-0.6609767060146652,-0.5065862787007909,-0.3226260192720609,-0.23918058072784376,-0.3963202840178468,-0.5157422895499568,-0.40875222479574447,-0.8379798711325996,-1.025996153663355,-0.8078686302211118
50.0,-13.548204023532296,-13.228075728786362,-13.670163311314553,-13.412774389883028,-13.314434988473401,-13.076663967387846,-13.218858976352418,-13.219567338289346,-12.4300734324856,-12.376531214321545,-15.158883787952998,-14.766169487219761,-14.151510498965347,-14.220068535522614,-14.89008468362843,-14.723950858527516,-14.922420304387055,-14.92355839247717,-14.595107217068874,-15.136899607929683,-14.47580178265881,-14.42562651578993,-14.398758860652254,-14.118133092723081,-14.287074052511382,-14.052488059190967,-14.259642506171378,-14.340697245542179,-14.71209938208572,-14.693718919311895,-14.318028958722627,-14.526684287733827,-14.710666609048902,-14.989812944433123,-15.391504900915224,-15.206690507627403,-13.012589827358006,-13.08517755958662,-13.135291504417337,-13.218882858161708,-13.56135501417328,-13.869866129431939,-13.760605425807821,-13.601759970665395,-13.969894010446625,-14.111927008392188,-13.85220503000972,-14.20388011188427,-14.154753860618802,-14.138235169431589,-14.179774124413644,-11.366596911392934,-11.302457826527627,-11.254515420496139,-11.316932087215669,-12.078294952275684,-12.09029139968214,-11.94727911083878,-11.82773347203711,-13.521878623321435,-13.26311276785575,-13.394331877443248,-13.346035840544378,-12.174047975202628,-12.11962233995831,-12.214416234300252,-12.170971558905249,-13.443943904482161,-13.665910906743317,-13.5396689856224,-13.402982676666664,-13.201580202026587,-13.38126619217389,-13.207035612610179,-13.48405601434939,-12.700835332699565,-12.648459252705209,-12.701384593011747,-12.589015906117792,-13.733246775596825,-14.089382397137589,-13.881609692776822,-13.435642703399132,-12.678128872557,-12.365702408256888,-11.867136358721302,-12.397354420563593,-14.148731832080479,-13.919983532936618,-12.145839166585883,-13.267807267069253,-13.528357031764969,-13.242860257671852,-13.438554926914598,-13.009936018321657,-12.400994984928765,-12.139798771921587,-12.199963110100997,-12.578886674874683,-12.224436016085965,-12.613520992682233,-11.308465907243765,-11.953067262176695,-13.172434771386587,-13.683325120552754,-13.56499077373185,-13.463036729661916,-11.886246283231369,-11.468031900013104,-12.250955077224578,-12.348778713776964,-12.365286895500851,-12.473743029334688,-12.238609057576772,-13.894396562955269,-13.993960630581666,-14.18668594655482,-14.096303297945331,-13.334175490526512,-13.927543613966954,-12.897776783087341,-12.985593736948013,-11.945716305794539,-12.366139083703422,-11.428159908783172,-11.335234296036237,-11.802433253629736,-11.830430683348318,-11.680463394294044,-11.59251166603303,-11.769748639876308,-11.629752537704773,-11.96492298042439,-11.756305899229238,-12.011635568407927,-12.060348549604695,-11.87009586281697,-11.896707556583285,-9.387505637406727,-8.475411047643195,-6.056503832651028,-5.714906249405361,-6.121685935566161,-7.241462374594883,-7.731061956498531,-5.314277576870959,-5.9465597024038,-5.717242186700082,-8.455204958873535,-6.481093678896862,-7.916131823682594,-4.6910970314812115,-4.970794865760777,-5.055456866927253,-7.836500087015848,-7.900648778735967,-6.654139813672643,-5.761486426474917,-5.2512194811673805,-5.511758415333832,-12.29595414288945,-12.616268713777703,-12.428462973300523,-12.26929552813987,-14.070219829325355,-13.901844639386942,-14.357190204690172,-11.0232812500118,-10.593403895278405,-14.209392053503858,-10.067310453676814,-10.157548772937707,-13.443059739969096,-13.8354828910544,-11.745474648789536,-11.854314237816789,-11.515563694477075,-11.80008539843218,-11.292670070373566,-11.16472989199146,-10.917245272422372,-12.081613501811598,-11.933793278124778,-11.778106180027743,-11.729795615663127,-11.976105514093216,-12.028805193035454,-11.675869869427416,-11.599712371311844,-11.703840989938294,-12.30912096797059,-12.22985441223955,-15.383274738897205,-15.487703798470143,-15.094578435095444,-15.312216987423497,-14.884809128895492,-15.29371093489337,-15.499729901767108,-15.166387020469706,-10.847937501620562,-11.04988763350328,-11.424307059071877,-11.928367613311766,-12.314811027313054,-9.569401748436755,-10.018881715280592,-10.797262593954581,-11.512535569161825,-13.13113392308306,-10.491831671697216,-11.882788858026373,-12.846511737365649,-12.763483698024453,-12.970051973347333,-11.87391505425457,-11.429578860170189,-11.823995936533041,-11.054988185942777,-11.259626891489363,-10.992376314666643,-12.83410566858194,-13.235136529205134,-13.418402467297943,-12.772797992858356,-12.521180716067063,-12.63476450021166,-12.730811806322786,-12.600897986557817,-12.795265769867314,-12.849467898676874,-12.935463118167231,-12.651226945094031,-13.130555821528592,-12.810686713205532,-13.045106153376253,-13.11270448869865,-13.06496054371097,-12.735591739817437,-12.545188906969557,-12.686852599192795,-12.709738155014469,-12.830942835388072,-12.72201124472765,-12.42320714362168,-12.332718434541851,-12.501713867762179,-12.385427719965811,-12.609826636783021,-12.388404814169798,-12.692400587621577,-12.492927116963134,-12.48034171651222,-12.346643350581903,-12.356555384277431
51.0,-6.427572541873413,-6.051820260365696,-6.458109651592853,-6.171537151503031,-6.256735682059842,-6.194362132935279,-5.855192057953156,-6.075518234527189,-6.206203469898089,-6.608157417162802,-5.558725947248462,-5.3022832715618335,-5.33255150804079,-5.513737585894024,-5.5411070604785415,-5.695082196038388,-5.74028210790641,-5.806701960059144,-5.6626490116540396,-5.330288172829896,-5.629303395315127,-5.746426177098279,-5.518726476180504,-5.41725933204329,-5.83904408049527,-5.7374421327133724,-5.835750828058654,-5.729493951553149,-6.275856328569368,-5.807218093246586,-5.830373775589834,-5.875546751995508,-5.935812940137719,-6.054284113382096,-5.380898954838205,-5.735407375656333,-6.415126692233201,-6.400579562284989,-5.997706190299329,-6.349913043765952,-6.143796899810681,-5.8030219093558415,-5.764487901359654,-5.688319640976754,-5.180202388436459,-5.173046848106299,-5.334241719265528,-5.424364563245206,-5.238527284514326,-5.580540266289194,-5.449558561569081,-5.3961434224502565,-5.566831794762992,-5.302293209265969,-5.3509870757524425,-5.4225351001689965,-5.597506352900773,-5.43605346344447,-5.583559696977336,-5.169028512386685,-5.089107305250131,-5.2415119908623495,-5.291690229908294,-6.173428065434944,-6.167425217225954,-6.246133968048163,-6.18505390010251,-5.962348413134103,-5.961781684577462,-5.958299912932663,-6.000063988022317,-5.484642016966138,-5.733104432870487,-5.708166114519841,-5.653276424682247,-6.106746315874014,-5.999965208782685,-5.912198686236135,-5.7413935900339546,-5.6821955403474345,-5.597795899339152,-6.151919277575498,-5.742378635488052,-4.7463010122861995,-4.948700447451422,-5.137324346879165,-4.915101433678167,-4.962313168586299,-5.242622469574991,-4.923198929022876,-4.8999548822438825,-4.800190071688569,-4.883686126723173,-5.1167298156743115,-5.09814582947654,-5.21941219838066,-5.12226577914142,-4.883478941159257,-4.720914378583526,-4.88582676941747,-5.115242561203587,-4.812282390880981,-4.929589029951831,-5.46130650771582,-5.1768115790374765,-4.884615704709521,-4.899250443981565,-4.8071030030938715,-4.803361068986229,-4.765379057733849,-4.837075034704068,-6.047482447809124,-5.835609406537127,-5.975951652906495,-5.882796254559004,-5.934361760682222,-5.98165275506345,-5.649442219714281,-5.694125594990538,-5.5547139913327825,-6.884847336241929,-6.998855745749257,-7.055566147431055,-6.812574223829607,-6.5186633879724205,-6.849216987776771,-5.723564963986409,-6.152455013936098,-5.814552955985542,-5.83619460383664,-5.5544266662611435,-5.737435156823063,-5.700079242830052,-5.561163543684028,-5.7563171289993615,-5.345610115479397,-5.819763273723202,-5.566179956865426,-4.712867619326957,-4.662144068343608,-5.2174705142683315,-5.134295889041699,-5.302962481478206,-3.99641757384709,-5.192461658574338,-5.311124980127616,-5.429852605574796,-4.663519172822728,-5.180377204309423,-5.202091162414678,-5.542332684099575,-5.326995375025012,-5.353588666729534,-5.473438258439547,-5.417457696427871,-5.063824534074016,-5.3838124955950235,-5.408381407902443,-5.198128912759778,-5.211572426758417,-4.118637743353695,-3.8981166969982333,-3.380533095001333,-3.5352526687286527,-3.915605200473099,-3.7757511927690075,-3.7951058125679538,-3.8072299420715723,-3.746559757220002,-3.765993210799113,-3.5923318877068056,-3.6244952919820683,-4.064027637699109,-3.4962901432594506,-5.882336248838822,-5.659871067925565,-5.648315741583616,-5.825000067588775,-5.77502981119375,-5.9010286189286525,-5.716728229819651,-5.9806808389601045,-5.81448061461348,-5.951041348164587,-5.877284095943416,-5.449964880059937,-5.748249387994175,-5.801073636547553,-5.775778376030985,-5.954109797613501,-5.8383072696630265,-5.708108550395849,-5.417205888729153,-5.189532037525794,-5.246686814335646,-5.471175118102554,-5.729184635515294,-5.534418636373921,-5.6406704493549515,-5.853434254747933,-6.108238255379668,-5.830263033703204,-6.312016810037816,-6.19916782941954,-5.7386175149456875,-5.5168299992447665,-5.4440609396015915,-5.723183073674495,-5.661268988371807,-5.722938696514463,-6.610898444378659,-6.389041840041317,-6.118475957175939,-5.798047255231781,-5.555272077056339,-4.8366727680833,-5.086188681409713,-4.554745931706687,-4.7383032677454935,-4.199924114750491,-4.174172134275125,-4.911091532540031,-4.452283502205027,-4.925308577674876,-3.9794410328747,-4.173528957261482,-3.994579862770145,-3.871758040939774,-4.332371545200058,-4.343574460841641,-4.070221717838457,-3.806543249090872,-3.986234824209223,-3.794593098505345,-3.4077130419721584,-3.699706020526353,-3.5997281000253274,-3.4973837080246852,-3.841549458889773,-3.7864670349893075,-3.7299762763125983,-3.5186230674919905,-3.528288829585989,-3.929692652372122,-4.860854499051783,-4.585544331954633,-4.697441882756685,-4.051842720397616,-3.7214267592528323,-3.868535409438536,-4.096469044112098,-3.638094317423352,-4.012625580502487,-3.846082396779966,-3.8896275434174754
52.0,-13.452357730732656,-13.58068354083212,-13.653008775399528,-13.940708596126097,-13.630480987190712,-13.67029420265015,-13.983290791574357,-13.763161200352604,-13.655992823035605,-13.774044522572073,-14.753963596757812,-14.601036723689282,-13.99852258881158,-14.063749902551448,-14.573171096548673,-14.434853842798635,-14.524120709041378,-14.658043980173373,-14.94706876239126,-14.861061568918574,-14.931843645699614,-15.071139061628372,-11.249408846958792,-11.294180593908253,-12.64031529060545,-12.647940833276138,-12.857227374223536,-12.9407479316451,-12.64443000899745,-12.568650271063198,-12.666474468409131,-12.577778032863874,-12.871670924801913,-12.861803732692112,-12.501895138291474,-12.302629248626337,-13.939205127359873,-13.90030369169967,-13.882894519083235,-13.851849972274724,-14.433823434114993,-14.464399591143856,-14.562044612703358,-14.632995058218203,-14.667364543906844,-14.547020654825797,-14.630373484572482,-14.644572298502423,-14.429434381703752,-14.309279262365154,-14.394366175763142,-12.864276518027044,-12.781355126834733,-12.837864064228473,-12.84755039538554,-13.588471891377825,-13.631071892766697,-13.553075464606303,-13.64006797029809,-14.551691408248216,-14.665177224022598,-14.736813178759828,-14.61458460456292,-13.699313997810417,-13.738684691961511,-13.619702630121843,-13.629629138719919,-14.217882819707526,-14.208749856653624,-14.229509551382941,-14.224805997630613,-14.338734464001721,-14.426452338911453,-14.377849927979923,-14.488013219331336,-14.822428949133625,-14.959717321975358,-14.954409249793345,-14.89134532973878,-15.172180061031899,-15.11936468890481,-15.072389202342672,-15.139110227229972,-8.131496922558394,-8.069058678020928,-7.925439836052739,-8.043575113234407,-13.316649836364977,-13.392653983077098,-7.243624726439295,-10.998380560614958,-10.839344045330963,-11.062207837174732,-10.96755696875469,-9.698208115770933,-9.205163298570145,-7.157421141629715,-9.924977148551738,-9.909600893708149,-9.260266191327464,-9.390138321734105,-8.08250918571156,-8.458988244540015,-13.910879694226349,-14.039794875885018,-14.012749960734192,-13.841206620456015,-8.50221455366503,-8.180216128612894,-7.058483873752577,-7.205306845473075,-17.14618264909994,-17.344453479576458,-17.258968439241706,7.483158429669292,7.609535103958569,7.648568565395257,7.89311209536937,7.647288633030399,7.52712050460411,6.978740197715892,6.883215213854763,6.840590512503735,6.934076609485347,6.954119261928172,7.032876523342786,-15.326840571171497,-15.408135348523622,-15.321991397019247,-15.289335587093298,-15.529616186485304,-15.420218054290054,-15.057913042006698,-15.027561123630667,-15.019927114665505,-14.978992164704065,-14.674736361322882,-14.840024436254497,11.335579098796583,11.3564677210117,11.688580815277511,12.029188015122587,11.787248491953061,11.273983395484946,10.343165010558245,11.022802327845822,10.961875511841942,10.910729708896778,11.15343396687783,11.599227471694423,10.934578503078786,11.426811156558774,11.133906943112644,11.241195804376044,9.38346923994169,9.163386329178007,9.741053891875959,9.70449072560588,10.282503196472664,10.137801525429559,10.264347273278219,10.448383452839998,10.107354568044482,10.221641914443197,9.319997733766009,9.456308115099105,9.480388783472751,10.956085330418531,10.648193644819447,9.494815806097598,10.39470346952085,9.674280479541142,9.670129615878887,9.552187657670926,-15.55469292934529,-15.265898953910877,-15.091446632347925,-15.168398690920313,-14.67758961771125,-14.927627858349577,-14.955246891920837,-14.821408968925283,-14.871463576810358,-14.93748543596999,-14.916489195856517,-14.742109066660602,-14.316128657585622,-14.774896493971163,-15.560396980036057,-15.551961022609936,-14.88575060802099,-14.827457809552039,-15.781555581864831,-15.686630419535348,-15.218801599246989,-15.517245893585637,-15.90079712405915,-15.944569945363071,-16.113608048227547,-15.992902082105424,-12.468195801995822,-12.89310875702301,-12.997631784676036,-13.319229871330565,-13.204842698892547,-14.87272175465558,-15.535608803523685,-16.01278864598361,-16.446019348559886,-16.78170138626387,-15.596835983671241,-16.044706370460716,-16.200905811775073,-16.211355261345616,-15.80208144515843,16.12971501469999,16.224506873678067,16.40616883436895,12.363945953369731,12.257788266946086,12.922214660320835,-16.698266105840318,-16.53170696229148,-16.380647788102813,-16.802811826889418,-16.839583530162614,-15.357021502642395,-15.317150268085,-15.334687002806112,-16.30198459354073,-16.271760439199028,-16.16458540528495,-16.60678953353544,-16.393895951845536,-16.20974463417548,-14.064831478699954,-13.799623050525295,-13.970169021280244,-15.263091554279848,-15.112018529219895,-15.163745130860706,-15.071274869518392,-14.891757788614544,-14.959228392663947,-16.080007033078054,-15.957835605164073,-15.883916463612586,-15.146862616735016,-15.328391151223295,-15.155301719926412,-16.146103711257503,-16.07239994795911,-16.155826834606323,-15.991180209241056,-16.362943161990927
53.0,-11.106472406019163,-11.139805722205532,-10.56246879823986,-10.49480691294824,-10.426641303983056,-10.61534575690445,-10.020687871789162,-9.8599705723572,-9.857029330133532,-9.903986814291592,-5.689074034935142,-6.250705620066913,-6.30044574821509,-6.212448999053666,-6.870758848143577,-7.09535683313225,-6.57591852764669,-6.317675295667186,-5.37288817135141,-5.420459726784938,-5.788298140888157,-5.887505805636592,-5.51120447784731,-5.3572127981512505,-5.99548883223711,-6.282856141131391,-5.51452418869926,-5.629463799755102,-5.0528752772187975,-5.059597015224497,-5.107343169667153,-4.878942545045604,-5.202973310704759,-5.682184573126661,-5.657575484466392,-5.2988709439333,-9.606881651707832,-9.460853318825116,-9.515018382089066,-9.539042109596929,-8.635493680282014,-8.510341237610673,-8.597144541400583,-8.487442445857246,-8.18185254389716,-8.025114853305697,-8.20801396539982,-8.313560433434041,-8.412537024085482,-8.516177439899266,-8.583959231203336,-9.423268544568923,-9.45778572867835,-9.39934198387212,-9.352799209791185,-10.3679879093418,-10.517104446169515,-10.406921772680695,-10.275928001971351,-8.753164609005061,-8.889264856146758,-8.994059150095218,-8.938382367618921,-9.906450683221614,-9.837484522015735,-9.779130771599503,-9.881723235277144,-8.864704803645445,-8.98329667320479,-8.885177621358885,-8.86781842491326,-9.039421374985116,-8.717169685439552,-8.854942701056283,-8.734860090326501,-8.587638041585501,-8.609728997133692,-8.634657560759885,-8.600530477370597,-7.903492368109402,-8.007030321131555,-8.018022092903449,-7.80039786819549,-9.007470276500616,-8.854523659274161,-8.679103481139647,-8.830412964434629,-9.21674749814267,-9.176674646719402,-9.430029851827776,-8.123645611188365,-8.241825081297096,-8.955874945821842,-9.113457355940513,-9.014923194630452,-7.692534163798005,-9.841106975808225,-8.637391956916625,-8.482955880069639,-7.670833739967214,-9.061419422446683,-9.482099135303262,-9.26590393115083,-7.906668838386479,-7.631951019860961,-7.466649570622042,-7.649061777446355,-9.361382256603159,-9.431567993539888,-9.222589006152392,-9.258997845344886,-9.655791564385352,-9.652740001086727,-9.71216961202954,-3.4105136461027543,-3.2717966778722625,-3.7475913397237823,-3.6846481729046614,-2.6146037488060916,-2.4651135433605766,-3.2478149906935534,-3.249026782655519,-2.6593907173826707,-2.784160059950445,-3.0190299029625525,-2.906929045130162,-7.4671344796323105,-7.42387644149193,-7.6024682238455625,-7.653429509920166,-7.298277736991976,-7.59937160037437,-7.4718523884116035,-7.391984067782217,-7.416093201423813,-7.585935824767962,-7.472565484055304,-7.309329383260732,-6.953213505456075,-6.9348567160664,-7.688651505056177,-8.442622129060831,-7.810967585181273,-5.472450554812174,-7.206422542849178,-7.8921658574375915,-7.899537524921601,-7.686840285251911,-8.773916071532206,-7.463454898432603,-9.122567563243857,-8.341267941042634,-8.725892795544294,-8.588557855299008,-7.3258435983099375,-6.897774207217142,-7.382644955076983,-7.436945804168578,-7.454605832068388,-7.1047683819090794,-6.548123808331313,-6.422282156237091,-6.238931035073056,-6.259026011881076,-6.007124955401855,-5.997715742095473,-6.1301344674231535,-6.133448973484654,-6.166780039349745,-6.146385046093605,-6.072644623036606,-6.095071848855321,-6.332478618435157,-6.185727865548246,-7.664476630601766,-7.6569669007312555,-7.830080726303026,-7.569173765216128,-7.362123683197838,-7.342838365338011,-7.384693531960992,-8.284054919838871,-7.392778710668595,-7.4451942728619915,-7.298426690064012,-7.4434589216058145,-7.442841808785312,-7.439013609636306,-7.726544434439601,-7.636043950764231,-8.28205858641864,-8.274135609059378,9.807819507744195,9.309110054071597,9.43044985146554,9.322134042789221,8.514565466863967,8.843733372349917,8.404731222120846,8.485829471553634,-9.569372800093227,-9.65025189566089,-9.57006196662819,-9.484953055228464,-9.770154655040551,-10.978060644794317,-10.723526851624754,-10.594174341433256,-10.041747180012955,-9.396191853481772,-9.418664045151068,-8.751738259872852,-9.053544839890364,-9.395209653448056,-9.675260483311078,-8.823265471968348,-8.600561411306032,-8.927173694854357,-7.595955616512678,-7.268742326845062,-7.921250234910081,-8.322893604179479,-8.513445272536012,-8.19934180577238,-9.501538506121355,-9.60600007219863,-7.20495263646234,-7.3248835622989175,-6.9961373903380695,-7.745880120689435,-7.434041769841725,-7.433329823596123,-9.714454977676871,-10.059240220247284,-9.563025807245847,-7.142749649652447,-7.0873121150933285,-7.314399553069877,-7.7296443230330345,-7.635260692485377,-7.660716333996139,-9.09317353774331,-9.09794498001207,-9.054018352661783,-7.157406590602579,-7.17351056085168,-7.045706853031054,-7.090479717918271,-7.090583852353548,-7.126199847209327,-7.303424808029825,-7.0468786473876674,-9.196052457786761,-9.173293259560017,-9.211622568140786
54.0,9.519935798839857,9.768281315554557,12.397275912499786,12.56963776620661,11.531625857540003,11.627575398280275,12.030255036698902,11.956661929672883,12.037661008963351,11.867750079439139,8.815721764817082,9.037800442379496,7.5243699429680175,7.414264235375099,8.455858461000156,8.58465948460657,9.012392727864807,9.097351731033934,8.615033751079546,8.419750303599779,7.517239499309449,7.441401851567679,10.540024725372438,10.673202135642308,11.776532300273212,11.81778498347727,11.687413636378487,11.83543279129107,12.075611996488037,12.01949876334274,11.992343195292314,11.991779636943605,11.788462172755388,11.971855020935273,10.289671027540622,10.091916504468198,10.226598973412333,10.293955336514227,10.223935760355445,10.201881849051691,10.359776187981163,10.274210488942604,10.28217928181223,10.163024614032885,14.356074590325651,14.275110218775666,14.184983521786641,13.995064622097656,14.365174017952477,14.24396992633885,14.27056466886281,8.292420260645262,8.279317371321671,8.221397889385798,8.3770023669424,8.799400019566912,8.827832554556801,8.773899677454244,8.794342965052897,12.119911266836919,12.087858441713188,12.114557502097146,12.17138425871725,11.243017804622403,11.245363488163184,11.257748686148023,11.114565325622062,9.04318914306175,9.124580920614376,8.897516710275887,9.061196862516667,9.611762699075033,9.446881251837969,9.301382808359712,9.477921940081405,10.71846338273825,10.455649674970577,10.694649967557865,10.460933572482983,10.64218416687309,10.793830775101984,10.853506350777874,10.814222503320455,9.557258515027197,9.618834435115716,9.152445513436806,9.318027636147768,9.827204972336531,9.760549424167491,8.474299751842667,12.83121709318585,12.430525492767465,11.228233792556615,11.162159490081432,8.782329847716287,8.672293018200744,8.602804529957444,10.35186555415888,9.977923769913597,8.82190175172686,9.237509670704021,10.243290800388703,10.795993734782204,10.281747091137294,10.807077096957485,10.692914055039175,10.657168166427441,10.95045716607514,10.312154551967648,9.415433735771465,9.459112492212777,18.764328511530607,18.385987874705886,18.690286695513443,13.090484404368613,13.144781657452395,13.15143941827986,13.20666160236921,12.885841386870812,12.707502941252532,22.50145955228691,22.647629178787213,21.959684981110065,22.003137071631144,22.55685899236275,22.40062293442765,7.257647131126441,7.16995758632307,7.077413135064499,7.009521331014805,6.988916469776713,6.893120069805976,7.479625041905299,7.618115358155481,7.467773256566452,7.494559622334443,7.9428051081582876,7.866939352646427,16.607454133012517,15.443717539749038,12.464211832829761,12.720756458572914,12.044628252083683,18.961184420728475,18.921995261540037,14.079643899445301,13.594781927089464,14.098312449916644,16.669775177034555,16.186268968957297,16.3477127187778,11.522001559411164,11.167009283225006,11.182808396834131,16.884237766181343,16.44148873301094,15.892348003990591,11.870790744937217,12.143529009562965,11.973428078220312,15.001734927443326,15.304041387678627,15.642401461598299,15.716538474585299,15.55198578265486,15.857624716615787,15.095390634816463,15.103271453685318,14.600555602464048,15.237169956190371,15.563383503881663,15.07890043587004,16.33767512537785,16.083606171405414,13.340482618585012,12.783077663331783,12.858137384415354,12.69056460423678,12.888789416535355,12.850400234102075,12.9550051210899,12.647041800304557,13.682709994138124,13.391711879305733,13.704514849239693,14.074839873514534,15.228688667056916,14.826797326712224,13.304426081016897,13.564236508681132,12.774788631687905,12.7782347272452,11.258634585871068,11.115242735744276,10.736707510757387,11.087004313998166,11.656455826012499,11.808889667748417,11.756842090168591,11.571680442002934,17.637383697932208,13.925793499971517,15.549091585633892,16.544503855721672,17.009953112996676,14.263954986786029,13.080716856811986,12.283810420329242,11.810736159261134,13.772571225738766,15.534073671073806,14.261942348607587,15.604858175595044,16.51791969896903,17.109277366096503,14.591501804102318,14.50211843508034,14.514808734466211,8.672255764845314,8.913016919041217,8.788236915140242,19.871218421442777,19.840814626409202,18.985530780115393,13.114240667816642,12.877203289717187,13.550600446436142,13.654151947369433,13.70470832491317,12.140451673060236,11.870375525902123,12.011467419184912,8.645027399675055,8.643644451341292,8.60835941403598,8.81208872191051,8.997415811131614,8.848770023670468,10.890495149211382,10.68241537874065,10.56929164682448,7.174759173243454,7.243940836986866,7.027974241823039,17.49949542440823,17.36114007340473,17.207422878928288,14.090563064890542,14.100144010655434,14.201647209830467,13.272320733898479,13.222443351798628,13.633331252681756,13.461984340186563,13.49008632546178
55.0,-4.028674453554553,-3.761573389967963,-3.9467439614446853,-3.3592518420023865,-3.6916774222724102,-3.2399316270182306,-3.5619691472387807,-3.650546596464321,-4.139370703736753,-3.78800116092939,-2.3529576294498913,-2.375331509290384,-2.9260249921736747,-3.0633583973936394,-2.2629112250311327,-2.317432349898228,-2.323345181955361,-2.2655240282247355,-2.607311671832785,-2.676234008312653,-1.941473242462274,-1.807584217340287,-3.0331943809002535,-2.9818970435869625,-3.0418821475112034,-2.9514566866270435,-2.8355914890403566,-2.7945176978051673,-2.617210327797439,-2.2802436513161988,-2.462888115202392,-2.460357396365196,-2.725305630448668,-2.9641676028899386,-3.2643094789514446,-2.8779480013834515,-4.584542134799935,-4.598036536008218,-4.476380312974314,-4.656080983393996,-5.587060873950937,-5.483284978729666,-5.589249452801113,-5.475919733876945,-4.702400166179229,-4.984399707093651,-4.967044315859515,-4.941239488434613,-5.686150115891654,-5.67741000024074,-5.639304990968176,-3.893106419804872,-3.7159935133809845,-3.821329746086209,-3.936153869390347,-4.714969960629717,-4.61329945374176,-4.8095688503626715,-4.780131160058982,-5.202792023037073,-5.103958191383698,-5.317444707399479,-5.237481440499908,-5.008685984686241,-5.05935592395431,-4.989009262529966,-5.146577777298227,-5.666868478153355,-5.809368629711911,-5.646221581189208,-5.684841522919116,-5.876160687722425,-5.778115702620964,-5.735212682576517,-5.58269808714422,-4.200456986820096,-4.137522943415501,-4.357056937484868,-4.166169950921687,-4.821844187198598,-4.451781662745271,-4.6350958016627475,-4.241793500479657,-3.75984532415474,-3.8893199172576427,-3.497455122710062,-3.9191746354572183,-4.086878941629441,-4.021374748485663,-4.303984863109634,-3.97549395878847,-4.37603540366163,-4.505823923180506,-4.668075666784803,-4.355839444177267,-4.93782282679122,-4.510640773214016,-4.816529384279733,-4.701035048118094,-4.75430255432605,-4.202414540750208,-4.611433813695262,-4.428935858852208,-3.6940526113335492,-3.8508034668970916,-3.8368203050161647,-3.6647167755527983,-4.23098209230876,-4.583890616097622,-4.516456980818866,-4.117874875037688,-2.564712396992463,-2.5186655140270497,-2.398919334934683,-6.762313373114812,-6.744410491583265,-6.132570161865855,-6.110998573271965,-6.446823742304543,-6.500757455146663,-6.800037118516285,-6.776841534848786,-7.027349972390067,-6.9646261617065655,-6.17178578957734,-6.34186110199659,-3.3676506004719844,-3.3183386057682904,-3.351509411111727,-3.2924300959755364,-3.2779504881177637,-3.304955893653613,-3.265066940920355,-3.209644783172121,-3.3846613727761525,-3.4711422408090273,-3.252511825644816,-3.5603142569980823,-2.551801571865747,-2.487823811835862,3.459534696939212,3.609808298006476,2.739227388592706,-2.919269610945827,-2.469758054424606,2.7306828111462655,2.431008131568281,2.0325949583872465,-1.7428832938231658,-1.4136405564006331,-3.312336601621319,2.206473034056246,2.520125187765498,3.075796910855411,-4.148914992720569,-2.3562385824664283,3.862263363350608,2.9436222056900827,3.960248207364619,4.2014938087757745,-4.40634112646534,-4.412341973082624,-4.632595838524336,-4.755907855952028,-4.292023195144747,-4.05974141434646,-4.322605134938997,-4.578552611740104,-4.924570968846814,-4.340121209549549,-5.168989231325421,-4.880443119988669,-4.196292126600579,-4.374125454421481,-4.000454679258255,-4.109110852076701,-4.125560718403944,-4.065064063002183,-4.449110069270626,-4.398665299504703,-4.205330595094783,-4.435002724395609,-3.8276361995781656,-3.5895865811628775,-3.8950005757563986,-4.928227233412611,-4.551990023148317,-4.46597531469166,-3.812778103367468,-3.9396851729220295,-4.6876655677187244,-4.452369576646048,-5.874332901005087,-6.297075734035091,-6.445763135122903,-6.182858709492396,-6.247944532331588,-6.0604388356692205,-6.198884843698455,-6.338958285872298,-4.334921370967496,-4.192414018392081,-4.22314534288254,-4.248083078614819,-4.228589188523111,-4.266539086845866,-4.461092511822888,-4.344277476842923,-4.207696945751317,-3.642555428768767,-3.5786717353320334,-3.893757017203211,-3.930221442514802,-4.012238270002632,-3.8498307058630754,-4.0582678906673575,-3.6893631594692318,-3.3202154021651697,-6.097487362368487,-6.337830557632243,-4.9689895055822975,-2.407100260372278,-2.9283817478349965,-3.0174374938354926,-2.592465532893314,-2.875389346585564,-2.265563271339982,-2.5078479478198066,-2.630468234106159,-2.9986226572642822,-3.30061227667166,-2.7304669003183326,-1.8374812404058103,-1.6443001222554763,-1.9174766527054796,-2.56377981631801,-3.1512517182609114,-2.854631136690119,-3.6787385456965884,-3.311163706635819,-3.4590480576264806,-2.887912249340433,-3.2552440034691568,-3.279700362159023,-2.92455418746723,-3.1705929438927836,-2.6555133406663343,-2.437308047661179,-2.0249107006459646,-2.4819871644512252,-3.3357055818056107,-3.136483896144691,-2.4725798999462274,-2.831804037305388,-2.374125591179199
56.0,7.415802854623806,7.355571913129108,8.515825113516815,7.760280711538659,8.868892644729026,8.427976388834908,8.584956559197263,8.955423948434012,8.676612084233831,8.518117046597501,4.505144791287922,4.6871797862214475,3.8699607726502627,3.9791984512185383,5.019367086475199,4.928816241960689,5.366127440431605,5.306414130648289,4.955700687829516,4.787464080790855,4.840453406535234,4.814745695481163,5.587742597456659,5.680489053659043,5.892439250473231,5.741150449485335,6.2054189435957845,6.191011126421623,5.748832793055843,5.843537336912949,5.434502458994244,5.520449894206539,5.877738661912506,5.738817086488673,5.555271842812045,5.819340074869666,5.077525935370032,5.110522218233752,5.033633783958409,5.039545759436246,4.188728620740688,4.296945239358475,4.2993228511610635,4.339023544959874,5.381444804200651,5.28398419240656,5.3054782778040455,5.276900658627804,4.957549460221715,5.085713117880559,5.033335320048545,4.41801290950481,4.540955207042392,4.718274387907943,4.443645358501934,4.679809643819134,4.750471042572988,4.638693304698929,4.682936397703264,4.887029643751676,4.909910613905982,4.848424147765288,4.801033093609943,5.2330610111232225,5.238073480513059,5.342928406930209,5.121952793250644,4.714807211029296,4.976013609167731,5.099222228052671,4.955721328849963,4.803788590968377,4.743937997437174,4.8285111170281265,4.739957781493324,4.536701664813677,4.3212263917035205,4.294634726880648,4.366391346672376,4.5041510479543625,4.174696106538526,4.120716228827032,4.4497044886142945,7.382645876688519,7.4169709303116305,7.485091630404837,7.355031143965594,6.708310406908993,6.657637396086276,7.217985333401888,9.50489762901823,8.897381049714896,8.23193494773418,8.392896719006824,7.850616390970507,7.6103746184593035,7.382622859795737,7.161918661488071,6.924078003838865,7.456354375364507,7.424412801658722,7.148805649262517,7.16410330055794,6.909458342536961,6.956056324872277,6.765954166344152,6.719386747601376,7.356840034341307,6.841135410140696,7.103495903925433,7.220167587926513,5.420363897472715,5.207279107528191,5.162103789482359,7.655329743744543,7.388860598811487,7.731142156255256,7.57891077967481,7.700509788068717,7.458403878736011,7.739431417341171,7.412761248936543,7.3355395571221615,7.381641616850731,6.983167293747425,7.225962053421824,7.1080062425192185,6.930042568628962,7.000697295627509,6.795073450446786,6.828758455596183,6.818083166111246,6.843172489234288,7.150438537874557,7.132588464476815,7.033294745241078,7.128495627802473,7.162364925529775,5.535908222936239,5.932791373557107,7.088303529981972,6.660103153781868,6.862737481730988,6.46830158288509,6.975170357296349,7.208680471102313,7.275179119101135,7.159570385837499,6.146735554448952,5.844186486246011,7.409618189158181,6.382885652423882,6.697552734458252,6.617220837966221,7.842740221858607,8.413091307384978,8.143218524960973,7.22020283538614,6.575966319543076,6.846327353509132,7.535852023691641,7.390963662804133,7.668403056789996,7.262677403246906,7.862152723321239,7.912513131272394,7.968658373430712,7.618516677332456,7.442031549429529,7.929549382158536,7.017839298984282,6.4674780772029665,7.792160785182826,7.776936441460389,6.033550491502753,6.488666572815577,6.145871264467599,6.536473701309415,6.361915090990145,6.384180114548184,6.470718412021478,6.949365087251971,6.050990003866839,5.923951294905764,6.199103191058323,6.46086078143509,6.135392610906251,6.224653924713799,6.214359791130993,6.038746687938599,6.85542559774259,6.757194863030891,9.262952542707657,9.509780825572294,9.778492937073334,9.723539882968378,9.177939929322292,8.89315995887797,9.039653437445548,9.002042870003322,5.396752089109691,5.583131342530359,6.169579970114819,6.506414796600467,7.290439920286255,5.007662228375708,5.162735240776972,5.164414460446036,5.286118950182512,6.0971094843153555,4.901962840891136,5.699280967941122,5.930298475000447,6.247386727232605,6.706074844759215,7.103441667898609,6.690872773182932,6.981900769447982,5.459591579232077,4.796317044525315,5.560809095590141,6.221455802206366,6.280459756647248,6.74007647850401,6.595794182976324,6.59572350191063,6.215134745949136,6.226514448648411,6.846969195108212,7.412592508936337,7.484162012009312,7.130938588119655,6.801504625806053,6.239709836203148,6.701867289628171,6.081651748879402,6.414390390089763,6.071092898826718,8.147976996296292,7.7546910701536556,8.051285239553879,7.5318407670099115,7.619586173232922,7.852209160568601,6.608434443755096,6.53511652829075,6.23876114711965,6.184554181504341,5.2218664258720215,6.353522256316417,7.664925905626556,7.6979805843560545,7.237224867188956,7.301596621387773,6.648762940228951
57.0,9.92162297813202,9.925605059373332,9.814192755344061,9.909313748876157,10.713871444861283,10.632384705482606,10.814303763437515,10.959327870956102,10.754802280970088,11.005170808539644,11.684205994402273,11.893686715368364,11.216295038378707,11.20326288389004,10.401946443676103,10.461640663213489,10.007754906363989,10.225011858565496,12.16134798218733,11.924652640976507,11.28530160479142,11.280562281489791,12.529366780601936,12.587813723725706,14.104623777007422,14.167190522107319,14.62495589004648,14.624381063554972,13.991082387219604,14.293500505487174,14.269668158929335,14.422023551873496,14.62954382727929,14.516331263534994,13.580797775916286,13.798558148183814,9.659760659489047,9.756037176289306,9.686719855513207,9.633872072778686,10.018737338198735,10.026862551582942,10.20098673230533,10.282938278102504,10.847049599174497,11.05901571680658,10.958922619277068,10.963369488350077,11.165731188753224,10.945346465528628,10.749959418492281,8.523913433346651,8.480979438318712,8.46270199105182,8.597894082857238,9.002874989719647,8.924346776528148,9.146753162390844,8.874953693811884,10.981287871210691,11.019883601508248,10.86086791771977,10.78089664369736,9.43684692984876,9.554967077514878,9.56197257485313,9.460047420688158,8.687359250852392,8.805382174881007,8.827738439623712,8.62891936419153,8.798797284664461,8.881905368927615,9.060821888628602,9.014915294871793,10.809503134648878,10.81742158231948,10.833683816735654,10.733153930931815,9.859860988562879,9.85158505993293,10.211109779642138,9.992822282397748,13.02072782003714,13.13836667997029,13.469263452724906,13.483220025176013,10.869079926355145,10.993781677637,12.021864494724795,12.793795060962228,12.387747696154399,8.402905007303005,8.269025523955166,10.58531810863606,10.349373235351806,12.051732633638043,7.646021869169713,7.651701360870737,10.916919312395265,10.52600628544632,11.4352233952598,11.805302686717397,12.834660700184866,12.683157326610713,12.53935079358909,12.060409748016479,11.822829385318633,11.47111729040816,13.204017569684433,12.911552486059438,7.093260018560493,7.561229015883377,7.5180278272376375,10.399593918477324,10.34051707837028,10.796872105235735,10.780835200910374,10.543003725597343,10.279864197866651,7.811158800691764,7.8523990040838285,7.570428070594502,7.690858319765355,7.584696764632632,7.850563512141512,11.940139811528542,11.762875830505527,12.064457684905925,12.012459200136714,12.013745936734445,12.16121376004742,12.110619303421124,12.28373493497779,12.379882978204108,12.125421519458751,12.236991094055362,12.151896007430105,13.43595235422735,13.30429972403841,14.250943328632685,13.976264988042614,14.614606056625236,12.297478797007766,12.12775654252005,14.089108365527025,13.855079777232222,14.114387895464317,13.259137800808997,12.901115395901101,12.953173571934725,14.04175536362234,13.968749498783314,14.250940941820375,13.078561449745969,13.489966784458558,13.72060575928203,13.332920645483824,13.98197030060787,13.866236126052994,13.32166619574523,13.493930041400223,13.79014384625426,13.788865769863419,11.624165660167147,11.406384712478946,12.110647588384591,14.727966702034015,14.697024940365107,12.301502736564412,14.394985955298033,13.607839480735894,12.804182902306438,12.660543622595004,12.613985337757134,13.404975480825517,12.909601234919375,13.185589195000935,12.210916096794373,12.44968097860708,12.45254780848043,12.889850769914421,12.36317412657193,12.146860422350441,12.509147672289991,11.631471309645407,10.480291476603897,10.953253042075024,12.594555834418895,12.772831227716875,12.592335366260496,12.536434493097634,10.61546085047252,10.492333501700692,10.235562017162094,10.492029685916847,9.817644622848487,9.942436185148507,9.97417968462851,9.758432361835682,12.695476528771941,15.388413865459057,14.633954152711654,13.026714182300255,11.80224536009662,14.516062707383295,14.782608387421565,14.448039280765467,13.86079728593256,11.976627785622359,13.626770314146103,14.03070781360201,13.064431833789563,11.568407936479822,10.679634496850518,11.132766248139793,11.09632863802254,10.965905963748416,9.309258324736957,9.15902171494323,9.950448888451417,12.581524400996127,12.550496078555506,12.89483578220285,10.343962540581419,10.407230865334236,10.505370885703813,10.596594065715863,10.754748303166394,12.388440161683297,12.725074184990731,12.41322676950726,9.8736378980844,9.628392252575543,9.507906260441967,11.461759795707144,11.223729227744467,11.3420518830308,12.862058088798568,12.69296053999525,12.762416702591139,10.250392946611724,10.091370702875388,10.11977772446897,11.736829831735964,11.555406263405642,11.60844303327585,10.01841406462272,10.19929237983145,10.185279516717172,11.618185395663751,11.623694797280015,9.078519477973146,9.11040886129316,9.252459548273395
58.0,5.0885119193992026,4.757198719107828,5.4722693154256685,5.366313231958779,5.626612496984389,5.554430475774367,5.604089558459574,5.498979257829188,5.791033126644519,5.8328210567320955,2.2702753513233365,2.3487499072174707,2.6380896821774513,2.526614218362507,2.2443013117404202,2.4701114712571943,1.961004691850741,1.786919954418174,-1.393228439281037,-1.4261141568204234,-1.6985122337537053,-1.410494057175832,0.903789488663783,0.9052114926323362,2.1429899307475058,2.2880770768892162,1.630635305295323,1.541200530847954,1.7659145767623645,1.8669247775112563,1.363749681178179,1.3964341317420548,1.502186914837793,1.872179924128016,0.910787730732487,0.6736282863845169,4.407563727480397,4.335776869182823,4.358030156145668,4.315350702389777,3.683289056654262,3.4594470741532266,3.4692698703858653,3.494197007980583,4.0698007343589975,4.067589446666725,3.9826999638900187,4.123383262783598,4.2053952958665946,4.30995521679986,4.103559776096597,3.549036550697391,3.4452408172441906,3.6307478139590526,3.334771473393351,3.759463833381286,3.721501458161061,3.556163765750961,3.5332316567114344,3.8886834511835264,3.9544695529728333,3.9527939630767595,3.957055690815391,4.36240376135785,4.26275966121821,4.364431949361332,4.322742484287527,4.236455240508718,4.022227588636898,3.9933067489093315,3.8383699251147014,4.659506122377902,4.613801232105645,4.834431799553792,4.64042725873567,4.066118275011348,4.20128935601149,4.164809546140603,4.344920540497423,3.7079748815657805,3.2327514574680833,3.4111800767755938,3.5040693676800174,2.1154637349548064,2.240227768029765,2.001087185398431,1.953702076542985,4.663174361423511,4.640339029545238,2.245140503967484,3.56879038824826,3.7036232035510164,3.008682591003529,2.8692489391351295,1.144318371570007,2.9517013213789838,2.6977866331350864,2.624428807520127,2.615691297350658,3.092879205996498,1.5187622033460588,4.085149906336477,4.18999899081582,5.260694682589088,5.302698006046846,5.388924531286047,5.1495324128534605,4.186008221605148,4.149845902618059,2.672761912170861,2.5855474268446397,4.116452065017313,4.048110438572518,4.260034940264783,-0.2918345869367993,-0.37169353586223686,0.021791921071052656,0.06072178362442138,-0.6355090297678068,-0.5115771569768501,0.06563221860388246,-0.1679704375967237,-0.9730740359500984,-1.0586562578683285,-0.24752262751710852,-0.08828463077500537,4.626042896957236,4.658742798420414,4.736150472146079,4.750735458964023,4.4710627212517995,4.513225096496303,4.609242101997497,4.64679683298359,4.783928631132756,4.605707173636873,4.526955598109913,4.46450178473059,4.076337005046941,4.2894145177952705,3.631875516104138,3.9884549481560434,4.029404431596772,4.12961527673782,4.160352373770644,4.000722918049448,3.8315036805713447,4.289864744910666,4.0141345652681295,3.432598943146555,4.285840629680585,3.519205303305746,3.579179638900138,3.657274079327543,2.5817108612979798,2.5836978489870077,2.0630193025466284,2.411800733923645,2.204620960045421,2.0400296263696376,2.9482271872018284,2.833625637618093,2.404014544504294,2.4731749094216955,2.8919443281057777,2.79998865275844,2.503572279802274,3.4689284473715283,3.7373742782872963,2.5349444925947555,3.1044722550230937,3.233102341902274,2.7175692480654448,2.643448741262171,3.0419092234617597,2.953573828048615,3.0466046264033917,3.072299670639847,6.290488827388671,6.207300883204439,6.041246869522544,3.700244182416535,2.5720615090081385,2.403328053263742,2.6369708334167328,4.0791592940038175,4.041838030800205,4.227236486921472,2.7920565086402256,2.837619036109995,3.9414822822108597,3.718975678718783,-0.3092149445653405,-0.41606221169590185,-0.6413198400897819,-0.3882063283612798,-1.682081001830836,-1.7350409047158912,-1.4657811334346338,-1.762918334939373,6.4141775490125585,5.956701303132917,6.1099212706637545,6.243571044111636,5.061595660611333,5.212619366834344,5.009219675313965,4.865650193380711,4.609286382250131,3.7455584892582134,5.332953312986813,4.982404819824982,5.77511014460085,6.001223694556847,4.774387843622847,2.702520809511718,2.359783385447612,2.436604094995115,2.7081977656755907,2.7189327186612786,2.6124396915485733,3.6479376318992536,3.620752980204612,3.652352060076211,3.0773584502243008,3.228518719469051,2.2276614598822935,2.1457896645528116,2.16805223577863,3.436648069744388,3.4429020282560074,3.312752921307439,2.552407416391768,2.4209364017716464,2.537118819944876,0.46725144741141555,0.6235068081363693,0.5143004753658911,2.7081970141654033,2.6574568384808224,2.7381231158577197,1.7233873807478215,1.8118391496842463,1.6374504886334158,3.416448502081945,3.4560497193837705,3.1292446006474233,2.6014918808652254,2.6871566548487653,2.9098123674319716,3.977510581503651,4.100783999422912,2.61555976914285,3.1327939681386834,2.8879186827578227
59.0,-3.0600094516878897,-3.2035353218118914,-3.215532891494423,-3.362705035055942,-3.4878782377689497,-3.2089525348025347,-3.0841455465459138,-3.205861857185429,-3.094263802621187,-3.1841417958105307,-3.04730990674134,-2.977856523236113,-2.923781220283976,-2.873733011458807,-3.212568328649491,-3.2860116016935432,-3.3423568221652964,-3.024031261118461,-2.1333976190118236,-2.271390669083944,-2.340231866417655,-2.5560560378554147,-1.9925245467101718,-1.7718541624496211,-2.014180187899129,-2.1044587880037646,-2.1631882014336643,-2.3641679010250645,-2.011285061979976,-2.173118531058936,-1.9509444166085004,-1.9860517174483086,-2.34085151403562,-2.204851427618749,-2.152269469402718,-2.1578397182533386,-3.5759318992511915,-3.5420301473331754,-3.7015038832992904,-3.7652363076551723,-3.0141424906061776,-3.174688992008422,-3.3393030685489418,-3.139376574309459,-3.9208280539625378,-3.5753182333610205,-3.771892898581015,-3.7331131714426746,-3.6299425131153775,-3.687630253168601,-3.5158180637727803,-4.032432022610319,-3.802967941839995,-3.92721021856255,-4.008407724287023,-3.9140153786144207,-3.7327123631305703,-4.068718666619597,-3.8698273281085687,-4.0334631406376324,-3.778810219281027,-3.9207181499830934,-3.826601116395979,-4.026363701405639,-4.092084501622674,-4.2071535396915305,-4.000757001844173,-3.552083594221804,-3.3844045426089107,-3.3290187038860424,-3.616335951448061,-3.256077325572493,-3.459722813490595,-4.104636803884681,-3.6917067658024703,-3.1937005561079346,-3.36692099351799,-3.6617265727886625,-3.6900663194572196,-4.223201931592941,-3.9391203711031846,-4.113351001872562,-3.9728090914568366,-2.6983284923418864,-2.71002209613817,-3.0894066837362804,-2.852066694388812,-3.3870794773159876,-3.056689069111153,-2.5483104897977906,-3.070174118463102,-3.24792354087165,-3.1489489254335474,-2.928186576337147,-2.452988463634389,-2.756208297362239,-2.684359163312706,-2.7907197983618666,-2.661870167986777,-2.7325494213698605,-2.6221539384641304,-2.7570756293756826,-2.6787624790647993,-3.1277754596068643,-3.367080731750516,-3.452115569465347,-3.50347121276903,-2.262212680300305,-2.726784769127633,-2.456838217476596,-2.742463700612296,-3.0539051197286753,-3.213226996344275,-3.1098310973483585,-3.408691707434146,-3.243938657221441,-3.2381355003307775,-3.1796502684964247,-2.955441055908792,-3.2555606035688225,-3.0016879046580938,-2.9918435701030153,-2.8128862424524113,-2.8104518627334243,-3.182686817623622,-3.376719293061769,-3.1216785132145013,-3.1987022310915876,-3.006467218060383,-2.830217772292933,-2.8281276020336357,-3.1016779015175544,-3.0410314613053266,-2.960420511750197,-3.143059014750424,-3.0485849295849032,-2.896615785341174,-2.8979073773418005,-2.6656317647666423,-2.320964762582845,-3.0905552216914245,-3.5229266225648423,-3.0222482101414627,-1.762022534317932,-2.932295790867265,-3.016459539666071,-3.426092849453882,-3.10369987504105,-2.885482802692861,-2.114980071850381,-3.0462159793872186,-3.2076584849221845,-2.831350143491669,-3.2100422584168076,-2.6608398149428076,-3.2207839688168924,-2.7918252585629713,-3.1075428326360814,-3.173718258384733,-2.6574727682311963,-2.669191630725072,-3.2256127187289145,-3.2261528508460486,-3.1210028885382943,-2.507267000077311,-2.88158521770443,-3.1038931029287227,-3.1389836103794444,-3.331260634379669,-2.9886734625064992,-3.179439472706072,-3.625860301459113,-3.154463907026546,-2.9766595536868863,-3.697101696507339,-4.096500729576427,-4.044723577660527,-4.19535673949486,-4.0514030359891695,-4.009386753743122,-3.769512971502037,-3.918019391567382,-4.077530413210583,-3.7990289877446326,-4.009536144875696,-3.3520000332074336,-3.2273871099259583,-3.4591681252424546,-3.713275693092225,-3.864079752552854,-3.717615762107082,-3.8302436461325016,-2.6780622189552865,-2.5969908276814717,-2.3771894531817157,-2.2102494090336364,-2.44911620332139,-2.490826895375955,-2.7407448173409428,-2.3539446774834616,-2.9996700042485376,-3.2798694643060475,-2.884333678669279,-3.0818053812906996,-2.6710955228319406,-3.4635115353423167,-3.699081290157201,-3.6392213468561145,-3.1112642090371114,-2.9935568926572884,-3.323310556804495,-3.486902959589038,-3.3790438943118772,-3.4477264272772494,-3.112454437860624,-3.6165473795699796,-3.385573765153916,-3.5029849891546387,-2.9650630276841667,-3.483426835428588,-3.361086947492174,-3.548417667000237,-3.354627644370188,-3.4009365751289593,-3.343901042235764,-3.32541293228671,-3.287258296034114,-3.2301267677410763,-3.519759113319214,-3.0950329041324913,-3.1687586742676466,-3.241953502029512,-3.148694950493514,-3.092361407994323,-3.0873643481171626,-2.8117004133618124,-2.9183118271814106,-2.55111077323933,-3.221326047924867,-3.13028287153805,-3.125806782982025,-2.9895479336786064,-3.261636563929109,-3.374794014881621,-3.591373905538026,-3.502082982459596,-3.3600401882074618,-3.021635240733337,-2.8814867904976396,-3.1286880426851624,-3.400704020762557,-3.2871454393600565,-3.406840886718461,-3.201031034116081,-2.91248480056497
60.0,-7.943199112519778,-8.148900749516054,-7.857928011239503,-8.037362627681379,-7.426540752321477,-7.597208954914985,-7.886172731754593,-7.890603261728066,-7.338700904507332,-7.292729760587813,-7.482756022098224,-7.633226204837184,-7.179263948512811,-7.225958907977402,-7.646128711658587,-7.6864339845539975,-7.609087106158927,-7.426789580324963,-4.732378494821077,-4.520428501569544,-4.361379676594918,-4.456297455944279,-6.6021592144341295,-6.661278621308796,-8.832246283260293,-8.734056155779484,-8.587604491321578,-8.678035462044466,-8.343156382992927,-8.289154896651944,-8.14486081916392,-8.127751093712154,-8.329078843153917,-8.184475473262205,-7.004097499929717,-6.926052371441238,-7.301585443667728,-7.282911465460177,-7.281200802822186,-7.18461573935724,-6.991518894346386,-6.930914655004242,-7.102311286284689,-6.857433706419631,-6.951924791048922,-6.887021385965005,-6.836772014837364,-6.801898762899489,-6.802378229026152,-6.868703804466852,-6.8537865125285995,-7.267768194674026,-7.133945968749572,-7.257999661261019,-7.255399255542445,-7.917949215274694,-7.805429231351649,-7.8084605736338855,-7.889345631480066,-7.843719458942738,-7.853524515026326,-7.931876901108698,-7.95100466830383,-7.901194046507339,-7.931143259075561,-7.927726410153017,-7.900841443303661,-7.589044638806996,-7.536856258626401,-7.68978030314213,-7.729180011850769,-7.761962831183306,-7.8601425260209075,-7.740556374978346,-7.754957848865838,-7.612220369894757,-7.445706220354153,-7.743456406047347,-7.682358552698272,-7.446077326035762,-7.3325639395953734,-7.343642230149916,-7.530066122116089,-4.486240432635761,-4.339432003590387,-4.282154328368746,-4.350141198389426,-4.087756815600603,-3.8181943801419247,-4.131312629556264,-7.056129200008987,-7.385781536036308,-7.3582108615534825,-7.303610316286894,-3.509642467339925,-5.151557683813286,-3.9039967713023636,-5.48515695473186,-5.510646787162523,-4.960362792559822,-4.0835251819100655,-5.379829444589586,-4.76410067672407,-5.106802476289374,-5.382488019558106,-5.534756598754408,-5.395518544190656,-4.390813712232373,-5.512219413558745,-4.024406266178618,-4.190954504765301,-8.253996413215905,-8.208966604612694,-8.134965840439046,-5.914934628767224,-5.74299670359029,-5.927538942986324,-6.151392838973827,-5.451037675988589,-5.428105428513062,-5.074476154198578,-5.0242164884466725,-5.028503511873641,-5.146534330845643,-5.205482701568577,-5.2003362057270675,-6.241653919883282,-6.444585324783664,-6.401997178358462,-6.521768522854204,-6.347492417801936,-6.519820406523017,-6.225283971877538,-6.345108746470366,-6.293570176684188,-6.205221931801271,-6.317345035291498,-6.291724246147739,-5.509815477230842,-4.939442988115401,-4.8710434098866475,-4.976057252810446,-4.801912327032703,-4.438885005124758,-5.061510254666917,-4.934829226951489,-5.052199575977628,-4.9229695943804685,-5.824836581076095,-5.211143942161599,-4.865566633639114,-5.161548821778222,-5.0248357227910105,-5.081005493005476,-4.314647906929043,-4.283294435685395,-4.141766471990021,-4.387283946097664,-4.677242054662077,-4.384222519578394,-4.031962212041506,-4.018919952567572,-3.8337570080385905,-3.7728956321580513,-3.2104774087917454,-3.5621926036025227,-3.461990312340217,-5.060494270214132,-4.467835114502281,-3.528340611802734,-4.388497420967147,-4.177566075627286,-2.9735090301785188,-3.0400675054136137,-7.154497317024356,-7.181448589420276,-7.1399254806074,-7.104227921577176,-7.65013911970692,-7.423764157111616,-7.4654151060181695,-8.139211414250541,-7.130554255743363,-7.3506348732884605,-7.111133977716083,-6.543320560441935,-6.7161186013508,-6.504461044077067,-7.065752305159008,-7.136747357148685,-8.147309513712967,-8.377955580652745,-4.658851843596827,-4.565396983353104,-4.4605565599882935,-4.5690817574470355,-4.47961662358282,-4.740997895033601,-4.642039001537128,-4.490261532043056,-6.477975544718342,-7.285650007265637,-7.078755883191871,-6.784519121380894,-6.153508754846641,-7.7715815918266,-7.740147537127784,-7.680427308906761,-7.68117012795166,-6.90624060220328,-6.877976206827598,-7.516329273881745,-7.585089321363334,-7.138934196612384,-6.238619227556698,-7.51069647301865,-7.376411828102342,-7.398170572956385,-7.534159750936015,-7.693378328385058,-7.557681175999374,-5.65033609748635,-5.682000235199996,-5.667226313152035,-5.636919583815372,-5.491857765151522,-4.026448814399733,-3.8693422581129227,-3.769326645383326,-5.952466052044539,-5.905918452767901,-6.033548177122751,-5.604457332634501,-6.023472549193883,-5.796259521138717,-3.608130693096829,-3.4994968336762855,-3.5802121857317486,-4.819809915191683,-4.985801188359631,-4.877197487656531,-4.690571188940786,-4.649006793368838,-4.187249944651024,-4.283973552208697,-4.263667123683657,-4.6089338355862886,-4.066894471724266,-4.412778178915042,-4.14590421448974,-5.755221531344369,-5.868563748216613,-4.86212068318036,-4.866106311855289,-4.84319746549339
61.0,3.495444702179821,3.486546898605475,4.341494810551115,4.449749082324701,3.995925633407751,4.345097642161303,4.30298455043927,4.3685485848108705,4.183272052047915,4.1131742742579664,2.238562609461532,2.2875038803838983,2.4378327154721475,2.449726659471576,3.6398822980545695,3.4218324976293886,3.6187530622223445,3.6904536091789435,1.6431996333485692,1.5210085222058165,1.8767569848753283,2.039423860016919,1.1542044402051754,0.9949524774500098,1.210699273043753,1.297974097851835,1.311788094640633,1.24556195551183,1.3601405554620278,1.4613275464451743,1.3427210981689583,1.4498492773606504,1.4306539401977094,1.4588585669819132,0.8871602740666162,1.0168698418796467,1.140932537801607,1.3719065406270605,1.3300313302888256,1.2251614191352385,1.9942891467682475,2.1967500038737704,1.968782187931284,1.9384317035965442,1.9607499532183326,1.896701634930924,1.9190033704978067,1.8894992671463289,2.051508507389393,2.152115115137933,2.096241287925034,2.7777121317646127,2.662878750919816,2.7313162894524137,2.684281016451111,2.1697356928693274,2.1805114749526933,2.1120491153578165,2.1204660717352795,1.8034585718519072,1.5001922716633764,1.529679242630408,1.4369365226458939,1.582855661375671,1.6030119650887187,1.6530992379655718,1.5278379688536337,3.0333901085070565,3.256434648368984,3.1709477836935545,3.04248611208388,3.4025115527179572,3.0882249665067434,3.2650684089594595,3.08306637631239,2.2677601265365652,2.142817861214713,2.239247082779853,2.2882086379165756,2.263181570135611,2.3236784582660697,2.2043180848871735,2.1937336835888193,1.0127157039959904,0.8503251818199722,0.8736075135511161,0.7840435582894258,3.144038970177986,3.3613513724248403,0.531747981947376,1.6188804177427158,1.40933054610462,1.0174471578344146,0.9118643462401437,0.11102981119166344,-0.6756181974834341,0.3804033827580735,-2.3817340795704,-2.2215599849525276,-0.7249697179419705,0.17914765528369614,0.24280877309175608,0.49418199013075537,3.807317672511548,3.780574586576238,3.6305099550650635,3.8103389143841664,0.3486469999721358,-0.014459015508897721,0.5013984112726604,0.46628104988577235,1.258539367960335,1.4541933096531494,1.4601769000003948,0.11387273347303228,0.20306333430269774,0.04802990744241775,-0.08623642646052332,0.26078764809641086,0.4484644276870924,0.6500366387310699,0.6235789568473642,0.39138338196895717,0.5724964523677727,0.6263872845461336,0.6161080094658082,1.8527522828559206,1.8760385270322928,1.7420174137312543,1.6569058572720543,1.7599229667414065,1.8458259412458098,2.3154255389665863,2.294816531957718,2.0022205389067693,2.1858341648093464,2.0323489542393425,2.0919890705912962,1.5114767920353955,1.4873009798207484,2.5520884201075162,2.9408228447590155,2.8762822941272823,3.6635509667796082,3.2310058806067694,3.9473653377161106,3.5264560155244897,3.663439516046994,2.2831562006242763,3.0420206019906573,2.7389070563854006,3.3087922719149194,3.2703077132448435,3.433221624257655,2.4714761630027873,2.359222830912014,2.7518803188506844,3.0231859657517006,3.447733683306428,3.313519539984755,0.012782821294619495,0.23170183761703456,0.3717688867405009,0.5029340870893613,0.18439613990653037,0.39618728958145866,0.028043788237475553,1.0866449781714227,0.7332203140318363,0.05694431871776118,0.7595831495484919,-0.022735420122918626,-0.05045389689009028,-0.18400374145224418,2.3995091955734082,2.822307616595321,3.0599578064306066,2.998523528092999,3.862397280607258,3.8830666778737495,3.7317680432156806,2.7750491416926977,2.579098690182498,2.7819190727636673,2.744676977496038,2.639367155408582,1.718264933591641,2.256680911423203,2.2718083078102396,2.3668616494928862,2.7882122819300434,2.72438385780897,1.7603600669463724,1.748347459362499,1.947235220856074,1.819078258117731,1.6421211764793657,1.4619766074417946,1.5331215778335299,1.4597529670783569,4.9914522668133525,5.356333809592195,5.322248152763873,5.04238694849478,3.998330686962662,4.096166563585481,3.8717067477727554,3.5163810678219907,2.8759249759050824,2.2293238468944185,4.934337043067398,4.8510897414551355,4.340410634166092,3.557848192031283,2.8103069730249537,-0.9627514678563394,-1.009519886734104,-1.1213857180694617,-1.2808744955698579,-1.3179298075119554,-0.9729119027254285,0.38348535364982084,0.2977791126850846,0.21511897975466354,-0.32254504660035366,-0.3309136692568835,-0.6185610389687959,-0.6479639803971438,-0.5668571884237643,0.23173749304189784,0.17935934012950128,0.2642394760152733,-0.006632779906219355,-0.012478038562715454,0.16172383489485398,-0.5867232828788786,-0.6755470789079681,-0.7404596783347124,0.058049401004975465,0.13732908266466382,0.2561528191817395,0.2748902100450117,0.14486135337200423,0.2559246695222761,-0.42755549112605706,-0.257596820335813,-0.18187168009093568,-0.4126380321007552,-0.6741226570290699,-0.5122025898565532,0.23180056348416045,0.04254663218253185,-0.1598446827617579,0.05055864981855507,-0.42653649793361836
62.0,3.727104820904758,3.661244090472592,4.020028301479554,4.005638492397073,3.7701762790451827,3.939520866719702,3.8862325392147667,3.9132175288991187,4.464790689565964,4.487390801140102,3.683139407815416,3.6339331733788143,3.657029961565124,3.519917555022573,3.4189874703445327,3.302673814446644,3.2449789091913344,3.1411335508303804,2.893801151161341,2.800835550982266,2.901592523960333,2.862926777818233,4.0799434285719265,3.937933483530073,3.912897065185594,3.9586077583242503,4.219520065927585,4.128612130687434,4.000707098145763,3.9510017385810183,4.000813814381137,4.047123825568136,4.158248191427538,4.015202457590581,3.9271031653856703,3.7966848499142047,3.3738280057018715,3.3566735209171084,3.430135125060934,3.3407396344104345,3.3605594041990283,3.3502359944212783,3.4593445597269783,3.338303332254865,3.7184306910275184,3.5398445751307914,3.4915759595316294,3.703251128244834,3.8227008913543417,3.640337361998297,3.6791440751851647,3.4585359195126504,3.3739218594574014,3.4129337481583732,3.3482854416749825,3.497892996291869,3.6317843950838506,3.614409691289647,3.4886248962502524,4.188366608388906,4.516254398984658,4.496214057302784,4.286967464894838,3.579806857523195,3.3357449103846823,3.4284775418417786,3.3901205907153784,3.170769034670018,3.349826960216004,3.3986511021278414,3.356752540474041,3.6529492939427675,3.6815650864099174,3.7560548420382815,3.4821775180201016,3.5900507195327744,3.4198376224185623,3.387237656719819,3.580222984334652,3.960900546008401,4.026209543070222,3.4210775564468703,3.8666128272208953,3.985017263113259,3.777578311405784,4.152778826700977,4.194069243158321,3.681001345520267,3.768180988492161,3.567245550850787,4.231885928230644,3.9093242615566606,3.86243544351672,4.039479469004946,3.5439512267893383,3.9073405538459793,3.6819442119511923,4.259743326558203,4.141923820930888,4.094019665448903,3.4757174677731877,5.452000202416048,4.9268727621059565,4.605373787137035,4.274418104681563,4.183953060604109,4.205044009797271,5.176025419713349,5.166297065729188,3.539350108584012,3.8934682827301224,3.5896037072383926,3.58256644040694,3.626248128447169,4.419139447596237,4.261627005517675,3.966747328047921,4.1071679469756335,4.074817010108316,3.908414685723179,3.397649270164931,3.600858074153174,3.0261070053717196,3.049021787380413,3.114778513293076,2.8798022414318307,3.311798928429921,3.226352763307161,3.307673184936351,3.180597970575368,3.096762779988712,3.269476699307571,3.11959533973949,3.1242859408688517,2.958206682639397,3.1594809135003423,3.233386126715259,3.0840734765314792,6.307643084352781,6.954388345958575,7.413912569588797,7.773384834230583,7.568332081606313,6.816895998413257,6.387179509095893,7.371021005779552,7.142840211176605,7.655495621125467,7.210839120274098,7.5883314439172915,7.564276736378507,7.62752266044102,7.591091379841632,7.983302950148188,6.991672512730536,7.183059329606784,7.328699373136604,7.643251412314095,7.7388182846513525,7.711154166563739,6.150530911349357,6.2552222280357554,6.467006983331063,6.589549072345567,5.410815839048513,5.432965120302669,5.490025083255429,6.649830319237426,6.50423731123793,5.621081075892319,6.643611857690659,6.042412073953166,5.76665372658704,5.365116694604366,4.954165960837584,5.088453192671948,4.9025097195197676,4.9283084975431635,4.052302492329081,4.579677409736028,4.405340884474667,4.559956078008619,5.199426527904108,5.157794177679809,5.01033038303955,4.82255864449985,4.525925342526586,4.826785188845359,5.137385738532095,4.999419965529001,4.371341509179534,4.468289452617168,4.024173098625191,3.8349963855283615,3.815136618487589,3.9343204815526533,3.628607735998358,3.8038184345730155,3.9224419695978465,3.513564963584546,3.7693698494858188,4.461384013023963,4.3874701709346855,4.047602758438903,3.18462257072862,4.6307233459223855,4.4864582551897065,4.556906064689491,4.135661643533496,4.356175023020225,4.49707898448135,4.436552930549913,4.394403231857711,3.9076267807213334,3.7012455669179305,8.721720548932886,8.853557671165943,8.792917101310703,6.264366652900458,5.822075875774125,6.079336026687612,2.7075058326265675,2.2810652138054466,2.8372782831491037,3.2891284768849385,3.167510806699328,2.9711904700536476,2.8984238449694706,2.712037350042996,2.944846021677847,2.8935232639792003,2.7248524452431235,3.174479168275516,2.984376902652561,2.9725578272811743,2.454977900525323,2.5386824949153626,2.6534851231168197,2.6996522670719623,2.612121849518055,2.564300099051202,2.880276158788515,2.8666296248442746,2.8597984349238583,3.0944563730842125,3.2684217608606234,2.9122832494596933,2.5478640645621917,2.229910189113695,2.4918527823265952,2.5436529578744436,2.4583607792076023,2.848527774234305,2.98537392440268,2.8326895694580294
63.0,-13.045897703883922,-13.182009784367711,-13.336913326270093,-13.570806185176782,-13.197195061628488,-13.17693739425528,-13.81602195966774,-13.474910362330348,-13.499718232804476,-13.921507733286788,-13.34332225807633,-12.957413194789723,-12.476451585314722,-12.449262360775837,-12.94398621937126,-12.771962194267573,-12.299530760101293,-12.966281056265705,-7.843297127764478,-7.850453420388249,-7.27768479743319,-7.268172090042918,-8.650830260547869,-8.590911915882254,-9.858088474812712,-10.081179642145127,-9.64325056110988,-9.300389021779436,-10.09182010716948,-10.33706839334667,-10.339942533375654,-9.937875300693051,-9.677127688455103,-9.578760582923584,-9.682336019567666,-9.416537709492609,-12.466848581700935,-12.499169398627258,-12.478568974638238,-12.512238454108536,-13.646188492073302,-13.791590429674997,-13.893556063887676,-14.052439263383363,-13.008013451398217,-13.458968629214903,-13.742669704002765,-13.164333506529307,-13.60920082193076,-13.520978489153917,-13.565503158207392,-12.347013325417292,-12.263113138634452,-12.357635474980658,-12.260344228272736,-12.494983649345517,-12.60830751980192,-12.685575068263464,-12.704035906005283,-12.36713291175032,-12.876026246225162,-12.764218536815608,-12.709868347563877,-12.528828908356076,-12.699155376844475,-12.794689686226196,-12.590598398005397,-12.789098842513791,-12.978616803963337,-12.744669235544459,-12.750841430869038,-12.862885847910915,-13.215777794741616,-13.382322838886028,-13.23986509964511,-13.406483367133482,-13.424594929319115,-13.492819569691562,-13.525303004813544,-13.258615763435788,-13.344030718582584,-13.473687273232837,-13.068877971876917,-9.254611873415463,-8.90447735196151,-9.573581041955524,-9.216747437732142,-9.827738299514955,-10.132405965249546,-8.455229451518768,-8.92428370119526,-8.720139169001662,-7.491221614325283,-7.371575350127611,-8.38577811004069,-7.127011466450024,-8.599996437661833,-6.400595803705674,-6.073274512661998,-7.393354603855165,-8.236776389825845,-7.816649698882858,-8.052867180508533,-11.650809850901151,-11.11866499864627,-11.277450020372427,-10.776238529747602,-8.128653195440938,-7.692938190608868,-8.285438510598567,-8.648063405714753,-9.290193832112845,-9.27871645579,-9.478889872871584,-5.055964068296874,-5.263747075403133,-5.746586558212078,-6.259432557697954,-3.60667247477864,-3.5822750642667023,-3.923288506710727,-4.088753595030989,-1.4036956567028676,-1.5503384146321895,-3.1718229614750273,-3.1938802617538684,-7.796094387731672,-7.669314951224782,-7.5739301808822805,-7.533647762959466,-7.722839349096587,-7.626518967825073,-7.445809406608274,-7.518373242350448,-7.730590551517984,-7.597430930390081,-7.600841295977166,-7.7349095775239975,-7.694221481603439,-8.758999396581995,-10.030620911419252,-9.79051998949352,-9.891422909429245,-7.9464641663383,-8.15359363177571,-10.473836788179575,-10.886815579094343,-10.018476419872892,-8.718799506080922,-8.760442124525113,-9.773326636559215,-10.374400507320177,-10.380605720285391,-10.35527018205898,-9.58088691964598,-9.057850790913488,-9.502323519370904,-10.22889719217926,-10.53336909471292,-10.259447273116646,-7.682503333628534,-7.786085489765419,-7.975890675769936,-7.750675029210296,-6.932788360255596,-6.771242833564486,-7.336307166610703,-8.881620248746223,-8.365076019248667,-7.149959453070982,-8.392094901068942,-8.184689802316038,-6.972101839587694,-7.005429956855538,-9.792395302674958,-9.715636021266002,-9.744300698778128,-9.6186953125745,-9.975956818504862,-10.357429444664488,-10.35433516416703,-9.956532539169725,-9.949253811274914,-9.79553478651848,-9.928367808059122,-9.576713366879543,-9.416844018520749,-9.739527459109905,-9.889375012378247,-9.645178912174444,-9.93210033324261,-10.048268549455479,-4.5595812346204,-6.019528076037963,-3.8176175489440194,-5.1596722284250545,-3.2237899368536365,-3.9648718505904688,-5.414046792907515,-3.549380988088414,-11.998399710006701,-12.423191155343421,-11.891704795480434,-11.36502684230743,-10.657335308395439,-11.821234589334233,-11.356610979633787,-11.373195639127047,-10.550661435275428,-10.565510673556465,-12.301053441346546,-12.382191003487126,-11.61600825619113,-11.341696242522536,-10.712443013528665,-7.064316288724351,-7.267136300442842,-7.077530057490968,-5.3406713523442,-4.705583859434031,-5.6082954264212574,-7.477318411226301,-7.26351982236803,-7.06581463874031,-6.62545669195122,-6.827678731419913,-5.596416937444982,-5.8015100049298605,-5.605430380762528,-6.2893156424207035,-6.367141224774302,-6.336705563250858,-6.7587702721115175,-6.507231329635822,-6.492982219776362,-6.219007649967251,-5.94379320255643,-6.148235505278066,-6.360398294975151,-6.382933432119741,-6.255161646586134,-6.486813451481314,-6.505019984713336,-6.588000280797953,-6.6720701452005695,-6.7983168269810355,-6.825197519341463,-5.742139892922119,-5.510372722261423,-5.7479477455493395,-5.921371219197954,-6.18640063062995,-6.091029371639761,-6.21902585017588,-6.220135576772663
64.0,-6.246220638495409,-6.5145071588452055,-6.702937622153444,-7.1014184058928915,-6.2704980574759475,-6.600044496141329,-7.3938278784318285,-7.320825420201743,-7.361589841228838,-7.647835412185474,-10.088905812528242,-9.87375796494597,-9.630776539153235,-9.396346837952708,-9.012467785930461,-9.072138762580634,-8.537016192922676,-8.799676123025812,-8.900087456904316,-8.913648733881077,-8.845135266017035,-8.927496978859068,-10.270144800282505,-10.268339939564738,-12.000229113044362,-12.080996669369014,-11.580567388864011,-11.739570302049664,-11.7820097272925,-11.759377871635918,-11.67256296733454,-11.765484071418499,-11.639887510542524,-11.859680234149398,-10.758457311669364,-10.722028278278863,-9.218358792175058,-9.14418348040131,-8.90917150496098,-9.07101285429254,-9.474810833908629,-9.177637309628048,-9.558212803035625,-9.604548561816472,-9.212890791328842,-9.218841561791944,-9.156533878667695,-8.822368868531948,-9.569951556162792,-9.454831454846342,-9.133803668878294,-7.603664981140504,-7.672405331450882,-7.667875185927459,-7.56156171450994,-9.27430497829701,-8.981594571871463,-9.287778948547725,-8.956911787248437,-9.241259303802051,-8.915093991118338,-9.059723315068428,-9.308871951512495,-8.496225096853731,-8.292410296591783,-8.369678373946469,-8.421190376667022,-8.350706112481987,-8.321469186934888,-8.729687642408269,-8.418380776444156,-8.906394958396078,-9.180451431119852,-8.466249023079138,-8.654912100194803,-9.562861319606657,-9.3618309814496,-9.465541855141304,-9.610448204941648,-8.427287124861698,-8.499108566040485,-8.427709121003975,-8.639760932663034,-6.244045948135053,-6.2712618469496775,-6.3787790759899785,-6.5347502286865815,-6.3944527382429195,-6.3447544480382305,-5.399890008790397,-5.733055754500111,-5.382002211447747,-4.273107509617421,-4.476258562261824,-3.613111381572054,-4.34680057721069,-5.589197004882246,-4.0472944624808855,-4.389228355982945,-4.33258971219672,-3.142116250912638,-5.07514504791726,-5.671968421309083,-7.5974693023571405,-7.966611894665783,-7.931976269943861,-7.610804770886883,-5.934727717960431,-5.358969679875425,-5.652551804192244,-5.38800004358535,-4.388726876277808,-4.558099895320935,-4.574294525734516,-3.7838706436555523,-3.6734447157510193,-3.0832686913246405,-3.2082860106150832,-2.69387492642133,-2.402576942415701,-3.0445574682997627,-2.917658730518788,-2.851120703047666,-2.9632546397553776,-1.735229034412317,-1.613924687528856,-5.477500820080103,-5.457812639061549,-5.665295783774996,-5.724694479574625,-5.529767659974956,-5.509107577060274,-5.423308811091211,-5.6170667333901285,-5.539761278229216,-5.729011895431178,-5.385190719937099,-5.2766529110734375,-3.4466392124676304,-1.7281698831040577,-2.382411428210962,-2.649345611392394,-2.7009186711741346,-1.4700459696363781,-1.7319905598659773,-2.900131121726125,-2.3728439646343737,-2.7639441615372142,-3.793047305697171,-2.647413229279758,-1.7984305421208493,-3.7223754681876935,-2.103961644085463,-3.511247541453095,-1.4317436323766657,-1.2818661876680348,-1.5645386159215322,-2.319724556313041,-3.503221810208724,-3.2462905295938578,-7.915248110334521,-8.021049546532362,-7.613054355210997,-7.388218328260624,-6.849861992182992,-6.804083401507594,-6.890250368879347,-9.703167796471,-9.055834710775255,-6.909505254592146,-8.316404650259276,-8.2818665786174,-6.562835343996119,-6.543353203240324,-7.76778383500954,-8.732944337135077,-8.129283423368921,-8.008111078990067,-7.859926104155888,-8.385860639254552,-8.333831179022843,-8.607061091345841,-7.641289092313151,-7.325581015868705,-7.609926746097013,-8.8147652710963,-8.572988986392193,-8.547966437208034,-8.318165798038791,-8.126563493651108,-8.57536482798762,-8.363824884080177,-3.5964269898541,-3.3193960442403494,-3.585149100037693,-3.621914243023422,-3.1361042627090523,-3.0321747408951225,-2.967972802306422,-2.8622271185765076,-10.27718042220172,-10.523744543719314,-9.778526641342456,-9.121392549369869,-7.5415703793102,-10.425162506490729,-10.183885731557659,-10.088816636743449,-9.753651665508276,-8.218538418532805,-9.847766426010937,-9.923257922933125,-10.047674279100786,-8.750287030026444,-7.380411919757308,-8.316580980661662,-8.546891840550426,-8.755096071236151,-7.833592645568863,-7.427963766551667,-7.854489797691991,-8.732454175191688,-9.437427838014333,-9.109029462338356,-8.928273078597325,-8.82213663740033,-8.281137088820408,-8.853311481125075,-8.060852073794592,-8.188605830884075,-8.349757870321554,-7.531702813996972,-8.511354762637115,-9.014192106744776,-8.335088499595365,-7.861206009523823,-7.928867209096867,-7.8000172098508065,-7.89160043461974,-7.706840171310093,-7.1970097883267385,-7.53525638765068,-7.339498250551431,-6.9225103578609914,-9.003045932304804,-8.952020283129777,-8.524300323926976,-7.724094723121161,-8.590420997202404,-8.198152982096257,-7.789161470128939,-7.762744109556655,-8.236008136423196,-7.720143464861438,-7.882004044127149
65.0,9.5317849365069,9.438444102669989,9.533535480564339,9.781119654394445,9.557933038943524,9.48620698882239,9.549337376670756,9.45701224999277,9.732561471687546,9.547821084757073,8.610706791067422,8.636978438325942,8.70442436101744,8.71383110023335,9.414136891378856,9.389770254640819,9.196018596668928,9.16294998959792,11.617334860069933,11.47905626830424,11.596979570728257,11.618160908173635,8.185745294491158,8.244814373795931,8.880026854281477,8.790269176908122,8.705030027265792,8.743786805871128,8.796897304802492,8.851412948194609,8.433240585356975,8.491262708655832,8.777462545339368,8.729941569780026,8.246324644594385,8.154170311829116,9.279656775292853,9.146153027668472,9.16130307612308,9.074113104833014,9.602652228759103,9.295148434327963,9.461884670214925,9.419337688228769,9.748086117630324,9.816108056610101,9.816797118482272,9.710284838598573,9.68191335209384,9.654172684996523,9.749880355598911,9.470372727075455,9.441337811782189,9.531419408727357,9.51147266845407,9.732297593322555,9.724349610449297,9.726969704227628,9.69415665208826,9.630743002285987,9.520763491029765,9.613664538844692,9.668372855738369,9.2481431590666,9.200853996787309,9.260912433260545,9.31341427558762,9.301050258045457,9.417420200270398,9.349444156104923,9.304621912781757,9.538143074142674,9.638455718857696,9.488572691264764,9.591159577553668,9.949651183782606,10.020245724496338,9.960869169369783,10.108951555186769,9.770259056265928,9.663221609926872,9.626833424221156,9.80678706357405,8.357969637359703,8.211912440969625,7.9346145989282855,8.019614537386023,9.088448571414933,9.003943411381318,8.142528380696517,8.401294330105875,8.388055485252785,8.214663125363122,8.122644222907425,8.194726712645712,8.82435470994946,8.039555798320809,8.272561808096313,8.164467196271396,8.966425794926796,8.499175935813712,6.828762733996069,7.074487935542042,8.717569048679998,8.971519640780386,8.994235438092637,9.116082139094159,6.617173980433213,6.931655452279461,8.048552622619216,8.162594115892196,10.332738127726246,10.305281536510986,10.26559177807577,-9.734431443005906,-9.65790775002314,-9.994522297249782,-9.979467240377348,-9.682192865100546,-9.679328811810294,-8.942684790309253,-8.852113119617398,-8.639745902338712,-8.505202123527242,-7.697072855502344,-7.678462746089646,10.689229543452452,10.716893959698977,10.794160866430959,10.81392050248836,10.677954506260198,10.651177969464683,10.619515610573647,10.614879457753624,10.520327561853,10.571398041558059,10.651011241046485,10.667213482796473,-12.288674439552501,-11.668259685429259,-12.895830686649184,-13.645189402518623,-13.002261263168332,-10.832094810940553,-10.50771184352207,-12.261788375827832,-12.148342322402286,-12.162441122091812,-12.155417946040616,-11.570205557586709,-11.747175871315074,-12.80151608463269,-12.329813346408553,-12.861888037016882,-11.322873932823622,-11.15041110906275,-12.186284214882464,-11.841464554603448,-12.761602289154485,-12.615691980691627,-5.074731047489731,-5.231644353187335,-5.079837413447801,-5.214425570819958,-3.4011017518965976,-3.292526915966406,-3.6140520322380794,-6.601786764481016,-5.858225304939256,-3.512232448799929,-5.532119556834035,-5.217251526062225,-4.537532653167615,-4.323946077304947,11.03653561002668,11.525739442584694,11.544189450238678,11.314162314815926,10.62123963665646,10.501794463443922,10.533775071704154,12.178432273094018,10.835754389701215,10.829531873599139,10.739894502214906,11.635674338924343,11.82209353745762,11.683225400472953,10.944202799089869,10.889025637559651,12.224717436979123,12.166121230595232,9.584139495768328,9.682397137473925,9.175669334094508,9.503789275449323,9.662403231987389,9.810399857823837,9.809481368788381,9.591470465797467,8.234137670370512,8.006519470296896,7.9304768336705065,7.97725290245264,7.949912534991811,9.655837180498722,10.075195493243111,10.394894424426683,10.69653034893673,11.027933252746175,9.242556664217268,9.437906711021592,9.42076917563191,9.759618621410375,10.0988874926092,14.949012628855435,15.016576626126827,15.086977517305932,14.744265590328041,14.581063478347385,15.17729158345852,10.034060640006896,9.858248046714506,9.924869971471335,9.671786984980853,9.850250557326039,9.871788354770112,9.779997217599664,9.862234067613715,10.022751248065061,10.10412754160382,10.167695376287623,9.751559718352825,9.752575737440917,9.74791307434424,9.547363580259507,9.434876080627138,9.533323073064905,9.922402772107493,9.848172821995316,9.782372640651861,9.414201605937897,9.412332206788726,9.293920874659085,9.60459371842295,9.573551503235226,9.55529624874568,9.88613143918196,10.04136387537616,9.845817774181658,9.945669889725478,9.965022475545844,9.69333343310513,9.705138567881109,9.994346720821618
66.0,0.5399337783039755,0.5234905231862506,0.586326093360972,0.4490458598876401,0.9919976318959485,0.5752026817083724,0.8053586550921992,1.011401872875755,0.9025393707836962,0.8763132266806206,0.9326963087714297,0.7709511334531847,0.8110198458992315,0.7606962802236481,-0.06352796832065266,-0.025413732076202677,-0.2961746718148639,-0.046316874415985865,-1.128001725504049,-1.2293818530788236,-0.6864384316653975,-0.7007640848313201,-1.3736696294937119,-1.4624961222097568,-0.2590339001665427,-0.40327049988542996,0.014013577149107448,-0.060813588276133146,-0.47828658524415957,-0.3644130277605022,-0.2105923340520377,-0.10426326509044159,-0.07942425084461746,-0.05951099876222088,-1.050406242748572,-0.96341131966971,-1.0852553743522257,-1.218061357463629,-1.1854268869906264,-1.1400093964436984,-1.1708877493179948,-1.2275154878639043,-1.351203094035128,-1.1856813773921893,-1.3175154760308132,-1.2727047118671706,-1.305258475088344,-1.3443883160528927,-1.3858105693496974,-1.3666331003713132,-1.5084463193815303,-1.0320916131610431,-1.1334666022636064,-1.1046216835615006,-1.0963576967782096,-1.4728944177375318,-1.650522739364959,-1.6750693572213642,-1.6197053393704408,-1.565816561134568,-1.4933872159803556,-1.3955882958231243,-1.5139288570716651,-1.3922870823385871,-1.3680805267907523,-1.2648973533733674,-1.4183588578746118,-0.5716784279901042,-0.6143534592658284,-0.7692330929475553,-0.6752174690379071,-1.1404410338559252,-1.0295065590426162,-1.0395049448871099,-1.0697200136161946,-0.651389073644868,-0.4963156157732733,-0.6100752355186039,-0.3105206747733611,-0.5966270351904477,-0.6687194308704285,-0.5311215717724487,-0.8118127902412198,0.925332724786859,0.9341020331302694,1.045771362741256,0.856822452189725,-0.7849354582414136,-0.7775765435142965,0.9327957588478988,-1.0299473120721316,-1.2215187241667262,-0.34338010150477416,-0.28204166184795554,0.12254392720988605,-1.5372103845335445,1.1352579454782727,-1.2150261433993155,-1.302054365950914,-1.5046691920161006,0.12697927370695794,0.539357666918189,0.4683404268775391,0.13535312815665534,-0.25997143909483533,-0.1668758517726623,-0.19880939878433068,0.655737008912542,0.3299336357820337,0.880598051251237,0.8245352097684382,-0.6759990524269011,-0.6377328103752635,-0.47779000187923515,1.7148865029283193,1.666555418595408,1.953208221783946,1.800908106968425,1.552387133234216,1.633112748771854,1.3174076680224651,1.1272149474156201,0.9949708033804576,0.9492577663085413,0.6365430682507949,0.9630133294665058,2.034859452344957,2.0678663537538853,1.8984149993570298,1.8282394712736938,2.0418857078961032,2.1150227206384464,1.5782099342257467,1.5508945611064036,1.611113130672603,1.5617025639912967,1.8811912342533503,1.605329564375932,0.19988749866295308,0.18577393579166923,1.7732484219289013,1.2436312750774192,1.978875489685013,0.9756958169630892,0.6616244376133444,1.9120546576734831,1.9182855402840389,1.8620978572779165,0.7790213185620729,0.3332570195694622,1.1431972158394856,2.1935556690980214,2.3684783989760305,2.353345737908299,1.4431077216297474,1.348226672795473,1.7683860527565152,2.6383850625237777,2.4123535825672384,2.6345306252906013,0.9250983786756279,0.9644606654860688,0.9657704813518997,0.8396654562757284,1.3135145582198753,1.2439254807923987,1.0833616925532539,1.4479855986759738,1.0820224351277332,0.9892629032693243,0.9927199491920895,0.6182409634051353,0.8182606161000336,0.8481443835702223,0.9700466772850813,1.0297712725736812,0.9470257758143994,1.075481575714198,0.813647417990417,0.762730033430211,0.7217472451180438,-0.2846881496598357,0.40073050222589934,0.5453874543875905,0.4838874534246109,0.6499923923170439,0.0829273574052305,0.5426404609855968,1.1289793532968062,1.0883820809940108,-0.5894228008757736,-0.4823062152650728,0.2923509285727697,0.3964850869774388,0.43097943189578203,0.4923871925871808,-0.08722955585072611,-0.08642444509823477,-0.04659177088582922,-0.08302070496851854,0.509000591310576,1.1072089781999903,1.577701141124809,1.5864191362669793,1.597637490806104,-0.15872433621285786,0.1463671784838354,-0.059645686206277304,0.024126187657856235,-0.06941505177194074,0.22325241253123984,0.3355954363743301,0.7009786165903122,0.7361818424102822,0.33135820531953186,0.6702832979555495,0.6674327306931502,0.7358262676583358,-1.3231010506397602,-1.369640913249894,-1.2985099191420293,-1.3627088605762552,-1.8186784853341909,-1.669882529763937,-1.7206992753911479,-1.598381323225123,-2.077679227226838,-2.151615479503743,-2.1439462522622463,-1.7310840459338337,-1.6870578742936253,-1.7600897693116906,-1.4572617902479443,-1.5356798029106606,-1.442390255775642,-2.0651231717286613,-2.1403082230902744,-2.052018866645522,-1.6924128013353652,-1.4926248707355754,-1.5588686667236473,-1.6615169030996917,-1.7640682228729538,-1.2679417510809046,-1.6184917284193325,-1.7400067759258242,-1.625681645318334,-2.0105765392316375,-2.3829197789488443,-1.891422451847241,-1.3978753782552857,-1.1352965101351558,-1.2156839690682801,-0.9906807236518809,-1.2890879666794923
67.0,-23.45506741430683,-23.242871765172573,-23.255059456587585,-23.136245003939344,-23.59102909346024,-23.546621557916783,-23.480263930659884,-23.46665519442082,-22.328950163687853,-22.531418371553542,-24.325919791810204,-24.19968489091363,-24.05760544433207,-23.969966239039472,-23.90950655575155,-23.90858162622784,-23.95531440922364,-24.00400433883372,-23.59024231017429,-23.4429339750046,-23.615441443589162,-23.422636537612902,-23.156416930479516,-23.221002673924804,-22.928045199262016,-22.79499395878106,-23.3966743975517,-23.053986783942715,-22.78131327679192,-22.651966465783957,-22.09157710069185,-22.272613127531415,-22.875825004753224,-22.89708565158439,-23.488061497507623,-23.638583998336472,-24.17013020999727,-24.179028276088147,-24.091343108582674,-24.20960413488158,-24.140553343008893,-24.059419169804663,-24.12797082825435,-24.039331277120063,-24.588778880752958,-24.639896673938203,-24.539120738341055,-24.357092241359172,-24.602561667547427,-24.892895740252566,-24.69779631617461,-23.31542647795851,-23.374145911784225,-23.426225482662865,-23.356044435164126,-24.1990170249585,-24.11775460209523,-24.089678944600674,-24.122300339622484,-24.385189737066174,-24.285155693797147,-24.279008533370057,-24.397194028099726,-24.21670986310403,-24.33504912544207,-24.314915950364917,-24.32332936889161,-24.420506130460616,-24.540808306025355,-24.33617847506697,-24.509548760492855,-23.395542064019583,-23.733115531552844,-23.72390570462472,-23.88615208256973,-24.2290666452608,-24.436629924839277,-24.128866783080255,-24.100160281758825,-24.14685810339619,-24.165658459559136,-24.010398585296084,-23.95613254291881,-23.267362378961746,-23.173591567473114,-23.258509152700487,-23.312447527246455,-23.502390430585365,-23.630159745163297,-23.068971289618382,-23.721022317330203,-23.708152491622258,-24.042309153683107,-24.164025147380578,-23.006363137827194,-22.704353443195444,-23.082282121367633,-23.143528975263013,-23.086256120796904,-22.824595903900914,-22.906925277796837,-22.736321043779416,-22.640237668173114,-24.254568562874937,-24.057486611068263,-24.08690432651308,-24.04168242037547,-22.58060502031966,-22.854297236423204,-22.73984535774559,-22.917578770840468,-26.647289128457842,-26.255953625509907,-26.43847391832573,-24.319899534365916,-24.335152073224034,-24.585486089211145,-24.454454883660183,-24.13823350828006,-24.405720835961073,-24.178069848348137,-24.036505830048178,-23.842805346124862,-23.87558728207534,-24.71802431939984,-24.817810452225558,-22.352380832668672,-22.301369390149283,-22.375414333395163,-22.349314988961527,-21.945547551714455,-22.198331625665162,-22.313900253709665,-22.32456426029716,-22.356348452850103,-22.412007962395993,-22.243846382373167,-22.180475282134363,-25.505275397215243,-25.048445925819973,-24.91908472915897,-25.051827552071217,-24.405314261020454,-24.80215440871315,-25.295318201481614,-24.81401186963651,-24.867245017699222,-24.87131783577219,-24.885655099690766,-24.32296427250637,-25.448938664334296,-24.66827941554759,-24.60953598136236,-23.995731228200945,-24.858781661084535,-24.79248133168913,-24.12778399085031,-23.772685312503164,-23.584296561466385,-23.410094574088983,-23.913538344203072,-24.0182415152931,-23.562134558165845,-23.36971735471414,-23.226165559446617,-23.547441217357502,-23.51983105303501,-24.222625662608866,-24.2745224171616,-23.732380043146645,-23.50755600013521,-22.886693252474018,-22.052502864552903,-22.44343745914202,-23.16563338049135,-23.246132013755663,-23.308715477985487,-23.167506832933498,-22.8494046821585,-23.08844320446468,-22.765793097460257,-23.233802181870274,-23.247121390508802,-23.259898319174756,-23.016127750670666,-22.483600327405213,-22.013079491717235,-22.24718098574833,-23.333894983719937,-23.088984875434974,-23.276760698805543,-23.33443478647828,-24.844775709899306,-24.736422933663818,-24.25715012945475,-24.641740265035125,-24.12971387257002,-24.649620373356694,-24.908369550800046,-24.451608597091038,-23.034379483616195,-23.554682382671043,-23.795657009164405,-23.306074593969264,-23.136536861000824,-24.95610220170734,-24.52006754127513,-24.56534058120609,-24.461890519259974,-24.318483346437084,-23.55566920553904,-23.933169069028153,-24.356601431715976,-24.80993620044351,-24.54872005024995,-24.201865981996946,-24.267954703821452,-23.9327076205943,-22.96056295046142,-22.81040407044733,-22.930881821445503,-24.61975073618781,-24.291435361383517,-24.407892742618277,-24.388915967151526,-24.29084595169609,-24.58536313148954,-24.213778782100377,-24.321437543784505,-24.285585851537263,-24.47450370425048,-24.346789852928918,-24.478873209384982,-24.589319129969223,-24.448325528722624,-22.899888810457025,-22.624529455535118,-22.85876953738757,-24.291155792820504,-24.27248377724257,-24.345327981122786,-23.65082961910975,-23.721519815888854,-23.621126315062163,-24.325924473647365,-24.326256034867455,-24.339130620296718,-24.144983261643656,-24.387444946360926,-24.246334588476806,-24.72156536500451,-24.649945518206344,-24.39455365108734,-24.28338966679085,-24.421019568743176
68.0,-1.492271964048184,-1.4326393717473072,-1.5026265740099918,-1.4633586843860646,-1.6051418884515898,-1.679707725609299,-1.7162419367701744,-1.7711212355970056,-1.7855283267036697,-1.8128856002039968,-2.4462762702102347,-2.489040762622742,-2.2465163300110413,-2.405248324087088,-2.1854029800029964,-2.241207494033656,-1.305600351807871,-1.5348137610515271,-1.6034242070707738,-1.4946931220292512,-1.6106284354119547,-1.6869121215639498,-0.6621219298157393,-0.9192326866661096,-0.9728172737755506,-0.9621459709333318,-1.0116150352415556,-0.9761482970438274,-0.9536817071504327,-0.8895761638239958,-1.0021461802522222,-0.9809512590066727,-0.7504427910533664,-0.7564366853358009,-0.9943750740623372,-0.980225703398254,-1.578145519632742,-1.5424416063635213,-1.492824627992053,-1.5541460312663489,-1.7590702147554316,-1.6745532273634698,-1.649825716561974,-1.7379887123480278,-1.744659799434241,-1.6690855412867598,-1.7176622587068557,-1.7938393682675875,-1.531157125865017,-1.6828018356085113,-1.723682810770633,-1.7983558538009374,-1.8963478615615914,-1.853066360648281,-1.9556203153597247,-1.6728558650069614,-1.5887666659928308,-1.3983826496490188,-1.7315607376228654,-2.0223931922661196,-1.7023770619986205,-1.696524514213503,-1.8086662906021709,-1.3729318680041023,-1.4347926465717902,-1.4888665421973912,-1.4502279470345893,-1.857501582005457,-1.7181493522550455,-2.0401434139704766,-1.7520160856106588,-2.157181305561989,-2.1096914135880662,-2.2243388551537793,-2.2074862129087096,-1.923778094142226,-1.8704597502764546,-1.9678524415844243,-1.803299233816901,-2.0957744661915605,-2.178547750086402,-2.2898880407346005,-2.2323442957425845,-0.48931570873532104,-0.39798991389777383,-0.4711166546854533,-0.4659785174628728,-1.3217259832314925,-1.366827572501319,-0.5677058762107792,0.0918102858820602,-0.16967009520418053,-0.6073266442940071,-0.5349919276685976,-0.48675186008002713,-0.13001749839548382,-0.5541264367733856,-0.6792981042503932,-0.6308887195825181,-0.05926888397772756,-0.7674450095417211,-0.2097298514911543,-0.481425152242154,-1.2093902161702736,-1.0977598350766482,-1.1381355932877848,-1.0628980537809951,-0.3547121707300811,-0.10890781051360587,-0.3283654466627317,-0.6139616969749082,-2.1272128687688694,-2.181290954966598,-2.150878058983591,3.062050505772696,3.1414377021235227,3.047711352658149,3.0018373436171286,3.1816856431399154,3.3278959229109657,2.8378217369669594,2.862744378428604,2.921454633832611,2.978242666798389,3.026218835600825,2.776077094221597,-2.722216699919273,-2.7796966048001543,-2.6812671900087115,-2.8104996236773383,-2.757859459639001,-2.7381625246883723,-2.6259364060922525,-2.6096980893817703,-2.715647365406249,-2.611690254789652,-2.579092616824697,-2.659616003219248,2.4188787335453275,2.152292129938129,2.8559172716887784,3.0435345135309753,3.0980879208136765,2.942670953320312,2.811713846604343,2.854992511162174,2.9086281546999797,2.7741140836382323,2.110530891650345,1.8798897629185114,2.2829019110143043,2.398967784664683,2.7003547304738973,2.504407075874008,3.281425120413944,3.2275455078750523,3.271355359885274,3.3398497799531133,3.228806665270299,3.128868498235169,2.9442246596194583,2.9607606365436547,3.0158081538215358,2.898240436450741,2.763138317423878,2.9163474946917334,2.8919778832434435,3.018414407677634,2.9078836751393062,2.791934755754965,2.7764767781939756,2.6493302084192534,2.6862142055486014,2.883026104872326,-1.6005085327639557,-1.7327518192043097,-1.7490250502622158,-1.7269729460439125,-1.083790837844112,-1.089398907551315,-1.2158580200420075,-1.3356436509896525,-1.3113692116353821,-1.1371213082619915,-1.2704663332412656,-1.314478980446097,-1.4721453312404869,-1.4581861483147822,-1.695686273080002,-1.6841732110592749,-1.5002086965678971,-1.5320763702404232,0.5045104546556494,0.7136510171199655,0.6809048442424599,0.5244177247971358,0.8601461192276803,0.9429867720589025,0.8678862574586867,0.9147244894340727,-1.0609279993143674,-1.0098851592762035,-1.3846051326625524,-1.7164631744617438,-1.7682192467704279,-1.3915780936514421,-1.5150788190659263,-1.5748868261402804,-1.839272371279221,-1.6588117531185418,-1.422516500483966,-1.3718251222147557,-1.3851200200885443,-1.550883398966817,-1.159021208980116,-0.8523949595406628,-0.9747305558162749,-0.8740115047730814,-2.249194046227397,-2.23017028605312,-2.377948345152552,-1.03765313348574,-0.8915348940872777,-0.8794384462967342,-0.9503515000584337,-1.0229743351421419,-1.0155112739828982,-0.8590672613747496,-0.8930404901001614,-0.7222137514080182,-0.4798304544348886,-0.7280812761440195,-1.0257198100902274,-0.9382267593220127,-0.7279792559089213,-0.988681416670496,-0.979848049242507,-0.9488490448122286,-0.4790908763410058,-0.521515375404489,-0.5272996474459417,-0.8708996370737512,-0.7266475966163017,-0.7748074528587194,-1.1825183837810396,-1.1446129138351233,-1.2503664492019415,-0.8635658613866204,-0.578958101557491,-0.7551753888382192,-0.4007824769058872,-0.4424943676523727,-0.7112234846914904,-0.6871475424116189,-0.882263485394133
69.0,1.8751348714588767,1.9091466240568948,1.7781117023734518,1.7724269535609798,2.0139803027786494,1.891180242353168,1.5699277187197938,1.7112343000297248,1.3131970665810915,1.5702706170056837,2.1794014554046823,2.2340661556093426,1.739440984234074,1.7267142150012695,1.8484362232032971,1.8506153625875967,1.9246984233998194,1.9973125685075521,1.1673035606546467,1.1649388317661096,2.8062713866716704,2.8755614157073417,-1.1076045644976062,-1.0534306971741856,0.8756389699870333,0.7663584703558515,0.5896256730629954,0.42913242262762274,0.2819128558505817,0.2549780336355436,-0.04734254265401994,-0.117758989479813,-0.04918480470869113,-0.043023716339233076,0.08222843347415498,0.08116495699148807,1.8581263833684938,1.9491938373351694,1.9899149999232737,1.9929248774072166,1.832621976495064,1.9450628328512867,1.7978079636018434,1.9792286922027387,1.8892496048046237,1.9252933008039834,1.913415582204288,2.0090476111176203,2.0172353261201863,2.044992506529905,2.182123642439093,1.6686160769778695,1.825219196320944,1.7278637091376563,1.7524201968680169,1.9953076757109312,1.9777063951970417,1.8774333025927863,1.8728807277203465,2.388176405068532,2.2319564585460254,2.246059752372818,2.2215024386104663,1.905335739500659,1.9205654832076098,1.9523872157887405,1.879140033081515,1.5879573581239699,1.5624745877738428,1.4461310883351262,1.57374403741124,1.5453304475621117,1.5588519244672474,1.2336151040077636,1.3408900230813936,2.340069437920601,2.5215377701193438,2.430391209723102,2.3770425167108433,2.219920676910956,2.2578919188695217,2.387399215438596,2.465455331225507,2.8138177145028163,2.95628929511854,2.643903993581609,2.738643745097346,-1.8028916684527463,-2.0306406092934335,2.796084568117398,2.276243143597961,2.300350280221262,1.3753221163985634,1.3124258478308333,2.9858437213567406,1.4656301347391683,2.785808095268683,0.8114244824769878,1.2124567185096398,1.4553713243110407,3.0802827086996736,1.6983176117752006,1.140250130935196,-2.1265088551868905,-1.6757504005976207,-1.758370604243198,-1.8085823102497862,1.201493546543154,1.6651163487196161,2.9106241459309903,2.8338614952140286,-0.02379894278652195,-0.16889723513940336,-0.11621602737427761,0.2382882932918271,0.1998548495817314,0.13621341686148725,0.26142839894944636,0.22147961820889783,0.12272265861922804,-0.37638374667838015,-0.33492141306410517,-0.30716789343952655,-0.3575359681974035,0.3460089367490191,0.3073205015157523,0.8886118055890471,0.9233008043772744,0.8747895529008671,0.9572002884719115,0.9154245935941772,0.8224424589794692,1.1894565630298102,1.1543632133803614,1.10566183332603,1.0774143191507903,1.1813099309687178,1.1590946885035907,0.8194816918973133,0.6343374148383099,-0.7143168426056672,-1.0571243041972043,-0.9734213760703465,0.4099922971894632,0.3512440301309798,-1.787695660110579,-1.6700480284765895,-1.482484007560096,-0.19133904650003863,-0.21746789307369951,-0.8500230136063021,-1.3035439989518363,-1.5714524351399177,-1.4313906898812903,0.42238836563416005,0.9684471964175341,0.32738832663102535,-0.3806294822355687,-0.7491533555371568,-0.8230963892210816,0.9460529051938522,1.0313344979404278,1.4791341902383133,1.1540379246266745,0.7802496043381302,0.8818062307122947,1.49424232646607,0.07487943117745743,0.6352975802003709,1.2648220303610342,0.5553766944318967,0.6256132929868983,1.4672522605416836,1.7429034794107467,-0.9832146001870399,-0.9875474351693958,-1.1027425142978284,-0.9869140036914388,-0.6663898695744743,-0.766186307592716,-0.8526641309229239,0.3023430464793089,-0.09786899114831549,0.05229994941989613,-0.023471511094963482,-0.6795140823840473,-0.4028898728722492,-0.6867829710478732,-1.1140208633714668,-1.058427987489722,0.36458105288350584,0.5555887926713492,-0.9643005643357458,-1.0858963320565689,-0.9541614176394742,-0.8833269833943369,-0.5070001922332104,-0.40282767035725087,-0.5532273246023127,-0.5046836028332979,-1.262316132346223,-1.5154157827450252,-1.2184422253641642,-0.8010380391410861,0.9262030876472522,0.10832303483952899,0.5297930377753035,0.6986403335008804,1.2506676107430232,1.9962309869995467,0.14499825689933843,-0.042807648217359606,0.5400395820409436,1.321621713683447,2.2195403447158317,3.9814517260011844,3.9646265673611687,4.0295386641805795,5.716990208530307,5.878988913814787,5.572118784276265,2.1017798649001502,2.4643184103874294,2.3053980543936463,2.167011156156096,2.1560481211178106,1.0992043938007647,1.0456541588472277,1.1112070645807801,1.9525883708356018,1.7467215339204287,2.0641039504229184,1.922782742408348,2.0315641266976794,2.086794655298906,0.024385830988764567,0.10126540500491377,0.0990204691712302,1.9325596763108637,1.900674377522999,1.8537713887205225,2.1864459982830198,2.1516186877887495,2.381560333296105,0.6845120724333755,0.6738826400338871,0.6323340414947367,1.3727832017772146,1.237195690481741,1.2734722251041344,2.387149018496486,2.3279935761909805,2.6230916153649315,2.618352669801488,2.564530291926019
70.0,-5.849773577784973,-5.915695303690695,-6.241171819921011,-6.0722141669686245,-6.141942469693461,-6.407578001096607,-6.7180749898607495,-6.899375347390364,-6.986036220484029,-7.156341783251614,-7.660898933727513,-7.457650339168126,-7.503002402753955,-7.231820503610534,-6.299115244081641,-6.1772680689652155,-5.78578739331018,-5.875270621577897,-6.142484650558227,-5.951078219044749,-6.751047314399177,-6.732667841388928,-7.083059298721629,-7.177812033184665,-6.741297294607399,-6.699436423730262,-6.817844393859799,-6.5729199621375844,-6.653426833272153,-6.597625815568001,-6.189224221208811,-6.08359995023012,-6.890169942067374,-6.990524314967047,-6.805598992882583,-6.301629186149039,-6.415677549588912,-6.409923107166879,-6.355706604223297,-6.30688168137686,-6.637516922207743,-6.678927497350342,-6.71167564955924,-6.843260939544084,-7.323983772015669,-7.664536974350806,-7.447824413973613,-7.529080426825281,-7.54555508186859,-7.4694182217653875,-7.5756807828428805,-5.772020106779939,-5.931320859584117,-5.910533966775398,-5.89586717975795,-6.338927821716544,-6.122932517357862,-6.330450521505391,-6.3787586409461206,-8.231694816792576,-8.076735852824468,-8.083919261305565,-8.339432102315985,-7.919775197737019,-7.936941322001822,-7.985116630338107,-7.934525364046987,-5.813724389267151,-5.929709251696785,-6.138864760464369,-5.879610831043358,-6.010491906228932,-5.908758179056466,-6.1160536114546,-6.438194258488508,-6.8924703754295535,-6.751493228469442,-7.157963025127369,-7.033524971732977,-6.356696966301939,-5.93552667253493,-6.1671372392334085,-6.036249769171565,-7.6688352718221005,-7.44221472632961,-7.617217489518854,-7.848850778990481,-6.174084995028372,-6.204868491764037,-5.72194834876107,-7.798211495190027,-7.345239640748437,-7.7851986637953186,-7.7837722356602175,-5.842308364107901,-6.605864958961874,-5.508269962216824,-7.1766448402428065,-7.425157352267616,-6.775303170874873,-5.199916239827595,-6.378792831967962,-6.644211533226677,-8.080895006548111,-8.579925729998411,-8.648591858382012,-7.818131491375465,-6.590125792021435,-6.643611906088015,-5.619802197904579,-5.6866402449016675,-16.42403065003909,-16.912378687180805,-16.686834962505294,-3.1047868204387754,-3.3048398454120225,-3.3150961142140822,-3.3396904534552156,-2.4949444992395353,-2.684908392430483,-4.733057560075565,-4.8401423592381505,-4.2024463618072865,-4.234090343581576,-3.020837523668817,-2.872495088289206,-6.629312635763466,-6.639089269936146,-6.717949360704932,-6.688788827554184,-6.4194057816134755,-6.516148104382642,-6.775425456639095,-6.703528568805899,-6.589403318111846,-6.539675045999166,-6.3747405511652335,-6.348656652533307,-6.057881471036165,-5.0701097433955145,-6.224253497444285,-5.9978507136954455,-5.869990343539467,-4.207508402968266,-4.691982262502975,-5.6880564209662605,-6.354844828310645,-6.0296929247358335,-6.215860371750621,-5.106143111011884,-5.653496657920789,-5.871927665037273,-5.560633731973237,-5.8769713695186505,-4.4312855400781626,-4.167757899237659,-4.2972583221283305,-4.348434553122239,-4.646244443301782,-5.056055580723257,-6.9953100459299975,-6.5206372997349415,-5.813235094823298,-6.0003538019732945,-5.236089957080855,-5.34374254280581,-5.79095817449341,-6.32676000542443,-6.381456033732702,-5.634891436449124,-6.1241574252908215,-6.436449062657365,-5.451837725629106,-5.4784414616192985,-7.9245110776520455,-7.92466966850074,-8.095097534249653,-7.642836843061708,-7.020131822049493,-7.222622514288448,-7.5875715365434,-6.993050912384927,-7.642253895485261,-6.896952449653792,-7.278238204442609,-8.183254095340681,-8.26978643080969,-8.179166075132681,-8.090720629211807,-7.836444080566088,-6.990478719839747,-6.858924385570121,-7.455264955949973,-7.211009948630016,-6.698625293674715,-6.8983250084319945,-5.9501227372938565,-6.419470871631274,-6.573556944609887,-6.32540467679623,-7.870491950274106,-7.443868409171589,-6.392140552609435,-5.662788573532152,-4.587804144069313,-7.399433499236558,-7.532918797903363,-7.459229280327005,-7.540999834667462,-8.283325554149666,-7.378640384711755,-7.207547136421265,-6.778456332597949,-6.088252074274822,-5.014257425280389,-7.466270995899344,-7.341823716039286,-7.179653967149438,-6.432341654557494,-6.180907537575166,-6.743314138671357,-4.3599887606855585,-4.583121067677494,-4.775251503593569,-7.595350628941588,-7.78139375053951,-6.410336489267838,-6.328398273368442,-6.108620435792735,-6.847806232321746,-6.985675714896381,-6.8414398874605755,-8.227073628213185,-8.298657157443259,-8.040178344351492,-6.652224113665609,-6.538000535254354,-6.856044803418831,-6.248148065412482,-6.326750169787411,-6.227629098441584,-7.478293926456273,-7.5336233078501476,-7.504134770166326,-6.349363114930167,-6.2335648241663595,-6.722196129066736,-5.8536440840063,-6.6289416933417105,-5.9794808058919156,-5.8283572747229275,-5.371779681853072,-7.666285594052217,-7.523338517926871,-7.970243597162366
71.0,2.6412451065078333,2.8137851868853687,2.661774738175657,2.781262177294323,2.422156506251877,2.4918467634359267,2.357659825226861,2.561192391223722,2.41685161103492,2.6611655720664533,1.5302843430619237,1.5556930329402725,1.509856671362673,1.6295452848512104,1.6674033842823777,1.6180459385661923,1.8649411816770325,1.891926264356714,1.537438359966127,0.8796553494710331,1.4643709882850118,1.479718850532242,1.7194810812856494,1.6327512859961608,1.1688626742358235,1.2695091122833055,1.011446703127663,0.9310110638718792,1.183807213844628,1.2415254211896327,1.1647687650350367,0.8063621665585661,1.0785399458418619,1.1748400638247354,1.3490610747196676,1.3794830295968676,1.9857571221709707,1.972417608238736,2.071672663460527,2.0814180488547542,1.9247398403722213,2.0270430210870503,2.127417329195496,1.9891843830149556,1.903562392811823,1.7216486980420793,1.6859247716728731,1.8435745791230236,1.5807889752312994,1.5701307200708525,1.6637994491545864,1.8762120327849274,1.815518708253241,1.7696245824508257,1.8224031440872084,2.5964293514180454,2.696064164485602,2.7171023401988155,2.6954468982118653,2.096367989462278,2.1265642036968595,2.1258826778316324,2.2815945301077383,2.303560679172919,2.3903360190950496,2.2404962979382113,2.2554776696614978,2.000025458535509,2.1872877618737068,2.0077452719306255,2.263425882242074,1.93270208223153,1.484091761987921,1.650391105695844,1.9369802598178367,2.249034011306205,2.43432541908167,2.5776078155500226,2.564971009549427,2.784496409612454,2.6385002295770557,2.495726283723406,2.584654911965325,-0.21029363033149906,-0.35789546722200605,-0.21761651913361035,-0.184143727528987,2.1174569356594724,2.0860629892582203,-0.04477576019984042,1.3950444549456549,1.4346855164979608,1.436255422945159,1.592878224475383,0.25174779440855666,1.883948797065253,-0.19985988771673036,2.0571174687410636,2.089415150391904,1.8568397635230092,0.08572599288853056,0.16379719897456546,0.21046300221267167,2.1359131587413014,2.1308284323983706,2.1273149003618013,2.272567738589883,0.35763025485391076,-0.0773012238125883,-0.19942711522302403,-0.27698783475436173,3.4239404430632145,3.489262737279823,3.4493376887321165,1.9958909992661233,1.770313761176352,1.9523470261547118,1.943324428184395,1.954584090352622,1.697788414874247,2.2139346028901414,2.1106251641639346,1.792750865630202,1.9754330738358785,2.0208112089074195,2.009548725648493,1.847986268148368,1.7586174896853226,2.0937151594639296,2.101477844417156,1.8409371830998875,1.9531846941228999,2.1090058880103904,2.1445867407907357,2.3447459933342074,2.2477010394417203,2.020646470859081,1.9334249718403171,2.9335951098172792,2.285709642862102,3.7279780407505676,3.693715597102484,4.072763402063206,2.289769708086739,2.944884640590651,3.710707291185747,3.763683715676123,3.520322684846544,3.1107115092341164,3.2559156704564423,3.165972275394063,3.8946443079967636,4.284952486324551,4.117484220161279,3.056443844350154,3.211175775904401,2.994140603123528,3.6505564364315672,3.7474943710331923,3.814544725085976,2.2455180094872524,2.341910382433282,2.1482417616053198,2.1820574336596508,1.4383885067120765,1.474909213670287,1.4369911470912093,2.2777865869957523,2.220033327135047,1.4998113514869296,2.1837188176191926,2.545557855801764,1.3837723676507547,1.5212441788135287,3.7606020545580208,3.4820103010854275,3.45231405134494,3.4444917978049965,3.415009440398098,3.6712855295299285,3.5087433850759666,3.388074272830675,3.549657810170368,3.629895562846773,3.6661591219743457,3.0305878831347925,2.9524449566242232,2.9063184249450433,3.6607881036825933,3.776880450479439,3.5226684695232446,3.326700232311241,0.9520169856428744,0.7960024278219064,0.4852953060902241,0.6669755812979874,0.9288456679148691,0.8360308255266791,1.1041751841485299,0.9034050607107273,2.24263344753437,2.63683423678496,2.688952859124738,2.7658144307682164,1.8328922141297728,2.210161512715711,2.5185549801777167,2.757256179289614,2.628117079930947,2.1965438328158253,2.5037769270566095,2.7688844243151784,2.9594025392647403,2.712696583119735,1.9409818194021415,3.2526158764018795,3.380965013614306,3.176520894154663,2.0476406071907967,1.6949697440175395,2.8047997737991768,2.999605126116281,3.0239518192540267,3.139717171477562,3.143046382891777,2.940098832932067,3.0271873249668086,3.2205681690542107,3.253131915756997,3.2552283464331726,3.065130025085045,3.008345086539231,2.7688640534316598,2.7425226690105475,2.7662342640620743,2.868664092783657,2.896621021135564,2.749793922599176,2.68286997111934,2.6342001736153353,2.377175672491198,2.1785570096977622,2.1234946450649392,2.242579641151506,3.6403064414186606,3.4831774660893444,3.755443433114692,2.8131523266636016,2.6370852715210056,2.7681763690340837,2.5579040199907332,2.684739858226582,2.1921751933923304,1.9095922735220334,2.128288539924876
72.0,-15.81522115514657,-16.137385375050055,-15.930665387192313,-16.140758152143007,-16.125922418210546,-16.36074676272042,-16.894383179645544,-16.727517167447886,-16.265499897254724,-16.721302045404496,-17.328858968466747,-17.101067746149948,-17.138921915238075,-17.073183489083373,-17.222272969376746,-17.217406890439484,-16.985158193911083,-17.20157239957438,-16.59363507866241,-16.20546047279726,-17.084613470709275,-17.19020190419642,-17.149886878439798,-17.13158165935138,-17.038993949415644,-17.118440696659356,-17.04839783883829,-17.336417124826507,-17.604999575644527,-17.737194883695434,-17.746342079089057,-17.641328374742603,-17.429804440785347,-17.38025787975856,-16.666557084217317,-16.626987632940466,-16.378806499300165,-16.487745355984472,-16.451538608223476,-16.388565416262296,-17.156463887899154,-17.409124661967816,-17.14023550064573,-17.128734735418742,-17.23827348756868,-17.307805977875933,-17.24238523184589,-17.118932214037933,-16.730674736173228,-16.819149864230972,-16.81675791481657,-14.976279987883643,-14.935352454675048,-14.940094126911342,-15.058284994150565,-15.820448185104901,-15.791082024277099,-15.830777283199772,-15.818009495940991,-16.23561019836929,-16.274838153781715,-16.132794263040196,-16.28057266008916,-15.51014154424432,-15.629983595296693,-15.56289782947296,-15.63875594707635,-16.160844747332458,-16.111434145434277,-15.985127257413076,-16.162803366957387,-16.198965708177838,-16.26453793635707,-16.21005610010452,-16.394137989549254,-16.189291185499172,-16.141653568409073,-16.01966262077548,-16.049336467101,-15.687016345050479,-15.431256612072913,-15.548525579715115,-15.54910779539038,-8.004337302824148,-7.781244846411884,-8.225129415589967,-7.939012638316976,-7.032549616453116,-6.943068765174723,-7.945295407700481,-8.016511644184863,-8.087408109512642,-7.980249299679029,-7.95175267360484,-8.029995388125318,-8.227999485041687,-8.385202056596329,-8.47555868375985,-8.162196469664933,-8.23820938628984,-7.8908392918362775,-7.402228030630499,-7.198836904171533,-6.8859889271711285,-6.801358769776886,-7.062912268304114,-6.847166379855338,-7.382978564184223,-7.123831588052305,-7.532424126040505,-7.7370783256374205,-4.235932505148163,-3.3687453373801057,-3.5278602790302864,-15.533008863885167,-15.708144787379666,-15.76979236128305,-15.894895943054006,-15.455778195060553,-15.464520898168319,-14.925395341610482,-14.971403663613561,-14.337819751255543,-14.516168493842462,-14.488443768289901,-14.553992923308822,-16.670422255707162,-16.60899491592814,-16.762075226975163,-16.830312119716368,-16.585162457114574,-16.64160412878837,-16.818693325865148,-16.885240784367255,-16.673105389553243,-16.64132793981571,-16.660613001624217,-16.5278311288467,-16.086157681283797,-15.467363682057012,-15.900279797482545,-15.964656980243554,-16.0471773547208,-15.027128704929657,-15.156334563254315,-15.944505843431667,-16.08621092012048,-16.17354070391389,-16.27877516149763,-15.391736732161714,-15.66072322320164,-16.275971227864375,-16.23621256067659,-16.327908694676985,-15.388678287207199,-15.230673820997275,-15.32295315934866,-15.811972733765725,-16.057637619595432,-16.128088559273465,-5.648722918711707,-5.667775483864112,-5.38421329024479,-5.520412722327805,-6.219753964243895,-6.237367328722666,-6.166790186824199,-5.489178322835344,-5.469373414554377,-5.873665176087105,-5.301978108238528,-5.59135403682031,-5.103110677241864,-5.3541020936954,-15.485717055589776,-15.7710437904211,-15.8224471464097,-15.938582740061353,-15.977480083513843,-15.938493945843117,-16.107678926311458,-15.720663957363852,-15.617047590146736,-15.56974632305743,-15.366952942514633,-15.609279211104482,-16.193327211080724,-16.448063758525937,-15.46901464793256,-15.513353778324095,-15.89928782495905,-15.832704300770025,-16.33580983635238,-16.170606505736238,-16.08031156519698,-16.19401665458298,-15.57401387604081,-15.549130423467286,-15.804427623670945,-15.4822603449667,-6.62633344311268,-6.973116277709719,-6.7683831159883425,-6.730459206101074,-6.483613602700793,-6.707446422618824,-6.714558497211312,-6.522126954244198,-6.5099925499596445,-5.572778787799971,-6.346715790022294,-6.735279672825555,-6.631567723800214,-6.824687979778445,-6.503188019212956,-16.936628353502172,-17.156445188750673,-16.732170657383357,-15.933335047017774,-15.48590990219818,-16.10068923196058,-5.546136735895164,-5.708293062596672,-5.768136662243965,-6.632730353411112,-6.762687383450471,-6.99342723021869,-7.5946665265321265,-7.355804346787396,-6.532603639880556,-5.961601859957488,-6.090210901048165,-6.9392862161336915,-6.766077172666275,-7.237324636967503,-8.293587408873442,-8.098745408124575,-7.8992610215240315,-5.964210633506909,-6.53156324528097,-6.326069944974372,-7.294843019899297,-7.345420423414769,-7.1588961431426235,-6.789963740062999,-6.621741833038973,-7.022389510867168,-7.847603950675391,-7.922199576672908,-7.941774627298647,-6.255556755123341,-6.256156900161117,-6.909796477614807,-7.105771551035992,-6.608565585785981
73.0,-6.1153161541017855,-6.307969571509366,-5.636576762154345,-5.883446661306751,-5.907608356185033,-6.088354959719037,-5.879279078508208,-5.8450102444176055,-5.9320310796786835,-5.965357043400092,-7.906492974230814,-7.938141598328014,-7.440688680544106,-7.407494553662767,-6.580326622177251,-6.513698731532819,-6.33788732529077,-6.456104899990502,-6.850574152099728,-6.890620137920368,-7.730075275497743,-7.581310263844459,-6.428151340068726,-6.319881534891068,-6.400695730539429,-6.468045246919919,-6.185442551336264,-6.27279387791748,-6.06792819621735,-6.100238840311828,-5.701017754220919,-5.6109946255248015,-6.005453313850364,-6.272058542581577,-7.595551532912916,-7.340778372915018,-7.264358548249813,-7.300033967846039,-7.298864786775924,-7.236243639579614,-7.895066314270591,-7.76705850064051,-7.822267421467172,-7.686793296978255,-6.943451755762075,-7.185275116214049,-7.123509863918153,-7.027917837684056,-7.329237358269895,-7.221855252613503,-7.226520917664871,-6.910341467823342,-6.913838091421068,-6.915452483958665,-7.010550568061504,-7.309519002750724,-7.289740760987424,-7.259702753200342,-7.211691907203177,-7.7966058240941205,-7.60734321852013,-7.6964608323596195,-7.563625792086651,-7.448857918341348,-7.401602152094162,-7.329760062002069,-7.4338153275438,-6.968211739538679,-7.044106677636384,-7.122700101605615,-7.036556657462638,-7.105849979869095,-7.1527914872991705,-7.155345761504709,-7.266710667803666,-7.6218937793843775,-7.7980067638255814,-7.547561003979493,-7.693406136004466,-7.342441878573092,-7.373341310276024,-6.98256276475969,-7.271848552969791,-6.093818302770377,-6.210780301537057,-6.1206054580071125,-6.374838227341294,-7.150541015375345,-7.219101835534778,-5.243574103215259,-6.059579714553857,-6.3038213415161675,-6.843667375970253,-6.863925497153394,-6.177882818181878,-6.266036246989009,-5.162645150376873,-7.067960107391703,-6.898803316847786,-6.202684496999996,-5.3549423571987855,-5.387384773226371,-5.360699521925128,-7.542486296611937,-7.8523125372006355,-7.826083123689514,-7.525781576304629,-5.4010530434800765,-5.397174158551165,-4.750869673034911,-4.929370259500716,-8.411781763404523,-8.359400152044904,-8.415734317240002,-3.9803517930999064,-3.957113131777036,-3.9038228488218296,-4.028429822101402,-4.183972310860032,-4.200199742100896,-4.298267341487982,-4.469551072612838,-4.303106849131335,-4.11205968735973,-4.5405035968810274,-4.601725538985769,-6.759652903950105,-6.474246874507761,-6.905136774474138,-6.729193833418116,-6.589510189060876,-6.876218098221678,-6.837320891546963,-6.844872901941974,-6.779515530957013,-6.791302414963805,-6.62697347293819,-6.643039624632877,-4.557971399213317,-4.4577059471644205,-3.2986815239238716,-3.4991518735315514,-3.356957336453349,-1.9471705362562473,-2.921521497738529,-1.8889347850827676,-2.2740176136991854,-2.3683044942449962,-4.079219282195815,-3.7533386142832885,-3.614261533561237,-3.2353458783965614,-2.786125950730211,-2.7165350593777813,-4.332108063636949,-3.535713373975039,-3.4449364652543686,-2.6816752729676026,-3.0246705787963606,-3.172209648321658,-3.8583717977718024,-3.4750889264356037,-2.318480846335345,-2.4396048454242383,-4.51473454463996,-4.182357611154128,-3.8885928319599694,-1.9326196985060697,-3.0850478358021407,-3.8910270833224647,-1.977438851136725,-3.0281760391627475,-4.058821349321999,-3.7530396598312423,-4.430123330592907,-3.8101827267072332,-4.002529093426353,-3.5527124531662375,-4.312020551749482,-4.135456432029176,-4.339487790999157,-5.080604117062322,-3.9952362938661894,-3.879492973970958,-4.048202150009249,-5.5722201085986445,-6.746617083435365,-6.1324628499901594,-4.402711830314133,-4.119147818145466,-5.227899789290685,-4.975082623109211,-5.2513152831789345,-5.410912456837121,-5.371674129486474,-5.43773521168857,-5.738049744166768,-5.681219880641754,-5.827620183484564,-5.9422182547933495,-5.579458887200959,-4.2954049857248435,-3.7645372041461354,-3.826284055526332,-4.4813431515990425,-6.461890772310069,-6.9209320442911775,-7.459830150078293,-7.775702434146478,-7.644536711204587,-5.591171516935351,-4.938941350424805,-4.9136908475389465,-5.038995049757337,-6.067804159799891,-7.450620533939967,-7.551120280037431,-7.656291814076942,-7.603228148459305,-7.456594307546311,-7.926944025837943,-4.858166570317649,-5.145430292644068,-4.6694171762556,-7.095076843275007,-6.979793415367354,-5.904719890811096,-5.9160052872794715,-5.580264800355865,-6.01973369010023,-6.023731618444988,-5.861816075793278,-7.601247539371239,-7.889991103746187,-7.495476636477922,-5.881732692885305,-5.89521027496298,-5.861277728649831,-6.130341112157063,-6.245478698841979,-6.136977404846061,-7.304335452226935,-7.178363887930624,-6.923277722998339,-4.474361030710464,-4.508070382512155,-4.484591702394172,-5.6256765555694725,-6.076508390922264,-5.885829235431465,-5.629565791844124,-5.511167542398984,-7.261442426690867,-7.022554598107137,-7.402851320165588
74.0,6.0625869689075955,6.424613838430933,11.40736971712929,11.494324743249283,9.625243133218786,9.921056642028429,11.258876139024244,11.167714752520938,13.413363392304284,13.504955566355067,5.176364440244706,5.311306647716867,5.132205888068643,5.120130655996812,4.497974736096554,4.584699912717902,4.420371595657288,4.474835972689018,5.069766718471108,5.067461391953826,4.62226070887351,4.565092939006723,5.970164015630829,5.826507331845068,8.871477226376522,8.742828559552406,8.41027570774429,8.509376311762727,8.233385478915176,8.265754400685578,8.28329165675631,8.264780726183268,8.020663588622776,8.178318625897232,5.455345499190006,5.3169591560796015,5.014817561947867,5.09237556451064,5.042082321739999,4.903105270468158,5.605074852232255,5.70250859030757,5.8214384881271,5.78310770544825,5.992553751424326,5.973623764003037,6.0858274840058595,6.0761057663096665,6.2438922230220975,5.81849775879313,6.067297461953684,4.742459047560654,4.81875775685929,4.739557433565869,4.82132329131008,5.557925281446812,5.606005151073367,5.6665436338452935,5.56471917604085,6.153500698806049,6.085332226925612,6.0391594258923735,5.893640728052896,5.461095407864358,5.518101981942229,5.560596677443474,5.545314196607091,5.153242411088161,4.890805080724498,4.8805656094414545,4.873069925780307,5.0369348555310065,5.22869780736897,5.289433482921762,5.229586050793905,5.571774169471626,5.324361631478258,5.329331542525617,5.553301387199227,5.543264338986781,5.7279530790104936,5.696242699569657,5.586557135761401,5.7657541939799355,5.808659487005505,5.177998138439401,5.5427032610779445,4.8290760246866995,4.949738787967123,4.225044229333465,5.735970507256573,5.446300164106825,5.872788044092859,5.837467053377054,4.634584370572856,5.15772411063139,3.9698428889744637,5.71212226015907,5.774139075184497,5.293139424425895,4.503406100272583,2.9934322714253288,4.04555293984898,5.942082704033037,6.477720827799711,6.72823268710712,6.540962406079881,3.935214163449613,3.5837834837703433,4.221210655261986,4.212454639080132,4.2406102753678105,4.363475716110445,3.7378472813679835,3.804412773961138,3.6763079444379,3.646725451380467,3.8088489885941055,3.690333477364886,3.6537552841386702,2.450409557819304,2.3996322662451472,2.2879315382844663,2.214252721562545,2.438504939877907,2.443286778082342,4.322674056592575,4.509297323777552,4.368045940839789,4.415843311823627,4.550403226873339,4.548548019230019,4.3757449954563175,4.4744096918837855,4.498675166371623,4.498918051009857,4.381946268122951,4.088291560022938,4.854712929329114,4.772694541123563,7.564171988491037,7.342713298022206,8.025650537581189,2.397336882561385,2.88749395361649,5.52148859463666,6.124666999259183,6.177955075867956,4.451363014322755,4.0696075585970455,4.562333073683959,8.360439844915238,7.992277392844327,8.23788778181921,4.082214343311131,4.206723977563229,3.658533594877115,7.806685482039015,7.367382219088441,7.408624193079142,4.378611195782126,4.261101738939004,4.682963977559522,4.725014821735812,3.387726579494787,3.546060151901946,3.56036195540967,5.549013525589073,5.659810942705345,3.4433735754632693,6.0947281853145245,6.115026216898899,3.3205408587778464,3.344195266479362,9.181262264564367,10.32432751944392,10.138370946628406,10.27855053663973,10.259670195421238,10.078888219761488,10.0172704538562,10.387444494704399,9.631940684816792,9.438071939532128,9.627585435173854,10.231699556385086,11.155009595232363,10.537790374385931,8.927446986308071,9.16116404016345,10.371072537474046,10.393246808318438,5.875471082057835,5.965295871912788,5.764545535760471,5.71975015420065,5.097199774713323,5.350168295223474,5.23357249301767,4.980755038938298,9.399799189227894,8.055035483434482,6.4524806765155525,5.047810446065222,1.892907696308109,7.469823421103063,7.117832313800635,7.283720896838915,6.963448566215973,6.167723345168742,6.791193991344906,7.103143916021272,5.148267557802129,3.594090477795694,1.054434151410792,7.170030032445171,7.128278171843048,6.938181643440329,6.819466341744526,6.908475401526953,6.591397308433303,4.812174333866704,5.566317397762607,5.994787329168165,7.8098781149008545,7.614592987379851,6.244000427842343,6.518568094624468,6.4455713718629415,6.328370395042677,6.346238504375522,6.476072445732406,5.966100899502493,6.211268669103248,6.306517572709607,6.306605235207128,6.614045469299718,6.46291595673557,5.078238220025048,5.302343290964782,4.942968056237753,5.741287537023238,5.740792389659218,5.511538535225039,7.45598727372138,7.579976694331567,7.700650616890554,6.381672447982975,6.600643983325387,6.392251235193257,6.344555992049223,6.34469325645248,6.694802275478109,6.569951699974887,6.470182812022891
75.0,-2.9810614389602073,-2.9624459398381404,-2.1346142721959662,-1.809486732318362,-1.6745646510537728,-1.620269919054877,-0.8884725909273357,-0.8486741879281592,-0.2879205130838116,-0.310335249806009,-3.049653425930197,-3.155505722493812,-2.970014419519087,-3.044770193316051,-2.8715721357013386,-2.8749186633747694,-2.973791041533042,-2.8823044167113316,-3.494451198691035,-3.42248078703897,-3.034553952429091,-2.850737692415885,-3.0816010731466825,-3.3342793058060796,-1.4402189331437603,-1.3260253855335487,-1.6008279019965848,-1.5186770340368678,-1.898350388844575,-1.9519882105920203,-1.7789685287222792,-1.7016779771499575,-1.7610986062550236,-1.8916514230464632,-3.09159655395007,-3.0258693905859833,-2.799176152875111,-2.7514731519340625,-2.8842320463805997,-2.80594439506374,-2.7035848443646913,-2.715258703705924,-2.887376650892838,-2.858077649285855,-2.245340429861523,-2.538374774789041,-2.271979400271265,-2.2804585650418296,-2.22341346245792,-2.4233812180193084,-2.512603094798619,-3.2704234091818174,-3.298020166225836,-3.4035324029904572,-3.337311550478507,-3.5858099742206413,-3.6181172646396007,-3.5221722080284854,-3.5764396156440847,-2.5744655680082627,-2.781688752699269,-2.7216104622067636,-2.7036317847900566,-3.8213987774950287,-3.6878217872956345,-3.7138005195103956,-3.5938324677482374,-2.6733835206269925,-2.676487302921169,-2.694241893509748,-2.695581862420462,-3.052843305328638,-3.127346528863006,-3.0909602431822583,-2.941764078318948,-2.7166997534676387,-2.8919404077372066,-2.700345089057338,-2.8256314951207058,-2.9098665426743864,-2.778042509270282,-2.786395275128383,-2.912081692670508,-2.0155057189246666,-1.7593343267107837,-1.772003009298789,-1.867197079982697,-2.241266335491595,-2.079642661408231,-3.2724338862012683,-3.738194777575643,-3.7749786809550088,-3.564011598569765,-3.629981058501677,-3.3368128039723786,-4.54861348767543,-3.3251588758913737,-3.584223366893937,-3.5929570817399323,-4.03675928225724,-3.080571043288357,-3.8358989520233617,-4.154091577048341,-1.0567340510694212,-1.1111776034017815,-1.3038412945757774,-1.451396980165585,-3.7568952890167306,-3.8194389405893787,-3.7277942037252867,-3.378999199513352,-2.626748284715358,-2.383876130539381,-2.237924821527038,-3.034730592210604,-3.1670864977516437,-3.1717518005816476,-3.0275727091989992,-3.3970844180614534,-3.2430317045422283,-4.64726927434927,-4.551106613070036,-4.3678776209607975,-4.373719776932894,-4.212263287601051,-4.012164715831572,-2.797684021439453,-2.676939395467061,-2.5793005215488805,-2.565211905705162,-2.6567113616304923,-2.589496229039362,-2.737952810222616,-2.8231713085922774,-2.638484108874307,-2.7437887967740977,-2.8395504895007466,-2.7950718272084742,-0.6862098307391626,-0.9233679540740596,-0.18882167153372187,0.6305953583729744,-0.5732266426312158,-2.3914004157760385,-1.8286968641217172,-1.4620417636665346,-1.788607191662459,-1.898401192901627,-1.0300042725692897,-0.8279197697009,-1.1699801189438652,-0.2017803008065,-0.47079278177290007,-0.7400789945590418,-1.4339984409245652,-1.3938203305424555,-1.199046546637419,-0.26173981926026624,0.8157762092979866,-0.02192182548294852,-3.758774633264144,-3.6162744185895157,-2.7055712723361225,-2.6311450666788083,-3.5863019149903206,-3.4711727568148163,-3.5318392055493817,-3.819735790673324,-4.137336860835154,-3.4297509331248808,-2.81024522352787,-3.3864666499485683,-2.9158214881001996,-3.122154469881103,-1.5601179197986994,-1.1378192591205547,-1.3713901765160994,-1.067063963127536,-1.9001127160915274,-1.6050130107616827,-1.7583000465338543,-1.6299583284424486,-0.7202958205224004,-0.7343687240344448,-0.696242261688246,-2.829048125068047,-3.7504645509541064,-3.289610678331494,-1.1627585883854756,-1.1633725590577608,-1.7758001327093087,-1.3930388896398647,-1.2484343253713526,-1.221536541629714,-1.2146346060284685,-1.0610023669769637,-1.5021355847871476,-1.6145647924212616,-1.5378098384502223,-1.52524864033537,-4.1182968794126165,-2.4735843561670396,-2.214973746435078,-2.65909466414557,-3.497243004186579,-4.001620241826522,-4.403351123537579,-4.033513457074584,-3.6965776545240754,-1.83986589262887,-2.394445376073766,-2.0915277197363906,-2.4685851078005,-3.0847576274179254,-3.307420864304019,-1.7628592586751264,-1.4343086204955053,-1.5153221375800374,-5.111475386845173,-5.189760769137816,-5.210125177318837,-1.6455116242969616,-1.5897527102004485,-1.7014621580307185,-1.581944509782348,-1.4327303462004561,-2.6630582248524455,-2.525912148772555,-2.177711859360288,-2.2800407515345897,-2.401648219016886,-2.4249209180454425,-2.7271379753338527,-3.2742200799597834,-3.201337534140711,-3.6208441437007224,-3.8633061225871224,-4.204089781486061,-3.30813147938491,-3.4157276474876337,-3.5133238536531053,-4.25775269188574,-4.481559527670232,-4.401107251737184,-0.9833998982998722,-0.9639809580293388,-1.2182489980009166,-2.2380432097199243,-2.6907859017872884,-2.393898597709846,-2.042507408399416,-2.1406027186740957,-2.455382810483524,-2.6201656186778113,-2.5446612447678785
76.0,4.608748610765328,4.54402774457504,4.76216018020235,4.9116964400245475,4.778484832075108,4.526018791403727,4.063619232276186,4.134307216652487,3.5985778109436755,3.498369242387426,4.304187718034674,4.401636079049311,3.8086271133646816,3.6890172928608207,4.154638061619776,4.127511016828339,4.768960474390228,4.591797942353203,4.765707857559759,4.597380226393736,4.991014393468587,4.980776944214121,6.193082516084148,6.155126586084371,4.526406597019605,4.3014346419056135,4.5288717160895455,4.523360658693928,5.403381530731335,5.152175857010254,4.463390802337102,4.339204968424036,4.953507476833834,4.9673538257471685,5.74160881063401,5.683226077667132,5.016962398699136,5.073765921468647,5.100735357521143,5.158586425353524,5.067282206452001,5.028524142812456,5.191673829961524,5.145317823445229,5.445984963647611,5.290725031959049,5.399273695569559,5.198503865122218,5.20687948835701,5.244452774443543,5.268029530470843,4.240913379789205,4.234775666935917,4.223391904320543,4.288560153150261,4.42585555865882,4.528774128376392,4.459867304868538,4.5226916292137656,5.19946959100305,5.161900045158425,5.088297268348088,5.153051274337515,5.772700011346317,5.6985398216863565,5.748857219359591,5.702218789418614,5.372033073637257,5.3149432915440435,5.277824930310713,5.388960438515441,4.990910666940318,5.21204441479722,5.045364091896717,5.002846240350183,5.172022966841483,5.1816572919222414,5.2319989414589685,5.115464256152302,5.313401756877488,5.197807833384655,5.319028000184387,5.393261523478219,3.0381675937093915,3.040300775914532,2.579067108034859,2.835269101704922,6.417931166156955,6.302595860053774,3.178446437534944,4.232400335188707,4.074965431355591,5.829882172377337,5.906473030097571,4.670489079148723,3.791755498063794,3.0757948904542616,5.004119422809706,4.801252875843305,3.687691254026809,4.36127812978566,3.1016539079413827,3.0491550420172864,6.305561785379727,6.2750342159034584,6.48476074110999,6.162492532737567,2.9987792722488744,3.1459575505029433,3.4437965501605743,3.1692933789836406,7.686096650585748,7.689364473272535,7.6950258970620835,4.3225079364084085,4.3531838523755635,4.292144802166405,4.242514773824471,4.52127907941783,4.489981128999738,6.554292010746703,6.618172620266748,6.590947313874769,6.712739195645148,6.084988165474389,6.050777668941567,1.5614219836522873,1.577986888044037,1.4536758341690112,1.1773707101909743,1.269320652072977,1.2653729942884513,1.932196399648867,1.830318047824294,1.8859961467532458,1.7912838856518776,1.9920947103034172,1.857087308880367,4.530408161598241,4.236206559951159,2.8568205413050793,3.1558636231943984,2.388647770656532,4.062937591547779,5.1481844422730605,3.562326274882515,3.168645746962536,3.272535663076276,4.2382422898485705,3.497431808924207,4.009590086587427,1.9030508859884492,1.6669573558672792,1.9340546281231177,2.4235957445291842,2.7061585571091484,2.3756380150380485,0.4403869252381716,0.5281378718853511,0.42874536261111107,1.4121744641288134,1.3158039969546413,0.8186909519633687,0.6346601874311424,3.735059087480532,3.3826173074057757,3.133212992892382,0.3132060811319821,0.1785299973728507,3.2817533855780248,0.13381549710266993,0.153532895880649,3.362957727063947,3.3686311774068356,3.596126942235077,3.337343506839904,3.283271982543009,3.409465314010264,2.5112408510260265,2.5736347701518127,2.493492006232597,2.4759836213395405,3.5009003759182113,3.4000529597881606,3.3393087938438484,3.74941738908463,4.397077952122431,4.074007195854373,3.500331625479151,3.7308693180641685,2.7559671978398357,2.6373881080473853,6.372600933469524,6.341908004504118,6.506506758852954,6.479002804566772,6.650667837153728,6.740363697751155,6.3806339134087455,6.574485061595106,2.1265979947687716,0.6285924559120986,1.32191872933334,2.0022025484853967,3.293708729168261,0.28490363079711134,-0.18886265745711261,-0.4691294290850485,-0.07119511919921306,3.0926422696599167,2.3152501178433678,2.0043774869644437,2.612549877405493,3.126273011204385,5.012048747504833,4.594224918083493,4.75298836247017,4.72159705653738,2.6680271772466804,2.7984573770595778,3.1476265167288577,3.1103328339917566,3.141501128148956,3.0750468880918915,6.2767648376655565,6.196258061661673,6.780558317236665,6.612301934522542,6.668489554220264,3.1825927222958366,3.3089530889839827,3.276063581891191,5.677803354439832,5.9708587965545545,5.875278236544292,5.338356776885709,5.230120984465892,5.209635354568649,3.49439702254216,3.3632524229752585,3.276053740864412,4.90289310459991,5.025451941652615,4.9755491606834354,6.516665983502439,6.530428604194263,6.6250881787347105,7.129524467502293,7.212740822122955,7.044658360258941,3.965371445945971,3.987016207150535,7.001628151099867,6.970493277304271,7.154683320531262
77.0,2.8783733675183134,3.0431772523390226,2.960265494965382,3.1201798550768,3.0268492935806206,2.850946648575084,3.264683796339355,3.0505604653418246,3.5608461498419324,3.449854082298616,2.9944212119157183,2.950141768233954,2.913997859066983,2.973270256510253,3.3000412132538255,3.446894980036821,3.036525663559299,2.9449858624875533,1.5823782777412254,1.6880957421981075,1.6770559971774959,1.7306576153385973,0.4014375752757018,0.30476198933460585,0.023819013474545514,0.13924241532668535,-0.28734251134313027,-0.35660822150694305,0.1646112955716892,0.022872711874624585,0.009558311589803026,-0.029259279924766624,-0.05432437088645736,0.01306661804387721,0.593113560664555,0.5348562839332933,2.8282957857479225,2.812782236026373,2.7758293624386035,2.9165145386695768,3.148477849250762,3.135304109005994,3.1829418831571257,3.0271855123874136,3.0822329484562876,2.8979557655270813,3.0208757037965928,2.851259802589919,2.925913458141241,2.8179511109729583,3.0766525140380767,2.7685094106267316,2.8132641153453815,2.7187574872062434,2.7856902586821626,3.121116443555918,3.079179964733852,3.1942597430903032,3.0728841102084297,2.8397799058900457,2.821625181922448,3.005421361167161,2.889906183705114,2.6547785706170504,2.770848684082718,2.686305396729476,2.6616440520543447,2.6561717797705198,2.5865388562318663,2.5517355837060673,2.6965049113499795,2.6473090975551186,2.944911827587177,2.911225419938299,2.808313147219535,2.636458539898479,2.7529923875616737,2.7878590893358206,2.740888200283776,2.436425580610413,2.392659300310387,2.1498349449771235,2.2991031906188524,2.839340779388915,3.040417630276054,2.9081613890632374,2.8469845804717604,2.837650422816947,2.6057851181656364,3.089679909988204,1.4553974750039238,1.3067935771175119,2.23280123703237,2.0817369954994778,3.0587901282345005,2.1057146988962545,3.0246948700451224,2.684363051993884,2.5523641473486895,2.299741779511807,3.205684378062567,2.4455440164986513,2.5206240648316705,2.437796637291492,2.729963840248965,2.5061268816114843,2.698050548983903,2.57424774629761,2.5040497552714376,2.9665257327316636,3.1767012792880482,3.0408040910642384,3.112347778641894,2.9363972698047345,2.7462944072072215,2.8838293207425787,2.937153879099169,2.968037422712599,2.913134293564811,2.968944067129616,2.2657883674333967,2.2105060844511835,2.2660821260928308,2.286459482136425,2.7097154782212316,2.6319771320816208,0.2838873274649849,0.3170062631697492,0.14076090984270007,0.16772034258477753,0.2691083616061807,0.23574148479398538,0.08921998633334027,0.07466387769895899,0.12161051298984038,0.09843251823023547,0.049216208414078366,0.014642126955914492,1.7963048361563363,1.872961530714008,0.3604846009342486,0.778052348998604,-0.00010717851283548185,1.9899530897160407,1.7384218426532945,0.44292399889594325,0.5133182502885107,0.27654744965755196,2.6136674059448577,2.707846284510098,2.3087468980710515,1.4396939440555387,0.9741235992765418,0.9201348712291049,1.1949008340544083,1.2190872743885244,0.8712055861335646,0.15995462653268167,0.48832430766611434,0.24136866368947718,1.378230556119016,1.4714713241837742,1.2565535900090845,1.3702012898296916,1.3013946746764589,1.1607857021995889,1.3400805939575555,1.4504132492223007,1.3706242736388354,1.136192917649451,1.1967723676990696,1.0707074083268084,0.9193730462643765,1.104106195822597,1.7413894033322528,1.8075507016165542,1.8054889661854352,1.7442330908820658,2.241829922528515,2.1564260012150323,2.205558180107774,1.4241935015443588,1.9589079285572533,1.8532532698485413,2.0065112826160583,2.011480485275671,2.4507330193769494,2.292230606843037,1.5472267019092794,1.6592073525266153,1.4633661666270665,1.512233947201862,2.7825507588162544,2.7146357059891715,2.5877468176350567,2.7769028902462676,2.7035704805918,2.812639092585616,2.6156526650604444,2.6033908277997044,2.526635771161081,1.8176989382059343,1.574289957644357,1.651244225006371,1.5118172124476654,2.7184235162718826,2.2447256154942803,2.335283444829028,2.216310199059913,2.5340880135527057,2.399503806292213,1.8913884032413524,1.824315233331082,1.8014599396474633,2.1258312426432893,3.7997328592678894,3.7885921033660743,3.632886302947968,3.8218837303222504,3.698099502857776,3.6692118476240356,0.2542131595528625,0.33449084097195225,0.4674799596800039,1.0832619448776493,1.082336287423388,0.8272921929522647,0.9702896364592188,1.229931612476336,0.39192181078511723,0.27043572241387537,0.19068640016467597,1.108505967052671,0.9046645178427855,1.1652540624254373,1.1982447343188705,1.2371028854284667,1.236335804755699,0.9671320106569379,0.9529799150122598,0.7167414015259403,1.5529818681521501,1.6449767136477185,1.4588002682537802,1.0965347314362184,1.1901709013639614,1.0584400821980022,1.3039907083039664,0.9807475375583108,1.1365331692768317,0.775891358477403,0.9331265106551516,1.5227398196573976,1.481985801975874,1.3852951973438135
78.0,-0.2950716397202946,-0.28142062822942826,-0.03890817402273328,-0.07763956308106224,-0.2051079571335297,-0.2667736856558207,-0.44845546319968577,-0.29653788243407675,-0.48598626757441465,-0.5417362333307256,-0.9950348830892324,-0.9343614337595145,-1.0355937602039376,-0.9407429193229113,-1.8657963959940709,-1.8197904386876615,-1.1201693505239216,-1.3132477127724673,-2.173403343473028,-2.233518227851043,-1.4918123996165153,-1.645139837557398,0.12961889397932502,0.13791273394375736,1.2036060812396094,1.248436001522867,1.9683497308030926,2.007717922707336,0.6396097391712683,0.5601139826998836,1.3557287345432627,1.216171574579107,1.2816003704116596,1.4220350079558841,1.0523566531769308,1.111731275088573,-0.8455426851285477,-0.8321372369811346,-0.9363822596333655,-0.903012973964417,-1.0422233765025322,-0.9724831938544849,-0.8853870571939488,-1.141365675997589,-0.07662025164045616,-0.301671340457613,-0.26698942654945945,-0.4027784888825501,-0.36858008060420033,-0.38086750696769833,-0.37638282437970716,-1.3905746449531513,-1.5177240221717234,-1.4250492128332155,-1.4915304435899692,-0.4843457766901711,-0.4134075048559236,-0.421761878855051,-0.5009406452679688,0.14364576105355553,0.16481697186770106,0.2048930265026545,0.03502434286313694,0.44007218253401703,0.2392914439431859,0.45643633112772086,0.32258767016260137,-1.485218271786085,-1.6666543112843968,-1.4849995844616846,-1.4693775263253173,-0.9083944471478897,-1.129586261111113,-1.0188056205115998,-0.8942987517318812,0.05839051895401148,0.11061895102750441,0.05940317841280951,0.15105199794049362,0.5108713553481934,0.2666222555517592,0.1985490427252934,0.2758344713510166,1.0633356463911436,1.0797390181160793,1.1176818442802308,1.1197203498651778,-1.536090146545515,-1.724463941862318,1.5349266306487017,1.5129624175057934,1.5448939924214091,-0.5346625560394571,-0.543383530486361,0.6881764170411842,0.7307747009649734,1.4106296750486393,0.013021631334577677,0.010173919922035424,0.47190955293397785,0.5671516898601929,1.816904859764259,2.6775214147451596,-1.7182181489762112,-1.148569913541797,-1.1804754707380685,-1.2771476373919253,2.3750390820986276,1.7709485434404328,1.6770741679348546,1.8669373394813178,0.4354436661984895,0.4263829659356375,0.31865369370826535,1.6816489499322493,1.6155979740599857,1.6509124235383492,1.5772584281480668,1.9371310491866538,1.8300664266344011,2.661129382688003,2.71263780041561,2.5277834231404945,2.391094470113602,1.6094122901361434,1.5810892529711502,1.800715025202802,1.8649996553703172,2.176664356170221,2.1217807365031316,2.196269980122425,2.1218199089925562,1.2939857998327629,1.2357350882976998,1.476250732830188,1.463261990590503,1.5486794355831464,1.559885242720016,1.484495595539281,1.8365094015823331,2.9203252370019435,2.7515464922476944,2.876954053266486,0.7716115317923027,1.1886926105906994,1.591046191742901,1.746578060451597,1.7787145457831457,1.9993108120773826,1.64134197654999,2.6964827263326665,2.949946727023704,3.119756828343627,3.2311390858444238,2.9837919731903533,2.8749597588954874,2.75849502117161,3.354947899888881,3.292926402228982,3.242126825381572,3.4426207656847065,3.3386648059755544,2.7544129592548874,2.863401586375069,2.531980980486539,2.5243462664995775,2.6369585762267924,2.632025276545461,3.368142366704987,2.352889389202918,2.948924061485778,2.722729642598276,2.597495560826861,2.678372698121443,0.5676102093984756,0.5244932300382104,0.5635041544656954,0.5487635011184349,1.1555541909198155,1.0453346843058533,0.9619506314659461,1.2864444523951963,0.5976547927507809,0.6941572711762891,0.6309500664477774,1.4050409555746164,1.6033555611633385,1.4250992427262172,0.5487969013991769,0.4366771503197846,1.072424230436889,0.9974194264682659,-0.5717919828440952,-0.593733221505099,-0.5166265123941631,-0.6915741582964436,-0.5708496180229226,-0.6892462842210936,-0.563311885334949,-0.5547084128659883,2.460888959539677,2.606388613770326,1.9433273685623647,1.3447896831757742,0.7077182213899551,2.4819458024827217,2.575110480925858,2.4539041262255754,2.2142909610197687,0.4090380274200154,1.2444866384521998,1.145268659726586,1.151891669212949,0.679653563688321,-0.14534328283057185,3.159045181176131,3.141986731630599,2.775395476697538,4.392229598785374,4.51104626740403,4.44250130081919,-1.0034624949756736,-0.5284775119652689,-0.29085060916819216,-0.990277305913903,-1.0067805311170641,-0.34123805348690794,-0.18967507064796862,-0.0780263248665154,0.18292301455813664,0.17896268463945653,0.1681533522053087,-1.0849169898631175,-1.0685430713060136,-0.8606120176080267,0.3938270997860478,0.48952780909745996,0.3677929959881201,0.3431857570027699,0.27297259366182836,0.37176116010391347,-0.6978201218645435,-0.2830003735600197,-0.3807212530941264,0.24043919023190696,0.35052770865998006,0.19255717092210922,-0.32360235068028587,-0.573972411470157,-0.3182644529722296,0.037452967631322664,0.09901487991039204,-1.3008018151057215,-1.3261720456373869,-1.4433540022468705
79.0,-6.970085763669282,-6.869427178186534,-5.778702787302571,-5.826608864891263,-6.056619209017885,-5.96818923715518,-6.103035688754847,-6.023400072993319,-5.790928416747768,-5.44627054330347,-7.081811418160523,-6.967536493975903,-7.1539890680273786,-7.230170086588139,-7.314745088997064,-7.1643723629285105,-7.175770820818055,-7.316281494487811,-6.5129972862449215,-6.544339495202305,-6.5341240161892244,-6.504958645183073,-6.2624343911047795,-6.12357958696888,-5.441523706449022,-5.611877263703882,-5.209167260068821,-5.041678867841508,-5.565205891586263,-5.559887228698841,-5.135916850409071,-5.004238237506961,-5.319541102719629,-5.33186080647037,-6.4432201538850435,-6.032680386842724,-6.167646164109744,-6.176878466109599,-6.248797468131059,-6.205482978212128,-6.39553458930623,-6.281281732114579,-6.363147865919522,-6.367730662141451,-5.853773380874486,-5.987261088835687,-5.649152986190622,-5.982701851647111,-5.902991458507838,-5.615198839686045,-6.089233762012146,-6.216770664686948,-6.080738391014336,-6.230806524797924,-6.137509904649217,-6.9482543586895495,-6.850618818124783,-6.921671630269568,-7.08278437154733,-6.586799004486423,-6.646038999441945,-6.715535743716682,-6.656342831034664,-6.547124965063205,-6.4891531983018,-6.524416208091491,-6.483994739266382,-6.779990668721229,-6.9920963943718775,-6.715809269077408,-6.74593808540541,-7.086898431337509,-6.828250017839643,-6.856424626825987,-6.970580925810978,-6.746481968539349,-6.63498030347391,-6.789217151113419,-6.865989680297346,-6.368450569015955,-6.507248780134173,-6.586434344796647,-6.195229109847688,-5.700251764574851,-5.429282764635882,-5.898246544246369,-5.624069448457671,-7.302599897319816,-7.1568202373319,-5.877551528826604,-5.541662103900197,-5.8415598679780025,-6.256999798337667,-6.333536389523125,-5.093111086604043,-7.180784967146529,-5.819188043112412,-6.638640682807516,-6.660956464631344,-7.311562828244359,-5.573007112651059,-5.9406436378568905,-6.263795097715732,-6.854507335421339,-6.711459287717215,-7.162789441158804,-6.951269830689604,-5.724152850058363,-5.922978153577549,-5.888777228519793,-5.991588766487112,-6.763547966304255,-6.629132914544336,-6.682894298228689,-7.73936777547933,-7.5416974436777195,-7.674035747064121,-7.803005204693722,-7.477472441694861,-7.458317303781456,-7.071631521008845,-6.915304151541914,-7.153371440680639,-6.943535615668315,-7.7611167506297605,-7.679456490765482,-5.333829848467115,-5.579287474411853,-5.339436124473114,-5.338850981719919,-5.3835473688797,-5.631509451358493,-5.576526437115714,-5.760311421312288,-5.719809642394694,-5.887366647492126,-6.030548323796978,-6.000900691515273,-8.317781224156963,-8.118527359352491,-7.012514382246337,-6.746095558163994,-6.812077928938578,-7.712798845957103,-7.861960140705829,-6.400248570939922,-6.9018024051320275,-6.649001671185555,-7.517284337619991,-7.072608701002064,-6.764477351305494,-6.479458241867057,-6.159892364843042,-6.236002198760232,-7.012378504441912,-7.113722265052083,-6.180612765298591,-5.844984152358808,-5.819955073375247,-5.769497420586752,-6.701629690777587,-7.033413065316221,-6.625404233126318,-6.547115163350043,-6.624505148041127,-6.52205470963527,-6.739280351185304,-7.698787155995618,-8.202677300843128,-6.4768069204468794,-7.671023895665481,-7.735306599648311,-5.865079607419013,-5.7619017338970515,-6.631773466808465,-5.95714105406315,-5.901978198182157,-5.954911562106695,-7.896439638342539,-7.70824504307539,-7.473517163409522,-5.738216792210199,-5.890097392154143,-6.034291615396281,-5.945492545063303,-6.347461599477899,-6.929275001913677,-6.6000743285854675,-6.30053135836587,-6.211479866146554,-5.830769411398798,-6.003661915948772,-7.020438845291935,-7.074025454177807,-6.587269616438558,-6.882889157536017,-6.647796059392604,-6.927672917314457,-6.758622432754297,-6.58140535355485,-9.07405871472778,-8.464867830831992,-7.995513850696643,-8.211778905393782,-7.124356067332364,-7.4011755353337065,-7.929218071117159,-7.434157451362534,-7.1350476528471525,-5.406372314678126,-7.573793490516206,-7.388442500731426,-7.408475157322435,-7.4257090779384995,-6.453101114583525,-3.3949110230808905,-2.979951383723048,-3.1193288684785543,-6.138300156212441,-6.271893230375074,-5.825277353851092,-7.370901900433132,-7.3756857665557725,-7.049041855478986,-5.136614376899082,-5.175154949018239,-5.662908506372066,-5.64892456278487,-5.754337021239525,-6.489561572706993,-6.148751794189895,-6.635012841579233,-4.758435189383377,-5.043221529083638,-5.288532075059727,-5.805143920943092,-5.8981693224319685,-5.73421152850721,-6.166915458571651,-6.039100762620553,-5.874581999692346,-4.786168062061105,-5.0544029434593085,-5.001604068807016,-6.120580092071165,-6.108143891449604,-6.198333636044932,-6.613631505030931,-6.879068675417091,-6.593516874469785,-6.706317426015016,-6.902150550617716,-5.368999721882048,-5.480632358447178,-5.4041170565537655
80.0,-5.418147753197877,-5.599260103815114,-8.903486586399938,-9.52248779956876,-9.358580473728743,-9.821914819329887,-11.172849819886718,-10.9400566646781,-13.725301670646367,-13.850609027770979,-7.04590670718601,-7.118535822175451,-6.372717200152682,-6.202166785326785,-5.661241315547574,-5.506487563680572,-5.557462998047209,-5.373719795889215,-6.698513067538295,-6.776161192850131,-7.520143922041388,-7.589293729336003,-7.299637157765137,-7.180728478686943,-12.699645171407052,-12.647601727450391,-11.667178374252757,-11.813602311073806,-11.562664534095461,-11.744656472147787,-11.407352154629418,-11.4926891009961,-10.73940628224516,-10.755006054106046,-6.997005873141381,-7.013882928074013,-7.7215877383523175,-7.783457898391978,-7.7447229745469315,-7.686894435849792,-7.183586483203525,-7.141441648110206,-7.153766305662577,-7.30591347353165,-7.556577808710882,-7.575752431130338,-7.569178394678936,-7.437454006601415,-7.399569625902934,-7.230935095574795,-7.41431240183749,-6.502815385935243,-6.543612121544404,-6.5274213286949525,-6.522318140412018,-6.715887774819518,-6.576351961967714,-6.740364982537875,-6.660091728697234,-8.564701866777275,-8.310180591197087,-8.377452072442239,-8.298392556666064,-8.566144384876623,-8.461748131901135,-8.623751054160524,-8.455759114388595,-6.3528749195060605,-6.346825883679086,-6.28379398859299,-6.291173657297424,-6.274186121703094,-6.3727850254637755,-6.326448168405728,-6.442671916745143,-7.472280607768875,-7.3980552105948085,-7.459675583309238,-7.4729240907768,-7.3606269943659,-7.262911276389342,-7.5570529316801895,-7.610730351269638,-8.565463416818716,-8.483666990140748,-7.869765880330107,-7.967002774842657,-4.066629505483338,-4.162041580906067,-6.127119037960924,-6.478619650420667,-6.125623045530514,-5.706070534994929,-5.697258111719837,-6.244682377402654,-5.584039646914636,-5.869865684297906,-5.388595167614556,-5.77154616420111,-5.77767287699,-6.493659965012906,-5.984694639969488,-5.774776802357909,-5.660588392476461,-6.5549483362831005,-6.4181298638831805,-5.992419865359272,-5.635320112589987,-6.390896754132344,-6.561728571243396,-6.814925569292528,-6.981377180028787,-7.263556964949073,-7.083001831485252,-6.05180559547216,-6.155435047661543,-6.145148794083287,-6.1329135878949455,-6.283270882607235,-6.280739440564293,-5.020080095539498,-5.061208144303077,-5.039416536204673,-4.766510083848363,-4.392767664028504,-4.310186810729533,-6.469537408832835,-6.49653048763941,-6.513947982099008,-6.402340416298234,-6.166055204680555,-6.148985511600836,-6.348481067330994,-6.414955460647532,-6.003954425692196,-6.148639917922408,-5.97575236747984,-5.994467153661411,-11.248469528767966,-10.600617151829479,-11.813078220864206,-12.688537858835094,-11.403783769532026,-9.684505153355154,-9.890037983670812,-10.524385871775833,-10.26195664479324,-10.125018717359506,-9.446537089194523,-9.871927641409359,-9.490865276796194,-12.120155370312292,-11.196134073616282,-11.16806200439719,-10.803528028392996,-10.699121679276129,-11.433553285647777,-11.85421777928044,-12.225786755497172,-12.158659357575592,-6.73699631986015,-6.5482210295565295,-7.217988787506581,-7.062836964059498,-5.394463679334155,-6.047049831397452,-5.967284843923656,-6.338967896445213,-5.820811335118032,-6.20372106603881,-6.041926723159749,-5.5351460240142405,-7.327076603735652,-7.204335753533856,-7.572743685196979,-8.370390902254263,-8.507243264211441,-8.427610609129085,-7.587217053819744,-7.692558962543668,-7.584682928398696,-8.556713264266826,-7.791005162199106,-7.617503512385412,-7.610582802639218,-7.801593392251483,-7.878064184072782,-7.818116927519336,-7.516809456431247,-7.771183681710875,-8.606644570703931,-8.518146659468707,-4.115351343619292,-3.812206514885162,-3.5832981567138944,-3.690868290843987,-3.7575074381857654,-3.8961180978079533,-3.947616261966722,-3.788697602617873,-7.647380062934257,-6.98126338942177,-6.883876792603015,-6.207561255409882,-5.4850537093054665,-7.270775376907022,-6.676476566596342,-6.675648481051557,-6.95153187638541,-8.232862702554652,-8.789155431713098,-8.058819819293841,-6.787382029544425,-5.549804565678899,-5.272318657549674,-12.211203128375244,-12.169551217574078,-12.054207752299453,-7.214350289906514,-7.125717394241931,-7.491151571417197,-8.263227618924132,-8.527578414867895,-8.43710859022669,-9.964707696125462,-9.83210616611558,-7.765459872483765,-7.682071929230295,-7.472323968742982,-7.562054827931497,-7.8046267555197755,-7.80544809785702,-8.223955973558876,-8.433405549360433,-8.189685109732823,-5.372979640059478,-5.3798805384771065,-5.579596584250464,-5.859443301420768,-5.902439647959666,-5.823072159551382,-6.5490015362313265,-6.430808911830219,-6.222138894471756,-8.643867117936692,-8.659465521954854,-8.70151868219435,-7.9796747866943205,-8.578740852792276,-8.125668683623484,-8.099285963350574,-8.072156439139434,-9.18159839765621,-9.198468745876735,-9.266644701967323
81.0,-6.958568144579127,-7.243674081228985,-8.70987951084544,-8.662899867649235,-8.15779996890574,-8.290556036312914,-8.707662588144604,-8.533893589560735,-8.722724354281306,-9.032994372496741,-6.382197073572495,-6.521660031784176,-6.048081564613721,-6.106674070463942,-5.8876277632564324,-5.798091523744731,-5.082935305400545,-5.296145310015696,-3.3114574894730247,-3.2425823197227146,-3.578712215663362,-3.530415673875165,-3.6966195206417467,-3.7627071532410064,-6.198735986118015,-6.036563494465154,-5.3962464505551075,-5.538687116227486,-4.911196595518927,-5.08210729364561,-4.990468608125809,-5.131644378962445,-5.1120888787823,-5.065808032139396,-3.4432615877247237,-3.556348806436059,-3.9431410455287335,-3.9724089921727135,-4.017005555150892,-3.9846296636022487,-4.887089440881226,-4.954119963049884,-5.007194517460331,-4.895618633569413,-5.524725004769607,-5.586686285338375,-5.668298985588272,-5.637435156674931,-5.674583911493357,-5.686533809402544,-5.718270849560605,-4.645772710317718,-4.757526399913328,-4.754397535276038,-4.573234284529935,-5.0996672879896785,-5.1249238611281775,-4.976092036387207,-5.154538196573469,-6.122336896737028,-6.138720758949042,-6.031783197149782,-6.016632265835366,-6.226747712059808,-6.089759914545649,-6.121276302974898,-6.110851387335906,-6.220265382397493,-6.286000143857578,-6.212748728505408,-6.134337303415295,-5.813498944116363,-6.026933458238027,-5.935475240477405,-5.991224661258588,-5.744513890065868,-5.9480698785558594,-5.7825091404201086,-5.765612415452701,-6.072266447362878,-6.002249623478624,-5.864971786568912,-5.915033308367537,-5.109575445865154,-5.264562632037688,-5.256050414645454,-4.927196257007445,-4.405004866219427,-4.648568828547333,-3.4032112004990616,-5.964248190557008,-5.0159360781723805,-4.340342224124031,-4.276871869096489,-3.6193134137148437,-3.129066872143044,-3.8259081087209807,-3.5039386130165227,-2.73057611040916,-2.8255934051345335,-3.5526904151638234,-3.346371795617838,-3.6221716825559405,-7.34655066661437,-7.40019343587392,-7.131652267705634,-6.758870703090135,-4.172963582006311,-3.3663460415348574,-3.5140937306709397,-3.48053153207049,-6.296098625203189,-6.254176854799148,-6.227415836001057,-6.1194278771779675,-6.17835536951193,-6.286071716797023,-6.493542380867559,-6.167041642170634,-6.232870453832772,-7.259218266581234,-7.069894310157217,-6.674554753282019,-6.649708465078447,-4.927486665633106,-4.621582872281392,-4.211828257810488,-4.08897508122455,-4.115712197546824,-4.277549686338098,-4.073761709259646,-4.077042416257907,-3.6262509187967638,-3.556295174280443,-3.6571999542601823,-3.749432469287701,-3.7332102320829,-3.600264329516037,-5.514968642613269,-6.416886113142702,-11.163912140238057,-11.08204526918404,-11.411933010499023,-6.549181897984219,-6.820500094216154,-10.982399711038745,-11.041814859000912,-11.311440055132877,-6.730131525762541,-6.579787168854708,-8.106333723343415,-11.829355029754018,-11.91899478691689,-12.018636479776474,-7.891326400899288,-7.863707488532654,-8.905694474966122,-12.491906127707093,-12.276221663929544,-12.223576290016094,-6.031999501651839,-6.045600229288048,-6.03905239879818,-5.903266509689363,-3.6738680904710037,-4.209219549275447,-4.278922206354549,-7.916575759152455,-6.459691404432377,-4.088860398749333,-7.17411919691156,-6.658935207604792,-4.222819147140003,-4.230483951281727,-12.365161801841506,-12.768256592644,-12.567929526405438,-12.701349299366374,-12.541817885938627,-12.807401351815727,-12.722850676581057,-12.038483609143674,-12.067165822172848,-12.025336640822283,-11.920625409775958,-12.236446984216883,-11.083628784933621,-11.807029002536652,-12.173602374255037,-12.13749765476042,-11.700386483168089,-12.099476060687058,-6.277207541284669,-6.6867974091386095,-6.496918283933155,-6.602123909587068,-6.027975831967023,-6.0623243148046715,-6.350559995859776,-6.095909796454944,-12.764024727090025,-12.90000540967425,-11.72917701503357,-9.712357442748562,-5.840172642425735,-11.317876941353742,-9.851206112594074,-8.79628663399464,-7.2593344063479,-5.7467705582573885,-13.175646684536893,-12.391783788181751,-9.989172838283618,-7.479379260003631,-4.152093864549613,-6.418211583474637,-6.330003137401899,-6.566870926427546,-3.2676324995904302,-2.950388202323742,-3.7197738707470016,-6.640721947083037,-6.584095638023804,-6.668539758081419,-6.80855248446502,-6.533252099397416,-4.6824904914260195,-4.638873446817174,-4.567983874772969,-5.265302522689101,-5.496964500200569,-5.204863460143319,-5.487061081905576,-5.067596665246612,-5.031873420738677,-3.505379411683414,-3.5323018028419355,-3.3712919121062974,-2.663709930736445,-2.7952141688673393,-3.1720928075449812,-3.82058250288852,-4.117261353374351,-3.9282201792655744,-7.934305390121809,-7.730810835310976,-7.974103331607697,-4.482032149019247,-4.210163147196468,-4.394557389134121,-4.912978917165875,-4.9877893413524355,-4.901648125779985,-5.239840174447274,-5.120636997173968
82.0,9.713389288296407,9.81991275583423,10.644487844462533,9.828884279125061,10.90982496008709,10.49701894271251,10.571700111778268,11.164604803482625,11.246340721045051,10.825396070564615,8.027159510620532,8.210075877231066,8.327995972518512,8.119590826356626,8.725680839593469,8.418775711111868,8.753262874980923,8.608355076945205,8.748114366428608,8.836290454781901,9.227093435127932,9.081204552339738,7.916231361763174,7.9994812422159605,7.204073769754895,7.258129760607293,7.917545061573106,7.585624338794467,7.242466903242914,7.552772667373629,7.4241913778772926,7.33743919938698,7.714875832917231,7.372031009114213,7.50297312879797,8.11815106185154,4.689501214903614,4.672551272508902,4.706144531747887,4.597649789224988,3.5138432567222218,3.609332301691426,3.363511250992098,3.5369858890167363,5.324728059014197,5.377212077327164,5.335785777540564,5.345900851250977,4.1260531600081585,3.9985971105851013,3.9844770379873102,4.314992673057085,4.304147318711543,4.318809356642008,4.267027662759451,3.9486231707814623,3.963408140008103,3.949250363247171,3.974586133318369,4.448940908066848,4.561322442863294,4.320420514543174,4.3386117724162,2.7743851436210445,2.854922027241509,2.6610613483974923,2.7580890390153794,3.4969306058904452,3.6965420819053376,3.744528992493339,3.602259487972077,3.317719421268552,3.327868889085445,3.2966666316429407,3.277830215753272,4.151400815619009,4.159289407012625,3.820726323046631,3.7943312486588514,3.9774128703383296,3.9767049996198303,3.9877420517113054,3.5900915394290704,10.13065707760544,9.899544622914485,10.077640262241788,9.944576660539166,10.339690415246912,10.136876230890895,10.373471943962903,12.325695545706163,11.786837977064751,11.928486022248736,11.790419148878806,10.80354358285846,11.276362977277486,10.102256495809874,11.192890244480784,11.808824210353208,11.18757152041126,10.669129940135713,9.772811512671685,10.008088312631141,9.965096962507296,10.839074386112479,10.924631477274652,10.443612271013059,10.162520358965338,9.889513295193144,10.035219211956498,10.095913941321546,9.010750481844266,9.145240971174804,8.892741361044564,4.389651464733536,4.4139525120223695,4.997539053158405,5.069422480531109,4.284245149260283,4.423169482195057,2.1077838098287742,2.1155051145223016,1.8944077358371416,1.8188848811115435,3.112085104346775,2.898745599140806,10.921274443696339,10.968017348779895,10.697683928647395,10.649421900036549,10.934355308209376,11.035130408510076,10.741719111866187,10.789109202921846,10.949589351402306,11.001630094120964,10.851685496413037,10.820053679531725,10.507029729522452,11.430600359552983,14.688917408465375,11.729252231289925,14.020246994183799,12.870897360502013,11.121926256302167,12.855217823858194,12.147761541022682,12.320313685531442,10.917589581047448,11.809341429746967,10.862132173910936,13.28931449129987,14.488639197448627,15.059334612462326,11.03926094165387,13.799702959789386,13.494279944329653,14.456025348697084,13.432244266647903,12.896218909824542,10.015180986613853,10.12463486014316,10.080531891033365,10.157088779074126,9.843472345383558,9.739590805312952,9.902400235357346,10.196057748141312,9.890737036118658,9.885892556413564,10.065167872247676,9.477810301835863,9.567784595037137,9.433958828190157,9.765290721718156,9.51903876936815,9.523744412874056,9.678623967173515,10.038427974931516,9.498666773828374,9.611581520435793,10.353361664855806,9.398494153525714,9.693628508712344,9.908225897403904,10.206833150478898,9.258129639743695,9.24636554523333,9.596120153683447,9.813348526019592,10.071543978390585,10.291905200649962,6.628559036887312,6.069141774234321,6.243525403614903,6.229308782078048,5.565802386893827,5.895383682101256,5.828720049984129,5.632156604686903,6.317299146665178,7.631076081376401,8.43973856062674,8.929523384471633,9.215341995204659,6.96440041728073,8.097063618541679,8.291712428867976,8.679904193830238,8.157405866564236,6.535909308118011,7.91342185375399,8.308212802101567,8.737350043859138,7.9873085356462985,9.26134527141876,9.280512076106447,9.092080802978506,12.256503994198054,12.316847592961196,11.965179941261042,7.3623800626942515,7.597618935518751,9.162807984192675,8.276896895963402,8.307412832483822,8.164606616274735,9.02928217955763,9.779022312942773,10.325069756948652,9.726861844347225,9.39886235250667,8.43835348917627,7.1525366033681514,8.513871997863323,8.904852681507084,9.723813471526128,9.164836524690838,9.818884923165218,9.891699545067231,9.675905066366006,10.538101051901275,10.663990481380342,11.425957330161404,9.383598852692437,9.692592087062812,9.319426596275624,8.328148853260622,6.589278194239779,8.028169426668944,9.4885137941774,9.889930302488457,8.419955368056254,8.724356309667549,7.683241921829575
83.0,1.8661903318475748,1.9334703877040216,2.4446872428911206,2.3455637067699495,1.9099758896090737,1.8902258861365109,2.404908467219345,2.4861999148450344,3.3724554530527158,3.5276117130814217,2.215934031243897,2.2177302283005886,2.1515491571221634,2.110447425495506,1.4878275212353973,1.6485587644884276,1.5366794240311528,1.5046355847278097,2.299774345534251,2.025137097272978,0.25440606540361443,0.1882681941405675,2.3170633081409573,2.231726949658537,4.0842388791844595,4.137786904027873,4.097612021817705,4.128108871609337,3.614009209058958,3.655120486422234,3.867722464391017,3.8500769786367695,3.6824410046788927,3.7399878179487356,3.7353686905020265,3.976296581624524,1.0102140548372365,1.0367427105613736,1.078970302752312,1.0630515438013504,0.8737127963000066,0.7638043616067414,0.8145650891088465,0.8157316286105871,0.9195091051957363,0.8905558208894391,0.840228478914085,0.9004781029895899,0.5525652848918909,0.4250843465342484,0.5396747518354488,1.0685334169658898,1.0667410617701627,1.0831052980985643,1.0172268868862986,1.0337036920772906,1.0588856945941725,1.0229715069740006,1.0305781370289218,1.1812983262739625,1.2339535038603557,0.9698596455240036,0.9748258052608278,1.018870466023067,1.0503167786541105,1.0156343924262377,0.9532660618374145,1.2734272320616373,1.3888763978521457,1.2490461340493866,1.27585213612522,1.412560447593501,1.3793343522393258,1.36942739565289,1.3590847827965487,1.0035365490005823,0.9721229102100413,1.0633226896492012,0.9944653933977161,0.6133917588953395,0.7621629452068799,0.660389273355479,0.7083119478086051,0.07235176056853554,0.07345463686518272,0.012924637290247176,0.12447303844514934,0.43740905641002215,0.4595500080104866,0.2947683048673415,1.2006631695067114,0.9769942702375296,-1.1989070257821783,-1.1574801335645564,-0.9731997487388213,-0.8495834612740456,0.4188257583113604,-1.260052949525253,-1.0516626157702227,-0.8809480886068961,-0.508852270474824,1.82897773721208,2.1452945469931475,0.9643787978451233,1.00069255706887,1.149721946790775,0.9065918253951626,1.7617432826700696,1.6717545314395714,0.5853221870453744,0.467813664828606,-0.11030545833945027,-0.0019497155713956715,0.11145984290622124,2.047913720275508,2.1511735122395113,1.9388436831213394,2.0049718803807526,2.0209591212303977,1.8885054992116768,1.8066720527117042,1.8673076456170605,1.7502422687676216,1.532996333379696,1.6702201522318578,1.7250620676283237,0.8603299768645964,0.8921534513522982,1.10646344360884,1.075983938520606,1.2243594441363737,1.117010979648553,1.0763382035399047,1.1479255661916952,1.265395375220983,1.4327717785694567,1.1457420630811264,1.2624188368749305,2.227954458217379,2.3679820596948353,4.326977529484251,3.8036570535757193,4.881663054539022,1.2369016369302877,1.5978096837308176,3.666670122627325,3.5324604608939882,3.6033315636011434,1.974375656264618,1.7867697929536916,2.100811950874647,3.7425672246297044,3.8096265665131774,3.8346737455032756,2.3543866035666454,2.367812636990374,3.103015759127832,4.155288980790322,3.842007889095166,4.220117460179468,-0.7391307434439067,-0.6591263360162838,-0.8321477221262654,-0.9156900426338268,-1.2800570681512031,-1.1977582039280907,-1.5680527679951517,0.04115081510154717,0.0383627215365383,-1.6472616048655908,-0.09242876557702573,0.016578953846421385,-1.6212216872292,-1.7444981513364155,2.123366481952795,1.5847029529635854,1.639520542305041,1.5762800718785446,2.4474487129007816,2.3453777491840633,2.2502128057143747,1.8098368439527395,1.465112002753731,1.5824920274306962,1.5668178146340903,3.0378209675525003,3.1386902203859,3.0672704473479335,2.3704461780647748,2.145964962897324,1.9139103699797761,1.582698023668005,1.3373847269961416,1.4405051072207815,1.3874892045585678,1.3604848105725118,1.3101556151818325,1.4147535645976639,1.5002469721692666,1.355579545697612,4.992898168668612,5.174495770994714,4.955479286386808,4.776310962628523,4.103444222956863,5.310173795957654,5.623660436046837,5.287660355602464,4.935899828455343,3.404034552580674,3.7359963095611626,3.081651867839266,3.2229936359092317,3.039253700795671,1.9637761646962169,-1.1158809416704347,-1.351090959198915,-1.31937183400969,-0.8072228842417406,-0.6990441258670241,-0.7492736042270707,-0.5967290424227034,-0.41289649678617835,-0.4901764435476892,-1.394555704856817,-1.206769282873264,-2.649684907415992,-2.725324207521984,-2.9650081570480307,-0.7743974258969502,-0.9538124118234084,-0.8685048862673987,-1.0601190034407928,-0.9348067657182817,-0.864949916969973,-2.4527066900898546,-2.3208446177120035,-2.3882936633038465,-1.2468224098972165,-1.07298455703212,-1.1858428691060716,-1.7523330403430624,-1.7132348999156335,-1.6913067380481017,-2.5638071485052993,-2.4584317484683886,-2.277558868262455,-2.5696652907817743,-2.5208557037723853,-2.8069957873882956,-1.4298477369669182,-1.4434922644817352,-2.2125494189731594,-2.1857952952018618,-2.1449544632939865
84.0,6.897503843109514,7.057438994471019,8.308824869506074,9.136229656690137,6.902102356026741,7.046137740906802,8.095910062743286,7.635268342931154,7.9208183280210145,7.990324353854162,7.9278448611254575,7.870007596313885,7.888443939780767,7.810941071712772,7.800579365076221,7.834100764806516,7.947750687321747,8.002712842756495,8.780956541388262,8.61605526056253,8.341730570160225,8.505489945476164,8.035901674063219,8.41858628459337,9.51678015875873,9.283841810399933,9.087943577855397,9.216689143932603,9.281380642469776,9.441503062596546,8.335116711902671,8.506282406524042,8.933939112387188,9.008414654132277,8.598963940901996,8.496994142664562,6.858993032328325,6.732862398907973,6.787629348299051,6.995798156682,6.851373245060351,6.866968909807124,6.722998374826533,6.516138905584407,5.884029308623524,5.544482846048498,5.61564031257353,5.497103866103705,5.230678371376326,5.3982340402824684,5.1740278237384105,7.758885551962565,7.739765636309852,7.605281772619327,7.631441678906009,6.741975071011419,6.901993812184103,6.8101751323631765,6.786222713371658,6.386665573163406,6.529886781402051,6.657566272636835,6.584570501274044,6.893880373642798,6.986868666299053,7.012324998591891,6.839917728688773,7.427324793105268,7.236438519890635,7.346306658484197,7.337261258083906,8.08605577945097,7.831927668199992,7.787409804242003,7.57658015433898,7.133574998006923,7.180825011250106,7.184010725722699,7.009566217410853,6.446614906078253,6.857779588764691,6.635732454253605,6.990717268876182,7.5997438530391825,7.483996915388128,7.398511958264508,7.5136210308251075,6.584635211282411,6.60288110084319,7.8432664007128,6.662393653455704,6.7465086148971185,6.071717737694285,6.073223604296571,7.46677909241976,6.824236328630082,8.0457556193193,5.325169363218906,5.503593736537639,6.791062145923126,7.627583205092101,7.8452444266770325,7.723238684139552,5.4939958382993215,5.4838521812984435,5.3607621837005786,5.546384776201633,7.852392360150265,7.8158216571794,8.361671914847392,8.244214648475676,2.383310164617595,2.6293175030119533,2.432041241674998,6.405180585855832,6.170016573012405,6.583356522268029,6.443140280324808,6.898744390219586,6.77447520370182,1.5965181265050377,1.5388124135338441,1.6065459279214966,1.8258852285183775,2.756221124437096,2.8402179603845004,6.804440327298255,6.855843775867757,6.997439457697135,6.982777432452272,6.928661022326722,6.820722890261623,7.107802250473423,6.855200067819352,6.748353123014322,6.447765943318988,6.6198702936142295,6.689759775238812,8.278660657718559,8.632914439320722,6.117238536965081,7.301458460886744,5.62873880974028,7.114774089621319,7.038995554549259,7.052542062117994,7.547854092828689,6.939110948891217,8.496806747407618,9.096034642303753,8.340792242685342,7.361089519843256,6.51816689819844,6.62495248581987,6.111403340255983,6.20019030981337,6.6119381762015905,5.533335000235941,6.831670006584099,6.477517902393504,5.4246418324139825,5.747974388033662,5.25457916906684,5.325114847692697,5.926326705369165,6.237609307258605,6.12674766443765,4.977438848158108,4.987517033088857,6.36457278829484,3.7590113597647776,3.670061535245558,5.636349047477142,5.485667486197482,4.406958742754118,4.66579883845868,5.041508054242136,4.7297219259902175,4.919493731654053,4.890590675976641,5.107629677783456,6.080089813103292,5.420251626666804,5.345545499618083,5.175444950915522,5.321536174506429,5.217577437433513,5.681062148322496,4.608180084670128,4.536379386284805,6.450118068675259,6.29183743385566,5.81753652209631,5.46482192516293,5.161367159495217,5.57567234592311,4.719134390627957,4.957630570095087,4.7628241017056,4.691689348537497,5.439824082742519,6.674267339445482,6.27268714959086,6.066889814169409,6.70688654280541,5.56255996966333,6.244647125286106,6.663176045564903,7.585623524823712,8.552996637320952,4.891491220506456,5.675263830540249,5.157461984931865,4.949709814969266,5.369440964151378,9.048624701595303,9.068111276834058,8.95618399248787,9.15872104025264,8.931011841409811,9.029286659569477,1.988156344240064,2.2519443686354506,2.5895499008946463,6.990172081669941,6.804072855387426,6.801623181333662,6.8199031017984035,6.733436628607802,6.413646575887292,6.21699219526676,6.351731985117642,7.930253069848932,7.491888406417388,7.656037857972542,6.870896450336504,7.010039084994657,7.01638017063164,6.534756150181325,6.326768648399863,6.641620447247719,8.20650412371305,8.073891819223476,7.905052788441841,5.112107275423766,5.078076929593271,5.109086926381204,5.372666962350047,5.157494721133546,5.431512781049013,4.5346467350283435,4.535678006445652,6.061303299423029,6.07340587907126,6.3567600835657885
85.0,9.163747315673362,9.086555861109558,8.984196187843578,9.483122232229238,8.621772340483139,8.83739381167171,9.338697806901228,9.111702346390166,9.296685309416777,9.328880651447008,10.735282843169974,10.641561639257288,10.463473262072558,10.455472287054612,10.101135885064643,10.05399752533363,10.049754945380391,10.16971982078307,11.25063699127229,10.936440001317187,11.305556586765361,11.417233121018668,10.745069349087645,10.80403538274767,11.125827658993446,11.219365453323212,11.073660971196453,11.094390911956241,11.746871161418165,11.703572944597934,11.198942027039212,11.020900223558787,11.441281850820756,11.475085228825082,11.287043824326656,11.197356949719538,9.648225739802903,9.478650730890795,9.598226131716297,9.543013051880425,9.81397083971454,9.9644256686134,10.004488932978363,10.014056954325534,10.185408884769014,10.162899239269562,10.20379677343305,10.220303187750531,9.795321851363788,9.94703863460129,9.733589963706962,9.419849430622111,9.474047344290266,9.396040395707983,9.388652972494336,9.486181629127195,9.594246787696786,9.56645490343719,9.616373461673296,11.02277013798917,11.082258314178745,11.062044579896316,11.098038427549149,9.761391854964796,9.71445485935332,9.736553511662182,9.76140360948306,10.277909734438964,10.208252190855319,10.270485600676054,10.172100086545274,9.887989902168034,10.080624195476858,9.965502323709597,9.957753515213366,10.213034676336292,10.208797275252966,10.202656622856068,10.123349870827006,10.459370114905827,10.523802476898686,10.562781741481592,10.480571922991864,6.808290768006101,6.68267385436665,6.347034448160597,6.330601597953663,8.692529175908266,8.763851102377384,5.704454637733939,8.014762519619035,7.924680709255908,8.337151819346058,8.217973280925797,6.770317371555716,8.555028027497755,5.704901504785122,7.880127959679434,8.112406246151746,8.574765213400543,6.975842942296465,5.84117998375941,5.826658321398199,8.463508678873135,8.718459059582253,8.769192713397953,8.80243217952067,5.851379595501259,5.838755072693852,5.609749766610838,5.529974296310792,9.611190971479164,9.96736734764643,9.793129141969425,9.072683409648336,9.014793434120868,9.13754283113175,9.093266229160644,8.76019487365667,8.729346248917176,9.970149249429321,10.004730583584264,9.818213842665418,9.956197067079277,8.812257432332633,8.874616018591663,7.360212428467371,7.511072610569309,7.55713333267337,7.520782210735678,7.383212472337217,7.453167569407528,8.22711359701904,8.232222645095629,8.239343107999021,8.138917155004904,8.160349760400482,8.194381528098827,0.28575908763106384,0.378320482732855,-1.2156158505875716,-0.8045003922947114,-1.4844202520530736,-2.2478706160065123,-1.4595802051821938,-2.2306614155406788,-2.0957526213286126,-2.6269965464393987,-2.0512493530915243,-2.047532651159081,-3.4395227489040696,-3.221880123386354,-3.5449125198685145,-3.896744589887394,-1.4503684651762239,-1.6116388221504092,-1.603888249494716,-1.4694031965313705,-1.3345002795988261,-1.164728388024372,3.6354211653395883,3.325852306973875,3.0224973241779587,2.866934907725204,4.043489121133536,4.019304517108029,4.1742600600885975,2.1219635120318348,2.080525544007733,4.019975287556596,2.0193846305937164,2.691173626904913,3.82790868561621,3.767326015799558,10.472118981118424,9.835081244042385,9.837783226832046,9.75047170296798,9.69551573514,9.777485907090632,9.906436702124699,10.995347862661095,10.886198942279147,10.857773467308634,10.87782182570362,10.432859186894254,10.907476935708456,10.601884629718882,10.442153460050996,10.371961258584227,11.08983071589047,10.88401892174088,9.324865073608157,9.216037900715065,8.867509407683865,9.116654398489889,9.110693314492325,9.141217890968282,9.193676295319513,8.94155011465068,6.900570501166526,6.5076300663331095,6.371086801809559,6.370809552699624,6.205378004496532,6.751339018883938,6.859547913149678,7.173526087795301,7.716580542063562,7.990942990166197,6.897790922193887,7.081408525122962,7.223498148777855,7.358190484934674,7.4029054467668995,9.667168544832307,9.71022169724121,9.423891421497038,9.734799676632512,9.59957002893831,9.781003875336083,8.67239435704343,9.019910168953885,8.793540862410595,7.5261102197699135,7.5298269741659904,7.439633840725278,7.46779754256192,7.333882641855487,8.317897221243555,8.443805942169506,8.41594093413209,7.429081738741433,7.604458758884861,7.483769513448067,7.1864605254794975,7.098243854758859,7.044898056789011,8.035329495078543,8.046962472472487,8.118169977690048,6.992040541445997,6.884538887317074,6.887394931955519,7.33098442207736,7.491263181740965,7.588177292127834,7.009673907529186,7.145243656023682,7.020416294096953,7.928788792631423,7.826261438450388,7.018974886591256,7.165266855960514,7.283707661902097
86.0,-4.946573676527155,-5.274683798551039,-4.921477697686882,-4.81114064314655,-5.054382702638967,-4.720903545674638,-4.47343795502208,-4.4422050769414385,-2.7112142044531797,-2.8833711572551186,4.518529367233869,3.543260568762755,3.6627577387797094,4.010962790429,4.464230750347282,4.248542847043644,4.627501672308225,5.087807050374993,-0.6207841905106213,-0.5944320127010958,-1.0357435762739937,-0.4985900302282724,-4.006931054238004,-4.1821079293486125,-3.5973234249314205,-4.254547581167302,-3.54520790763815,-3.7415847546075423,-3.8522168727135115,-3.8704903598165004,-3.818455909738209,-2.723163540509369,-3.9677835051250328,-4.286487561837448,-3.758300013304032,-3.7681248096234823,-1.7928292435035562,-1.7994473014096788,-1.8815040786195492,-2.1359094891563526,-1.679967598629806,-1.6485378386717906,-1.6379693668722288,-1.6939109291721535,-0.9203405887739583,-0.8160452042451283,-0.7974461441129548,-1.2393911288004682,-1.094484456369542,-0.9302404917752713,-1.220492795799757,-3.573006548802495,-3.725619521490816,-3.4159049931281693,-3.6575916110068674,-5.455670740497643,-5.256493912530526,-5.492800187510815,-5.460533944476914,-2.4061930061049726,-2.439968480228961,-2.508104825029124,-2.9389752890905854,-3.5861769966160892,-3.690019918684155,-3.5972377186520883,-3.9115423862001295,-1.4706931105258731,-1.3411347135294323,-1.4689342993661862,-1.4985671933274687,-1.9382878645797947,-1.3207446629797137,-1.5137854775872297,-1.9271288175839834,-0.9412138960212396,-0.722236787840937,-0.8830368116741272,-0.7664814283184902,-0.41252667915010943,0.3230514307700454,0.31305741861032477,0.011491563580615427,-9.94537774043322,-9.96249835300557,-9.824109660912365,-9.851063704372867,-9.074279306130501,-9.019822404126074,-9.57928042575257,-13.08067954297295,-12.75454277955684,-12.557892382969973,-12.445149610750878,-10.587231639793893,-12.062529249538812,-9.023741390393221,-12.796129032841755,-12.541752912499362,-11.770691244272427,-10.154178859471708,-9.489194145854794,-9.927919783098034,-9.388156422122528,-9.745400009198036,-9.789171262125262,-10.174049482363928,-10.654566478201039,-9.707268461698058,-9.275614469844133,-9.5486754139318,-11.468426137589717,-11.825397011237445,-11.640277826605093,9.370453018102193,9.231330950276359,6.871602876725153,7.029440729381564,13.17515289630406,13.180900819525693,14.656058416290966,14.660111519994814,19.227157014651347,19.25602572685566,14.914041292730785,14.934167734180411,-9.18375135049082,-9.163326911907557,-9.408200348128535,-9.610810499033697,-9.34820341565454,-9.385370897383856,-9.291261699306423,-9.317338532282134,-9.572973318626294,-9.831108357071344,-9.469685579776186,-9.535468569572686,-9.139828952251325,-10.879521144276397,-11.633119524455386,-11.63938003875235,-11.734902103829945,-7.995098456660078,-10.19429244116612,-11.369513449357838,-11.497388402165155,-11.150832221566825,-11.285496853344693,-12.192756128241118,-11.275902288734224,-11.224319245070351,-11.713796822062891,-11.870354039906934,-10.985939856315966,-10.893697600170906,-11.467104463261528,-11.952875319281683,-11.555190545955398,-10.630347661784706,-10.930625388783564,-10.57818720882567,-10.360208245065195,-10.360170118632238,-10.115997319752784,-10.579463997457854,-10.249357393176531,-11.198108431582256,-10.739457152960998,-10.240720733815067,-10.656692433195518,-10.281592152149027,-9.571723635876095,-9.59785438036795,-11.177298030750698,-10.664401306310994,-10.74257505051304,-10.58607093775634,-10.146954482379197,-10.487703198698387,-10.732093966423815,-10.790401605641033,-10.338763478284793,-10.357204081521951,-10.597844868455564,-10.820477542892844,-11.276908598499935,-10.62417659508261,-11.15152492723989,-11.479310456649127,-10.748424352542614,-10.392399539293372,13.422195257666242,13.2871115110125,16.530758000868417,14.247880207073731,16.950546575136716,15.46295428623176,13.369859510684075,16.913886745527968,-9.151947042209578,-8.761814014767799,-9.4056846668914,-9.277805409754988,-8.702818822033139,-9.86804286027612,-9.641555652501326,-9.715289981325608,-9.647924897425368,-9.980919785312304,-8.304303327010993,-9.30674799922723,-9.747055440635151,-9.403730314125479,-9.170958951476926,-11.69837999781114,-11.521521372093595,-11.807869149868145,-10.95055929937556,-10.706906540157018,-10.808189131404928,-14.455486915007214,-14.757757067808793,-14.640013412486867,-13.846270114761495,-13.932645138474633,-14.485602634044463,-14.451287599773343,-14.09575044312284,-13.718832280024412,-14.110274063084569,-13.890602881555603,-14.171265534828647,-14.401651966288995,-14.396053683489088,-14.503328005678819,-14.712823794923759,-14.78699451614417,-14.234731566969723,-14.45109425761253,-14.372201445565704,-13.900054541565028,-13.950964959840947,-13.866591080457967,-14.532601285766072,-14.677969860170485,-14.765752095633962,-14.14776397017418,-14.091694956988839,-14.508256858335335,-13.809357128207045,-13.904068076800808,-13.952079780474547,-13.953551245996989,-13.973273711559928
87.0,-3.2673350811683264,-3.280481965292365,-3.4444299255066895,-3.590936070449212,-2.9178642175008065,-2.814855591718553,-2.749378031988922,-2.5983422045733864,-2.4068139213130255,-2.1877208185011856,-0.771806004457293,-0.7131131425528228,-1.4374684337391734,-1.3084599666827526,-3.740916343996677,-3.5429365186566244,-4.143610029423675,-4.257847536610408,-4.135302228293501,-4.106592834259294,-4.188294206068274,-4.293848716035235,-2.574620546152582,-2.545863095771333,-2.531848603308415,-2.450454508408008,-2.06621916587077,-2.1648529925696636,-3.2820539358580127,-3.2401199064155364,-3.0826622442878726,-3.0391905833913366,-2.9814145653832718,-2.9738339550881516,-1.9545594248773792,-1.8275788387086287,-3.802799214710305,-3.863308277667114,-3.7598352641224935,-3.8662310946125586,-3.7281830526991477,-3.62453802119564,-3.7572698458339993,-3.661726187636832,-3.8402456392580895,-3.9632069783773893,-4.061976322642709,-3.8759191999517775,-3.886179279834945,-3.908901275075518,-3.6785279404757016,-3.300605420737851,-3.329965930018785,-3.286908546057827,-3.369833191517836,-2.973850628636873,-2.9493729485732576,-2.9855380581165303,-2.927425712467878,-2.226539964743637,-2.164599873237462,-2.1594390005546273,-2.2845455544690783,-2.268131834911401,-2.2875977509102245,-2.2977173717629693,-2.388031329677558,-3.722149324258849,-3.804705509428862,-3.8752930822899625,-3.794767921135117,-3.747400823210331,-3.7943041862071443,-3.8937398128234353,-3.7342143937195686,-2.979109480850518,-2.7935246286223254,-2.8269443642819247,-2.8613051171896906,-2.666358685098663,-2.762048569189494,-2.6499833169614604,-2.4783109279560804,-2.026340526013673,-2.1079133222708464,-1.1685714421482896,-1.0303128881024133,-5.301071727364819,-5.294908320395939,-2.207919310472274,-2.8374227550869,-2.9911027454128263,-3.479775764110469,-3.6002782531766595,1.5531472923445158,-3.705526777617452,-2.166084050623546,-4.141679510978339,-4.230022023472978,-3.699525284120565,-1.533372573193315,-3.218676741819362,-3.3635870422548457,-4.026008884711926,-3.9965154500128772,-3.9703898218256803,-3.9489353516428487,-3.4918363831462713,-3.3007750927055337,-3.3636981864070084,-3.217587944307791,-3.631455436397337,-3.6139869552929405,-3.5859412352582556,-3.8824368642804146,-4.028599987739989,-4.101842714498401,-3.921485529629539,-4.36973642918432,-4.153114086569882,-5.221794974347858,-5.344948706918165,-5.274204288771186,-5.191074787735509,-5.198565081268757,-5.239219905706914,0.09451603252977137,0.0979357075937557,0.26708978897522506,0.31832112487612996,0.4258519083016097,0.21487029602840124,-0.4969134292140307,-0.5843884400698887,-0.3008395587728394,-0.2802259105632512,-0.7588754534797229,-0.7522588671427446,-2.6623404798787753,-1.998594108752144,-1.4547462323306117,-1.8760082161459568,-0.9893475548459651,-3.177121992521032,-3.1441760391922013,-2.3414619191582293,-2.5348143523613267,-2.36142934615847,-2.770255236346978,-2.721677535923675,-2.2662211200157305,-1.6856848926581236,-1.2929980414923445,-1.4564527954815478,-1.946354537469773,-1.7522422811106022,-1.6092992191456386,-1.5497062006083269,-1.9294541254770685,-1.7956245021341868,-4.6052037456334585,-4.665719034736158,-4.740360002674636,-4.674552562933036,-5.893161807301402,-5.662040394216467,-5.688257584216794,-4.285771465045077,-3.816492726943018,-5.580018229180368,-3.7786467601963594,-4.070523264052284,-5.446895281275797,-5.454959818136569,-2.53885005614047,-2.8710561615588386,-2.9888515512279312,-2.951505069677008,-3.043367330098551,-3.0588607291722134,-3.0467677265638535,-3.0043081805527354,-3.3347725056766553,-3.379247028448926,-3.453810122704727,-3.885519918398277,-4.117761868193384,-4.3181199847852,-2.3288099236567366,-2.283388231141167,-3.347654196163436,-3.2835685965972274,-5.116602112822516,-5.071334835813024,-5.034634356884011,-5.003968168419698,-5.048107576741749,-4.888820005432301,-4.926702547846341,-4.9966992805129244,-3.3073329959305795,-2.970226604392275,-3.4974961454397278,-3.863538691949252,-3.914408158526033,-0.055047386364829975,1.1023383852069646,0.6910074160390813,0.2326104930308972,-2.9018170499607834,-2.7496397125532166,-2.5930896380579203,-3.248716575728544,-4.00689040500867,-4.425184276515534,-0.9906632429727669,-1.2408096640701753,-1.1220383948857915,1.128742217915791,1.1354340320432783,1.056742855785476,-3.784595927804652,-4.0507595183984915,-3.5941495858473207,-2.554966342082208,-2.570428434773964,-4.341701059980917,-4.197550596823522,-4.403363116123808,-3.061576260405678,-2.9753917574813435,-3.0890008475275206,-2.337583546591185,-2.4342033302648325,-2.369476980359611,-3.7853960277367875,-3.591338425184018,-3.5886285349232168,-2.8616255694533557,-2.6792596674163214,-2.8966970881349994,-2.4067976290331963,-2.618204046018059,-2.5385471527842043,-4.000304359186551,-4.043203685556334,-3.875642162572488,-3.971635796237601,-4.05286091946817,-3.9511438023139824,-2.6951610306046785,-2.561919409061593,-3.090536102881803,-3.1772076237875577,-3.376489971884469
88.0,5.863838808157528,5.876348749803338,7.869821915387171,8.189993483754034,8.004111969743182,8.254618638012007,9.155592589641389,9.190623505652017,11.192362427546415,11.575778747974084,4.143023456476909,4.2846519633135145,2.959927254525594,2.6627534873175245,2.502487997233788,2.8194601650280333,1.6337762125337958,2.125531953093703,3.87765140483706,3.9931750189806863,3.9026667341906274,3.9896410762143235,7.724804363976577,7.633200416210933,10.038368959046032,10.345213395416646,8.789638745409421,8.926168464416886,9.087426242889537,8.913300214494521,9.409553323786627,9.064014388177696,7.928013804951523,8.704200518483423,6.771599256840811,6.269667203146537,7.4835016242270145,7.49350349746059,7.543151628980476,7.468207675826881,8.03267118376708,7.842319358867185,8.25454322938874,7.85986131350694,8.892957947068815,8.766665112337368,8.68587555061639,8.765107230248448,8.566494196459486,8.887051287044287,9.057665115852059,5.80508175681224,5.713990438557088,5.718150510175017,5.728073155858223,5.584822060737054,5.489652880922247,5.459035093445669,5.391314810669202,8.120757928071617,8.025785255877047,7.958604602322998,8.055591494593097,7.15133685169201,7.192654590985346,7.083755940649309,7.250518785814135,6.984560935886991,7.099133517050222,7.027593247248867,7.002749664023687,6.933577414447491,6.96555922152616,7.254091574948141,6.972481316890127,7.965727174572948,7.804568778242706,7.98224482847697,7.822104116903849,8.073310054006217,7.610220855614527,8.002358846495133,7.942642372370378,9.395283394739563,9.549821292594869,9.05302281587523,9.04868916153564,6.409199983443776,6.465156044647803,8.81587006750567,7.966082500272911,8.060123662402297,7.386999569717073,7.526309807269543,8.145139891687496,7.992206483739746,8.619140576163925,7.636497628272778,7.7651753072000025,7.627218419107278,8.322101452764535,8.661785234754808,8.685489612792141,6.749592892097823,7.371907627211557,7.302877924940175,6.845580330158248,8.400956185717275,8.508194479940002,8.884899362292188,8.73226867982919,8.054334705677727,8.137872352928191,7.770224413741691,-10.300476798831843,-10.453297550865688,-8.425249806334113,-8.374866399776847,-12.112623864844819,-12.310527810608395,-8.311734585338062,-7.998743970277458,-11.665182229931036,-11.719916867051895,-12.500488144661505,-12.511815914684028,8.148578070133505,8.020975724673239,8.394323612365442,8.268832596834416,7.972305123740991,7.849807063322507,8.553768688245652,8.321898521301327,8.189335685007105,8.335454258850532,7.964932716572301,8.122251600059572,10.290939137083502,9.440919725543122,9.249166875061519,10.307848314485996,9.613121172498582,9.212455396617976,9.86320643676429,9.685573864695472,9.741565206167389,10.059725959501659,9.985313469411725,9.45209217151166,8.950894568722715,9.609461884167889,8.914226054377943,9.108931940731525,7.683817018666546,7.716821907235085,7.804042580300464,8.341158243619693,9.256686764079078,9.342314025021883,9.551794816687096,9.637755852058218,9.65747378643518,9.633228624131275,9.004969686383088,8.770652036069505,9.077499372639554,9.959835403439651,9.749766107212542,9.242640979293402,9.976738057221999,10.17892062903704,9.500641544724143,9.29163857329123,10.577434223276327,10.98708342511965,10.892063435135451,10.915942627263803,10.900033158845426,10.770227598382856,10.809287451848665,11.001458431551976,11.100050651687424,11.110920817621375,11.165455971903171,11.539308622153248,11.259701212661735,11.40384172659315,10.467403754285447,10.297141959894994,11.207139492260287,11.135572380848327,-8.404664886309,-8.448305072270596,-10.174897560511532,-9.137340825994645,-12.336215859997822,-11.780045703359082,-10.403297172621617,-12.771331632898082,11.41827187268251,11.157828999498248,10.27270539025559,9.637891534268372,8.560771766117341,12.066498901233789,11.361294834850145,11.167942401079282,10.814823075072834,9.934079801611293,12.773773202080063,11.650739880157174,10.745812644064921,9.918455688383503,8.956075135858914,8.587494286791188,8.846592783331701,8.893827723363824,7.78888094526075,7.935768316522543,8.349101603786389,9.47049053124832,9.125582154462045,9.155370409261996,9.167927361314513,9.310588739507642,8.707025193171528,8.562135052248554,8.412349328461437,8.463629761047116,8.278701255440154,8.501273727967055,8.302937366466127,8.324706335161023,7.860800820968153,7.487902055448848,7.034920813962054,7.270451119654714,7.786901161789431,7.658984288594634,7.836370779332649,7.337105644275068,7.266393235852999,6.645489879085812,9.206321434567478,9.323839452441586,9.478936546359334,8.622213461656202,8.612036080846826,8.737241806866832,8.652561135965376,8.798101597362992,8.770096389741452,8.99039211106615,9.067288902681339
89.0,9.513498067153794,9.650943116063088,9.225322288730156,9.329640281274544,9.213713539854577,9.20499474173396,9.069894867016467,9.001363204248406,8.263898969684462,8.292273000009292,10.641247266453757,10.58026529786881,10.420161114693114,10.41251241428827,9.553333333950587,9.64436137453121,8.732054453424666,8.752757152073062,7.237453121274285,7.178088397389706,7.1527553655851825,6.907373172754115,5.270223131342151,5.255389049045075,7.3054347192652145,7.40690298262289,7.355389856649136,7.336977907503771,6.838760069188954,7.015380754696574,6.801814718822744,6.992301210020866,6.9565078304120895,6.99149748604961,6.42803389271808,6.442560819796807,8.705502168280699,8.771774359804441,8.948862187986759,8.945224153403958,9.255434658931495,9.131653790676356,9.094678328895945,9.164512027107346,9.279228906192053,9.140952360701258,9.296039503914681,9.18875738491877,9.131318977163282,9.178872933287096,9.184639786529656,10.11168145661594,10.101556084623304,10.035415984296304,10.038457006162307,9.943230637169844,9.908355805923165,9.808562737495876,9.971225339875135,9.650280481656036,9.654097924499311,9.603788469874221,9.77672794025711,9.225984875198828,9.2795340798427,9.187229184114212,9.223485010620815,9.976023188690009,10.000295306755994,9.950815960652998,10.012949323833686,9.883027988157489,9.66170670409207,9.855400371500279,9.742766297404973,9.86618902479186,10.099066469611016,9.990236938653947,9.992660668916118,9.764319280308573,9.732921278381738,9.80985611350097,9.86357005023556,8.114113023623618,7.874197548413045,8.024654469353054,8.207483315991214,7.005908572156029,7.012365110110679,7.6156130178120005,7.451751877601652,7.4442608858945825,5.7214252907976535,5.552912829371682,7.707454012038745,7.033559782662213,7.397440059584238,5.862186785557429,5.625631430348925,6.998254063606089,7.38361898574232,7.828922465792245,8.117887754283213,8.966477795353073,8.995919977739577,9.226567933040787,9.02959835076852,8.13094091965866,7.985061529336667,7.633795510809472,7.5168213555819605,6.8025308665044495,6.7644948533278555,6.717929822088298,5.898669950824117,5.877981890383393,5.63619216898911,5.730852399084503,5.869184149278897,6.007334048229674,4.435590320069912,4.664448523465073,4.178917228841718,4.186360219940556,4.949203125243928,4.8757830582903505,9.723709213390576,9.663151262581035,9.997938719551879,9.859191867457687,10.00078081575789,9.871569403976283,9.333737512879809,9.273410993163141,9.353708705106344,9.421096206537099,9.331551981158933,9.209550674200566,7.216108917837796,6.946468307107189,7.536996664378221,7.6934066573726625,7.923740343644192,7.731202064229375,7.877773739912356,8.022424649375775,8.244138432611082,8.479591539291262,8.66692230418972,8.422906120707456,8.66135437098617,9.475573872098368,9.081458672605011,9.573161453606719,9.0531595153872,9.040419701543957,8.117357179728799,9.938726570136241,9.888330626900595,9.983338606978759,7.691531178606477,7.8718936255645175,6.687096473381414,6.83989479405727,4.8523414490136485,4.552784113576625,4.603548896997892,10.276494795541197,10.562468953064275,4.772501528044343,9.118396496136647,9.194570565090201,4.618161910363835,4.667893760471791,10.882048882856008,11.05921073804865,11.153110577800076,11.0682844212766,11.33775614126086,11.373453365541385,11.25373651722729,10.463475567964583,9.965161864526747,9.994074761522679,9.901898788421164,9.768897523656818,9.65189933416826,9.807344040455918,10.77697393110719,10.829442538601876,10.213222248621049,10.152978240117724,7.331184998729675,7.430962836595626,7.151031753682827,7.3181727694624445,6.380863093583231,6.415429665404462,6.517596878998821,6.220383768291425,14.63901079455239,13.746774973346165,12.570628980762471,11.598487408794163,9.574273790480497,12.42046004483152,12.217209643701034,11.306685526507058,9.981130225319712,6.22199972434402,10.918578019914458,10.318901021290289,8.744727479513019,8.08178414245246,6.311973921589416,6.71656212769266,6.528248884853779,6.8431600396800185,7.268621933480443,7.0149294660363735,7.416782068256662,7.190129100002354,7.065032759719337,7.29728008989165,5.11458312796757,5.258459218420471,4.216818985622561,4.250303718993658,4.269079035078017,6.508401363948403,6.2211038428634495,6.165496540213601,5.420338123508516,5.205033248071034,5.15625893500267,4.785861157250428,4.733544236324457,4.532548540681276,6.493858367478641,6.207066194705202,6.230225972107858,5.0355162226327295,4.95700355613185,4.756160476055101,4.745898670225637,4.6994883589253895,4.724771163015387,4.080643044285361,4.17440357943968,4.080255779910683,5.961330874560135,5.763121315167766,4.191426251266803,4.221943457179783,4.401451878727107
90.0,9.34667068962018,9.1467882794222,9.455281495965398,9.490314794293827,10.100757798445223,9.597565479812644,9.554807476745934,9.883028976445328,9.183328789583435,8.774659832810336,9.243151214631988,9.472633574588171,8.584176775667665,8.577636682384712,9.339511242167164,9.309008547103375,10.115757421910484,9.74715652438428,9.242019238463753,9.596311335586302,9.57197883759427,9.67557302121883,8.733619030434806,8.831171371132237,7.123886721641511,6.670104061388057,8.104839283888325,7.7372136591372,7.733377634128145,7.96348809712391,8.0515683163117,7.44490449992786,7.967568304456249,8.150168818536415,8.780438229660453,9.136604353746238,4.05484136597461,4.085682611147001,3.971991770764922,3.906187330747878,3.761755928507273,3.802920186929703,3.617435537819108,3.4233588251170732,3.725218305737651,3.754924950745992,3.6244564274324746,3.7233897350369904,3.480344266852936,3.3790478842040343,3.5998632038134453,3.527758212497218,3.392666478687692,3.184278568540197,3.2980979466497966,3.890164934872062,3.8237097724335647,3.739083924707475,3.6987315433308394,2.6918575943770664,2.327896768649057,2.472362818519141,2.354761494538681,2.520088196032221,2.434684582134147,2.282148442710116,2.4448680885518086,2.8754593253533285,2.955715827711617,2.9918698076437162,2.8146671220660053,2.3301051403726776,2.36507184076377,2.3884395526423687,2.1434115223263044,3.727526969448106,3.6562487863373314,3.549451634478825,3.565151511919079,3.735993860456428,3.4705336056963922,3.4353932995118517,3.0898235297501073,9.761549482658271,9.558043136723438,8.119766872992322,9.244739237988771,8.988661330745513,8.178814748882413,9.255477914670301,8.800101087327725,9.843233259390228,9.56548469451552,9.451449523533686,10.512193764467618,10.78189757772039,7.977049485317945,10.377908935794382,11.159693556717837,10.40639464543789,10.293410241150355,8.107852781223162,10.068240654298096,6.747855589747198,9.237197474361672,9.030756894061405,10.535572272877827,9.019686165851411,9.902427780987564,8.53423245378604,8.64934974700338,9.089004163591976,8.964012095803115,8.108305377400075,12.232739902267177,12.32978910442998,12.024498796760579,12.192976721645223,12.452002136756933,12.507934513933872,11.33464444239419,11.303312549393716,11.698763737904597,11.728463007182864,12.020086057069747,11.962994894435596,5.533570971995327,5.507835931319273,5.5311755129843,5.6662731033199165,4.624717009696893,4.67216334867877,5.337498104510502,5.235148972927545,6.545467822532914,6.546831286396637,5.870755063704228,5.698598114676544,7.324955696414365,8.359090060732258,4.188110443181793,2.9206736016562154,4.111652928173321,6.641918896311967,7.2273622881362165,3.648787149637239,3.2975455778789966,3.861658144576598,6.536385640578103,6.885804421202916,6.1729661376603016,4.242362990718342,4.76042483459249,4.225565817899278,6.408219533585207,7.44502958580987,2.802198605084304,3.5369733040873035,2.1265379465011387,1.7096950391137238,13.702862251621465,13.019811745332191,13.500460030155876,13.406489301600818,13.462642650892137,13.54420515451176,13.612055296503875,12.884282208548917,13.0953254422048,13.884570294640335,12.804046529274206,12.596515951274256,12.780114492967893,13.402797677553561,10.999344818946447,10.750092964879878,10.487648381603623,10.803503592924695,13.572479858398115,11.817382253830436,10.961877119269918,11.105585944952306,11.040144060566103,11.277649112012902,10.959238899848389,10.715875266218706,12.36845559954334,10.746449562407355,10.774403520233275,10.760887896028585,11.021430882513062,11.511613930551036,9.046370898876571,9.371784721428256,8.999706912969145,9.356619717627474,8.696943860594748,9.06179869566139,8.689880454717262,8.462467768382094,5.637803780995082,5.18332731762939,4.5262635916514595,6.022165733663887,5.690121179735014,5.849204914968835,6.458589989896643,5.771163209087112,6.01256708920661,4.787638985456737,2.6418459267353605,4.217319449536031,5.628914408466846,6.537139973894961,5.3800143329033805,8.487066189922793,8.953811348199707,8.510229931761737,12.36893336384201,13.009044650240945,11.527529202128282,14.488497560341099,16.16008355713645,16.740022510607538,13.886511522364474,13.446791083070398,14.628994541119457,14.506735207534483,15.021543789431824,15.315043680972101,14.076599952926824,15.16717357825296,12.875588025838592,13.715462939049733,14.5112320942109,15.016253979463624,15.870539306930233,15.239832417862146,14.665833024084446,14.998166600227275,14.622250412523673,15.18049003354283,15.695405432825387,15.266529749073932,14.699805714132253,14.83734761526614,14.603773735099637,15.250883865643068,15.254379376627579,15.552495167672156,15.762039774790523,15.784943828058172,13.939490541967306,13.963157070432615,13.132346945865248
91.0,5.707368190245006,5.233304643236453,4.846853899235851,4.669293165905211,5.189432792387764,4.932956040822239,4.192295676488472,4.425767372155689,4.122998521404131,4.129734089045637,3.751723460124422,3.759999772289514,3.5771073792674946,3.89289001349382,3.754245717166477,3.9579573831003505,4.141521024957284,4.086925354496007,3.6196399552067104,3.6841671113789936,3.9706601232514642,4.037781256812748,3.0883837256390825,3.061528319600857,2.1576837397473785,1.9259287290784837,2.674622584390051,2.7526553667316946,2.688728968563304,2.8424106503969258,2.8254320511480384,2.9088046181969887,2.584452170657217,2.50078503917724,2.885453872123237,3.829055825397262,4.52815579562994,4.604896571919481,4.6537256539473555,4.649101813844307,5.58007980842749,5.535681877199828,5.5207774687634,5.480565173953676,3.4064003102013154,3.481584511992693,3.4367210422129744,3.3436011157466408,4.309363551682734,4.371355364347243,4.363952029141991,8.04514455302295,8.243158129512409,8.066075466238855,8.050657529710968,4.8022279559705385,4.929924479503926,4.752399843734254,4.803589665068154,2.7444433059200324,2.762092153718199,2.754827726924968,2.69294435864531,5.580037405849913,5.522788428737846,5.497287209939978,5.510433431022175,5.973504082833785,5.841514442654388,5.839880650342641,5.894945121734589,6.076767846372727,6.00664403485217,6.015370289053182,5.938519044521184,5.5143532397925545,5.5055680302134995,5.3832456177032215,5.466332621034982,5.436667480967882,5.580661826143973,5.6981700446281955,5.851919504935031,2.5747262190487543,2.72177666634237,2.844628935021799,2.6451764992846245,3.5391189023168925,3.586573122711019,3.6590235682312042,2.673319349059782,3.1467274810807035,3.947591796230716,3.9901192554048444,4.023949120209103,4.43395237952555,3.772556409304637,4.515772827393101,4.482864471611196,4.219385955525192,4.3543116587768305,3.333815979050634,3.09605345754097,2.2446000485959514,1.9328718612647604,1.5823683999395237,2.0733913552850067,3.413087757364461,3.163797947525607,3.8341309119833067,3.7141974571510996,3.109136955147547,2.82846981483934,3.0920283834020506,5.574550247314068,5.718487467591025,6.126067144247593,5.990417351358347,6.0525946187411135,6.1300213857262555,5.330593213458002,5.433069028077797,5.393785449321577,5.39136196623814,6.021909236236089,5.990126441334239,3.6051664180568257,3.5605825053260505,3.5002398061574276,3.488846267564443,3.626711614963431,3.589193568010187,3.653038457953977,3.6648797248921636,3.6126257386601215,3.60419355711562,3.7820612799980773,3.8065936892861627,1.5533680824760476,0.8484298339459853,6.191847160164432,5.969242889644055,6.090431805920982,0.5248316664340562,1.1968654886249466,5.7238135265933465,5.377864850831211,5.09102571785402,1.0061236774001479,1.6626593303742387,2.008285410219359,5.539387263011493,6.405082300907652,6.159939524264546,2.964228838777833,3.1880323284240895,6.574340604324993,6.785205350616452,6.476420633584333,7.166927838401455,4.086923235215728,4.043285700760549,3.8990270096424133,3.536088262089893,5.11637528143819,4.822852221265422,5.022067850546046,2.892789201510362,2.859317704278114,5.137069360600641,2.7097158281427425,2.7686243772641204,4.717544916911944,4.790913112675478,1.0239086608580883,0.6809358846142606,0.5931805590953296,1.1438277616360581,1.0319352053970323,0.6818765123496859,0.5227369615257267,1.0662610130415282,0.834777965698098,1.2310533210096657,0.972361929823083,1.0948005269283125,0.7451563309188807,0.9642944466581918,0.7549560271709428,0.7103655142664558,1.1038821061845256,1.1339583458780182,3.8517803304264504,4.335475359169378,4.2932935017366685,4.493455122173491,5.2187963426353,5.262736431291757,5.346910905264176,5.389623382747861,1.7693611537385068,1.5472884302246652,2.06509557331488,3.0227442936967193,4.700548606980347,0.6767697520287823,1.3952050423928926,1.7356611836071505,2.4323026239939174,2.9063273679794968,1.855222026696818,2.0301797063794598,3.2434262017534983,3.818440989929816,4.433116299939048,2.4614251917949015,2.665338450763391,2.685304773282226,1.4413840186344458,1.3904291946471414,2.494474537083036,3.7653176172227942,3.4169880286599903,3.568553258564614,1.6741371666564264,1.621264693577614,2.434195173154176,2.7781200012185012,3.0965432747809567,2.6885358314144967,2.5067444989119654,2.4389611056601077,2.010631414082237,1.4748023288594443,1.7063896752369725,3.330339777865526,2.9233233263964395,2.832143691190316,3.5177842985699534,3.309819699759197,2.9793134150469625,2.445660994295146,2.1670459928616115,1.9667433312800915,2.5263679883588415,2.4329648909297044,2.3838798038046995,2.796262196333146,2.388958212368467,2.75827190229346,2.5942983455410253,2.461358139703679,1.9240882541558348,1.8944440331244647,1.7035671841457762
92.0,20.88026776675874,21.18234779459656,24.31236903687992,24.15540108016483,23.827859516116117,23.924795175404604,24.862208005214754,25.13903184076598,27.49365048048591,27.531001865694478,19.43156599042379,19.580088191972404,19.486881945202803,19.331387990956955,18.856036481977327,18.755910805684344,17.88061673956397,17.626059017614505,17.01794221796486,17.00276554133731,17.143709299929533,17.19454896280613,18.405518128227833,18.43495715123915,22.91615361688565,22.799386650930952,21.854280745973256,21.811411388351548,20.386175131214006,20.4737276936858,20.26147613645149,20.27435845540009,20.612792160059776,20.573692599574194,18.20921099900022,18.339133180146185,19.975108358089834,19.896343874454644,19.90750387846231,19.955724725959726,19.618173095016815,19.64019121304611,19.69246050968122,19.648522770926345,21.247440460211706,21.186250355912026,21.197604114755087,21.194674016136133,20.854125637622722,20.787684789247812,20.74613973433907,19.227085385297297,19.269287241756196,19.18317106234436,19.12089547932622,20.245838672044062,20.099334616952177,20.283806800183168,20.144156510174312,21.209360195645573,21.236469249257233,21.2462396920467,21.17867804036699,21.359613778501327,21.250711989411798,21.31620965464203,21.257958491414094,19.814772272075082,19.707553118418456,19.81619060711268,19.782695230957216,19.614672683417986,19.416273003803568,19.619743129804867,19.685450505904473,20.207508029659206,20.156792967840268,20.17472722068041,20.22891949794515,20.156616234886346,19.985145050210726,20.029273058032274,20.041162682394905,18.577698272495873,18.65257246519979,18.273607644393255,18.534597002640073,17.209223455808235,17.154875600050353,16.93203283420015,21.731502383973663,21.082328599759602,20.037004629257694,20.06584892643007,18.40362309636646,19.189556349448484,16.464102253181697,20.256532166839552,20.14093194052718,19.210329059058544,17.374821824628444,18.643457288657917,19.283158073484266,19.900788809043824,20.955515700990404,21.090880313284266,20.617742823066138,19.06471730254973,19.045782158847622,16.16064070914807,15.678587365112092,23.562560787933535,23.99221996600188,23.533022155495765,19.610334611287964,19.49486678936723,19.482184018129693,19.396133702222087,18.883215773067413,18.840415849352173,21.642932261900043,21.773317107294606,21.419399499085003,21.554882140608548,20.559662150321095,20.6521185201436,20.413570434223715,20.341095534906017,21.13535612850913,20.96912329825891,20.725386738382277,20.74643944895987,19.73632331833982,19.5335060834547,20.260119210623756,20.195346641956043,19.700486461303008,19.858404814714362,26.00282326798129,26.069070940656857,30.027102813444056,29.079549318073838,30.50878387226996,23.223392002643322,23.60237132353364,26.876750243064244,26.60845629234741,27.065407729727923,26.182878376943883,25.848044747555313,26.737863278425387,31.275654850010888,31.418315989365308,31.770976949320108,24.6292471447162,24.653269444542264,23.913026018499462,27.992694565448907,27.180801263876027,26.998071489964794,20.770198046995045,20.872689586545796,20.833247363082112,20.7636165632222,15.766847489373317,16.39727591064338,16.22739543219724,23.838999254451274,24.698136873691283,16.093390892715476,25.02532817004586,24.538181361595914,17.576913802876756,17.397181091487855,28.089523544395163,29.08649764130727,28.875341141086693,29.13698403313284,29.260409854328305,29.375918603215126,29.45817160515016,29.93470252392308,28.64347629631179,28.597959355156995,28.577543633974017,28.887407229482225,29.23495849169709,28.523661958593408,27.902541140486555,28.13390959571236,29.464371029923274,29.420985963240575,18.13417982829576,17.96052783539927,17.91018401079422,17.934502727698877,18.343288303751915,18.61110040039435,18.36544876382571,18.0758334436361,30.877439412549144,29.822667554492643,28.595241068749033,26.03424186897182,20.877681126136515,34.51545683667298,33.15301644685859,31.5661330875994,29.296052058853014,24.335564776759618,27.88039523473754,27.092782892976345,24.858509012249698,22.686273769384353,18.82425020428516,26.474774804082024,26.31642839087001,26.275023197377728,26.976003725110672,26.98979937026966,26.129632579007406,21.78717847686545,22.03506435952974,22.829476347452893,26.630204056874966,26.46668133330227,20.456103108605518,21.12873714754199,21.23703744757367,21.906351538582165,22.18417702501386,21.858950599147974,24.07211532351237,23.04042949533177,23.50803507880208,19.037178175142806,19.716488573210416,19.116675807156888,20.049312198944484,20.2221989494484,20.20891395016472,22.105673198916712,21.944834999698095,21.924409779790086,25.405458643477175,25.469213136648783,25.158815620091033,21.208965124131943,20.40376319409393,21.348342204589816,23.09768075329099,22.88722476517662,23.740944709753975,23.773068787786407,23.04779853278003
93.0,20.526777639457332,20.498904782444,18.935481007653806,20.949406837831766,18.56979443484211,19.82331230253361,20.115493136303634,18.820804676620327,19.01626565641307,19.65449910775932,24.518546666627905,24.64010253811864,24.82736229109628,24.516568904293372,24.314704348495496,24.252537344999958,23.96767345653552,23.824044193918972,23.691182341786302,23.606999296343233,23.527952201460053,23.482936698190407,23.02773630158699,22.905011192998302,24.22671051215779,24.15863871323416,23.492571133842077,23.742400871086836,23.633791175611904,23.374232440341437,23.766135652520667,23.236508159666798,23.46030448925591,23.85352109087644,23.40115419971242,22.441043784224462,26.01793547970081,25.979433680234266,26.00045734578886,26.017245836750014,26.359623175470787,26.734002487779286,26.676393366498694,26.599142270959845,25.755755832492028,25.790809466466417,25.83362490337167,25.84506495280248,26.294606780442898,26.3861964414751,26.44354997346765,25.75372713016153,25.73679834996104,25.76428193245082,25.736301075605923,26.195227870792003,26.167624182015874,26.244883081017292,26.201811660908014,26.135867639187534,26.099692806850257,26.075868734664155,26.1923294342511,26.273137841268802,26.1519735614107,26.163255095629374,26.29617814851637,26.770153360342597,26.844590045990202,27.05220859893846,26.928836305939715,26.603812144719726,26.548797376550738,26.751882046863226,26.61288213178924,25.717752525838065,25.749946851747925,25.750480845694955,25.741683858460163,26.11020690533104,26.07052880251269,26.077964556242584,26.001988864048492,24.308205924228112,24.42785556506552,24.216920382413882,24.425741030884964,24.38753011626512,24.31368743662436,24.257115184632795,22.407717533102144,23.084271589062247,23.52026233687105,23.479971607939866,23.169376493306125,22.762521782872664,24.353535042975345,23.65616760347944,23.779323703898193,23.58424503555471,23.223754112490862,23.750876104584172,24.13222510829496,24.385461493923934,24.741087110326923,24.16840191912396,24.674157294757503,24.161369606211927,23.92325400873866,24.36657795810183,24.35980790010667,24.665337473882794,24.329277469345822,24.68720612520913,19.848664028450962,19.837292926604956,20.042726101251937,20.27526271126602,19.076890917862073,19.080926480766056,20.997026373557055,21.182595126408067,20.758623112499336,20.805355146743644,20.595712210907497,20.564617171251925,23.97593309054023,24.03169413729922,24.293899458451094,24.18105879073299,24.26523345633899,24.2716889847792,24.332062784784526,24.231224884964114,23.767413463145807,23.72508638091206,23.743197996878806,23.765014841996333,24.52010311143988,22.250880847114743,19.802767252888103,23.255525060301444,19.271755680665013,22.065323592838823,23.54860197967476,22.31991025461035,22.878557965782523,22.456078711929926,25.37488940593159,22.991293955383156,22.479461976002185,21.268344084099034,19.382283923161133,19.717369811383406,20.04561798284132,18.89886310927899,22.822930773945735,19.476010101711864,23.23992590282401,22.102258523850224,22.909487603106747,22.912273322086826,22.714774269294985,22.833065800211084,22.681360156426376,22.765608058599348,22.34818760208008,23.084667915529522,23.481904937139134,22.54396306468106,23.261473979767654,23.880510758109683,22.969878693909997,22.675647840840544,24.603324967721413,24.630139461054604,25.127758426196067,24.729206858560588,24.062394916707518,24.54176336930846,24.696491265094345,24.15824735348526,24.643770407735794,24.26812341561459,23.971180949002562,23.193168815397613,24.301052118822128,24.452506442988806,24.97252458658612,24.737118296345002,24.25160634735456,24.084877037927775,19.87791618427947,19.77608012405107,19.642189472672975,19.65473119082096,19.884039762622297,20.313944749738198,20.238291502330785,20.08548171150258,25.823748333556892,26.160533091588746,25.19158777178,24.54301543435646,24.080829267974355,26.506854304036217,25.46560259922667,25.91337326310135,25.55739854004901,26.35421020162818,26.707000729935192,25.820653553147913,25.65638687272442,24.90765129141546,25.685144061493702,24.056805746569207,24.16275395277708,24.38723565835111,21.366380840981595,20.493700641335703,23.365142376904135,24.901264097701528,25.23397631344382,24.260734677351028,24.145692403112122,24.1091092757841,23.622415334947785,23.55649270570151,23.343381534769954,23.723178156610185,23.524653532592684,23.825461053148125,24.476400193167954,25.16318993006964,24.21088571844649,23.031697560732766,22.275437377362465,22.671978458423204,23.105352877205572,22.611796408807436,22.39508639379709,22.420711416412175,21.87144974627296,20.02401642110876,23.666331863304173,23.49349854188423,23.942398027111523,23.558962466275617,24.742061421742566,23.593064514439074,23.321267716497502,23.125700151773742,23.751839805202312,23.25657457302583,23.9720133512022
94.0,-17.737060218609344,-17.928282261205304,-17.995958051631398,-18.041281484909284,-17.519078264555002,-17.662882806280667,-17.858925616034973,-17.630536425814288,-17.33484395819672,-17.618914844257787,-20.232081869315124,-20.126171573270412,-20.331554464395317,-20.38492800729701,-19.16463675286151,-19.028086570709466,-18.64561738803241,-18.893122539703,-20.871728786682716,-20.77436568060255,-20.557905568295737,-20.32977409460551,-17.406968400396785,-17.43668110491479,-17.957607344415216,-17.983306929470572,-19.160038428273936,-19.02026483632014,-19.163641050729595,-19.245434983295873,-19.083685648319136,-18.99410765623601,-19.233222873632347,-19.115387985746132,-19.218444349228825,-19.08636464932095,-17.283968105915196,-17.214494719524513,-17.339751374580736,-17.228463308894646,-17.969900354932594,-17.923890456294846,-18.015756060824465,-17.959050594391574,-18.15281267313897,-18.15897480967422,-18.156520271402314,-18.15871485241569,-17.885417872735477,-17.803601962350896,-17.88898083106679,-16.754343399467167,-16.748375639773904,-16.849939188267147,-16.777232874126007,-17.191689064476435,-17.172048397256383,-17.150575353475066,-17.21366992536391,-17.845103372918494,-17.94258172724576,-17.8818136102959,-17.766654684011655,-17.215187570460394,-17.24923475041451,-17.199984457271015,-17.290852572917963,-17.91681269047142,-17.817132995539602,-17.88603928376145,-17.839581093035267,-17.99864356642947,-17.99138100686642,-17.92843153907397,-17.917752764554553,-18.01917104883986,-17.793114767363246,-17.935167901461586,-17.893268456546835,-18.119671870870988,-17.96551797510009,-18.013403117285055,-18.290635615380772,-18.059299742714398,-17.987969522088285,-18.176748031053716,-17.941322378321594,-18.582992447260466,-18.58172795906103,-18.07381071510536,-15.993177552596629,-16.177461021067273,-15.568527091813385,-15.674037800068483,-17.153415739696964,-17.187712472063602,-18.057428771511134,-16.257245156663352,-16.374745745214323,-17.472259695806482,-17.361351913661032,-18.33381599566006,-18.550324876737484,-17.417615061710087,-17.668526684146226,-17.48841178004896,-17.29972799434649,-18.69973832169972,-18.557143487860536,-18.241768527496518,-18.214701091177304,-18.536197380160374,-18.683463977130245,-18.603797894687226,-18.597355918190857,-18.643138027406195,-18.938680429569807,-18.949044966308144,-18.44950636871698,-18.5399079372991,-17.153062312171322,-17.000796194518035,-16.871421614016747,-16.77552874331491,-17.01566039061849,-17.13719114539154,-15.603203236846262,-15.527308688122897,-15.458722267521491,-15.50059932489659,-15.409770154747594,-15.423400361158881,-15.414429655488373,-15.343845139284571,-15.233665086995014,-15.18194523853458,-15.076833060193884,-15.092913413115479,-20.659803074135883,-19.507788647743805,-17.886189156268596,-18.23056266402633,-17.283260542746795,-19.921775102305396,-19.865349732420405,-17.172107142615005,-17.61556473265313,-17.35841672217384,-20.05986464426985,-19.43105419758215,-19.90008719248856,-17.103776722877832,-17.065731861801307,-16.947127269574136,-20.095760859512737,-20.131798594534786,-20.36123285295535,-17.27454597990571,-17.80421358547168,-17.696435169115823,-17.581644548371038,-17.569709666137634,-16.61857727519021,-16.578120902010937,-17.213662489720246,-17.085739561707566,-17.20888208253539,-15.661589708652686,-16.39262030406977,-17.099208418408075,-14.58920105536816,-14.019904031775102,-17.007968211250923,-17.030552379588304,-12.278622883324674,-11.80287626813438,-11.746853203693014,-11.654050717298993,-10.686461593167135,-10.687019460297847,-10.859899760821019,-13.155111198888534,-12.015190487423581,-12.134615860433353,-12.33344934894659,-11.906372372181773,-12.293668108214796,-12.324273644202304,-12.437874447057261,-12.149812444417073,-13.581254009396087,-13.713032730423212,-17.413472316059554,-17.407087556775362,-16.955395605686938,-17.283868864495897,-16.98979950959051,-17.082138684870273,-17.200354108718727,-16.954260325613095,-8.268439116289336,-9.341997805731346,-10.937792189889521,-13.132440441175918,-16.988116068395847,-11.187884648600363,-12.804567076393248,-14.156745910877596,-16.585555227998636,-18.85432950299557,-6.84895216996159,-7.208442994171316,-9.91782324348815,-14.175791342319545,-17.06545869883073,-18.996640645801307,-19.36853100797338,-19.348493031579473,-17.61009361658805,-17.276786113586272,-17.93598207516011,-15.376884025909941,-15.063713855346183,-15.056679088775894,-16.469406006634312,-16.410783302051303,-17.168323739476484,-16.958035830617764,-17.093390990407446,-16.261586232866787,-16.348882688956717,-16.355072671724827,-17.181169347126083,-17.039787108672513,-16.932350985640735,-16.90475111125971,-16.655609992730447,-16.65639776639888,-17.175035540163172,-17.09228078370128,-17.088325062094363,-16.845290376255377,-16.857320307135442,-16.79541689777799,-16.26056013026389,-16.32226797997641,-16.182846741094103,-17.024094203791247,-17.26263677853772,-17.103713717226,-16.185466281306972,-16.043015093942895,-17.073341738027988,-16.808045634186673,-17.05447772394251
95.0,-1.4794075459113092,-1.3235441618863275,-0.7959019940032732,-0.6943612711498233,-1.0419355791919802,-1.0456369826288778,-0.445039836099558,-0.48186505165961524,-0.3448621123791442,-0.1443200061268266,0.5786596937179578,0.5437295270183444,-0.20351332709714676,-0.4049131909220307,-1.2840143182219101,-1.2266674667544013,-2.270214425326703,-2.2214916106487532,-11.227025793026172,-11.332212291615459,-10.172961749118041,-10.30775228217334,-6.231514348812436,-6.188188706796304,-5.343267083585164,-5.31607830094041,-5.462160379803577,-5.5310568019582975,-5.901426341251033,-5.900545593472594,-5.857847840291677,-5.8304023678662125,-5.6007987082810375,-5.6893074285119996,-5.283684604504467,-5.2441745034907905,-1.4426741895919104,-1.474327127789901,-1.4384819153052,-1.2796651585347298,-1.6306240415924789,-1.6640912138323491,-1.593571176705356,-1.6363996232826654,-0.5690395266253789,-0.5237459403798521,-0.5822266974855284,-0.6048340253974818,-0.8805152227165225,-0.6999730579149164,-0.6254367903300544,-1.667299660390369,-1.665837658107912,-1.7801061189459757,-1.7429915102371298,-1.9740444885756938,-2.095311083585181,-1.8580516515821612,-2.058389779726852,-0.42404410198453757,-0.4781934554570979,-0.5561621032657591,-0.4105174260458915,-1.0818522052448811,-1.0586541625839097,-1.0452135430710694,-1.07218187614537,-2.018512461676197,-1.996005527875198,-2.181255721009297,-2.1907342999869055,-1.4048078746277346,-1.41556555523802,-1.4706889287226783,-1.4250460838860697,-0.42647457737091266,-0.7283612926264418,-0.7253367014829202,-0.7274264487844873,-1.021311927008874,-1.13528019711364,-1.053358893551387,-1.0716572383492347,-5.189407907820304,-5.3190955574356495,-5.1612615944944045,-5.258891254042634,-4.848756061113133,-4.896077582347478,-5.961112035827059,-4.745712898836951,-5.030802529615478,-4.638303779978843,-4.9185415179226215,-6.924819422470291,-6.514574269700298,-5.8919581185684216,-5.269069063785011,-4.951921841445449,-6.406642285026341,-7.521919821780854,-6.693180771747853,-6.387039749360985,-2.070940650604477,-1.655434364448241,-1.7594849668759043,-1.9269460569509462,-6.158760856038336,-6.772902510205718,-6.280729851637587,-6.455135353763694,2.447091117870359,2.867477478391449,2.587972598888828,-5.040062972625073,-5.126162714149265,-5.053268729918015,-5.117152686084063,-4.985370015883763,-5.247367561758155,-5.147815932929284,-5.018904950876138,-5.102713997999523,-5.117103400164233,-4.585702874089327,-4.7528482632971905,-9.274175991901272,-9.285544895151334,-9.040447806543579,-9.041497221518828,-9.057166066682925,-9.039948759641252,-9.625440419643613,-9.459585251972213,-9.130827261072517,-9.116059622144455,-9.477943425056552,-9.447767163403011,-5.939511806230811,-5.394461508897214,-6.390173976609953,-6.630815705304053,-6.157631669535271,-6.729109412428534,-6.626185417554022,-6.3832050364090716,-6.360566784855655,-6.344168143779725,-4.901047469602265,-4.941913231764826,-5.400816364934752,-4.833468462405562,-4.975182294061448,-5.028486254636799,-5.529107442427582,-5.765343703504888,-5.5285907026948005,-5.514767583912634,-5.28428114377497,-5.561830813590936,-8.31746525352516,-8.443433319222908,-8.536605177633088,-8.419772631395091,-9.30137261773812,-9.011877044054595,-8.856579389140535,-8.180889478332492,-8.450936287731126,-8.890295628826689,-8.40093370450159,-8.758906758843423,-8.429167771951706,-8.235486273390158,-7.379447416080512,-7.557119140350031,-7.549903038961297,-7.562085312314059,-6.786319653283305,-6.64292597054631,-6.597817089120926,-8.042831460103638,-7.062229363876871,-7.099030012837714,-7.309480733929482,-7.772882504086241,-7.650661360723623,-8.028549066489969,-7.468164875831418,-7.154350047694977,-8.013660082430064,-8.064904753568811,-9.230316364024409,-9.124589607620663,-9.377270218642966,-9.10824288752482,-9.566316546575754,-9.635104070899551,-9.626303948784946,-9.753425260518013,-4.783248184328073,-4.604276569406377,-4.9461149760633845,-5.8260648996247815,-7.155630622530538,-5.197599248971818,-5.630637125871447,-5.985584894043903,-6.289933201760421,-6.611990522064648,-6.535097350272345,-6.691180966014722,-7.4836348026235715,-8.572140122835696,-9.820324089784691,-8.13642112557644,-8.111209209164237,-7.986555564889115,-7.043450273245188,-6.6098146461942076,-7.208723408559118,-8.546487472504145,-8.426216531812951,-8.203712187144248,-8.197144891352238,-8.164320802945012,-9.60981160885516,-9.585576399177178,-9.772036208412683,-9.089409218726974,-9.071029407802143,-9.14026652308087,-8.300839259607361,-8.28513255475532,-8.217435645304846,-9.248924486193413,-9.220547097991144,-9.188783015566825,-9.052151207949212,-8.816259280077333,-8.866684638756762,-8.29341973244086,-8.108752494528574,-8.094781917491218,-9.097598381570519,-8.991630156308883,-9.07120664056912,-9.55356666914534,-9.346932621995848,-9.298197112024312,-8.717748174862464,-9.003750714088227,-8.74907067718092,-8.591301339610252,-8.519989347865106
96.0,12.273241400941103,11.932296342411753,8.767858825620763,8.73852252536232,9.143310779332499,9.572673519642251,8.54245474443871,8.340376363794828,7.434457247612512,7.914508543715607,13.255392875313406,13.154912994920904,13.670249868454786,13.606925191864704,14.955382114752569,14.978147142053237,14.963208577556323,15.304378513217229,14.957824533171108,15.1397658760741,15.28210602207579,15.249219644179481,12.716671758493378,12.684552887264537,9.7535964656005,9.820683199517507,9.659765497680798,10.004636797241364,10.504186665082116,10.53619934131754,11.104113270185795,11.425528536532847,10.491133261683075,10.270939439880136,12.900362977397087,13.038577293949036,12.5663153755445,12.652851659542693,12.6434839797835,12.71998690490704,12.587946050811968,12.744542593157963,12.655742575746547,12.680341519139885,11.32818832833775,11.321926083144092,11.368983274636124,11.377620653393361,11.588807258930887,11.537707091941254,11.349291121630383,13.278808524329236,13.314797780508192,13.374384339107545,13.275847837015956,11.458532455988902,11.413324000896141,11.461675534806618,11.493973171299288,9.341147308276875,9.083488846539312,9.355984897107035,9.170266685331882,9.601452736097201,9.753434785068892,9.727281713458597,9.80414224149956,11.541264227102328,11.544756512453446,11.501543061143549,11.46931184291395,11.570401919656709,11.611462844372195,11.622472713204845,11.46935864847336,11.32905873980802,11.222781069222977,11.239489438248327,11.258232666318715,11.22010746823792,11.487403676262089,11.684384679411394,11.32020315188418,12.146841370948579,12.268739153423711,13.52823482576212,12.786124583436946,14.52540690330153,14.660645104642553,15.612681810898389,9.839764681408306,10.048420698587519,11.00649007988209,11.113507000395677,13.294447970363965,12.692770336580272,16.283104722429627,12.723814203748603,12.30476098924202,12.63365099873725,14.367459898536358,14.418030336792937,13.16557016683517,12.822687218028573,10.231157297515804,10.252610794633565,10.612599706331563,13.306622622095814,13.286319539624355,15.394906730192183,15.182329000041921,11.144273915304023,10.630547486313084,11.394573692388045,10.40412401288157,10.485638385543663,11.055131177219277,10.925763318413395,10.248157598436304,10.313012654463343,13.830029789150739,13.898737171984315,13.180530777697669,13.186616466907811,14.685401116446563,14.76251596328682,10.738763597875707,10.552011080691353,9.974014159346282,9.925654047936654,10.60190960010018,10.60458555294721,10.91914697547087,10.830933063321659,10.349383907356572,10.2224447833273,10.910843312773718,11.040725895778898,10.881721587156957,9.229480214635378,11.480822539859139,12.81667063523519,11.883146073186268,14.398135689797748,12.909352351471954,13.708312646912981,13.316191371186775,12.706403503734457,10.896102191217,11.239286650562661,11.15101740822793,10.499173616669177,10.796904420699137,10.783189300957313,11.314830948491418,11.92916591825922,14.961956699197447,11.696506707643334,12.39346285429274,12.66452660858584,10.379095843544833,10.291597286974403,10.081606066451927,10.248717511017974,13.877500685560063,12.864784032251722,12.608200573864108,8.534279999629254,8.65991839735262,12.253068132641577,8.770550488327949,10.916896779088798,12.554763354471977,12.298576418830619,6.945357402802118,5.825226386319288,6.309795506390657,5.953393555296158,5.543861445391602,6.06844876391064,6.371040122451241,5.302746599684458,6.230201341908707,6.134115844874593,6.410691610061036,7.041831635551137,7.765600702851714,8.320681106949516,7.26615541859816,7.114047424649327,5.4633033365992265,5.085114772704811,9.234167307442178,8.783988057450937,9.048132180924977,9.005005836047115,9.92784569104273,9.36055325378775,10.135280112693085,9.803483326441992,12.133391428143268,8.295397756295454,9.491166870142173,11.438721059728186,15.085290703423716,8.847300243213576,8.500776501530142,8.6409790081292,9.343695451232533,11.424744064301866,11.991003944651991,10.006886545420032,11.53352247497567,14.217933283592094,17.315525349173477,8.134739703674196,8.290748933428166,8.860433843834526,2.5094659227471094,1.3720143440170496,5.17673402886766,11.540331003407633,9.585140488145411,9.369250288812443,5.01724467419735,5.385653379774201,7.422701728203416,7.315270359647609,7.420225315537381,6.743121058895888,7.183127291233436,6.671706240787211,6.090393344363852,5.389210858163375,4.81644982596549,8.933348153423632,8.106454818379822,8.454602680444914,9.725287209814686,8.70624160614834,9.108882290079011,6.583320443316023,6.504206175133545,7.273719554735479,5.793131844005893,5.77407417596646,5.35181348383202,6.027950435653382,5.967109440908729,5.571365706852831,5.612143749129585,5.694580648025907,6.468978543981233,6.457455127085634,7.131553638905448
97.0,-2.9353885738250707,-2.995106187620835,-3.3571094549783207,-3.1963868572876732,-3.2467889569649357,-3.2798248125973655,-3.5184900610558936,-3.3312328348434885,-3.283118271431155,-3.1652654578486996,-2.2519963658077904,-2.3781466451082203,-1.4883039747602562,-1.4719378907941476,-3.3547226589397416,-3.341276366244519,-3.625030848332789,-3.60624266353988,-3.8748357000747884,-3.930137879576286,-4.206738231414965,-4.118534405506238,-4.069511600243844,-4.1863451267651675,-3.854487621825942,-3.80660810285329,-4.181437849567258,-4.119197524749165,-4.553567843573422,-4.59556093681206,-4.687851018693864,-4.744323809333125,-4.384332070554751,-4.503530833382747,-4.048438519928034,-4.028126152990037,-2.506312740034639,-2.509559400360315,-2.516324831858453,-2.467972086187112,-2.857940221340295,-2.795443354883272,-2.893411454052348,-3.118702758752934,-2.3227224752192215,-2.3654116195777775,-2.289690164028191,-2.3069821812043614,-2.4829168788260505,-2.44916444233322,-2.2827495643666893,-3.483188439818436,-3.473599278218119,-3.529586658951506,-3.48591760123439,-2.6982214569497933,-2.696849246942052,-2.7501972021848524,-2.7000052586435483,-2.5144358121532973,-2.574733879809685,-2.816873788644869,-2.815350119631481,-3.0147395005881825,-3.0276218146742244,-2.9704928451947765,-2.8750235192233626,-3.162520802579104,-3.2150457318103047,-3.137860618467606,-2.964617682471107,-3.2988645482284618,-3.2109458903567996,-3.492596213884955,-3.5268362133516136,-2.923497891520305,-2.9227560789319966,-2.9805131874309208,-2.893063970681313,-3.078355252936631,-3.1838965703313455,-2.916162222408716,-3.2437084299586867,-3.114557612440332,-2.923760059361047,-3.1392001815212294,-3.06990054448337,-2.4889681668532244,-2.792683848234938,-3.0146122076110498,-1.7999773764251326,-1.765450035406058,-1.0787496443065114,-1.129454184370086,-2.4185924991761922,-1.4545002095335133,-3.343037215268824,1.901895438090708,2.083503068536282,-1.5766309568986872,-3.112879868729723,-2.436258755337204,-2.14121230325766,-2.564650598913274,-2.099255622872996,-2.115265301446512,-2.174534736797068,-2.250356926999374,-2.2861276102551114,-3.3404246159079785,-3.6625106732307846,-1.6240185419927964,-1.6591783173397916,-1.8220762438498301,2.087972285325086,1.9847637302195356,1.9707971629220329,1.9693736767460823,2.114139009672985,2.106462415378791,1.7090967053108912,1.7350859890206793,1.6585128476680469,1.7654975454735755,1.2652503706993858,1.2045618426544151,-3.919265008058394,-3.8869690501997445,-3.993248505440853,-3.7515834731556907,-3.711838824966903,-3.6895940311284168,-4.2220002258672835,-4.029557477495917,-3.969762079606281,-3.8483822703339015,-4.038823313170737,-4.012680742115137,2.3398724998410234,2.190646063507783,2.8079336772175285,2.8166587640268617,2.1696767316483774,2.023987819488966,2.699963526174588,2.8447975099954084,3.2000534018335474,3.298878417612653,4.349030688402533,2.776758807322851,3.528836421311982,4.427652057516962,4.032314648443717,4.338634827078998,2.487508227961365,2.6691717073064454,1.315600454735137,2.9305323777841235,2.654511860021325,2.051377396781855,-1.0356275048423425,-1.4256779802885373,-1.6664464345618009,-1.4574293826022946,-2.4839031831181266,-2.766207410610951,-2.8708436694391253,-0.11518085681559809,0.683357953108479,-2.8283245912756314,-0.07956673693629357,0.3566051674222216,-2.781664905156331,-2.4617726816307552,-1.8870847354371088,-2.2116340046773204,-2.05732129536542,-2.2261824107260595,-0.6421863707521362,-0.9819989988519631,-1.0266179644670084,-1.0489046795155503,-2.4276978984136073,-2.29161937001928,-2.348288954129216,-0.352974088170255,0.9739174530056429,0.1938253776471492,-2.1514208356250335,-2.087361120252238,-1.1769349140597722,-1.0030500200580836,-2.6256463742531544,-2.3228392959079986,-2.554697947295046,-2.4111168554271294,-2.525808521127398,-2.3392581991784875,-2.5182989147550003,-2.5013189334652806,1.9295009085565913,-0.34229177071595274,-1.1407316926617548,-1.6222655111366182,-3.0425538793814786,2.504735914448224,1.9838465350074195,1.2830834471924157,0.37158703970922025,-2.1309782324048845,0.14162570554431797,-0.9220971813553938,-1.0796060936970746,-1.5854012077346935,-2.9791703982277506,1.6923085148578594,1.7554663329544178,1.8175252069443348,1.8976210312683237,2.138519989709158,1.2970957912871868,-2.816829124670628,-2.2968473496524138,-2.518175661692843,-1.831913935616504,-1.9569271474342393,-2.671306039782484,-2.803193266077516,-2.672133071360491,-3.6209935749486073,-3.4094426728566773,-3.396733453340847,-2.404725523072699,-2.29852643918667,-2.362484166419817,-2.485254505301036,-2.5647907383590782,-2.3206320228726978,-3.4668150686739683,-3.5097676295670865,-3.282469070111194,-2.4058414587642383,-2.208398787299443,-2.1522978138492466,-2.5218423324488715,-2.453592061397211,-2.488943798917524,-1.8042776902029642,-1.6106400525436746,-1.7177279149807607,-2.9515818118940684,-3.0548709951008726,-2.142724252459711,-1.920107723699236,-2.035172300671837
98.0,1.6804300880146847,1.6174311627259819,1.3850836181825024,1.1840182441279978,0.9052425205483665,0.9369754876628065,0.692247073409618,0.8050208437174895,0.903891202800029,0.7748034837038986,1.4034081258108664,1.4830408220324962,1.861649134887795,1.856617678243694,2.131465988562418,2.127087504190097,2.482718985470491,2.164565061762559,1.2958770969890807,1.2415110114115144,2.882091531450726,2.8558275645296476,0.7516501060710148,0.6749681420244507,1.6451174170045135,1.677827486949976,1.981952138250584,1.9678777505288174,1.9118728120813593,2.0181549018161284,2.0133706228313493,2.0318622969475193,2.248944797224887,1.9994542443382421,1.5616057363871434,1.576341006391523,1.7768382643867149,1.7128538010444707,1.643476808661294,1.6982903571875525,1.4935890512134904,1.5688573972533817,1.6515558928317944,1.6391236184100393,1.0482548572749124,0.9764543423299905,1.112346851566798,1.1367367061516127,0.8196911090782741,0.9150114792652246,1.0157848253870583,2.231998240666872,2.3249659188904808,2.289462156357448,2.3360031203823937,2.4272544103756424,2.241454564176287,2.3717067051194007,2.2377169688315597,2.0513783451404066,1.9646442316871422,2.0211221195699416,2.126066188665419,2.4520593633326655,2.4825558408325747,2.5019985752403784,2.486949205413353,1.8096416784336071,1.696259988998417,1.5709807637694375,1.5851270713927015,1.8545401593971498,1.6166240125079199,1.4094393173148063,1.523149298262279,1.8114694741256692,1.932347119098619,1.9379530456837841,1.7648928798438988,1.7740640122248443,1.7175276952350984,1.9517578435596832,2.117569973717007,2.4223631070286658,2.4612397219965416,2.4186330204853626,2.4730325483166347,4.548120933132569,4.295675355689539,3.2655799672946273,2.79407605195674,2.8615049068583005,4.308914740093794,4.616817250008392,4.424362358997318,5.282967997342546,3.2667604185892714,4.978371347288025,4.948549416040191,5.226629149838363,3.904344868731357,2.306687527810208,2.6970257260141928,2.488887763920193,2.526014697351016,2.520913228593333,2.764136930256445,2.5406292029323794,2.2594768782745547,3.022455195874553,2.8452906627917685,2.235714998427614,1.9239142078723503,1.926590904917962,4.716841213088109,4.617463404125093,4.28597488321693,4.4350657241624525,4.777530461728727,4.617337914280661,3.597095606758696,3.738467437879571,4.26737867697841,4.213526545598334,4.605938103245187,4.602690540681159,1.297862821997299,1.346685262274061,1.1965844130043415,1.2287688658727944,1.2346872490342555,1.0852260428942628,1.3418095087554747,1.4172415077854446,1.4209796348318449,1.5000562462184561,1.4500125833101585,1.4957832088295433,0.26847295152478523,-0.3075968581572326,-0.19198296728165332,-0.7934761857814472,-0.0959788523425047,-0.21018537455559994,0.006288084257846549,-0.5141331363246735,-0.5813136708799291,-0.5151458464709222,0.8045350554265838,0.4745575298908342,0.8726277707766208,0.5426198917111691,0.7978475480225597,0.48648195207796263,1.1459240928216978,0.9676539108846427,0.5824197341614052,0.998195219401282,0.6265675108838948,0.9891409049545281,0.9688040897002317,0.9508626274097267,0.9440702347809058,0.7194299594499896,2.118097605678294,2.2865782380523214,2.295361184292922,0.6807604822155078,0.5506090776002921,2.252857061679478,0.5970252252990385,0.453674574626973,1.5556240660599805,1.6817520375664365,0.23796611733751405,-0.392547042738677,-0.2476389986689682,-0.22423291951835012,1.0395623485371495,0.7772072369479339,0.702447635452824,-0.6983360398966738,0.5986791159270624,0.7973981236739647,0.628038279817325,0.2806202334820256,0.7998605334646314,0.41120631796367135,0.3219601721893248,0.2667448322083317,-0.6271583473158273,-0.5679641654825893,1.6156092735929057,1.5719487247230362,1.6477540565879103,1.5525951489718395,1.9871882700116856,2.024559673867767,1.939051084437434,1.7497592375661988,-0.12030506779446881,-0.7717446182868954,-0.48585333336567516,-0.08323374708191977,0.07672457277831768,0.3350180457602221,-0.03524348177580805,-0.2546460341911221,-0.09945285618087496,-0.028611034845535954,0.8290370199272274,1.188206058114904,1.4550492418104568,1.4917143063971992,1.8234017899646346,0.8483861277710041,0.7578946040170074,0.8427740782182553,0.965023335207448,0.941932618081303,0.7304765190872544,3.1967073356329223,3.5044086310459583,3.345849296155553,3.314411183547776,3.3339081936364394,6.401507662770417,6.303609522046578,6.0401321500925675,3.0197646859110066,2.8617418476292684,3.0973838917095406,2.8503785974815123,3.4398824737646194,3.1537593995678073,7.0351414268681935,6.885458905030934,6.9908277629823345,3.218135677049034,3.256001437181812,3.4542137841019773,3.277296578540952,3.4218937323904477,3.18391271138519,6.541667678639087,6.721251479673903,6.612979889968997,6.811695880656913,6.938582161651224,6.570969936918701,3.2590838754804636,3.222070927844147,3.4636459061245155,3.4500549132975777,3.4217160422827995
99.0,-0.515311629875884,-0.2512435732360787,-0.6984764084976105,-0.7702478624802169,-1.06595279194419,-0.8176674694230108,-1.041017247422522,-0.7856823647857745,-1.1988318584011448,-1.4022250142928447,-0.5758945412057148,-0.4006715317943659,-0.43906402332446337,-0.5366400776933657,-0.25599182397782805,-0.17588833086401756,-0.478182283807298,-0.32651212571227095,0.27467416458874006,0.1740207580867521,1.106004833914553,1.0604333576509282,-0.7162820117484081,-0.6324824157808546,-0.39459019150440877,-0.3849106066085275,-0.169320707459911,-0.3586382813283473,-0.44413365662126836,-0.4282353886952226,-0.8722915381490122,-0.8828559328696848,-0.4545854998223158,-0.30249042146850247,0.003909981420085806,0.1884791100904719,-0.4106640887546411,-0.33308469477755454,-0.25737509446704276,-0.3909446230576812,-0.7297397138293764,-0.7831801355495873,-0.836108288460661,-0.817466537380926,-1.1673609562838703,-1.2764753518530219,-1.4266328195365565,-1.2404025273869976,-1.554631142234319,-1.5960022195287964,-1.5550138470611614,-1.1178700955480183,-1.1180118162999104,-0.9341854112304211,-1.010711306278803,-1.1130909945295473,-0.679899485557002,-0.9016400202671284,-0.7290137453908234,-1.2163768867641425,-1.2202170981279643,-1.0883265092297094,-0.9653830940268291,-0.99127230988285,-0.9600308421914874,-1.0399296264989122,-0.9646798774147474,-1.3847396827684975,-1.3322583128851004,-1.5186615626452307,-1.5781279127962788,-0.9992913731719746,-0.8183642417743204,-1.0966470304370004,-1.2481279868606956,-1.3042051468982079,-0.8570074195556536,-1.1287869616564299,-1.017686175144016,-1.097399777809919,-0.9393979956489424,-1.0047198496163272,-1.211520283063745,0.2891702332356876,0.4063105100788542,0.532988041216103,0.5239021012130411,0.03056352434823406,0.10779974356783573,0.3070845605922985,-0.06063614163218656,-0.012614556986620507,-0.19948675948552075,-0.09147103413326896,0.24265002150695603,0.5943555469107364,0.31700096073615125,0.32922878092893804,0.4170992537470295,0.46441671329602396,0.404890551596075,-0.35477086805805946,-0.21421291009202292,-0.6347929477417051,0.09099059273815868,-0.24479582113275633,-0.14560162726172488,-0.09912357710432307,-0.243609559776786,0.13192751311206408,-0.06767061002561103,-0.6451108586690286,-0.6863582309834317,-0.7786919893326321,0.7867798335207956,0.6161250787715526,0.392418621021805,0.6036134837056135,0.8806736084036397,0.6104383058405043,0.7944185559806096,0.7457821657987935,1.1613479760159033,1.1807327231805818,0.7010949488920657,0.8228243149409908,-0.49553698499920174,-0.5684818513042709,-0.12331871219091628,-0.2494449423206362,-0.37118076970134783,-0.3310803406142524,-0.25672098945468314,-0.3930090515407283,-0.13234061077498094,0.1433172668984275,-0.14010510960287448,-0.44723766861720726,-1.7725208546539584,-1.4795546631676197,-1.862708629845173,-1.9104769536263637,-1.3602416511231272,-1.4807416173718915,-1.4115984525810807,-2.510834682663903,-2.462606269339217,-1.9326766871838696,-2.425850579843276,-1.9913266901128246,-1.9179259439537688,-1.6168419991723129,-1.550524703931634,-1.93435088012906,-1.0240963217611823,-1.1199004716272742,-1.641108847071215,-1.3510719783547702,-1.6134125319401047,-1.4833282392692846,-2.3627416387372957,-2.3767251298345276,-2.359569022173545,-2.8161450756322033,-2.414725424361415,-2.2906846432458865,-2.046332669584668,-2.6297149733805094,-2.7879979067838914,-2.4665932197337086,-2.8549104155487335,-3.0133986512999034,-2.50975690094733,-2.1235062833693386,-1.5452844889253696,-1.9142367366965982,-1.7169706473090502,-1.881602173692671,-1.0130362549193697,-1.4638569086438795,-1.5244627256104328,-0.8974849315829379,-1.5820175187758556,-1.4851009275504952,-1.6431859482864506,-1.5576670764175984,-1.2917320168105784,-1.5178110832127363,-1.4109050300526547,-1.892721396816286,-0.7015895182420162,-0.5071116079555726,-0.11060866090694432,0.2551911943919283,0.33134147907405165,0.36501607526100344,0.6233703041017531,0.6310368647049516,0.4862418489669378,0.6256038391762129,-1.9715586358724684,-1.8055906065114042,-1.756066087879966,-1.7759144021572153,-1.7656559474545892,-1.586316612536181,-1.3372333007945967,-1.0267685768812456,-1.0448101679622548,-0.8784903251661893,-1.9192816326140152,-1.6192810238572042,-1.1255869640834701,-1.1878771875481329,-1.5470098821433123,-2.288196437375718,-2.235867874136435,-2.4708270988177237,-0.07975391035412915,0.2668874472134104,-0.21489263936343272,-0.3085573353654727,0.22412917173610403,-0.04263762196148857,-0.28688256123468836,-0.43905524677794583,0.018490323848147305,0.1142821036239492,-0.060348589589314106,0.3510948509702887,-0.1345106239614564,-0.10597101299069855,0.10665409295183803,0.4328170677125036,0.39657288059446705,0.6633952556640796,0.541612837012766,0.40042307279041767,0.2439548578923163,0.06457552246784504,0.13116241133479667,0.7774927346300253,0.7206917666870221,0.7152670812677924,-0.19964282428011781,-0.09748460374021528,-0.11313917035761101,0.2889393434961467,0.4094454353343293,0.36259600125033176,0.25522848434341006,-0.065099629957307,-0.3582447501762971,-0.08885876670287085,-0.45149558604399287
100.0,-2.1047989274891137,-2.053202900631102,-1.8214110470577687,-1.6955591694501022,-1.9670148643628207,-1.8715653677740578,-1.915162110240325,-1.9864051076997367,-1.6023189746415456,-1.5532800526738768,-2.2369678147321306,-2.348160176589618,-2.201049769981905,-2.1357693980956904,-1.8295140106414918,-1.8008361044130448,-1.3601618037967298,-1.4571162253293153,-1.3575439684541277,-1.284121486778016,-2.1451365678205017,-1.9784107769306187,-2.4101948821980885,-2.489935474792346,-1.9732065761849618,-1.9599393917400532,-1.8730042164386047,-1.824123763838701,-1.4938124480460786,-1.4460244012194203,-1.367934516131375,-1.1482988825297245,-1.7506064017901721,-1.761804429913223,-2.4111950116838123,-2.3237807709711533,-1.449198616315336,-1.3074325142065044,-1.2516175367373008,-1.3188041766891985,-1.2795502187324965,-1.2674142272957831,-1.2903915559985095,-1.5324389010084705,-1.0213157228967025,-1.0872152675259206,-1.0703378897231568,-1.0158185718153283,-0.7571230598580163,-0.9083380253116182,-0.6073315880101147,-1.685465169704409,-1.648418916886178,-1.7222351952178263,-1.694235603443751,-1.4170782368112302,-1.3381743626637785,-1.384375737829672,-1.423824900660263,-0.8912728304062334,-0.83485217858596,-0.6869404683618692,-0.8799235607157359,-1.7069966657588829,-1.6547895630130123,-1.568587313305521,-1.6028244943402115,-1.4674083935340327,-1.5761454611086676,-1.6682431165874072,-1.5784905699989267,-0.9771358672375978,-0.988865475916755,-1.0031592477045899,-1.0746757409582193,-1.6600475657828309,-1.6430318295647295,-1.601180170416165,-1.5571029057434913,-1.2238387074738681,-1.087617629827328,-1.053200676600592,-1.2202499344976756,-2.680727792124806,-2.7806255408484972,-2.8588763168407114,-2.834104023335517,-2.294699041073028,-2.2185495350016047,-2.3606491905947147,-3.6156264918948384,-3.819932409360229,-4.371438481905074,-4.3595245232977975,-3.1451080649620256,-3.5393542022565665,-2.4489792147431837,-5.6185861845479,-5.894335885100116,-3.4913571232366043,-2.9026967986801635,-3.7426581714711884,-3.922255764818967,-2.2736491840807966,-2.5815805546860644,-2.376975137042261,-2.5951553110863355,-3.9515412686730267,-3.9678451885190786,-2.4864274734088996,-2.4156432656911235,-4.426680899739476,-4.608309104040648,-4.471058856412619,-2.414586049099294,-2.3857622757319144,-2.435352089142853,-2.3131315444999165,-2.4378962784638984,-2.4808042745525407,-2.6403777981871053,-2.479566692145063,-2.506787944351977,-2.545277969199719,-1.9875045670532931,-2.015303574660644,-2.4860211898369227,-2.3442509446489828,-2.561592301835331,-2.4932459950343904,-2.424972558279589,-2.616784202232839,-2.4940216562398696,-2.526649579119268,-2.7185409856085756,-2.6065609144545268,-2.5810560448600204,-2.3280569812299587,-3.4052840369937956,-3.1566748192416028,-2.8558879881604455,-2.660231433235217,-2.72270620253562,-2.638786936281228,-2.5193892134540996,-2.405050224359612,-2.7388803693796033,-2.3218149391745366,-3.5766274989748386,-3.4045831467680245,-3.6579890295429873,-3.337028634007,-3.571987108459324,-3.2196852743983446,-3.3839987213143994,-3.1361526681016296,-3.032929678442763,-2.828341639958521,-2.827067967958611,-2.9516596226236587,-0.10479236739187403,-0.11386574273956818,0.2493161905449104,0.16395061857483517,-0.0390620146752525,-0.03009527614910379,-0.28509302530260294,-0.05268231649401045,0.05631441228617007,-0.05018531738758858,0.33287368316562826,0.184161054402586,-0.19578237342370208,-0.21576900265319843,-0.9754533114024104,-1.158144002655641,-1.2595308537515653,-1.2629607364291036,-0.8831702748138657,-0.7604547081623059,-0.7820504401196997,-1.4509075069062067,-0.6799004405202442,-0.521693750416448,-0.6196926846651829,-1.3032243678774451,-1.5418032216050312,-1.296846737047752,-1.1555438836979102,-1.0704075901933332,-1.4101251710576959,-1.4424970899100416,-2.8283912370097095,-2.849633265429068,-3.0680894641296623,-2.9169251462913928,-2.556137839359302,-2.558137181794533,-2.565406264398117,-2.5724524476812602,-2.8538672729596954,-2.781812933740496,-2.8288512684266873,-3.0291051277391023,-2.68999664098131,-1.980656717083109,-2.207263448017902,-2.275850863210923,-2.37044492946559,-1.9869021206182236,-1.1929554411750933,-1.5350282423323751,-1.8329770394186444,-2.018810475766466,-1.642585718126846,-7.603405383714696,-7.2972623634012335,-7.343875314203108,-5.647921805284588,-5.8213347641861555,-5.716020496412718,-2.675905402745988,-3.1011464005251073,-2.711436439485702,-3.6252997642218263,-3.5405802832354003,-3.1107396697594556,-3.2855316135764596,-3.1335100860285827,-2.6882776703199047,-2.761039287168841,-2.6745133071777656,-3.827687035314235,-3.9516624687098942,-3.7752480487416715,-3.13939882421445,-3.1128950556955797,-3.200485465130585,-2.699965352701759,-2.9241059308638215,-2.9546430169179274,-3.5322012677110703,-3.5926600705540714,-3.435419387555716,-3.3056626136660014,-3.2639854877856083,-3.5276417485075156,-3.1146935307954715,-3.3643738231034117,-3.2403225963110662,-3.2099400001175464,-2.9977486956693733,-3.425981616535095,-3.474613113562401,-3.4876775701537186
101.0,-4.332219717395054,-4.158926543239572,-4.18994487850725,-4.260906525822612,-4.45473555032506,-4.320684514083732,-3.8953250607963383,-3.9925393693379068,-3.8552085119293356,-3.9481927433925534,-3.55119763815609,-3.610781452974056,-3.441331583657867,-3.4872472565299635,-3.999696514208882,-3.918524929288292,-4.293751773329674,-4.2354730239230065,-5.678787140896208,-5.717078612226246,-4.762218768762464,-4.8916795835474876,-10.663972263370857,-10.667992752549132,-9.606229309897785,-9.685247577838654,-10.282656189208256,-10.296503509397347,-9.959896258484207,-10.049309527044946,-8.39826359442451,-8.46048061148821,-9.810101196590065,-9.818106209294122,-9.916136321200643,-9.929837775069348,-4.030199723895164,-4.045042961453653,-3.973471687638371,-3.918045318483225,-4.288031358051224,-4.331039276467605,-4.288736186533967,-4.3628773734497805,-4.61176234190755,-4.572067065013872,-4.696119034593259,-4.687551895393842,-4.49252329645647,-4.297270896041775,-4.290350065359547,-4.15497521575826,-4.021600130969954,-4.03354947648106,-3.996376438434634,-4.3633805121778195,-4.415101828057143,-4.390457032521017,-4.409434146738818,-4.489339296301612,-4.5636759649360314,-4.523388291938762,-4.491675078924374,-4.392151297962464,-4.413263823622689,-4.402485023621045,-4.375570817641318,-4.317135932289311,-4.476428421604272,-4.396309141396582,-4.424970933000331,-4.390269280386455,-4.4060313741546295,-4.273761846324284,-4.308628994193196,-4.530384578534722,-4.42441530247897,-4.299622244895112,-4.389145603732436,-4.492650703143589,-4.315457402120241,-4.594498205405504,-4.321128892641017,-4.137495249317858,-4.243385020728912,-4.281912957608233,-4.343236225805937,-5.476028797961229,-5.382745818292992,-4.764254390048487,-10.773826077146296,-10.765159390463271,-9.735016373165937,-9.712817621904215,-4.537822968863962,-7.648609738587066,-4.926205806185669,-8.994418255191157,-9.087618401015673,-7.62982990294533,-4.78989129545371,-3.8818732562869567,-4.342961173133748,-5.4073692781357,-5.417671047361363,-5.386540513100906,-5.492353532622419,-4.465701366700822,-3.949377114224884,-5.139660839038434,-4.980670031261305,-7.056501598376492,-7.039162918011028,-7.138611869289855,-2.5975785823905646,-2.7657473703887465,-2.8842505396225864,-2.7920557200008016,-2.655369793479064,-2.548098429255793,-3.7632011983598357,-3.6383337969369585,-3.558752018687512,-3.5126547666656194,-3.29304078860603,-3.4786654072012766,-8.150974283463036,-7.981301133277743,-8.348217813774035,-8.247371934042537,-8.217984440303312,-8.19923603524748,-8.590327761665604,-8.619438246872239,-8.589246116246828,-8.585657731989865,-8.528311076021414,-8.612969737868493,-5.366403173534007,-4.977100189713825,-4.585351939399233,-4.603726597105885,-4.595622517076803,-4.947543990727972,-4.990584905316522,-4.4264588123116795,-4.248822941335286,-4.27325412404544,-4.893888369542452,-4.594604781968181,-4.907218800376576,-3.5686804532531564,-3.694293417944948,-3.6794746471778357,-6.782882512940022,-6.838076461100853,-7.043103115007305,-6.23429430734048,-6.13525354967568,-6.35145100392732,-1.645029845742549,-1.6005883669405705,-1.5493260848766752,-1.6174384465979443,-1.980377618896192,-2.088911116299702,-1.7046208161206273,-0.9125369446930911,-1.3280363203321492,-1.7377301733792265,-1.4709552216601907,-1.3009244275998064,-1.9349048140595286,-1.9278153708790313,-4.418560327361588,-4.9718236276319185,-4.9478003619098985,-4.982034204060035,-4.331601057641693,-4.21384767888841,-4.157273762297891,-5.65721421882388,-4.963686966188371,-4.865321290981553,-4.772529023860248,-5.587039568083492,-5.381600037617373,-5.418271559295549,-4.495923140551064,-4.500521354976387,-5.6494659575065445,-5.494193886574768,-6.377837525174371,-6.22910259733025,-6.01702730661523,-6.130336486282701,-5.875376454588469,-5.941450002328166,-5.971969903600321,-5.8641302900628745,-4.504522259369162,-5.072354319526827,-5.464699118135552,-5.7297611030378715,-6.479113119384797,0.35578349834328904,0.13424521028781378,0.07561788535377723,-0.14359964583728768,-0.6692344766563103,-0.6954916260684083,-0.8747272303656288,-1.1594272429036039,-1.840931479090326,-2.483878218980575,-1.7912381459951359,-1.8117146174500842,-1.7522615978518505,-4.05296533029269,-4.031066165607742,-4.448528369059019,-7.03069563289675,-6.973769258847991,-7.026203228659941,-5.933276244616936,-5.949999135029868,-7.129585358294062,-7.167962490145559,-7.299667866502743,-7.180704209948187,-7.227247206658536,-7.172229846696496,-6.067087391057463,-6.125924840443449,-6.086456521672547,-6.507160462367176,-6.427335476975967,-6.531060590310705,-6.996446238605417,-7.021734144989381,-7.0408262472440875,-5.719146277623397,-5.771514532910679,-5.786733163114636,-6.919688413998157,-6.998819555551748,-6.85297758422457,-6.53102787265977,-6.6890872245962,-6.665149660797347,-6.817382039519435,-6.790293127371081,-5.337431747110299,-5.395929976639438,-5.4260580848447475
102.0,0.5136701880704306,0.36334570393167454,0.8490422086428984,0.6784668517954398,1.1809857474637662,1.1171903884178245,1.2574099291500782,0.9291834113216173,1.187685347146868,1.4090961117206446,-0.4770983027135056,-0.1225506653292836,-0.3781859676427093,-0.18496240629557725,-0.07614144604918849,-0.05853475810294384,-0.4764545503237638,-0.4333931382334484,-1.3743055659596344,-1.3755122452688866,-1.9309463462854524,-1.748632313350524,-2.074643696309856,-1.9747825953866958,-1.0438610492026523,-1.227412642842161,-1.1995197704893457,-0.9373808179588767,-1.4318851576928644,-1.295536428388118,-1.2082161997808996,-1.2024527369625435,-1.138802797624992,-1.010970826837335,-1.2689132351202108,-1.2805591137042818,0.4794577342033026,0.4093227468340448,0.17479501154488197,0.1132905026146922,-0.10270271122935348,0.16684006596809198,-0.2972276648099097,-0.12983064505580444,-0.34306610882912203,-0.6621925961588158,-0.7363946427852781,-0.7240011051627917,-1.3625709278283278,-1.502587266405456,-1.255406160166304,-0.2185510721838444,-0.3387158344125485,-0.14422638951967492,-0.2418798425669344,-0.2919793760423932,-0.18909136624388978,-0.41143066583983945,-0.42026719257997414,-0.4138958630867009,-0.5990022073686312,-0.6805044230527812,-0.8522708803122949,0.08295146061969483,0.060796481783837564,0.08795718801874308,-0.013896978044856567,-0.22514236025565815,-0.2307409339346833,-0.48275585371980156,-0.04958224834229874,-0.2640980568690221,-0.5639953969043052,-0.2871634544746531,-0.45622022928638906,-0.5746171296959961,-0.7612302777221149,-0.7366118209098982,-0.7570691318884855,-0.6224192220520752,-0.9173611532195469,-0.45131834254334535,-0.7224178169703048,-0.7061588574393092,-0.8603882389288611,-0.3440577360855128,-0.6143396790695288,-0.9900386782074397,-0.7159078496946565,-0.871419366422276,-0.11599231644229935,-0.19499711630236316,-0.5370444504949425,-0.2075915699853561,-1.001444091193779,-0.9350014974329595,-0.27123590999662106,-0.8268797463698956,-0.901620068557933,-0.7577641732824132,-0.5187423676221723,-0.7271373814696158,-0.5719341421240243,-0.7070289436274972,-0.892747255235574,-0.4966483483047339,-0.7198147409480953,-0.5360513633890935,-0.47180897824803036,-0.5732931345306849,-0.9914823851592169,-0.24006250723496514,-0.14721898177396486,-0.20125851184534138,1.7881866469157743,1.932457489871073,1.6283000651109962,1.6709598628956295,1.8767157489738775,2.0728434397152165,1.4944149826757362,1.7843060536725435,1.676284564823836,1.76738953787935,1.944437197863628,1.9908750595179574,-0.9785928564434272,-0.7029222113838145,-0.5110716764604568,-0.9724268352296033,-0.8198322204226702,-1.0095188048415142,-0.852012227712418,-0.953686679181601,-0.9723447762053308,-0.7691799042151501,-0.9040210965614364,-0.7685942813854751,1.0489871005719955,-0.2468111404096085,2.0148523578760704,1.728258323358717,1.7209095925810454,1.2015166195911595,0.5567444802519468,1.8665861248028035,2.0451145332489693,1.46096546736442,0.5940772081148431,0.9012911314958085,1.64874581453439,1.6556417908397831,2.4056193354663105,1.5740312643825716,1.0662879929373368,1.5367503960254698,1.6104834538250126,2.1612482582946195,1.9978261674740132,2.060181659064243,-0.629106577967228,-0.8936944071027684,-0.8717691384953214,-1.1128478659398127,-1.3925699472165167,-1.210309110030897,-1.4517360120041474,0.1011647231772006,-0.43608243259117074,-1.7876306853609423,-0.6411756797739532,-0.5999865118872734,-1.70753861685625,-1.5361365666588593,-0.10165666632596349,0.052276515653216116,-0.0041483046824772885,0.23133168995212916,0.4692936534190473,0.2923579577631914,-0.18866590360743807,-0.4729661233877458,-0.49192879951096913,-0.2959149599279902,-0.6253946994448913,-0.614995272722366,-0.7524867376089475,-0.583739586897746,-0.31703234931007174,-0.29502965854420715,-0.1739563488495488,-0.3150479887469686,0.7704146009940622,0.7524400280727574,0.9612694376186885,1.0287312070195807,0.8752169707036321,0.7199115398481633,1.0037634670353706,0.91473941662231,1.2224670687555133,1.8061657482121678,1.6505194051661523,1.3034308471056963,0.2393798181258333,1.2413423550162754,1.0888846194356212,1.0488783866092053,0.3657610796993698,0.20188319820893774,1.1048726817831795,0.8142186893918204,0.9878558867904044,0.4156653818318876,-0.4598538563665997,-1.1861869476364646,-1.0269168343308595,-0.7640921598808532,-0.8549245800736003,-0.5949117257568579,-0.7378230763357481,-2.2185620562154575,-1.9105170396417037,-1.9545678659770491,-1.495907323805115,-1.3677522774342012,-2.3692511604502737,-2.5390528279720943,-2.499774660724148,-1.7511868856802701,-1.8784377606591374,-1.8471408911538383,-1.6918414336475838,-1.9293359358332722,-2.00567912687215,-2.967162913872251,-2.568511887861776,-2.801518305199571,-2.399838778295144,-2.53367558639093,-2.4037491079829563,-2.0565536265163606,-2.0355271068112826,-2.0885108720956866,-1.593115152479796,-1.4380815072764142,-1.3830425983362211,-2.0068122491276554,-2.2717927162704896,-2.01949078611808,-1.5538336061451936,-1.7502584309216394,-1.1886556581538077,-1.4793410513506213,-1.3553499105271065
103.0,-16.045842933512816,-15.953490651734214,-15.148971536428608,-15.467734281096629,-15.367549486624569,-15.362529125403448,-15.227007252479268,-14.82981605130949,-14.777739503314898,-14.569803894980176,-16.100307969018097,-16.454659830505754,-16.04632227834339,-16.045578557731492,-16.1048459309133,-16.295457026047867,-16.71331606442073,-16.627987597443884,-15.8074466230705,-15.653167974252632,-16.209318138983658,-16.19156281133659,-16.234783829673162,-16.183753919289764,-15.708081672545774,-15.720867817191248,-15.383734752885033,-15.39456711896107,-15.903402863354028,-15.79235913612343,-15.984479910791435,-15.888237169500023,-15.703549803821698,-15.57053206579469,-16.668291898641673,-16.608327555368284,-15.649640226557299,-15.3502452895634,-15.486337757244243,-15.60915914907769,-16.400769549257376,-16.323755766428526,-16.141606755729597,-16.29223289895087,-15.37844540531616,-15.504803513519864,-15.593825991166497,-15.345319795262867,-14.79699947266267,-15.018086917840996,-15.363923341741199,-15.010678532077826,-14.950034914297675,-14.929423506280461,-14.932862167928388,-15.244526121607159,-15.168462120014937,-15.066372503432639,-15.278364698075556,-16.076739122839616,-16.183769370749452,-16.18722142399634,-16.13230047421969,-15.753552606067192,-15.729186138975265,-15.683726527458191,-15.613785941917364,-15.811841658873995,-15.491007477379647,-15.592443365876296,-15.502164142914886,-15.511731242970669,-15.59855968566849,-15.465271295118974,-15.613889250930633,-15.764069214847027,-15.534390637932233,-15.9193254965511,-15.74959708832759,-15.162120831427895,-15.165030745481992,-15.029273320293925,-15.271405902917511,-16.170688886299327,-16.28863740834871,-16.11445726529837,-16.233954365746648,-17.728889349600426,-17.59767799072906,-16.638721253541842,-14.736907696697013,-14.97947755957086,-15.319234036242243,-15.558006452350241,-16.08524813486345,-16.486854990695235,-16.86998056327807,-15.632857744854682,-15.543720005572872,-16.28680334923196,-16.59599288447785,-15.969819133327523,-15.91933601558997,-17.121562692472928,-16.89692845351574,-16.962738003615794,-17.14629369116416,-15.817976149591612,-15.71973484130394,-16.65663707098946,-16.695404348689966,-14.932186731878957,-15.038427419203032,-15.026317632495417,-15.472332806529725,-15.570097710559477,-15.647804910088851,-15.67939630065661,-15.217163725342232,-15.393546195742115,-15.04873464943553,-15.076167370677101,-15.179806587249885,-15.090071114397965,-14.955395817452384,-14.971494417857258,-15.9661855417197,-15.971465064170282,-15.887582220756542,-15.837063124063441,-15.987264286447502,-16.07384594258442,-16.163148431534616,-15.94207056469438,-16.126251593050156,-15.959266728065966,-16.13119529519288,-16.241587588183517,-15.681742826532979,-15.951374379361283,-13.547338347692047,-13.99621213018639,-13.519249465974106,-15.1020935284517,-15.906927300014068,-14.460409935702046,-13.916020937895777,-14.005603964677128,-15.378958932084661,-14.930103150068796,-15.318609577411756,-13.425361578172371,-13.267863839937121,-13.354583057474137,-15.92164528016848,-15.410594473061213,-15.213311034356146,-14.33731579554695,-14.230631408059224,-14.070743408365647,-15.086268369342285,-14.9940672354214,-14.773236130785872,-14.571381911020534,-15.40273447934075,-15.439637564101545,-15.298341383133106,-14.506523017180633,-14.659976115886892,-15.21380331958337,-14.536073006768774,-14.74397509506187,-15.108913488798215,-15.35675621481581,-16.136486921223796,-15.771347508986317,-15.924735522410273,-15.842488640419237,-16.840151917278106,-16.500849808984135,-16.26179973163675,-15.343259737422613,-15.995278618591904,-16.18596471472872,-15.944690184186811,-16.411286623410085,-16.93343680198859,-16.78717708796446,-16.199324783884414,-15.958080180369024,-15.42035251604532,-15.409676206434156,-13.620237228740823,-13.512180709247602,-13.499665761601804,-13.492547938109475,-14.499027991840073,-14.659093585686517,-14.565643476911891,-14.250041679926774,-17.22421782327387,-16.021247152527838,-16.449821405258724,-16.355074465260213,-16.25858161812395,-14.187114158710827,-14.197309300924587,-14.168436195263421,-14.290244721212236,-14.944401778120508,-16.519973426725123,-16.145298994670874,-15.966260014691812,-15.898829462906392,-16.148371349541613,-13.997449718458999,-13.795400090774656,-14.13693335875588,-14.857847402425897,-14.801696460562646,-14.693317087140624,-15.574486167356966,-15.959224739134804,-15.584586736616526,-14.6818931603909,-14.939614740025924,-15.558014888210948,-15.384903867094568,-15.159100263827998,-14.620447419150487,-14.638551065722801,-14.697111920626298,-14.525281380945067,-14.67879227683743,-14.582667086760324,-15.319846992392183,-14.776429572811914,-15.13012534071472,-14.332129086208859,-13.992666177234774,-14.22410081965566,-14.174267801099454,-14.145276289729559,-14.175825658021317,-15.659627910418685,-15.423948914768726,-15.447906689973692,-15.476153090991318,-15.449144329413539,-15.402172352195759,-14.630323348709776,-14.76487114602661,-14.766429524948276,-14.856467421090493,-15.016943737018718
104.0,7.554106607915237,7.46860731229965,7.292605926903747,7.669392643978437,7.119322188931033,7.540943251037625,7.562834444722387,7.74373772122685,7.831660285581076,7.5168228641340455,8.42283274956497,8.331942057000392,8.342040710314512,8.549501307421508,8.015451954635441,8.00973705301816,7.8579244264452655,7.889182718424573,7.686824987719863,7.3236030646932235,7.8884153875817695,7.723664035058317,8.526191930178285,8.39288853319482,9.067736992929287,9.049587212022173,8.760377050340995,8.968112646299932,8.899818755895286,8.679095302827696,8.87340807907927,8.84893157246857,8.555738924754799,8.75838407218297,8.684615914431513,8.512617608762096,7.2637512529944495,6.775236267644811,7.000455500811579,7.243559020220587,7.0596403653057465,7.296492014780355,7.251297527996298,7.071178595875876,7.5440866702384515,7.7856216038982,7.746235678746885,7.55880932711413,7.44035708124926,7.255533135558315,7.536365660088112,6.758492674664932,6.752461874753212,6.845534891951235,6.739281125171189,7.401520874382008,7.504934322543473,7.262985859729451,7.347653967870148,7.075436856562941,7.155897503369864,7.003813822606173,6.818380818444398,6.972591740917993,7.085256326135964,7.162699986808294,7.116629156756696,7.760588931389638,7.745543297949036,7.690658834027884,7.843855444863394,7.2469692482050565,7.4432734577072495,7.37863722765843,7.47295956488005,8.110014064635413,8.190888971935749,7.882269963412414,8.43350345177145,7.872613027136724,7.841695887144686,7.758065420261154,8.323675944986643,6.814649541592178,6.714563711416428,6.791532871153944,7.015320537009732,7.083185283030801,7.131523707857433,6.6402190176102955,6.536912188500022,6.8651219183015115,6.707765053243236,6.554454767372967,6.356241408388705,6.7661565414169935,6.504279320262285,6.676523691559421,6.753149999226558,6.781569761114845,6.149607492528077,7.335462485353098,7.096383277773185,6.599863987100338,6.871734835782213,7.11898576786011,6.942538333619989,7.519207363392962,7.167345553926054,6.6618998352771435,6.61640360135473,7.8795217032578435,8.035023875398284,7.970788975795916,6.0928408031130274,6.14673643840759,6.359996359494012,6.14464377050383,6.065745845982942,6.0664892197730325,6.795640544894411,6.699592264787238,6.7996545091525675,6.79393981712083,6.234653173315092,6.037902919717332,6.430728008189686,6.864700930406716,6.676456018354536,6.527599798506795,6.610715954727674,6.732761271898529,6.586413591732235,6.452690058154531,6.371518404539195,6.429463486192024,6.291965581547007,6.259295722827613,7.9833859567755034,7.31072057086009,7.194280084686607,6.912450566125958,7.202842114834898,7.667822858245572,7.437022340291254,7.165883384915595,6.9129516375655164,7.656770475500313,7.771072356790807,7.732794098110153,7.613546500183972,7.576984057282097,6.9740160355841425,6.8426310346245,7.73978325617011,7.380411187014765,7.021730043227418,7.103960376583775,7.258295133399891,7.138809081071013,6.514822197844087,6.188957425744661,6.1574634344105945,6.174576313881712,5.926390619930402,6.045975007501291,6.006531833043475,6.795152336539061,6.978059005796659,5.824559185800144,6.843675450362898,7.140921293972646,6.011310910928014,5.826634452207269,7.022489571721707,7.1365875184926715,7.046371858729639,7.008375978750081,6.887645888955994,7.322664026393188,7.112930792096609,7.134843425589882,6.762906608043771,6.850927611779632,6.744823914311791,6.748254057208314,7.396921657528001,6.986224175328221,7.280455397482001,6.956990442609506,7.353674884174811,7.2708739268362805,5.8359599619857825,6.000219427804588,5.865594500608353,6.063735585009397,6.192699055051719,6.498803623780258,6.497015138314513,6.3657356732560615,8.476642286686046,8.412547082103792,8.535795804033906,8.447238848350803,8.050367567372142,8.292068852786924,8.624416392265433,8.647443299076913,8.752407409837588,8.369192311232798,8.639318746902099,8.391342531746794,8.718822325207519,8.520005557554171,7.799143982847731,6.334630729085912,6.813964636029755,6.767284937367673,5.489331445315948,5.614723951247978,5.719719934292989,7.064388339779583,6.987992965677616,7.000195561215296,6.79746696330476,7.000997317188219,6.335851923867423,5.904137753969422,5.889282096619354,6.257505140771027,6.569277642615653,6.354606336387249,6.27385769801521,6.469755910288704,6.527415476102895,5.602945965307285,5.49842538484738,5.736726408779816,5.698035003176454,5.618163963520271,5.702925138116161,6.0130984510139776,5.744956013610292,5.543903095002815,6.361533828347547,6.282040411753581,6.3944600253543165,5.912606944978904,6.376458337492259,6.035018438457264,6.161081811329211,6.214172056605918,6.146169977490754,5.981922179100035,6.28297791049323
